cohort,taxon,n_folds_total,n_positive,n_negative,n_zero,median_coefficient,mean_coefficient,sign_stability
kazakhstan2022,ADurb.Bin063-1,10,3,7,0,-0.0006974233789675522,-0.0010981043902127234,unstable
kazakhstan2022,Achromobacter,10,10,0,0,0.008892962957505992,0.011668339426482046,stable_positive
kazakhstan2022,Acidaminococcus,10,9,1,0,0.024650151105656163,0.03692949086417434,stable_positive
kazakhstan2022,Acidibacter,10,0,10,0,-0.021446697873667743,-0.0186823794251582,stable_negative
kazakhstan2022,Acinetobacter,10,0,10,0,-0.05113352521091938,-0.06877615618464412,stable_negative
kazakhstan2022,Actinocorallia,10,10,0,0,0.019368304162583894,0.027764175084454834,stable_positive
kazakhstan2022,Actinomyces,10,7,3,0,0.0022555720140106103,-0.0037465546986939595,unstable
kazakhstan2022,Adhaeribacter,10,10,0,0,0.020582173597648266,0.0201495318920497,stable_positive
kazakhstan2022,Adlercreutzia,10,8,2,0,0.01851833347316514,0.018990453260531757,stable_positive
kazakhstan2022,Aeromicrobium,10,1,9,0,-0.004441013275531121,-0.0051618551503962015,stable_negative
kazakhstan2022,Aeromonas,10,9,1,0,0.01831557780440817,0.016933332310503164,stable_positive
kazakhstan2022,Afipia,10,5,5,0,-1.686557897539265e-05,0.0010581803073936068,unstable
kazakhstan2022,Agathobacter,10,10,0,0,0.012551628617898419,0.019523074959186867,stable_positive
kazakhstan2022,Agromyces,10,0,10,0,-0.0065162732182463354,-0.005873893183249373,stable_negative
kazakhstan2022,Ahniella,10,10,0,0,0.00976434757244558,0.010293360506227145,stable_positive
kazakhstan2022,Akkermansia,10,10,0,0,0.06824735537097767,0.07554660038212599,stable_positive
kazakhstan2022,Aliihoeflea,10,6,4,0,0.0008965593502721072,0.0011595270147363263,unstable
kazakhstan2022,Alistipes,10,2,8,0,-0.0031701541755171786,-0.00891859756365519,stable_negative
kazakhstan2022,Alkalicoccus,10,1,9,0,-0.010605370850015708,-0.006062376966405119,stable_negative
kazakhstan2022,Allisonella,10,9,1,0,0.01479518988409656,0.027550335802279245,stable_positive
kazakhstan2022,Alloprevotella,10,5,5,0,0.0013847221170794365,0.0037394316239051833,unstable
kazakhstan2022,Allorhizobium-Neorhizobium-Pararhizobium-Rhizobium,10,0,10,0,-0.011720128226294056,-0.013372927056013697,stable_negative
kazakhstan2022,Altererythrobacter,10,0,10,0,-0.010605081913261514,-0.011195539548333555,stable_negative
kazakhstan2022,Ammoniphilus,10,6,4,0,0.002577763128813664,0.0036198441970606565,unstable
kazakhstan2022,Anaerobacillus,10,1,9,0,-0.008578402768910611,-0.008201289279566922,stable_negative
kazakhstan2022,Anaerococcus,10,10,0,0,0.020332983212007653,0.02766976692624923,stable_positive
kazakhstan2022,Anaerofilum,10,0,10,0,-0.017723310249839162,-0.026130044092488362,stable_negative
kazakhstan2022,Anaerofustis,10,4,6,0,-0.0017955321003809126,-0.0024657263208317337,unstable
kazakhstan2022,Anaerostipes,10,8,2,0,0.008242710900200161,0.016329956210740702,stable_positive
kazakhstan2022,Anaerotruncus,10,1,9,0,-0.007063461932852053,-0.013913254344908772,stable_negative
kazakhstan2022,Angelakisella,10,0,10,0,-0.00992260450776171,-0.01778911485825698,stable_negative
kazakhstan2022,Aquabacterium,10,2,8,0,-0.0007705919997844824,-0.0012519373061012362,stable_negative
kazakhstan2022,Aquicella,10,10,0,0,0.018911412059985692,0.020579706017283678,stable_positive
kazakhstan2022,Archangium,10,10,0,0,0.019609319426709806,0.02384515023314917,stable_positive
kazakhstan2022,Arenimonas,10,10,0,0,0.0066812053512053955,0.006636304691075888,stable_positive
kazakhstan2022,Aridibacter,10,10,0,0,0.01551780075484979,0.016632163940514984,stable_positive
kazakhstan2022,Asteroleplasma,10,4,6,0,-0.0034628626581084745,0.007330862665633109,unstable
kazakhstan2022,Atopobium,10,4,6,0,-0.00142614043473555,-0.004150593145013357,unstable
kazakhstan2022,Azoarcus,10,0,10,0,-0.020591115531534192,-0.02236325412458501,stable_negative
kazakhstan2022,BD1-7 clade,10,7,3,0,0.001576729257441034,-0.0013056256166798,unstable
kazakhstan2022,BIyi10,10,2,8,0,-0.0018492970924083205,-0.0038646947184281695,stable_negative
kazakhstan2022,Bacillus,10,0,10,0,-0.05678409850453163,-0.07415135856857591,stable_negative
kazakhstan2022,Bacteroides,10,3,7,0,-0.003322806495342838,-0.008421946269866372,unstable
kazakhstan2022,Barnesiella,10,0,10,0,-0.03365426329060757,-0.043731957690271814,stable_negative
kazakhstan2022,Bauldia,10,9,1,0,0.0015609044496687173,0.001895359188816986,stable_positive
kazakhstan2022,Bdellovibrio,10,0,10,0,-0.01414234338256485,-0.019690002700452867,stable_negative
kazakhstan2022,Bifidobacterium,10,1,9,0,-0.01952665577631872,-0.028836458871525732,stable_negative
kazakhstan2022,Bilophila,10,9,1,0,0.014646372743338288,0.013289262429769086,stable_positive
kazakhstan2022,Blastococcus,10,3,7,0,-0.005395746981194959,-0.008138106159759267,unstable
kazakhstan2022,Blautia,10,0,10,0,-0.006031978698897244,-0.008003616392452565,stable_negative
kazakhstan2022,Bradyrhizobium,10,1,9,0,-0.0033567740513062655,-0.003286935553568661,stable_negative
kazakhstan2022,Brevundimonas,10,0,10,0,-0.012914374167685448,-0.01139026457130268,stable_negative
kazakhstan2022,Bryobacter,10,0,10,0,-0.017500856615842875,-0.019813826347592944,stable_negative
kazakhstan2022,Burkholderia-Caballeronia-Paraburkholderia,10,0,10,0,-0.006404291508926388,-0.006298949076026733,stable_negative
kazakhstan2022,Butyricicoccus,10,10,0,0,0.008579168672064832,0.011238020452243942,stable_positive
kazakhstan2022,Butyricimonas,10,10,0,0,0.010508920640375584,0.010605625589432476,stable_positive
kazakhstan2022,CAG-352,10,0,10,0,-0.016734429431345763,-0.025020424657462577,stable_negative
kazakhstan2022,CAG-56,10,10,0,0,0.011087524293106145,0.011000806810446472,stable_positive
kazakhstan2022,CAG-873,10,10,0,0,0.02747300922446292,0.025457807348385885,stable_positive
kazakhstan2022,CHKCI002,10,0,10,0,-0.012930954539626479,-0.014985161611896275,stable_negative
kazakhstan2022,CL500-29 marine group,10,0,10,0,-0.015432229583144115,-0.015929837735059255,stable_negative
kazakhstan2022,Caenimonas,10,10,0,0,0.020158510146651473,0.023743978720737434,stable_positive
kazakhstan2022,Campylobacter,10,0,10,0,-0.009804984554765684,-0.01268294468430771,stable_negative
kazakhstan2022,Candidatus Entotheonella,10,1,9,0,-0.0030923365550294167,-0.004347579755248122,stable_negative
kazakhstan2022,Candidatus Nitrocosmicus,10,9,1,0,0.006129403500571325,0.004901801598868351,stable_positive
kazakhstan2022,Candidatus Nitrososphaera,10,10,0,0,0.0273894528667971,0.026431220749943668,stable_positive
kazakhstan2022,Candidatus Soleaferrea,10,10,0,0,0.02412313277410697,0.029411396664182958,stable_positive
kazakhstan2022,Candidatus Solibacter,10,0,10,0,-0.01446980449026283,-0.01599547703259558,stable_negative
kazakhstan2022,Candidatus Udaeobacter,10,5,5,0,-0.000281107580152521,-0.0014578593556678937,unstable
kazakhstan2022,Castellaniella,10,0,10,0,-0.07468871360708507,-0.09108710323919914,stable_negative
kazakhstan2022,Catabacter,10,6,4,0,0.0008965593502721072,0.0011595270147363263,unstable
kazakhstan2022,Catenibacillus,10,0,10,0,-0.018021144322904414,-0.02156263690657587,stable_negative
kazakhstan2022,Catenibacterium,10,2,8,0,-0.008390438367488064,-0.006638429942549542,stable_negative
kazakhstan2022,Catenisphaera,10,10,0,0,0.03850388735997026,0.04996749725767061,stable_positive
kazakhstan2022,Caulobacter,10,10,0,0,0.004437553798351701,0.006713901011421036,stable_positive
kazakhstan2022,Cellvibrio,10,10,0,0,0.015568498606698398,0.018180269325080108,stable_positive
kazakhstan2022,Chelativorans,10,6,4,0,0.0008965593502721072,0.0011595270147363263,unstable
kazakhstan2022,Chitinophaga,10,10,0,0,0.029882816987902128,0.03213112254329992,stable_positive
kazakhstan2022,Christensenella,10,2,8,0,-0.00768980923639799,-0.0023091491411910917,stable_negative
kazakhstan2022,Christensenellaceae R-7 group,10,10,0,0,0.014025699014601108,0.012329652447426053,stable_positive
kazakhstan2022,Chryseobacterium,10,10,0,0,0.013286521142675905,0.015771435912017594,stable_positive
kazakhstan2022,Chryseolinea,10,6,4,0,0.0006580884330613151,0.0009346451188494524,unstable
kazakhstan2022,Chthoniobacter,10,10,0,0,0.009436336851260385,0.009364731119736796,stable_positive
kazakhstan2022,Citricoccus,10,6,4,0,0.0008965593502721072,0.0011595270147363263,unstable
kazakhstan2022,Citrifermentans,10,9,1,0,0.01014778172528091,0.013740093972001027,stable_positive
kazakhstan2022,Citrobacter,10,8,2,0,0.0179007567906602,0.026079009192913144,stable_positive
kazakhstan2022,Cloacibacillus,10,10,0,0,0.05041235327967747,0.05469306350729285,stable_positive
kazakhstan2022,Clostridium sensu stricto 1,10,10,0,0,0.017885929366901136,0.02501450925462188,stable_positive
kazakhstan2022,Colidextribacter,10,9,1,0,0.01375137076183807,0.010170246749047358,stable_positive
kazakhstan2022,Collinsella,10,0,10,0,-0.0178149036169209,-0.020662106311428775,stable_negative
kazakhstan2022,Comamonas,10,6,4,0,0.002421204297166913,0.0033369928725802828,unstable
kazakhstan2022,Coprobacillus,10,0,10,0,-0.0198058613660757,-0.03490525276002969,stable_negative
kazakhstan2022,Coprobacter,10,7,3,0,0.0031560424173465162,0.005113121429522719,unstable
kazakhstan2022,Coprococcus,10,0,10,0,-0.01724826576300638,-0.021846442703955575,stable_negative
kazakhstan2022,Coriobacteriaceae UCG-003,10,9,1,0,0.02561621391964789,0.03203506912789882,stable_positive
kazakhstan2022,Corynebacterium,10,10,0,0,0.034725111913591414,0.04163159474000799,stable_positive
kazakhstan2022,Cupriavidus,10,0,10,0,-0.019625280380065516,-0.02835865219320613,stable_negative
kazakhstan2022,Curvibacter,10,6,4,0,0.0008965593502721072,0.0011595270147363263,unstable
kazakhstan2022,Cutibacterium,10,6,4,0,0.0028352024723856256,0.0148287916700006,unstable
kazakhstan2022,DTU089,10,1,9,0,-0.01401991804469941,-0.014258925455974517,stable_negative
kazakhstan2022,Dactylosporangium,10,0,10,0,-0.0077726427555054895,-0.009188806359323612,stable_negative
kazakhstan2022,Defluviitaleaceae UCG-011,10,9,1,0,0.01974253557256838,0.027518166162016567,stable_positive
kazakhstan2022,Desulfovibrio,10,10,0,0,0.02643226160729955,0.02856251704415038,stable_positive
kazakhstan2022,Dethiobacter,10,0,10,0,-0.01922648550044435,-0.019648296114173715,stable_negative
kazakhstan2022,Dialister,10,2,8,0,-0.008674877260580157,-0.0016763383715588248,stable_negative
kazakhstan2022,Diaphorobacter,10,2,8,0,-0.0051570940209371505,-0.0023630168829382693,stable_negative
kazakhstan2022,Dielma,10,7,3,0,0.005496591379287366,0.013232929783015546,unstable
kazakhstan2022,Dinghuibacter,10,10,0,0,0.012884954747110478,0.018325065992428877,stable_positive
kazakhstan2022,Dokdonella,10,2,8,0,-0.006850028539386736,-0.009729247729139946,stable_negative
kazakhstan2022,Dongia,10,10,0,0,0.008815216005135882,0.013190201585732992,stable_positive
kazakhstan2022,Dorea,10,0,10,0,-0.0214542088710662,-0.02418702426000875,stable_negative
kazakhstan2022,Edaphobaculum,10,3,7,0,-0.008921743960456814,-0.00952911175948021,unstable
kazakhstan2022,Eggerthella,10,6,4,0,0.002031416267074963,0.005132741144988691,unstable
kazakhstan2022,Eisenbergiella,10,10,0,0,0.02013503136907277,0.027320243264935352,stable_positive
kazakhstan2022,Ellin6055,10,10,0,0,0.013094466418921993,0.01390306196236143,stable_positive
kazakhstan2022,Ellin6067,10,8,2,0,0.0013885725802181502,0.004359432771190416,stable_positive
kazakhstan2022,Elusimicrobium,10,10,0,0,0.02509677183313877,0.02513471775030861,stable_positive
kazakhstan2022,Enhydrobacter,10,5,5,0,3.748162230549117e-05,0.0024150198107039246,unstable
kazakhstan2022,Enterobacter,10,6,4,0,0.0008965593502721072,0.0011595270147363263,unstable
kazakhstan2022,Enterococcus,10,9,1,0,0.021064652550269836,0.023755125097623158,stable_positive
kazakhstan2022,Enterorhabdus,10,7,3,0,0.002230395141617351,0.0007850444785415667,unstable
kazakhstan2022,Enteroscipio,10,6,4,0,0.0035977874812510805,0.01564080335478007,unstable
kazakhstan2022,Erysipelatoclostridium,10,0,10,0,-0.020437363666596757,-0.024292851784191574,stable_negative
kazakhstan2022,Erysipelotrichaceae UCG-003,10,0,10,0,-0.04928485979862535,-0.06186397971963459,stable_negative
kazakhstan2022,Erysipelotrichaceae UCG-006,10,1,9,0,-0.007421677475477579,-0.009173006253165486,stable_negative
kazakhstan2022,Escherichia-Shigella,10,0,10,0,-0.013256288484682452,-0.01825946834079386,stable_negative
kazakhstan2022,Eubacterium,10,10,0,0,0.021631597080700213,0.030752643200307857,stable_positive
kazakhstan2022,Eubacterium brachy group,10,0,10,0,-0.014638961544775037,-0.014880409120566684,stable_negative
kazakhstan2022,Eubacterium eligens group,10,0,10,0,-0.020256451077436392,-0.022018791511377582,stable_negative
kazakhstan2022,Eubacterium hallii group,10,8,2,0,0.0017270260771342207,0.003187884756100505,stable_positive
kazakhstan2022,Eubacterium oxidoreducens group,10,9,1,0,0.006844950228208394,0.01858410854161581,stable_positive
kazakhstan2022,Eubacterium ventriosum group,10,0,10,0,-0.02385606836227586,-0.0337515177332625,stable_negative
kazakhstan2022,Ezakiella,10,0,10,0,-0.03546473083977596,-0.041963312904580885,stable_negative
kazakhstan2022,Faecalibacterium,10,7,3,0,0.00405861787230119,0.0071120507119386625,unstable
kazakhstan2022,Faecalibaculum,10,0,10,0,-0.0025151822071854376,-0.011089833957929712,stable_negative
kazakhstan2022,Faecalitalea,10,8,2,0,0.004098000543883221,0.0047972827436481074,stable_positive
kazakhstan2022,Family XIII AD3011 group,10,4,6,0,-0.0013255338547752925,-0.0027428698394672104,unstable
kazakhstan2022,Family XIII UCG-001,10,0,10,0,-0.017125635792156993,-0.01504570849651865,stable_negative
kazakhstan2022,Fenollaria,10,4,6,0,-0.0019604026914269578,-0.0047495308945712765,unstable
kazakhstan2022,Ferruginibacter,10,10,0,0,0.00876654762376175,0.009836845291702015,stable_positive
kazakhstan2022,Finegoldia,10,2,8,0,-0.00774267437304259,-0.01685964395928792,stable_negative
kazakhstan2022,Flavisolibacter,10,10,0,0,0.011928180210708239,0.01403909657358245,stable_positive
kazakhstan2022,Flavitalea,10,3,7,0,-0.003674542371970001,-0.0068199385320925916,unstable
kazakhstan2022,Flavobacterium,10,10,0,0,0.019060596116926176,0.021100840149008107,stable_positive
kazakhstan2022,Flavonifractor,10,1,9,0,-0.0008896796291574531,-0.007328616696520446,stable_negative
kazakhstan2022,Fluviicola,10,6,4,0,0.0005899946866685874,0.000783409347202818,unstable
kazakhstan2022,Fournierella,10,0,10,0,-0.032351721108949266,-0.04275745597378559,stable_negative
kazakhstan2022,Frisingicoccus,10,10,0,0,0.020788142139252844,0.025943176137623834,stable_positive
kazakhstan2022,Fusicatenibacter,10,0,10,0,-0.025058307167619136,-0.02814226131826928,stable_negative
kazakhstan2022,Fusobacterium,10,10,0,0,0.035339477674013006,0.04315108738115257,stable_positive
kazakhstan2022,GCA-900066575,10,0,10,0,-0.015820271564112434,-0.019611614352841044,stable_negative
kazakhstan2022,GCA-900066755,10,5,5,0,-0.0010804040782557936,-0.007282868540829794,unstable
kazakhstan2022,Gaiella,10,10,0,0,0.014539650610441188,0.01708948778672467,stable_positive
kazakhstan2022,Gemella,10,7,3,0,0.0019847848406948703,-0.0006308360512159457,unstable
kazakhstan2022,Gemmatimonas,10,0,10,0,-0.01631732718669665,-0.019046464028033016,stable_negative
kazakhstan2022,Gordonibacter,10,8,2,0,0.0018108113355220932,0.00048589889807439026,stable_positive
kazakhstan2022,Granulicatella,10,6,4,0,0.0008965593502721072,0.0011595270147363263,unstable
kazakhstan2022,HT002,10,9,1,0,0.02079627154932678,0.014981944289448376,stable_positive
kazakhstan2022,Haemophilus,10,0,10,0,-0.01985826768857945,-0.02421917557840101,stable_negative
kazakhstan2022,Haliangium,10,0,10,0,-0.017746591979695657,-0.02293866123122961,stable_negative
kazakhstan2022,Halomonas,10,0,10,0,-0.010817290104509714,-0.013426087825472846,stable_negative
kazakhstan2022,Harryflintia,10,7,3,0,0.00592887480367014,0.00821622472738193,unstable
kazakhstan2022,Hassallia,10,9,1,0,0.008559312756345541,0.00898527883744608,stable_positive
kazakhstan2022,Helicobacter,10,0,10,0,-0.026379225470917603,-0.034676432127368,stable_negative
kazakhstan2022,Hirschia,10,3,7,0,-0.0015372174081261358,-0.0034507173513095,unstable
kazakhstan2022,Holdemanella,10,1,9,0,-0.010687367731364236,-0.01329904843711851,stable_negative
kazakhstan2022,Holdemania,10,10,0,0,0.020932315304098573,0.033337796020091494,stable_positive
kazakhstan2022,Howardella,10,0,10,0,-0.03502886840789102,-0.045642792922371375,stable_negative
kazakhstan2022,Hungatella,10,10,0,0,0.02597055779645211,0.02945143844067269,stable_positive
kazakhstan2022,Hyphomicrobium,10,3,7,0,-0.000626514434723474,0.0005707544247778053,unstable
kazakhstan2022,IS-44,10,9,1,0,0.002763123847765704,0.005053360313068754,stable_positive
kazakhstan2022,Iamia,10,0,10,0,-0.01957617426403975,-0.02363139102973979,stable_negative
kazakhstan2022,Ilumatobacter,10,0,10,0,-0.025593601477951047,-0.026576744401937264,stable_negative
kazakhstan2022,Incertae Sedis,10,1,9,0,-0.007901528079629759,-0.014468448405871684,stable_negative
kazakhstan2022,Intestinibacter,10,10,0,0,0.010397364357360816,0.014165427041324707,stable_positive
kazakhstan2022,Intestinimonas,10,10,0,0,0.025347530108787143,0.029531670880140214,stable_positive
kazakhstan2022,JGI 0001001-H03,10,10,0,0,0.013787469696193629,0.01332937268142816,stable_positive
kazakhstan2022,Klebsiella,10,0,10,0,-0.02109495513575875,-0.028386203233036516,stable_negative
kazakhstan2022,Kribbella,10,3,7,0,-0.0023983061851747117,-0.004849820902051442,unstable
kazakhstan2022,Lachnoclostridium,10,7,3,0,0.0009774231464774786,0.0009234028778432924,unstable
kazakhstan2022,Lachnospira,10,3,7,0,-0.0003718179078563923,-0.0014198049757768532,unstable
kazakhstan2022,Lachnospiraceae FCS020 group,10,1,9,0,-0.0027004117125885635,-0.004034280702489493,stable_negative
kazakhstan2022,Lachnospiraceae NC2004 group,10,8,2,0,0.0034568067434334665,0.012321359004553367,stable_positive
kazakhstan2022,Lachnospiraceae ND3007 group,10,0,10,0,-0.006783099510700901,-0.0066380138415754715,stable_negative
kazakhstan2022,Lachnospiraceae NK3A20 group,10,0,10,0,-0.03794218660504399,-0.054193827284091736,stable_negative
kazakhstan2022,Lachnospiraceae NK4A136 group,10,0,10,0,-0.014180292248876366,-0.018143886853279126,stable_negative
kazakhstan2022,Lachnospiraceae UCG-001,10,0,10,0,-0.005315171158922048,-0.005595087255341514,stable_negative
kazakhstan2022,Lachnospiraceae UCG-003,10,10,0,0,0.029281506090915524,0.0348892975946104,stable_positive
kazakhstan2022,Lachnospiraceae UCG-004,10,10,0,0,0.01397615658593001,0.01941940604774611,stable_positive
kazakhstan2022,Lachnospiraceae UCG-006,10,0,10,0,-0.0164160999826976,-0.016738336140388603,stable_negative
kazakhstan2022,Lachnospiraceae UCG-010,10,10,0,0,0.022094032248236174,0.0346134546018293,stable_positive
kazakhstan2022,Lacibacter,10,5,5,0,-0.0004496988269842495,-0.0016081246294572162,unstable
kazakhstan2022,Lacticaseibacillus,10,9,1,0,0.009099317238951117,0.01924832427872957,stable_positive
kazakhstan2022,Lactiplantibacillus,10,0,10,0,-0.05620681581822756,-0.05816421670042896,stable_negative
kazakhstan2022,Lactobacillus,10,10,0,0,0.057965677126039755,0.06785462262524397,stable_positive
kazakhstan2022,Lactococcus,10,8,2,0,0.01848087373331316,0.026630793190345864,stable_positive
kazakhstan2022,Lactonifactor,10,10,0,0,0.02584758698981124,0.031059271488622902,stable_positive
kazakhstan2022,Lacunisphaera,10,10,0,0,0.02741474566537462,0.029178760488184546,stable_positive
kazakhstan2022,Latilactobacillus,10,0,10,0,-0.04324976498313918,-0.048465875331499556,stable_negative
kazakhstan2022,Lechevalieria,10,10,0,0,0.016593862317812434,0.020030268217643775,stable_positive
kazakhstan2022,Legionella,10,5,5,0,-6.0969017931970204e-05,0.0022871638047937057,unstable
kazakhstan2022,Leucobacter,10,10,0,0,0.00279227909109994,0.0028428851886362814,stable_positive
kazakhstan2022,Leuconostoc,10,5,5,0,-0.00018574143829565732,-0.00033075489456651987,unstable
kazakhstan2022,Levilactobacillus,10,0,10,0,-0.04370436990801982,-0.04756379012219173,stable_negative
kazakhstan2022,Libanicoccus,10,10,0,0,0.020265915951923216,0.019912523166020175,stable_positive
kazakhstan2022,Ligilactobacillus,10,3,7,0,-0.0034817233122097168,-0.002857956536738543,unstable
kazakhstan2022,Limosilactobacillus,10,9,1,0,0.006581454348591895,0.0016836544746041376,stable_positive
kazakhstan2022,Longimicrobium,10,10,0,0,0.008400870594207398,0.007620070894986,stable_positive
kazakhstan2022,Luedemannella,10,10,0,0,0.021961382641975565,0.028330022630683856,stable_positive
kazakhstan2022,Luteolibacter,10,10,0,0,0.013612762850408267,0.019153578341874443,stable_positive
kazakhstan2022,Lysinibacillus,10,0,10,0,-0.013162397016028324,-0.013410865330007269,stable_negative
kazakhstan2022,Lysobacter,10,9,1,0,0.00814023080479143,0.010850119769023317,stable_positive
kazakhstan2022,MND1,10,4,6,0,-0.0003796852860323155,0.012501043677170693,unstable
kazakhstan2022,Marmoricola,10,10,0,0,0.01474744504847901,0.01836381598703747,stable_positive
kazakhstan2022,Marvinbryantia,10,7,3,0,0.00567137463151892,0.008687148119107738,unstable
kazakhstan2022,Massilia,10,10,0,0,0.015517760109564935,0.0168629788435161,stable_positive
kazakhstan2022,Megamonas,10,0,10,0,-0.02780610755267635,-0.022993355927003713,stable_negative
kazakhstan2022,Megasphaera,10,1,9,0,-0.02022861839266754,-0.019805750334702967,stable_negative
kazakhstan2022,Merdibacter,10,0,10,0,-0.025919187504206853,-0.033345923288642956,stable_negative
kazakhstan2022,Mesorhizobium,10,9,1,0,0.010054127873126265,0.012548577161926469,stable_positive
kazakhstan2022,Methanobrevibacter,10,10,0,0,0.029582725864617673,0.04736808945787007,stable_positive
kazakhstan2022,Methylobacterium-Methylorubrum,10,10,0,0,0.007581427104194672,0.007925247441282871,stable_positive
kazakhstan2022,Methyloceanibacter,10,8,2,0,0.0034490648958522834,0.006404561582145929,stable_positive
kazakhstan2022,Methylotenera,10,10,0,0,0.021449162148425426,0.021697811219111053,stable_positive
kazakhstan2022,Methyloversatilis,10,6,4,0,0.0008965593502721072,0.0011595270147363263,unstable
kazakhstan2022,Microbacterium,10,0,10,0,-0.019338144892064334,-0.027428600936519006,stable_negative
kazakhstan2022,Microlunatus,10,10,0,0,0.020604552606993946,0.025170283372458958,stable_positive
kazakhstan2022,Microvirga,10,0,10,0,-0.024226024745203467,-0.03050466745569433,stable_negative
kazakhstan2022,Mitsuokella,10,1,9,0,-0.012910060566633385,-0.010347201836419724,stable_negative
kazakhstan2022,Mogibacterium,10,2,8,0,-0.0050297590770749,-0.008294086313038638,stable_negative
kazakhstan2022,Monoglobus,10,0,10,0,-0.02175588396484534,-0.02322418607830928,stable_negative
kazakhstan2022,Muribaculum,10,7,3,0,0.0035665083212623743,0.0028367847316270434,unstable
kazakhstan2022,Mycobacterium,10,0,10,0,-0.01979029924733209,-0.023140968622319017,stable_negative
kazakhstan2022,NK4A214 group,10,10,0,0,0.023268133124934212,0.02912873187825743,stable_positive
kazakhstan2022,Nannocystis,10,2,8,0,-0.009494829950786553,-0.017902715178992834,stable_negative
kazakhstan2022,Negativibacillus,10,5,5,0,0.00041102388683029187,-0.0030628890241362356,unstable
kazakhstan2022,Nesterenkonia,10,6,4,0,0.0008965593502721072,0.0011595270147363263,unstable
kazakhstan2022,Niastella,10,10,0,0,0.01579857719165468,0.01764574488250995,stable_positive
kazakhstan2022,Nitrolancea,10,1,9,0,-0.010693273442490402,-0.01420456149797204,stable_negative
kazakhstan2022,Nitrosococcus,10,0,10,0,-0.025726242705606653,-0.04050974358833777,stable_negative
kazakhstan2022,Nitrosospira,10,1,9,0,-0.004501344703342442,-0.007368198030426402,stable_negative
kazakhstan2022,Nitrospira,10,7,3,0,0.0068584432457695094,0.011090235741838586,unstable
kazakhstan2022,Nocardioides,10,2,8,0,-0.007527973673618568,-0.010080843601187554,stable_negative
kazakhstan2022,Nonomuraea,10,0,10,0,-0.015563537867376999,-0.02022699877290845,stable_negative
kazakhstan2022,Nordella,10,10,0,0,0.007961048997761386,0.008040449601542689,stable_positive
kazakhstan2022,Novosphingobium,10,0,10,0,-0.009748758309452482,-0.01255425057482561,stable_negative
kazakhstan2022,OLB17,10,10,0,0,0.008140706583926788,0.009180822874746706,stable_positive
kazakhstan2022,OM27 clade,10,0,10,0,-0.013607954102599705,-0.021641139357749067,stable_negative
kazakhstan2022,Oceanicaulis,10,0,10,0,-0.021205925979321086,-0.023101072117161173,stable_negative
kazakhstan2022,Odoribacter,10,9,1,0,0.006134267389091383,0.006907029673055137,stable_positive
kazakhstan2022,Ohtaekwangia,10,10,0,0,0.025306086353754767,0.022439443264647797,stable_positive
kazakhstan2022,Olsenella,10,10,0,0,0.03598170252303978,0.04395837443951105,stable_positive
kazakhstan2022,Opitutus,10,2,8,0,-0.0075984373643118155,-0.008522864600393917,stable_negative
kazakhstan2022,Oribacterium,10,9,1,0,0.0077972715500278875,0.005450348844042061,stable_positive
kazakhstan2022,Oscillibacter,10,0,10,0,-0.021430716845342673,-0.028120145418186287,stable_negative
kazakhstan2022,Oscillospira,10,10,0,0,0.04501494820388748,0.05477540498532416,stable_positive
kazakhstan2022,Oxalobacter,10,10,0,0,0.042556696765641056,0.04744705571042242,stable_positive
kazakhstan2022,P3OB-42,10,2,8,0,-0.008514416383338967,-0.011472137894202905,stable_negative
kazakhstan2022,Paenibacillus,10,10,0,0,0.005549953293077782,0.00548419082629548,stable_positive
kazakhstan2022,Paeniclostridium,10,0,10,0,-0.020529591254305837,-0.020167648474342263,stable_negative
kazakhstan2022,Paenisporosarcina,10,2,8,0,-0.0030115796892771734,-0.0034971668613754,stable_negative
kazakhstan2022,Pajaroellobacter,10,9,1,0,0.007818122443806537,0.012364166235158285,stable_positive
kazakhstan2022,Paludicola,10,10,0,0,0.019223286530848958,0.03161166308129444,stable_positive
kazakhstan2022,Pannonibacter,10,1,9,0,-0.0018839699768137931,-0.0019612327600047022,stable_negative
kazakhstan2022,Papillibacter,10,9,1,0,0.010500475721122338,0.013760169496407432,stable_positive
kazakhstan2022,Parabacteroides,10,2,8,0,-0.005974791649102719,-0.007071242356638245,stable_negative
kazakhstan2022,Paracoccus,10,10,0,0,0.009383494786605263,0.009727947790468195,stable_positive
kazakhstan2022,Paraprevotella,10,10,0,0,0.0283953363497243,0.033837654725529895,stable_positive
kazakhstan2022,Parapusillimonas,10,1,9,0,-0.021932362526717784,-0.01712254138142841,stable_negative
kazakhstan2022,Parasutterella,10,0,10,0,-0.019443249779661005,-0.028507187433022198,stable_negative
kazakhstan2022,Parvimonas,10,8,2,0,0.009849928693670549,0.018542851599381485,stable_positive
kazakhstan2022,Pedobacter,10,10,0,0,0.018967033355724302,0.020437709115750193,stable_positive
kazakhstan2022,Pedomicrobium,10,6,4,0,0.0006507758415582824,0.005442709908575146,unstable
kazakhstan2022,Pelagibacterium,10,6,4,0,0.0008965593502721072,0.0011595270147363263,unstable
kazakhstan2022,Peptococcus,10,6,4,0,0.00032916452765045605,-0.00684443204799606,unstable
kazakhstan2022,Peptoniphilus,10,10,0,0,0.02450018817225908,0.023443166076314106,stable_positive
kazakhstan2022,Peptostreptococcus,10,8,2,0,0.007465836969777138,0.005130857692514553,stable_positive
kazakhstan2022,Peredibacter,10,0,10,0,-0.02530351760005794,-0.02654333014960284,stable_negative
kazakhstan2022,Phascolarctobacterium,10,10,0,0,0.03290971670950249,0.04362433634052369,stable_positive
kazakhstan2022,Phaselicystis,10,3,7,0,-0.0038092768696021354,-0.004653658188967812,unstable
kazakhstan2022,Phenylobacterium,10,10,0,0,0.00846015131302844,0.008305094623387289,stable_positive
kazakhstan2022,Phocea,10,9,1,0,0.007914757822874811,0.01003354596703612,stable_positive
kazakhstan2022,Polaromonas,10,10,0,0,0.03248408828773767,0.03797337021992393,stable_positive
kazakhstan2022,Polyangium,10,0,10,0,-0.01074480943424506,-0.01893027451104305,stable_negative
kazakhstan2022,Polycyclovorans,10,10,0,0,0.01566877045780392,0.016364446478038502,stable_positive
kazakhstan2022,Pontibacter,10,1,9,0,-0.009834772450075947,-0.010901549852425996,stable_negative
kazakhstan2022,Porphyromonas,10,6,4,0,0.0019715212183067255,-0.000263118662787736,unstable
kazakhstan2022,Prevotella,10,10,0,0,0.03760346760527776,0.04403759241913111,stable_positive
kazakhstan2022,Prevotella_7,10,9,1,0,0.003807053341794323,0.004914102788722839,stable_positive
kazakhstan2022,Prevotella_9,10,0,10,0,-0.011998089811784629,-0.01684786950233226,stable_negative
kazakhstan2022,Prevotellaceae NK3B31 group,10,8,2,0,0.014363571598211843,0.018370124762733652,stable_positive
kazakhstan2022,Prevotellaceae UCG-001,10,0,10,0,-0.03145302838075905,-0.0484536942229286,stable_negative
kazakhstan2022,Prevotellaceae UCG-003,10,3,7,0,-0.011875357735745991,-0.014126183130710132,unstable
kazakhstan2022,Pseudenhygromyxa,10,10,0,0,0.017665443410356536,0.01902784790837495,stable_positive
kazakhstan2022,Pseudoduganella,10,1,9,0,-0.00178635193014886,-0.004738569701908802,stable_negative
kazakhstan2022,Pseudoflavonifractor,10,3,7,0,-0.0017896956350525964,0.0022693715632462934,unstable
kazakhstan2022,Pseudolabrys,10,2,8,0,-0.005731152232950582,-0.009000627434794002,stable_negative
kazakhstan2022,Pseudomonas,10,0,10,0,-0.031004222931870683,-0.04320200904220071,stable_negative
kazakhstan2022,Pseudonocardia,10,0,10,0,-0.021418006224616218,-0.023970495829566115,stable_negative
kazakhstan2022,Pseudorhodoplanes,10,0,10,0,-0.014820236633194237,-0.016804880245794233,stable_negative
kazakhstan2022,Pseudoxanthomonas,10,2,8,0,-0.0026688158355445968,-0.004743411733363151,stable_negative
kazakhstan2022,Psychrobacillus,10,10,0,0,0.00820571718765441,0.011354052618826351,stable_positive
kazakhstan2022,Psychrobacter,10,1,9,0,-0.0013660382522425194,-0.0017856572733227726,stable_negative
kazakhstan2022,Puia,10,10,0,0,0.017098149055641818,0.023497193222704948,stable_positive
kazakhstan2022,Pyramidobacter,10,4,6,0,-0.0014750697344101185,-0.006699701903531112,unstable
kazakhstan2022,RB41,10,10,0,0,0.021207526459266775,0.023408555437137588,stable_positive
kazakhstan2022,Ralstonia,10,8,2,0,0.0025575452840933847,0.0030839995910616723,stable_positive
kazakhstan2022,Ramlibacter,10,7,3,0,0.0013741118576820533,0.002209914894263577,unstable
kazakhstan2022,Raoultibacter,10,9,1,0,0.010166853625715316,0.01209822656444174,stable_positive
kazakhstan2022,Reyranella,10,0,10,0,-0.012214389617628668,-0.011592986176247672,stable_negative
kazakhstan2022,Rhizobacter,10,10,0,0,0.019905770769730144,0.025654422786601305,stable_positive
kazakhstan2022,Rhizocola,10,8,2,0,0.004524910518693668,0.00783086277779104,stable_positive
kazakhstan2022,Rhodococcus,10,10,0,0,0.0026537456297519996,0.0030894314691432894,stable_positive
kazakhstan2022,Rhodomicrobium,10,0,10,0,-0.02032796845050834,-0.021826090730827093,stable_negative
kazakhstan2022,Rhodoplanes,10,0,10,0,-0.01988415122530572,-0.02564132457182845,stable_negative
kazakhstan2022,Rikenellaceae RC9 gut group,10,2,8,0,-0.0102123844980348,-0.010139039443395056,stable_negative
kazakhstan2022,Romboutsia,10,9,1,0,0.010852389426222641,0.013525388196917797,stable_positive
kazakhstan2022,Roseburia,10,0,10,0,-0.02113717623635749,-0.02351302802295541,stable_negative
kazakhstan2022,Rothia,10,10,0,0,0.012726656502756745,0.013561952991327866,stable_positive
kazakhstan2022,Rubrobacter,10,8,2,0,0.0033114775567736144,0.0027109697356038453,stable_positive
kazakhstan2022,Ruminococcus,10,10,0,0,0.00709964114154259,0.007883012107854432,stable_positive
kazakhstan2022,Ruminococcus gnavus group,10,7,3,0,0.011729782063278016,0.018939724856551005,unstable
kazakhstan2022,Ruminococcus torques group,10,7,3,0,0.002215424147127479,0.005377914238990604,unstable
kazakhstan2022,SWB02,10,7,3,0,0.0011428949976567166,0.0010995970844956192,unstable
kazakhstan2022,Salipaludibacillus,10,0,10,0,-0.05380478396228878,-0.07002961315324063,stable_negative
kazakhstan2022,Salmonella,10,1,9,0,-0.012547515647658594,-0.01820928123859061,stable_negative
kazakhstan2022,Sandaracinus,10,9,1,0,0.0026082293149531713,0.0050049403988962895,stable_positive
kazakhstan2022,Sanguibacteroides,10,3,7,0,-0.005946901788010234,-0.011817393706214475,unstable
kazakhstan2022,Sarcina,10,10,0,0,0.022803359103466488,0.025129378046314033,stable_positive
kazakhstan2022,Sediminibacterium,10,0,10,0,-0.010166773438997566,-0.009656216580406602,stable_negative
kazakhstan2022,Sellimonas,10,2,8,0,-0.00821703996266136,-0.004399348576736757,stable_negative
kazakhstan2022,Senegalimassilia,10,10,0,0,0.037575176257933524,0.05010990195132131,stable_positive
kazakhstan2022,Serratia,10,2,8,0,-0.0059321369035998635,-0.005586221554874121,stable_negative
kazakhstan2022,Shuttleworthia,10,2,8,0,-0.006660935195476346,-0.00397475749912274,stable_negative
kazakhstan2022,Skermanella,10,3,7,0,-0.0014450999974027043,-0.00399438224846341,unstable
kazakhstan2022,Slackia,10,9,1,0,0.013562274009604084,0.016815032551895634,stable_positive
kazakhstan2022,Sneathia,10,1,9,0,-0.010694763401432413,-0.015920508107748428,stable_negative
kazakhstan2022,Solirubrobacter,10,8,2,0,0.002807998832391805,-0.0011104530546677846,stable_positive
kazakhstan2022,Solitalea,10,10,0,0,0.02211146378110419,0.025647368563710044,stable_positive
kazakhstan2022,Solobacterium,10,0,10,0,-0.009559056075727358,-0.010256387053930473,stable_negative
kazakhstan2022,Sphingomonas,10,10,0,0,0.04163875579040951,0.038485563478987815,stable_positive
kazakhstan2022,Sporosarcina,10,2,8,0,-0.0029252882120513798,-0.0036945587752759425,stable_negative
kazakhstan2022,Staphylococcus,10,3,7,0,-0.0011010650789368128,0.00024131922944964004,unstable
kazakhstan2022,Stenotrophobacter,10,7,3,0,0.0018679462251517311,0.00017230766401163633,unstable
kazakhstan2022,Stenotrophomonas,10,2,8,0,-0.001896203366027018,-0.0032515319697308575,stable_negative
kazakhstan2022,Steroidobacter,10,10,0,0,0.007370393610131118,0.007415961948852935,stable_positive
kazakhstan2022,Streptococcus,10,2,8,0,-0.0020049085510002347,-0.0037223164251533186,stable_negative
kazakhstan2022,Streptomyces,10,0,10,0,-0.02686531653049499,-0.02680302359414243,stable_negative
kazakhstan2022,Subdoligranulum,10,3,7,0,-0.0012190427762938517,-0.0046891293667447554,unstable
kazakhstan2022,Subgroup 10,10,10,0,0,0.011713640098889477,0.022519327545264922,stable_positive
kazakhstan2022,Succinivibrio,10,7,3,0,0.0021941324628258234,-0.0017396206043025022,unstable
kazakhstan2022,Sulfurifustis,10,3,7,0,-0.0015683808099334058,-0.0013700409382596374,unstable
kazakhstan2022,Sumerlaea,10,0,10,0,-0.013424701263184485,-0.019576649379358692,stable_negative
kazakhstan2022,Sutterella,10,3,7,0,-0.006547338265094715,-0.01069141161258097,unstable
kazakhstan2022,TM7x,10,6,4,0,0.0010982314715449872,0.006924338281369936,unstable
kazakhstan2022,Taibaiella,10,9,1,0,0.002216231568457688,0.00294279288079951,stable_positive
kazakhstan2022,Terrimonas,10,9,1,0,0.002795790261159215,0.00395987525366844,stable_positive
kazakhstan2022,Terrisporobacter,10,4,6,0,-0.00018523984364949067,-0.00044137103453844114,unstable
kazakhstan2022,Thermus,10,6,4,0,0.0008965593502721072,0.0011595270147363263,unstable
kazakhstan2022,Truepera,10,0,10,0,-0.01696193966414155,-0.017808933803535328,stable_negative
kazakhstan2022,Tumebacillus,10,8,2,0,0.0037965554930330593,0.003181527263962062,stable_positive
kazakhstan2022,Turicibacter,10,10,0,0,0.05358579261370451,0.054187626444456106,stable_positive
kazakhstan2022,Tuzzerella,10,0,10,0,-0.029301518665369175,-0.02986498615680343,stable_negative
kazakhstan2022,Tyzzerella,10,0,10,0,-0.04467808600166055,-0.04670705465221755,stable_negative
kazakhstan2022,UBA1819,10,3,7,0,-0.002920550966632536,-0.008263185392045591,unstable
kazakhstan2022,UC5-1-2E3,10,1,9,0,-0.005035176430311301,-0.00787496395859579,stable_negative
kazakhstan2022,UCG-002,10,10,0,0,0.009102949302260951,0.009602812044200113,stable_positive
kazakhstan2022,UCG-003,10,10,0,0,0.010483306819570418,0.012916571384980664,stable_positive
kazakhstan2022,UCG-004,10,4,6,0,-0.0007586490527821913,0.005953410869231965,unstable
kazakhstan2022,UCG-005,10,9,1,0,0.004805257827640677,0.00557738332604342,stable_positive
kazakhstan2022,UCG-007,10,0,10,0,-0.04388818432444067,-0.057894164031361904,stable_negative
kazakhstan2022,UCG-009,10,4,6,0,-0.0006389443400775086,-0.005517733760767927,unstable
kazakhstan2022,UTCFX1,10,10,0,0,0.013307413724333198,0.017974417261293847,stable_positive
kazakhstan2022,Undibacterium,10,6,4,0,0.0008965593502721072,0.0011595270147363263,unstable
kazakhstan2022,V9D2013 group,10,10,0,0,0.004446582727656083,0.004968033375595549,stable_positive
kazakhstan2022,Veillonella,10,0,10,0,-0.033652315672572,-0.040907656897974105,stable_negative
kazakhstan2022,Vibrionimonas,10,6,4,0,0.0008965593502721072,0.0011595270147363263,unstable
kazakhstan2022,Vicinamibacter,10,2,8,0,-0.0057571071356844125,-0.010227375381010356,stable_negative
kazakhstan2022,Victivallis,10,0,10,0,-0.020214653318397023,-0.025855164049023792,stable_negative
kazakhstan2022,Virgisporangium,10,9,1,0,0.007038074612439696,0.00905441608493598,stable_positive
kazakhstan2022,Weissella,10,1,9,0,-0.020169515685405266,-0.023297468751373576,stable_negative
kazakhstan2022,Woeseia,10,10,0,0,0.02754840748438332,0.03007834541991476,stable_positive
kazakhstan2022,YC-ZSS-LKJ147,10,4,6,0,-0.001144828085049467,-0.0014416140672199008,unstable
kazakhstan2022,Z20,10,1,9,0,-0.012188076284690494,-0.015438965579593972,stable_negative
kazakhstan2022,[Bacteroides] pectinophilus group,10,8,2,0,0.005728588412509116,0.006398743025650448,stable_positive
kazakhstan2022,[Clostridium] innocuum group,10,5,5,0,5.7701851261065864e-05,-0.0032627004197322827,unstable
kazakhstan2022,[Eubacterium] fissicatena group,10,0,10,0,-0.018970556679573945,-0.02263707144798502,stable_negative
kazakhstan2022,[Eubacterium] nodatum group,10,8,2,0,0.005901498195758241,0.008507367927779223,stable_positive
kazakhstan2022,[Eubacterium] ruminantium group,10,9,1,0,0.004657083757602674,0.00931914529059052,stable_positive
kazakhstan2022,[Eubacterium] siraeum group,10,2,8,0,-0.0033562039838652136,-0.00657840204002247,stable_negative
kazakhstan2022,[Eubacterium] tenue group,10,1,9,0,-0.013011861788486768,-0.01548790780259295,stable_negative
kazakhstan2022,[Eubacterium] xylanophilum group,10,0,10,0,-0.028249904708431577,-0.03768254317083425,stable_negative
kazakhstan2022,[Ruminococcus] gauvreauii group,10,0,10,0,-0.027086912989855397,-0.03161229335513416,stable_negative
kazakhstan2022,mle1-7,10,10,0,0,0.01671187951644302,0.023132855898758905,stable_positive
kazakhstan2022,wb1-A12,10,0,10,0,-0.004299164053526269,-0.008341904351443993,stable_negative
kazakhstan2022,wb1-P19,10,10,0,0,0.01749127592549826,0.019371094374848224,stable_positive
ling2020,ADurb.Bin063-1,10,0,10,0,-0.0007466055947851404,-0.0008607600551663409,stable_negative
ling2020,Achromobacter,10,0,10,0,-0.0007466055947851404,-0.0008607600551663409,stable_negative
ling2020,Acidaminococcus,10,10,0,0,0.0165559068566361,0.022157478453886,stable_positive
ling2020,Acidibacter,10,0,10,0,-0.0007466055947851404,-0.0008607600551663409,stable_negative
ling2020,Acinetobacter,10,7,3,0,0.0015278945369501615,0.0009807763258272693,unstable
ling2020,Actinocorallia,10,0,10,0,-0.0007466055947851404,-0.0008607600551663409,stable_negative
ling2020,Actinomyces,10,7,3,0,0.003986132403967961,0.0025529526847617723,unstable
ling2020,Adhaeribacter,10,0,10,0,-0.0007466055947851404,-0.0008607600551663409,stable_negative
ling2020,Adlercreutzia,10,5,5,0,0.0016341725660846732,0.008754773107940832,unstable
ling2020,Aeromicrobium,10,0,10,0,-0.0007466055947851404,-0.0008607600551663409,stable_negative
ling2020,Aeromonas,10,0,10,0,-0.0007466055947851404,-0.0008607600551663409,stable_negative
ling2020,Afipia,10,0,10,0,-0.0007466055947851404,-0.0008607600551663409,stable_negative
ling2020,Agathobacter,10,0,10,0,-0.0450926993321082,-0.04548809490345845,stable_negative
ling2020,Agromyces,10,0,10,0,-0.0007466055947851404,-0.0008607600551663409,stable_negative
ling2020,Ahniella,10,0,10,0,-0.0007466055947851404,-0.0008607600551663409,stable_negative
ling2020,Akkermansia,10,10,0,0,0.1180903307759341,0.09963902645143823,stable_positive
ling2020,Aliihoeflea,10,10,0,0,0.003864389312080384,0.004374236970037942,stable_positive
ling2020,Alistipes,10,10,0,0,0.013653568546079678,0.016990145302195045,stable_positive
ling2020,Alkalicoccus,10,0,10,0,-0.0007466055947851404,-0.0008607600551663409,stable_negative
ling2020,Allisonella,10,0,10,0,-0.03437283768512337,-0.029915054037745754,stable_negative
ling2020,Alloprevotella,10,6,4,0,0.005235256739882961,0.0057299163562714904,unstable
ling2020,Allorhizobium-Neorhizobium-Pararhizobium-Rhizobium,10,0,10,0,-0.0007466055947851404,-0.0008607600551663409,stable_negative
ling2020,Altererythrobacter,10,0,10,0,-0.0007466055947851404,-0.0008607600551663409,stable_negative
ling2020,Ammoniphilus,10,0,10,0,-0.0007466055947851404,-0.0008607600551663409,stable_negative
ling2020,Anaerobacillus,10,0,10,0,-0.0007466055947851404,-0.0008607600551663409,stable_negative
ling2020,Anaerococcus,10,8,2,0,0.002770375418448127,0.006648247873415937,stable_positive
ling2020,Anaerofilum,10,0,10,0,-0.010697110401693924,-0.008363652526816203,stable_negative
ling2020,Anaerofustis,10,10,0,0,0.0055992308792945115,0.005105042182992174,stable_positive
ling2020,Anaerostipes,10,1,9,0,-0.012944736396833483,-0.012977820185110317,stable_negative
ling2020,Anaerotruncus,10,10,0,0,0.015332096167167856,0.02299293211380054,stable_positive
ling2020,Angelakisella,10,1,9,0,-0.0004896661248918583,-0.0004808104217407334,stable_negative
ling2020,Aquabacterium,10,0,10,0,-0.0007466055947851404,-0.0008607600551663409,stable_negative
ling2020,Aquicella,10,0,10,0,-0.0007466055947851404,-0.0008607600551663409,stable_negative
ling2020,Archangium,10,0,10,0,-0.0007466055947851404,-0.0008607600551663409,stable_negative
ling2020,Arenimonas,10,0,10,0,-0.0007466055947851404,-0.0008607600551663409,stable_negative
ling2020,Aridibacter,10,0,10,0,-0.0007466055947851404,-0.0008607600551663409,stable_negative
ling2020,Asteroleplasma,10,0,10,0,-0.0007466055947851404,-0.0008607600551663409,stable_negative
ling2020,Atopobium,10,10,0,0,0.03603184388451065,0.02989643309686015,stable_positive
ling2020,Azoarcus,10,0,10,0,-0.0007466055947851404,-0.0008607600551663409,stable_negative
ling2020,BD1-7 clade,10,0,10,0,-0.0007466055947851404,-0.0008607600551663409,stable_negative
ling2020,BIyi10,10,0,10,0,-0.0007466055947851404,-0.0008607600551663409,stable_negative
ling2020,Bacillus,10,0,10,0,-0.00027399107495795826,-0.0004337646065268203,stable_negative
ling2020,Bacteroides,10,1,9,0,-0.002781674593183371,-0.003285497517088766,stable_negative
ling2020,Barnesiella,10,5,5,0,-0.0003554778532113417,-0.0027910294123336824,unstable
ling2020,Bauldia,10,0,10,0,-0.0007466055947851404,-0.0008607600551663409,stable_negative
ling2020,Bdellovibrio,10,0,10,0,-0.0007466055947851404,-0.0008607600551663409,stable_negative
ling2020,Bifidobacterium,10,10,0,0,0.032835490320054075,0.03787146789218791,stable_positive
ling2020,Bilophila,10,10,0,0,0.02623554704280158,0.02523946077241323,stable_positive
ling2020,Blastococcus,10,0,10,0,-0.0007466055947851404,-0.0008607600551663409,stable_negative
ling2020,Blautia,10,2,8,0,-0.0077538720625387,-0.009063078509905332,stable_negative
ling2020,Bradyrhizobium,10,0,10,0,-0.0007466055947851404,-0.0008607600551663409,stable_negative
ling2020,Brevundimonas,10,0,10,0,-0.003478667434410279,-0.002951962458091266,stable_negative
ling2020,Bryobacter,10,0,10,0,-0.0007466055947851404,-0.0008607600551663409,stable_negative
ling2020,Burkholderia-Caballeronia-Paraburkholderia,10,0,10,0,-0.0007466055947851404,-0.0008607600551663409,stable_negative
ling2020,Butyricicoccus,10,0,10,0,-0.0569999728350894,-0.049560789844458476,stable_negative
ling2020,Butyricimonas,10,0,10,0,-0.05258824075051592,-0.03914794625578215,stable_negative
ling2020,CAG-352,10,8,2,0,0.007942991560185108,0.016017870099379553,stable_positive
ling2020,CAG-56,10,4,6,0,-0.0065449354164401575,-0.0012549375844707212,unstable
ling2020,CAG-873,10,2,8,0,-0.0020182733844640015,-0.0028329294657998224,stable_negative
ling2020,CHKCI002,10,0,10,0,-0.02095809498492969,-0.016308370914035822,stable_negative
ling2020,CL500-29 marine group,10,0,10,0,-0.0007466055947851404,-0.0008607600551663409,stable_negative
ling2020,Caenimonas,10,0,10,0,-0.0007466055947851404,-0.0008607600551663409,stable_negative
ling2020,Campylobacter,10,8,2,0,0.00010628582704856893,0.0001272859644497844,stable_positive
ling2020,Candidatus Entotheonella,10,0,10,0,-0.0007466055947851404,-0.0008607600551663409,stable_negative
ling2020,Candidatus Nitrocosmicus,10,0,10,0,-0.0007466055947851404,-0.0008607600551663409,stable_negative
ling2020,Candidatus Nitrososphaera,10,0,10,0,-0.0007466055947851404,-0.0008607600551663409,stable_negative
ling2020,Candidatus Soleaferrea,10,8,2,0,0.0036147629000750055,0.0017016073698566795,stable_positive
ling2020,Candidatus Solibacter,10,0,10,0,-0.0007466055947851404,-0.0008607600551663409,stable_negative
ling2020,Candidatus Udaeobacter,10,0,10,0,-0.0007466055947851404,-0.0008607600551663409,stable_negative
ling2020,Castellaniella,10,0,10,0,-0.0007466055947851404,-0.0008607600551663409,stable_negative
ling2020,Catabacter,10,10,0,0,0.0055166217983848844,0.005936278162834574,stable_positive
ling2020,Catenibacillus,10,10,0,0,0.005082377888323273,0.0045290990102101695,stable_positive
ling2020,Catenibacterium,10,10,0,0,0.038520098595573427,0.026124957752213386,stable_positive
ling2020,Catenisphaera,10,0,10,0,-0.0007466055947851404,-0.0008607600551663409,stable_negative
ling2020,Caulobacter,10,0,10,0,-0.0007466055947851404,-0.0008607600551663409,stable_negative
ling2020,Cellvibrio,10,0,10,0,-0.0007466055947851404,-0.0008607600551663409,stable_negative
ling2020,Chelativorans,10,10,0,0,0.025997206903680563,0.02383856023353715,stable_positive
ling2020,Chitinophaga,10,0,10,0,-0.0007466055947851404,-0.0008607600551663409,stable_negative
ling2020,Christensenella,10,3,7,0,-0.022813523691820436,-0.016423234137374048,unstable
ling2020,Christensenellaceae R-7 group,10,10,0,0,0.03715836426974206,0.03926137109411319,stable_positive
ling2020,Chryseobacterium,10,9,1,0,0.0031317619224797396,0.0033648508524799607,stable_positive
ling2020,Chryseolinea,10,0,10,0,-0.0007466055947851404,-0.0008607600551663409,stable_negative
ling2020,Chthoniobacter,10,0,10,0,-0.0007466055947851404,-0.0008607600551663409,stable_negative
ling2020,Citricoccus,10,0,10,0,-0.0007466055947851404,-0.0008607600551663409,stable_negative
ling2020,Citrifermentans,10,0,10,0,-0.0007466055947851404,-0.0008607600551663409,stable_negative
ling2020,Citrobacter,10,0,10,0,-0.018718220610011882,-0.02284620516701306,stable_negative
ling2020,Cloacibacillus,10,10,0,0,0.0164114171077238,0.019592542449730986,stable_positive
ling2020,Clostridium sensu stricto 1,10,0,10,0,-0.0379018813539484,-0.03662983197372525,stable_negative
ling2020,Colidextribacter,10,4,6,0,-0.0034165625011902726,-0.005849341187537848,unstable
ling2020,Collinsella,10,9,1,0,0.0094011222680041,0.011885832042942643,stable_positive
ling2020,Comamonas,10,0,10,0,-0.006095628843087032,-0.004497562741323657,stable_negative
ling2020,Coprobacillus,10,10,0,0,0.03574764502758403,0.028897566088783633,stable_positive
ling2020,Coprobacter,10,5,5,0,8.58157761650199e-05,0.0005173464007753673,unstable
ling2020,Coprococcus,10,0,10,0,-0.05440981671887992,-0.04661499166073853,stable_negative
ling2020,Coriobacteriaceae UCG-003,10,0,10,0,-0.00250084893157758,-0.0022186383647712624,stable_negative
ling2020,Corynebacterium,10,10,0,0,0.016547946330104188,0.018272338613290216,stable_positive
ling2020,Cupriavidus,10,0,10,0,-0.0007466055947851404,-0.0008607600551663409,stable_negative
ling2020,Curvibacter,10,10,0,0,0.0033559283629048,0.003297899585852291,stable_positive
ling2020,Cutibacterium,10,0,10,0,-0.0007466055947851404,-0.0008607600551663409,stable_negative
ling2020,DTU089,10,4,6,0,-0.007113946487430972,-0.004508575723792307,unstable
ling2020,Dactylosporangium,10,0,10,0,-0.0007466055947851404,-0.0008607600551663409,stable_negative
ling2020,Defluviitaleaceae UCG-011,10,3,7,0,-0.0012186042590395865,-0.006648912480619289,unstable
ling2020,Desulfovibrio,10,10,0,0,0.014103537401119205,0.015960741387358195,stable_positive
ling2020,Dethiobacter,10,0,10,0,-0.0007466055947851404,-0.0008607600551663409,stable_negative
ling2020,Dialister,10,0,10,0,-0.04383982030620697,-0.04434421041037307,stable_negative
ling2020,Diaphorobacter,10,0,10,0,-0.0007466055947851404,-0.0008607600551663409,stable_negative
ling2020,Dielma,10,1,9,0,-0.004403580006516287,-0.005399863509527257,stable_negative
ling2020,Dinghuibacter,10,0,10,0,-0.0007466055947851404,-0.0008607600551663409,stable_negative
ling2020,Dokdonella,10,0,10,0,-0.0007466055947851404,-0.0008607600551663409,stable_negative
ling2020,Dongia,10,0,10,0,-0.0007466055947851404,-0.0008607600551663409,stable_negative
ling2020,Dorea,10,10,0,0,0.04505006625221059,0.03500776819841656,stable_positive
ling2020,Edaphobaculum,10,0,10,0,-0.0007466055947851404,-0.0008607600551663409,stable_negative
ling2020,Eggerthella,10,6,4,0,0.012864557113491337,0.006124452088548157,unstable
ling2020,Eisenbergiella,10,10,0,0,0.013350008695300897,0.013799111937756497,stable_positive
ling2020,Ellin6055,10,0,10,0,-0.0007466055947851404,-0.0008607600551663409,stable_negative
ling2020,Ellin6067,10,0,10,0,-0.0007466055947851404,-0.0008607600551663409,stable_negative
ling2020,Elusimicrobium,10,0,10,0,-0.0007466055947851404,-0.0008607600551663409,stable_negative
ling2020,Enhydrobacter,10,0,10,0,-0.0007466055947851404,-0.0008607600551663409,stable_negative
ling2020,Enterobacter,10,9,1,0,0.009637868851982267,0.012592603802636482,stable_positive
ling2020,Enterococcus,10,10,0,0,0.05027912708417573,0.04494009406488588,stable_positive
ling2020,Enterorhabdus,10,0,10,0,-0.014146081478185638,-0.01189640653005567,stable_negative
ling2020,Enteroscipio,10,0,10,0,-0.0007466055947851404,-0.0008607600551663409,stable_negative
ling2020,Erysipelatoclostridium,10,10,0,0,0.08006460076354578,0.06610900177461496,stable_positive
ling2020,Erysipelotrichaceae UCG-003,10,0,10,0,-0.020420002847410117,-0.025130463248532502,stable_negative
ling2020,Erysipelotrichaceae UCG-006,10,0,10,0,-0.0007466055947851404,-0.0008607600551663409,stable_negative
ling2020,Escherichia-Shigella,10,3,7,0,-0.016770458842743658,-0.016838750036175743,unstable
ling2020,Eubacterium,10,10,0,0,0.012534968041744322,0.011467584830667012,stable_positive
ling2020,Eubacterium brachy group,10,10,0,0,0.02281833025784765,0.02309604580213346,stable_positive
ling2020,Eubacterium eligens group,10,3,7,0,-0.006619432091827063,-0.005721655294713307,unstable
ling2020,Eubacterium hallii group,10,10,0,0,0.0404641982688784,0.03221588804427983,stable_positive
ling2020,Eubacterium oxidoreducens group,10,0,10,0,-0.008558587027537593,-0.0063463039175266495,stable_negative
ling2020,Eubacterium ventriosum group,10,3,7,0,-0.005447001641913125,-0.005430389063091944,unstable
ling2020,Ezakiella,10,10,0,0,0.01869376130558951,0.014469534594209169,stable_positive
ling2020,Faecalibacterium,10,0,10,0,-0.10127983119338799,-0.08244931332093011,stable_negative
ling2020,Faecalibaculum,10,0,10,0,-0.0007466055947851404,-0.0008607600551663409,stable_negative
ling2020,Faecalitalea,10,0,10,0,-0.012761211687543692,-0.018500520331488836,stable_negative
ling2020,Family XIII AD3011 group,10,10,0,0,0.05994386075995865,0.0511513252963422,stable_positive
ling2020,Family XIII UCG-001,10,8,2,0,0.0015540205205212432,0.004295856012697327,stable_positive
ling2020,Fenollaria,10,0,10,0,-0.011268147771593287,-0.014425271542051884,stable_negative
ling2020,Ferruginibacter,10,0,10,0,-0.0007466055947851404,-0.0008607600551663409,stable_negative
ling2020,Finegoldia,10,10,0,0,0.017365484558317056,0.014220050948791122,stable_positive
ling2020,Flavisolibacter,10,0,10,0,-0.0007466055947851404,-0.0008607600551663409,stable_negative
ling2020,Flavitalea,10,0,10,0,-0.0007466055947851404,-0.0008607600551663409,stable_negative
ling2020,Flavobacterium,10,0,10,0,-0.0007466055947851404,-0.0008607600551663409,stable_negative
ling2020,Flavonifractor,10,7,3,0,0.0012634912127259604,-8.058928975120095e-05,unstable
ling2020,Fluviicola,10,0,10,0,-0.0007466055947851404,-0.0008607600551663409,stable_negative
ling2020,Fournierella,10,1,9,0,-0.0019621278437591577,-0.0032275134325743813,stable_negative
ling2020,Frisingicoccus,10,1,9,0,-0.014011526014528217,-0.013119804016815378,stable_negative
ling2020,Fusicatenibacter,10,0,10,0,-0.01943944545929476,-0.024843540735596588,stable_negative
ling2020,Fusobacterium,10,0,10,0,-0.05417428002586802,-0.04494599827824564,stable_negative
ling2020,GCA-900066575,10,10,0,0,0.010692344051502484,0.009152554121081376,stable_positive
ling2020,GCA-900066755,10,10,0,0,0.003726351160713643,0.004201876060080692,stable_positive
ling2020,Gaiella,10,0,10,0,-0.0007466055947851404,-0.0008607600551663409,stable_negative
ling2020,Gemella,10,9,1,0,0.017377561231385487,0.015942028030536518,stable_positive
ling2020,Gemmatimonas,10,0,10,0,-0.0007466055947851404,-0.0008607600551663409,stable_negative
ling2020,Gordonibacter,10,10,0,0,0.05204823814940242,0.04295444467945135,stable_positive
ling2020,Granulicatella,10,0,10,0,-0.037089884050867855,-0.03211042135402711,stable_negative
ling2020,HT002,10,10,0,0,0.034916147543447455,0.030603007751610112,stable_positive
ling2020,Haemophilus,10,1,9,0,-0.014377689015782577,-0.015401208656890725,stable_negative
ling2020,Haliangium,10,0,10,0,-0.0007466055947851404,-0.0008607600551663409,stable_negative
ling2020,Halomonas,10,10,0,0,0.069642718958834,0.053084854296379845,stable_positive
ling2020,Harryflintia,10,9,1,0,0.0026297558503030347,0.003329712136840892,stable_positive
ling2020,Hassallia,10,0,10,0,-0.0007466055947851404,-0.0008607600551663409,stable_negative
ling2020,Helicobacter,10,0,10,0,-0.0007466055947851404,-0.0008607600551663409,stable_negative
ling2020,Hirschia,10,0,10,0,-0.0007466055947851404,-0.0008607600551663409,stable_negative
ling2020,Holdemanella,10,10,0,0,0.015623479103749007,0.02298423778565759,stable_positive
ling2020,Holdemania,10,5,5,0,-0.0006273042384825674,-0.0008495042098355211,unstable
ling2020,Howardella,10,1,9,0,-0.00485884217880396,-0.009060842945120568,stable_negative
ling2020,Hungatella,10,10,0,0,0.03104599953271282,0.031025131407657815,stable_positive
ling2020,Hyphomicrobium,10,0,10,0,-0.0007466055947851404,-0.0008607600551663409,stable_negative
ling2020,IS-44,10,0,10,0,-0.0007466055947851404,-0.0008607600551663409,stable_negative
ling2020,Iamia,10,0,10,0,-0.0007466055947851404,-0.0008607600551663409,stable_negative
ling2020,Ilumatobacter,10,0,10,0,-0.0007466055947851404,-0.0008607600551663409,stable_negative
ling2020,Incertae Sedis,10,10,0,0,0.037151110528294236,0.0381614107359371,stable_positive
ling2020,Intestinibacter,10,3,7,0,-0.0032130881699620425,-0.0033543712768120465,unstable
ling2020,Intestinimonas,10,5,5,0,0.00013287069875314193,-0.0006188023987771703,unstable
ling2020,JGI 0001001-H03,10,0,10,0,-0.0007466055947851404,-0.0008607600551663409,stable_negative
ling2020,Klebsiella,10,10,0,0,0.015037989963901315,0.017932895773204387,stable_positive
ling2020,Kribbella,10,0,10,0,-0.0007466055947851404,-0.0008607600551663409,stable_negative
ling2020,Lachnoclostridium,10,7,3,0,0.006752700496814338,0.009893108822536965,unstable
ling2020,Lachnospira,10,0,10,0,-0.08883356167133978,-0.07341436631576662,stable_negative
ling2020,Lachnospiraceae FCS020 group,10,1,9,0,-0.007178784339789694,-0.007584634932104423,stable_negative
ling2020,Lachnospiraceae NC2004 group,10,2,8,0,-0.0024083149308993476,-0.00480533417246401,stable_negative
ling2020,Lachnospiraceae ND3007 group,10,0,10,0,-0.039441753538760414,-0.0375631805776223,stable_negative
ling2020,Lachnospiraceae NK3A20 group,10,0,10,0,-0.0007466055947851404,-0.0008607600551663409,stable_negative
ling2020,Lachnospiraceae NK4A136 group,10,6,4,0,0.020442439173499076,0.01538260042655755,unstable
ling2020,Lachnospiraceae UCG-001,10,1,9,0,-0.00962459846987548,-0.009612495046007677,stable_negative
ling2020,Lachnospiraceae UCG-003,10,4,6,0,-0.0011951852600119198,0.0001482646075124159,unstable
ling2020,Lachnospiraceae UCG-004,10,5,5,0,-0.0009188341965458101,0.0014345528471483477,unstable
ling2020,Lachnospiraceae UCG-006,10,0,10,0,-0.0007466055947851404,-0.0008607600551663409,stable_negative
ling2020,Lachnospiraceae UCG-010,10,0,10,0,-0.01787239550999812,-0.01603335827308639,stable_negative
ling2020,Lacibacter,10,0,10,0,-0.0007466055947851404,-0.0008607600551663409,stable_negative
ling2020,Lacticaseibacillus,10,10,0,0,0.006949716307155972,0.006520071648179861,stable_positive
ling2020,Lactiplantibacillus,10,10,0,0,0.001050367041407324,0.0016176723558318415,stable_positive
ling2020,Lactobacillus,10,10,0,0,0.06449458031668606,0.05934332347544533,stable_positive
ling2020,Lactococcus,10,0,10,0,-0.019828439904234857,-0.016126571524950707,stable_negative
ling2020,Lactonifactor,10,10,0,0,0.0134464051602932,0.013191113586081622,stable_positive
ling2020,Lacunisphaera,10,0,10,0,-0.0007466055947851404,-0.0008607600551663409,stable_negative
ling2020,Latilactobacillus,10,0,10,0,-0.0007466055947851404,-0.0008607600551663409,stable_negative
ling2020,Lechevalieria,10,0,10,0,-0.0007466055947851404,-0.0008607600551663409,stable_negative
ling2020,Legionella,10,0,10,0,-0.0007466055947851404,-0.0008607600551663409,stable_negative
ling2020,Leucobacter,10,0,10,0,-0.0007466055947851404,-0.0008607600551663409,stable_negative
ling2020,Leuconostoc,10,0,10,0,-0.025969551499784783,-0.01967641809493686,stable_negative
ling2020,Levilactobacillus,10,0,10,0,-0.004509562856788575,-0.0036346357714639502,stable_negative
ling2020,Libanicoccus,10,0,10,0,-0.0007466055947851404,-0.0008607600551663409,stable_negative
ling2020,Ligilactobacillus,10,7,3,0,0.006750835445660852,0.0056851999951455625,unstable
ling2020,Limosilactobacillus,10,10,0,0,0.06469561057187014,0.05378843660223311,stable_positive
ling2020,Longimicrobium,10,0,10,0,-0.0007466055947851404,-0.0008607600551663409,stable_negative
ling2020,Luedemannella,10,0,10,0,-0.0007466055947851404,-0.0008607600551663409,stable_negative
ling2020,Luteolibacter,10,0,10,0,-0.0007466055947851404,-0.0008607600551663409,stable_negative
ling2020,Lysinibacillus,10,0,10,0,-0.0028785355977591033,-0.002257134763237154,stable_negative
ling2020,Lysobacter,10,0,10,0,-0.0007466055947851404,-0.0008607600551663409,stable_negative
ling2020,MND1,10,0,10,0,-0.0007466055947851404,-0.0008607600551663409,stable_negative
ling2020,Marmoricola,10,0,10,0,-0.0007466055947851404,-0.0008607600551663409,stable_negative
ling2020,Marvinbryantia,10,10,0,0,0.0069219065501508244,0.009615247845012845,stable_positive
ling2020,Massilia,10,0,10,0,-0.0007466055947851404,-0.0008607600551663409,stable_negative
ling2020,Megamonas,10,1,9,0,-0.007033102305157016,-0.007231510470721766,stable_negative
ling2020,Megasphaera,10,10,0,0,0.01883740519843828,0.023391271820910085,stable_positive
ling2020,Merdibacter,10,10,0,0,0.008159107877543254,0.006581017142788378,stable_positive
ling2020,Mesorhizobium,10,0,10,0,-0.0007466055947851404,-0.0008607600551663409,stable_negative
ling2020,Methanobrevibacter,10,2,8,0,-0.01612879607764096,-0.015165868000529737,stable_negative
ling2020,Methylobacterium-Methylorubrum,10,0,10,0,-0.0007466055947851404,-0.0008607600551663409,stable_negative
ling2020,Methyloceanibacter,10,0,10,0,-0.0007466055947851404,-0.0008607600551663409,stable_negative
ling2020,Methylotenera,10,0,10,0,-0.0007466055947851404,-0.0008607600551663409,stable_negative
ling2020,Methyloversatilis,10,0,10,0,-0.0007466055947851404,-0.0008607600551663409,stable_negative
ling2020,Microbacterium,10,0,10,0,-0.0007466055947851404,-0.0008607600551663409,stable_negative
ling2020,Microlunatus,10,0,10,0,-0.0007466055947851404,-0.0008607600551663409,stable_negative
ling2020,Microvirga,10,0,10,0,-0.0007466055947851404,-0.0008607600551663409,stable_negative
ling2020,Mitsuokella,10,3,7,0,-0.0022269024531777464,-0.0015779435603220638,unstable
ling2020,Mogibacterium,10,0,10,0,-0.010532488903781103,-0.00916897670308011,stable_negative
ling2020,Monoglobus,10,2,8,0,-0.010309108547611143,-0.008378639474244323,stable_negative
ling2020,Muribaculum,10,0,10,0,-0.0007466055947851404,-0.0008607600551663409,stable_negative
ling2020,Mycobacterium,10,0,10,0,-0.0007466055947851404,-0.0008607600551663409,stable_negative
ling2020,NK4A214 group,10,0,10,0,-0.04628223340097949,-0.04053924544257378,stable_negative
ling2020,Nannocystis,10,0,10,0,-0.0007466055947851404,-0.0008607600551663409,stable_negative
ling2020,Negativibacillus,10,8,2,0,0.0026900361119565216,0.004858440062385892,stable_positive
ling2020,Nesterenkonia,10,10,0,0,0.009439911536245446,0.010057807646269975,stable_positive
ling2020,Niastella,10,0,10,0,-0.0007466055947851404,-0.0008607600551663409,stable_negative
ling2020,Nitrolancea,10,0,10,0,-0.0007466055947851404,-0.0008607600551663409,stable_negative
ling2020,Nitrosococcus,10,0,10,0,-0.0007466055947851404,-0.0008607600551663409,stable_negative
ling2020,Nitrosospira,10,0,10,0,-0.0007466055947851404,-0.0008607600551663409,stable_negative
ling2020,Nitrospira,10,0,10,0,-0.0007466055947851404,-0.0008607600551663409,stable_negative
ling2020,Nocardioides,10,0,10,0,-0.0007466055947851404,-0.0008607600551663409,stable_negative
ling2020,Nonomuraea,10,0,10,0,-0.0007466055947851404,-0.0008607600551663409,stable_negative
ling2020,Nordella,10,0,10,0,-0.0007466055947851404,-0.0008607600551663409,stable_negative
ling2020,Novosphingobium,10,0,10,0,-0.0007466055947851404,-0.0008607600551663409,stable_negative
ling2020,OLB17,10,0,10,0,-0.0007466055947851404,-0.0008607600551663409,stable_negative
ling2020,OM27 clade,10,0,10,0,-0.0007466055947851404,-0.0008607600551663409,stable_negative
ling2020,Oceanicaulis,10,10,0,0,0.0069776315064940825,0.010368475483967205,stable_positive
ling2020,Odoribacter,10,1,9,0,-0.02611099807729058,-0.02265888873416665,stable_negative
ling2020,Ohtaekwangia,10,0,10,0,-0.0007466055947851404,-0.0008607600551663409,stable_negative
ling2020,Olsenella,10,10,0,0,0.01966473423796382,0.024596447886919545,stable_positive
ling2020,Opitutus,10,0,10,0,-0.0007466055947851404,-0.0008607600551663409,stable_negative
ling2020,Oribacterium,10,0,10,0,-0.0028766276228772,-0.003920258526715594,stable_negative
ling2020,Oscillibacter,10,10,0,0,0.024373585462550043,0.025732224103127976,stable_positive
ling2020,Oscillospira,10,4,6,0,-0.0005033328698806453,-4.2593492661283206e-05,unstable
ling2020,Oxalobacter,10,0,10,0,-0.010150335415145487,-0.011954233726892985,stable_negative
ling2020,P3OB-42,10,0,10,0,-0.0007466055947851404,-0.0008607600551663409,stable_negative
ling2020,Paenibacillus,10,0,10,0,-0.0007466055947851404,-0.0008607600551663409,stable_negative
ling2020,Paeniclostridium,10,0,10,0,-0.0017018489706120815,-0.0017458970841465274,stable_negative
ling2020,Paenisporosarcina,10,0,10,0,-0.0007466055947851404,-0.0008607600551663409,stable_negative
ling2020,Pajaroellobacter,10,0,10,0,-0.0007466055947851404,-0.0008607600551663409,stable_negative
ling2020,Paludicola,10,5,5,0,1.9315748918640428e-05,-0.0014920569454598893,unstable
ling2020,Pannonibacter,10,0,10,0,-0.0007466055947851404,-0.0008607600551663409,stable_negative
ling2020,Papillibacter,10,8,2,0,0.0018018808905545386,0.001474632052628972,stable_positive
ling2020,Parabacteroides,10,10,0,0,0.032443032782915826,0.0304753419684666,stable_positive
ling2020,Paracoccus,10,6,4,0,7.177446317219672e-05,0.0003739086388759822,unstable
ling2020,Paraprevotella,10,0,10,0,-0.008993513386572989,-0.011277044908939002,stable_negative
ling2020,Parapusillimonas,10,0,10,0,-0.0007466055947851404,-0.0008607600551663409,stable_negative
ling2020,Parasutterella,10,0,10,0,-0.026731584740609028,-0.03560415150468871,stable_negative
ling2020,Parvimonas,10,10,0,0,0.015552517937351877,0.014647584322603763,stable_positive
ling2020,Pedobacter,10,0,10,0,-0.0007466055947851404,-0.0008607600551663409,stable_negative
ling2020,Pedomicrobium,10,0,10,0,-0.0007466055947851404,-0.0008607600551663409,stable_negative
ling2020,Pelagibacterium,10,10,0,0,0.03519908489512692,0.03202135246604668,stable_positive
ling2020,Peptococcus,10,0,10,0,-0.007662615318130086,-0.0075657665386407325,stable_negative
ling2020,Peptoniphilus,10,10,0,0,0.0214528291407131,0.019387309383770746,stable_positive
ling2020,Peptostreptococcus,10,0,10,0,-0.007728410007721884,-0.011659770646525309,stable_negative
ling2020,Peredibacter,10,0,10,0,-0.0007466055947851404,-0.0008607600551663409,stable_negative
ling2020,Phascolarctobacterium,10,8,2,0,0.0019571985544121224,0.0033560341206869556,stable_positive
ling2020,Phaselicystis,10,0,10,0,-0.0007466055947851404,-0.0008607600551663409,stable_negative
ling2020,Phenylobacterium,10,0,10,0,-0.0007466055947851404,-0.0008607600551663409,stable_negative
ling2020,Phocea,10,2,8,0,-0.004666106498020327,-0.0048890265049215936,stable_negative
ling2020,Polaromonas,10,0,10,0,-0.0007466055947851404,-0.0008607600551663409,stable_negative
ling2020,Polyangium,10,0,10,0,-0.0007466055947851404,-0.0008607600551663409,stable_negative
ling2020,Polycyclovorans,10,0,10,0,-0.0007466055947851404,-0.0008607600551663409,stable_negative
ling2020,Pontibacter,10,0,10,0,-0.0007466055947851404,-0.0008607600551663409,stable_negative
ling2020,Porphyromonas,10,6,4,0,0.0014337275787825027,0.0032957859105220604,unstable
ling2020,Prevotella,10,2,8,0,-0.002052391195050866,-0.007182122906768065,stable_negative
ling2020,Prevotella_7,10,0,10,0,-0.005790528087768067,-0.01149269850607957,stable_negative
ling2020,Prevotella_9,10,5,5,0,-0.0006146267454979891,0.002685732794878544,unstable
ling2020,Prevotellaceae NK3B31 group,10,10,0,0,0.026412462693239512,0.02621302015373315,stable_positive
ling2020,Prevotellaceae UCG-001,10,0,10,0,-0.011036468913102367,-0.008630928842358665,stable_negative
ling2020,Prevotellaceae UCG-003,10,0,10,0,-0.006588751130469952,-0.006836504144445527,stable_negative
ling2020,Pseudenhygromyxa,10,0,10,0,-0.0007466055947851404,-0.0008607600551663409,stable_negative
ling2020,Pseudoduganella,10,0,10,0,-0.0007466055947851404,-0.0008607600551663409,stable_negative
ling2020,Pseudoflavonifractor,10,0,10,0,-0.001043587185658691,-0.0011023520739261888,stable_negative
ling2020,Pseudolabrys,10,0,10,0,-0.0007466055947851404,-0.0008607600551663409,stable_negative
ling2020,Pseudomonas,10,0,10,0,-0.015838855914666078,-0.011955180325530435,stable_negative
ling2020,Pseudonocardia,10,0,10,0,-0.0007466055947851404,-0.0008607600551663409,stable_negative
ling2020,Pseudorhodoplanes,10,0,10,0,-0.0007466055947851404,-0.0008607600551663409,stable_negative
ling2020,Pseudoxanthomonas,10,0,10,0,-0.0007466055947851404,-0.0008607600551663409,stable_negative
ling2020,Psychrobacillus,10,0,10,0,-0.0007466055947851404,-0.0008607600551663409,stable_negative
ling2020,Psychrobacter,10,0,10,0,-0.0007466055947851404,-0.0008607600551663409,stable_negative
ling2020,Puia,10,0,10,0,-0.0007466055947851404,-0.0008607600551663409,stable_negative
ling2020,Pyramidobacter,10,7,3,0,0.003406518225612779,0.004784985847099074,unstable
ling2020,RB41,10,0,10,0,-0.0007466055947851404,-0.0008607600551663409,stable_negative
ling2020,Ralstonia,10,0,10,0,-0.0007466055947851404,-0.0008607600551663409,stable_negative
ling2020,Ramlibacter,10,0,10,0,-0.0007466055947851404,-0.0008607600551663409,stable_negative
ling2020,Raoultibacter,10,9,1,0,0.007046087973043819,0.008419382588434287,stable_positive
ling2020,Reyranella,10,0,10,0,-0.0007466055947851404,-0.0008607600551663409,stable_negative
ling2020,Rhizobacter,10,0,10,0,-0.0007466055947851404,-0.0008607600551663409,stable_negative
ling2020,Rhizocola,10,0,10,0,-0.0007466055947851404,-0.0008607600551663409,stable_negative
ling2020,Rhodococcus,10,0,10,0,-0.0007466055947851404,-0.0008607600551663409,stable_negative
ling2020,Rhodomicrobium,10,0,10,0,-0.0007466055947851404,-0.0008607600551663409,stable_negative
ling2020,Rhodoplanes,10,0,10,0,-0.0007466055947851404,-0.0008607600551663409,stable_negative
ling2020,Rikenellaceae RC9 gut group,10,1,9,0,-0.005956964012684648,-0.009613725771982258,stable_negative
ling2020,Romboutsia,10,0,10,0,-0.1166255871316834,-0.0867173183483425,stable_negative
ling2020,Roseburia,10,0,10,0,-0.019803096765427904,-0.022218404040710467,stable_negative
ling2020,Rothia,10,0,10,0,-0.022194322068043237,-0.018373715585256988,stable_negative
ling2020,Rubrobacter,10,0,10,0,-0.0007466055947851404,-0.0008607600551663409,stable_negative
ling2020,Ruminococcus,10,10,0,0,0.024531118971837622,0.022700174005137377,stable_positive
ling2020,Ruminococcus gnavus group,10,10,0,0,0.059320511232703946,0.05084831215702671,stable_positive
ling2020,Ruminococcus torques group,10,10,0,0,0.04191513667181321,0.039293269598271875,stable_positive
ling2020,SWB02,10,0,10,0,-0.0007466055947851404,-0.0008607600551663409,stable_negative
ling2020,Salipaludibacillus,10,0,10,0,-0.0007466055947851404,-0.0008607600551663409,stable_negative
ling2020,Salmonella,10,10,0,0,0.009074288415252124,0.00832154415475916,stable_positive
ling2020,Sandaracinus,10,0,10,0,-0.0007466055947851404,-0.0008607600551663409,stable_negative
ling2020,Sanguibacteroides,10,0,10,0,-0.013288784072036146,-0.010046056546358722,stable_negative
ling2020,Sarcina,10,2,8,0,-0.0015635461735443593,-0.0019606151618660993,stable_negative
ling2020,Sediminibacterium,10,9,1,0,0.0024624843661058883,0.0026091732072392954,stable_positive
ling2020,Sellimonas,10,10,0,0,0.04373586124525341,0.03939148270730936,stable_positive
ling2020,Senegalimassilia,10,0,10,0,-0.030424705140699053,-0.03041156687644389,stable_negative
ling2020,Serratia,10,10,0,0,0.0007033577795520646,0.0010346501528429397,stable_positive
ling2020,Shuttleworthia,10,9,1,0,0.005585456805710704,0.00805584065172018,stable_positive
ling2020,Skermanella,10,0,10,0,-0.0007466055947851404,-0.0008607600551663409,stable_negative
ling2020,Slackia,10,10,0,0,0.014786688790554031,0.01850355483250706,stable_positive
ling2020,Sneathia,10,0,10,0,-0.0007466055947851404,-0.0008607600551663409,stable_negative
ling2020,Solirubrobacter,10,0,10,0,-0.0007466055947851404,-0.0008607600551663409,stable_negative
ling2020,Solitalea,10,0,10,0,-0.0007466055947851404,-0.0008607600551663409,stable_negative
ling2020,Solobacterium,10,1,9,0,-0.003426287817504729,-0.005837367387962383,stable_negative
ling2020,Sphingomonas,10,10,0,0,0.0028343325643899464,0.005196468887178844,stable_positive
ling2020,Sporosarcina,10,0,10,0,-0.0007466055947851404,-0.0008607600551663409,stable_negative
ling2020,Staphylococcus,10,9,1,0,0.0012701235411763693,0.0015054553531888527,stable_positive
ling2020,Stenotrophobacter,10,0,10,0,-0.0007466055947851404,-0.0008607600551663409,stable_negative
ling2020,Stenotrophomonas,10,0,10,0,-0.0036529833224201165,-0.002764131035864513,stable_negative
ling2020,Steroidobacter,10,0,10,0,-0.0007466055947851404,-0.0008607600551663409,stable_negative
ling2020,Streptococcus,10,10,0,0,0.022770136817747425,0.02649587683136507,stable_positive
ling2020,Streptomyces,10,0,10,0,-0.0007466055947851404,-0.0008607600551663409,stable_negative
ling2020,Subdoligranulum,10,4,6,0,-0.0004242885406772527,0.0002785095513042842,unstable
ling2020,Subgroup 10,10,0,10,0,-0.0007466055947851404,-0.0008607600551663409,stable_negative
ling2020,Succinivibrio,10,9,1,0,0.0019497149179328647,0.002406902898669027,stable_positive
ling2020,Sulfurifustis,10,0,10,0,-0.0007466055947851404,-0.0008607600551663409,stable_negative
ling2020,Sumerlaea,10,0,10,0,-0.0007466055947851404,-0.0008607600551663409,stable_negative
ling2020,Sutterella,10,6,4,0,0.001469103847610365,0.0016493597612143329,unstable
ling2020,TM7x,10,0,10,0,-0.035167557711780796,-0.030150181249032994,stable_negative
ling2020,Taibaiella,10,0,10,0,-0.0007466055947851404,-0.0008607600551663409,stable_negative
ling2020,Terrimonas,10,0,10,0,-0.0007466055947851404,-0.0008607600551663409,stable_negative
ling2020,Terrisporobacter,10,10,0,0,0.03126943739288648,0.02725877015299911,stable_positive
ling2020,Thermus,10,0,10,0,-0.0007466055947851404,-0.0008607600551663409,stable_negative
ling2020,Truepera,10,0,10,0,-0.0007466055947851404,-0.0008607600551663409,stable_negative
ling2020,Tumebacillus,10,0,10,0,-0.0007466055947851404,-0.0008607600551663409,stable_negative
ling2020,Turicibacter,10,0,10,0,-0.04133746089874134,-0.03399855865351276,stable_negative
ling2020,Tuzzerella,10,10,0,0,0.029443857001339842,0.022856537324217583,stable_positive
ling2020,Tyzzerella,10,0,10,0,-0.043480872532669634,-0.037455759416277254,stable_negative
ling2020,UBA1819,10,8,2,0,0.01787481523616524,0.013065060233210708,stable_positive
ling2020,UC5-1-2E3,10,4,6,0,-0.002955600735540843,-0.004875709621433723,unstable
ling2020,UCG-002,10,9,1,0,0.007586250758716354,0.013856063986435671,stable_positive
ling2020,UCG-003,10,0,10,0,-0.024789859819939947,-0.02259724509304033,stable_negative
ling2020,UCG-004,10,0,10,0,-0.0007466055947851404,-0.0008607600551663409,stable_negative
ling2020,UCG-005,10,9,1,0,0.005996842414657092,0.006165462660907855,stable_positive
ling2020,UCG-007,10,0,10,0,-0.004513846517505162,-0.004575595905909863,stable_negative
ling2020,UCG-009,10,5,5,0,0.0007704296216736944,0.00023567833335721026,unstable
ling2020,UTCFX1,10,0,10,0,-0.0007466055947851404,-0.0008607600551663409,stable_negative
ling2020,Undibacterium,10,0,10,0,-0.0007466055947851404,-0.0008607600551663409,stable_negative
ling2020,V9D2013 group,10,0,10,0,-0.0007466055947851404,-0.0008607600551663409,stable_negative
ling2020,Veillonella,10,1,9,0,-0.0065036855429411716,-0.006495492954539333,stable_negative
ling2020,Vibrionimonas,10,0,10,0,-0.0007466055947851404,-0.0008607600551663409,stable_negative
ling2020,Vicinamibacter,10,0,10,0,-0.0007466055947851404,-0.0008607600551663409,stable_negative
ling2020,Victivallis,10,4,6,0,-0.00029734718632752144,-2.8585037742264217e-05,unstable
ling2020,Virgisporangium,10,0,10,0,-0.0007466055947851404,-0.0008607600551663409,stable_negative
ling2020,Weissella,10,1,9,0,-0.0021817311190010413,-0.0048974136236692185,stable_negative
ling2020,Woeseia,10,0,10,0,-0.0007466055947851404,-0.0008607600551663409,stable_negative
ling2020,YC-ZSS-LKJ147,10,0,10,0,-0.0007466055947851404,-0.0008607600551663409,stable_negative
ling2020,Z20,10,0,10,0,-0.0007466055947851404,-0.0008607600551663409,stable_negative
ling2020,[Bacteroides] pectinophilus group,10,0,10,0,-0.0007466055947851404,-0.0008607600551663409,stable_negative
ling2020,[Clostridium] innocuum group,10,3,7,0,-0.03228470123619138,-0.023555768017936907,unstable
ling2020,[Eubacterium] fissicatena group,10,3,7,0,-0.015062332651232954,-0.013001669266129404,unstable
ling2020,[Eubacterium] nodatum group,10,2,8,0,-0.023693756783391837,-0.017486733580755524,stable_negative
ling2020,[Eubacterium] ruminantium group,10,0,10,0,-0.04081497055188084,-0.03831906218180131,stable_negative
ling2020,[Eubacterium] siraeum group,10,0,10,0,-0.014695074920692604,-0.013613019284678235,stable_negative
ling2020,[Eubacterium] tenue group,10,0,10,0,-0.0007466055947851404,-0.0008607600551663409,stable_negative
ling2020,[Eubacterium] xylanophilum group,10,0,10,0,-0.03994348937408172,-0.03162968102797265,stable_negative
ling2020,[Ruminococcus] gauvreauii group,10,0,10,0,-0.03012042846286675,-0.028634930512437512,stable_negative
ling2020,mle1-7,10,0,10,0,-0.0007466055947851404,-0.0008607600551663409,stable_negative
ling2020,wb1-A12,10,0,10,0,-0.0007466055947851404,-0.0008607600551663409,stable_negative
ling2020,wb1-P19,10,0,10,0,-0.0007466055947851404,-0.0008607600551663409,stable_negative
shanghai2022,ADurb.Bin063-1,10,0,10,0,-0.0013575113482790996,-0.0014087711857084532,stable_negative
shanghai2022,Achromobacter,10,0,10,0,-0.001183776452327444,-0.0012628399150358817,stable_negative
shanghai2022,Acidaminococcus,10,0,10,0,-0.014544817030253263,-0.016777897067535096,stable_negative
shanghai2022,Acidibacter,10,0,10,0,-0.0013575113482790996,-0.0014087711857084532,stable_negative
shanghai2022,Acinetobacter,10,1,9,0,-0.0032881890177923236,-0.0032466071848561637,stable_negative
shanghai2022,Actinocorallia,10,0,10,0,-0.0013575113482790996,-0.0014087711857084532,stable_negative
shanghai2022,Actinomyces,10,10,0,0,0.04978238752375602,0.055261823914366015,stable_positive
shanghai2022,Adhaeribacter,10,0,10,0,-0.0013575113482790996,-0.0014087711857084532,stable_negative
shanghai2022,Adlercreutzia,10,10,0,0,0.03919550695886483,0.04476605808270616,stable_positive
shanghai2022,Aeromicrobium,10,0,10,0,-0.0013575113482790996,-0.0014087711857084532,stable_negative
shanghai2022,Aeromonas,10,0,10,0,-0.005700430549361682,-0.005622886166724853,stable_negative
shanghai2022,Afipia,10,0,10,0,-0.0013575113482790996,-0.0014087711857084532,stable_negative
shanghai2022,Agathobacter,10,3,7,0,-0.004551418418092365,-0.002408301757111188,unstable
shanghai2022,Agromyces,10,0,10,0,-0.0013575113482790996,-0.0014087711857084532,stable_negative
shanghai2022,Ahniella,10,0,10,0,-0.0013575113482790996,-0.0014087711857084532,stable_negative
shanghai2022,Akkermansia,10,10,0,0,0.07094634690676202,0.07711231799594151,stable_positive
shanghai2022,Aliihoeflea,10,1,9,0,-0.011370763433884169,-0.016172091872622463,stable_negative
shanghai2022,Alistipes,10,0,10,0,-0.04785525761422679,-0.05322187574069985,stable_negative
shanghai2022,Alkalicoccus,10,0,10,0,-0.0013575113482790996,-0.0014087711857084532,stable_negative
shanghai2022,Allisonella,10,0,10,0,-0.012386246050235722,-0.011323944385508565,stable_negative
shanghai2022,Alloprevotella,10,0,10,0,-0.0271710437988545,-0.02800788194152255,stable_negative
shanghai2022,Allorhizobium-Neorhizobium-Pararhizobium-Rhizobium,10,0,10,0,-0.0013575113482790996,-0.0014087711857084532,stable_negative
shanghai2022,Altererythrobacter,10,0,10,0,-0.0013575113482790996,-0.0014087711857084532,stable_negative
shanghai2022,Ammoniphilus,10,0,10,0,-0.0013575113482790996,-0.0014087711857084532,stable_negative
shanghai2022,Anaerobacillus,10,0,10,0,-0.0013575113482790996,-0.0014087711857084532,stable_negative
shanghai2022,Anaerococcus,10,10,0,0,0.006196679103547701,0.00703524663448821,stable_positive
shanghai2022,Anaerofilum,10,6,4,0,0.0005968139117390973,-6.885418978276026e-05,unstable
shanghai2022,Anaerofustis,10,0,10,0,-0.0013575113482790996,-0.0014087711857084532,stable_negative
shanghai2022,Anaerostipes,10,8,2,0,0.006548267582362054,0.00611407475235417,stable_positive
shanghai2022,Anaerotruncus,10,0,10,0,-0.0190601850096647,-0.022631180287058753,stable_negative
shanghai2022,Angelakisella,10,0,10,0,-0.0013575113482790996,-0.0014087711857084532,stable_negative
shanghai2022,Aquabacterium,10,0,10,0,-0.0013575113482790996,-0.0014087711857084532,stable_negative
shanghai2022,Aquicella,10,0,10,0,-0.0013575113482790996,-0.0014087711857084532,stable_negative
shanghai2022,Archangium,10,0,10,0,-0.0013575113482790996,-0.0014087711857084532,stable_negative
shanghai2022,Arenimonas,10,0,10,0,-0.0013575113482790996,-0.0014087711857084532,stable_negative
shanghai2022,Aridibacter,10,0,10,0,-0.0013575113482790996,-0.0014087711857084532,stable_negative
shanghai2022,Asteroleplasma,10,0,10,0,-0.0013575113482790996,-0.0014087711857084532,stable_negative
shanghai2022,Atopobium,10,10,0,0,0.02252114432395884,0.023169778735713277,stable_positive
shanghai2022,Azoarcus,10,0,10,0,-0.0013575113482790996,-0.0014087711857084532,stable_negative
shanghai2022,BD1-7 clade,10,0,10,0,-0.0013575113482790996,-0.0014087711857084532,stable_negative
shanghai2022,BIyi10,10,0,10,0,-0.0013575113482790996,-0.0014087711857084532,stable_negative
shanghai2022,Bacillus,10,0,10,0,-0.0011697614550550714,-0.0012456009021476332,stable_negative
shanghai2022,Bacteroides,10,0,10,0,-0.053850677790235925,-0.061433440901502524,stable_negative
shanghai2022,Barnesiella,10,0,10,0,-0.016694021448642037,-0.01986496399003498,stable_negative
shanghai2022,Bauldia,10,0,10,0,-0.0013575113482790996,-0.0014087711857084532,stable_negative
shanghai2022,Bdellovibrio,10,0,10,0,-0.0013575113482790996,-0.0014087711857084532,stable_negative
shanghai2022,Bifidobacterium,10,10,0,0,0.043775824550107804,0.04497043026270037,stable_positive
shanghai2022,Bilophila,10,10,0,0,0.04435949791345114,0.05152865048920272,stable_positive
shanghai2022,Blastococcus,10,0,10,0,-0.0013575113482790996,-0.0014087711857084532,stable_negative
shanghai2022,Blautia,10,10,0,0,0.01803098137210804,0.017629016761234524,stable_positive
shanghai2022,Bradyrhizobium,10,0,10,0,-0.0013575113482790996,-0.0014087711857084532,stable_negative
shanghai2022,Brevundimonas,10,0,10,0,-0.0008379259201212785,-0.0009621666122361994,stable_negative
shanghai2022,Bryobacter,10,0,10,0,-0.0013575113482790996,-0.0014087711857084532,stable_negative
shanghai2022,Burkholderia-Caballeronia-Paraburkholderia,10,0,10,0,-0.0011212254059590563,-0.0011498258544011303,stable_negative
shanghai2022,Butyricicoccus,10,7,3,0,0.0030941629511207864,0.004218954839372973,unstable
shanghai2022,Butyricimonas,10,0,10,0,-0.06505450415284927,-0.06973323484911506,stable_negative
shanghai2022,CAG-352,10,10,0,0,0.01210841668710078,0.012706812168951327,stable_positive
shanghai2022,CAG-56,10,10,0,0,0.007800100784966598,0.009501678307196093,stable_positive
shanghai2022,CAG-873,10,0,10,0,-0.0013575113482790996,-0.0014087711857084532,stable_negative
shanghai2022,CHKCI002,10,10,0,0,0.008222120538078755,0.00905971650953919,stable_positive
shanghai2022,CL500-29 marine group,10,0,10,0,-0.0013575113482790996,-0.0014087711857084532,stable_negative
shanghai2022,Caenimonas,10,0,10,0,-0.0013575113482790996,-0.0014087711857084532,stable_negative
shanghai2022,Campylobacter,10,0,10,0,-0.004309049099836364,-0.004915558683585763,stable_negative
shanghai2022,Candidatus Entotheonella,10,0,10,0,-0.0013575113482790996,-0.0014087711857084532,stable_negative
shanghai2022,Candidatus Nitrocosmicus,10,0,10,0,-0.0013575113482790996,-0.0014087711857084532,stable_negative
shanghai2022,Candidatus Nitrososphaera,10,0,10,0,-0.0013575113482790996,-0.0014087711857084532,stable_negative
shanghai2022,Candidatus Soleaferrea,10,10,0,0,0.009800253142304404,0.009659477276655812,stable_positive
shanghai2022,Candidatus Solibacter,10,0,10,0,-0.0013575113482790996,-0.0014087711857084532,stable_negative
shanghai2022,Candidatus Udaeobacter,10,0,10,0,-0.0013575113482790996,-0.0014087711857084532,stable_negative
shanghai2022,Castellaniella,10,0,10,0,-0.0013575113482790996,-0.0014087711857084532,stable_negative
shanghai2022,Catabacter,10,10,0,0,0.011236381680932255,0.011201025654862817,stable_positive
shanghai2022,Catenibacillus,10,0,10,0,-0.0013575113482790996,-0.0014087711857084532,stable_negative
shanghai2022,Catenibacterium,10,9,1,0,0.007019286206765622,0.0064819148371253535,stable_positive
shanghai2022,Catenisphaera,10,0,10,0,-0.0013575113482790996,-0.0014087711857084532,stable_negative
shanghai2022,Caulobacter,10,0,10,0,-0.000979454189109354,-0.0009908154117894714,stable_negative
shanghai2022,Cellvibrio,10,0,10,0,-0.0013575113482790996,-0.0014087711857084532,stable_negative
shanghai2022,Chelativorans,10,0,10,0,-0.005901535836422707,-0.006510201637665264,stable_negative
shanghai2022,Chitinophaga,10,0,10,0,-0.0013575113482790996,-0.0014087711857084532,stable_negative
shanghai2022,Christensenella,10,10,0,0,0.008696096964225164,0.007844726648290928,stable_positive
shanghai2022,Christensenellaceae R-7 group,10,10,0,0,0.03454330357459055,0.03917426043948291,stable_positive
shanghai2022,Chryseobacterium,10,0,10,0,-0.0013575113482790996,-0.0014087711857084532,stable_negative
shanghai2022,Chryseolinea,10,0,10,0,-0.0013575113482790996,-0.0014087711857084532,stable_negative
shanghai2022,Chthoniobacter,10,0,10,0,-0.0013575113482790996,-0.0014087711857084532,stable_negative
shanghai2022,Citricoccus,10,0,10,0,-0.0013575113482790996,-0.0014087711857084532,stable_negative
shanghai2022,Citrifermentans,10,0,10,0,-0.0013575113482790996,-0.0014087711857084532,stable_negative
shanghai2022,Citrobacter,10,0,10,0,-0.019376547365049575,-0.021538851991248314,stable_negative
shanghai2022,Cloacibacillus,10,1,9,0,-0.006397323014359638,-0.00926046960111653,stable_negative
shanghai2022,Clostridium sensu stricto 1,10,10,0,0,0.014746009171216788,0.017513056323959005,stable_positive
shanghai2022,Colidextribacter,10,0,10,0,-0.05998842105563591,-0.06674169603281513,stable_negative
shanghai2022,Collinsella,10,7,3,0,0.003307212717546765,0.0022097182674333765,unstable
shanghai2022,Comamonas,10,10,0,0,0.010521873425526733,0.011887184675822003,stable_positive
shanghai2022,Coprobacillus,10,0,10,0,-0.01608676019976782,-0.017693930094577398,stable_negative
shanghai2022,Coprobacter,10,2,8,0,-0.0010830715503830435,-0.0015098644105217128,stable_negative
shanghai2022,Coprococcus,10,10,0,0,0.02283838129006701,0.02942377169762996,stable_positive
shanghai2022,Coriobacteriaceae UCG-003,10,0,10,0,-0.0013575113482790996,-0.0014087711857084532,stable_negative
shanghai2022,Corynebacterium,10,10,0,0,0.00159018010430447,0.0016206262936208928,stable_positive
shanghai2022,Cupriavidus,10,0,10,0,-0.0013575113482790996,-0.0014087711857084532,stable_negative
shanghai2022,Curvibacter,10,0,10,0,-0.0013575113482790996,-0.0014087711857084532,stable_negative
shanghai2022,Cutibacterium,10,0,10,0,-0.0013575113482790996,-0.0014087711857084532,stable_negative
shanghai2022,DTU089,10,10,0,0,0.02325909599918566,0.02834053333269909,stable_positive
shanghai2022,Dactylosporangium,10,0,10,0,-0.0013575113482790996,-0.0014087711857084532,stable_negative
shanghai2022,Defluviitaleaceae UCG-011,10,10,0,0,0.008120525787079218,0.009122257763189319,stable_positive
shanghai2022,Desulfovibrio,10,7,3,0,0.002590404177842867,-0.0003444555692054263,unstable
shanghai2022,Dethiobacter,10,0,10,0,-0.0013575113482790996,-0.0014087711857084532,stable_negative
shanghai2022,Dialister,10,0,10,0,-0.009927385116690286,-0.011230267411274359,stable_negative
shanghai2022,Diaphorobacter,10,0,10,0,-0.0013575113482790996,-0.0014087711857084532,stable_negative
shanghai2022,Dielma,10,3,7,0,-0.0009457173930494712,-0.0009813451360453553,unstable
shanghai2022,Dinghuibacter,10,0,10,0,-0.0013575113482790996,-0.0014087711857084532,stable_negative
shanghai2022,Dokdonella,10,0,10,0,-0.0013575113482790996,-0.0014087711857084532,stable_negative
shanghai2022,Dongia,10,0,10,0,-0.0013575113482790996,-0.0014087711857084532,stable_negative
shanghai2022,Dorea,10,10,0,0,0.04875341938957689,0.05227286739181845,stable_positive
shanghai2022,Edaphobaculum,10,0,10,0,-0.0013575113482790996,-0.0014087711857084532,stable_negative
shanghai2022,Eggerthella,10,10,0,0,0.044300369411518284,0.047924502020329676,stable_positive
shanghai2022,Eisenbergiella,10,10,0,0,0.0539188984789382,0.058795209909543386,stable_positive
shanghai2022,Ellin6055,10,0,10,0,-0.0013575113482790996,-0.0014087711857084532,stable_negative
shanghai2022,Ellin6067,10,0,10,0,-0.0013575113482790996,-0.0014087711857084532,stable_negative
shanghai2022,Elusimicrobium,10,0,10,0,-0.0013575113482790996,-0.0014087711857084532,stable_negative
shanghai2022,Enhydrobacter,10,0,10,0,-0.0008169668878743497,-0.0007707316753891416,stable_negative
shanghai2022,Enterobacter,10,0,10,0,-0.057022736227181195,-0.06531828330546764,stable_negative
shanghai2022,Enterococcus,10,10,0,0,0.017738983829301544,0.020018968925119347,stable_positive
shanghai2022,Enterorhabdus,10,0,10,0,-0.0013575113482790996,-0.0014087711857084532,stable_negative
shanghai2022,Enteroscipio,10,0,10,0,-0.0013575113482790996,-0.0014087711857084532,stable_negative
shanghai2022,Erysipelatoclostridium,10,10,0,0,0.026223784356349207,0.027477230932068986,stable_positive
shanghai2022,Erysipelotrichaceae UCG-003,10,10,0,0,0.013555855693835345,0.01716015455349488,stable_positive
shanghai2022,Erysipelotrichaceae UCG-006,10,0,10,0,-0.0013575113482790996,-0.0014087711857084532,stable_negative
shanghai2022,Escherichia-Shigella,10,10,0,0,0.021946548970313808,0.021600177547589756,stable_positive
shanghai2022,Eubacterium,10,10,0,0,0.01565968395198753,0.01746061601453127,stable_positive
shanghai2022,Eubacterium brachy group,10,10,0,0,0.022470812364365794,0.027335282728988053,stable_positive
shanghai2022,Eubacterium eligens group,10,0,10,0,-0.04486883947033315,-0.047189991797194755,stable_negative
shanghai2022,Eubacterium hallii group,10,5,5,0,-0.00027297979448634847,-0.005310869309801277,unstable
shanghai2022,Eubacterium oxidoreducens group,10,0,10,0,-0.0013575113482790996,-0.0014087711857084532,stable_negative
shanghai2022,Eubacterium ventriosum group,10,0,10,0,-0.03585099379233201,-0.04050512607511247,stable_negative
shanghai2022,Ezakiella,10,2,8,0,-0.0015504213549365348,-0.0032531240637876414,stable_negative
shanghai2022,Faecalibacterium,10,9,1,0,0.012012465253970643,0.015055025143797165,stable_positive
shanghai2022,Faecalibaculum,10,0,10,0,-0.0013575113482790996,-0.0014087711857084532,stable_negative
shanghai2022,Faecalitalea,10,10,0,0,0.007178782731955227,0.008678316951986889,stable_positive
shanghai2022,Family XIII AD3011 group,10,4,6,0,-0.002648223708170503,-0.0024567442064022016,unstable
shanghai2022,Family XIII UCG-001,10,10,0,0,0.012223262406543693,0.013254284411021477,stable_positive
shanghai2022,Fenollaria,10,10,0,0,0.017091233257080958,0.01877276391984739,stable_positive
shanghai2022,Ferruginibacter,10,0,10,0,-0.0013575113482790996,-0.0014087711857084532,stable_negative
shanghai2022,Finegoldia,10,8,2,0,0.0007672993161470438,0.0006010650017705259,stable_positive
shanghai2022,Flavisolibacter,10,0,10,0,-0.0013575113482790996,-0.0014087711857084532,stable_negative
shanghai2022,Flavitalea,10,0,10,0,-0.0013575113482790996,-0.0014087711857084532,stable_negative
shanghai2022,Flavobacterium,10,0,10,0,-0.0013575113482790996,-0.0014087711857084532,stable_negative
shanghai2022,Flavonifractor,10,10,0,0,0.013733143181796439,0.014033054478596355,stable_positive
shanghai2022,Fluviicola,10,0,10,0,-0.0013575113482790996,-0.0014087711857084532,stable_negative
shanghai2022,Fournierella,10,0,10,0,-0.0034120890241541952,-0.004080632103067291,stable_negative
shanghai2022,Frisingicoccus,10,10,0,0,0.012634675174653442,0.01615778619500904,stable_positive
shanghai2022,Fusicatenibacter,10,10,0,0,0.028537709370832404,0.0313793122716399,stable_positive
shanghai2022,Fusobacterium,10,10,0,0,0.02394941161640691,0.024057648649615793,stable_positive
shanghai2022,GCA-900066575,10,2,8,0,-0.0020826138410515566,-0.0024541579404694417,stable_negative
shanghai2022,GCA-900066755,10,9,1,0,0.002803808080478382,0.0033478988035673513,stable_positive
shanghai2022,Gaiella,10,0,10,0,-0.0013575113482790996,-0.0014087711857084532,stable_negative
shanghai2022,Gemella,10,10,0,0,0.040208223167429266,0.04565306063274732,stable_positive
shanghai2022,Gemmatimonas,10,0,10,0,-0.0013575113482790996,-0.0014087711857084532,stable_negative
shanghai2022,Gordonibacter,10,10,0,0,0.009259413655379925,0.009787278735374322,stable_positive
shanghai2022,Granulicatella,10,5,5,0,-0.0002940952695545077,-0.0006831536298678222,unstable
shanghai2022,HT002,10,10,0,0,0.010790005411594215,0.012498786102444141,stable_positive
shanghai2022,Haemophilus,10,0,10,0,-0.05585554808679588,-0.06071143480548543,stable_negative
shanghai2022,Haliangium,10,0,10,0,-0.0013575113482790996,-0.0014087711857084532,stable_negative
shanghai2022,Halomonas,10,6,4,0,4.620704133148034e-05,0.0001717304592253951,unstable
shanghai2022,Harryflintia,10,4,6,0,-0.0006979444982000674,-0.001222169085195389,unstable
shanghai2022,Hassallia,10,0,10,0,-0.0013575113482790996,-0.0014087711857084532,stable_negative
shanghai2022,Helicobacter,10,0,10,0,-0.0013575113482790996,-0.0014087711857084532,stable_negative
shanghai2022,Hirschia,10,0,10,0,-0.0013575113482790996,-0.0014087711857084532,stable_negative
shanghai2022,Holdemanella,10,10,0,0,0.007915351332101018,0.008406589300442184,stable_positive
shanghai2022,Holdemania,10,10,0,0,0.05618976197358591,0.06461099027377326,stable_positive
shanghai2022,Howardella,10,0,10,0,-0.0013575113482790996,-0.0014087711857084532,stable_negative
shanghai2022,Hungatella,10,10,0,0,0.006583915854513062,0.0077234193597463365,stable_positive
shanghai2022,Hyphomicrobium,10,0,10,0,-0.0013575113482790996,-0.0014087711857084532,stable_negative
shanghai2022,IS-44,10,0,10,0,-0.0013575113482790996,-0.0014087711857084532,stable_negative
shanghai2022,Iamia,10,0,10,0,-0.0013575113482790996,-0.0014087711857084532,stable_negative
shanghai2022,Ilumatobacter,10,0,10,0,-0.0013575113482790996,-0.0014087711857084532,stable_negative
shanghai2022,Incertae Sedis,10,10,0,0,0.049702273738772285,0.05570105139718186,stable_positive
shanghai2022,Intestinibacter,10,1,9,0,-0.010962632990270218,-0.013599600424632588,stable_negative
shanghai2022,Intestinimonas,10,2,8,0,-0.005074102687119472,-0.005025513757319006,stable_negative
shanghai2022,JGI 0001001-H03,10,0,10,0,-0.0013575113482790996,-0.0014087711857084532,stable_negative
shanghai2022,Klebsiella,10,1,9,0,-0.012700194361965988,-0.01157131081175941,stable_negative
shanghai2022,Kribbella,10,0,10,0,-0.0013575113482790996,-0.0014087711857084532,stable_negative
shanghai2022,Lachnoclostridium,10,0,10,0,-0.02428859178880119,-0.02730940933759344,stable_negative
shanghai2022,Lachnospira,10,0,10,0,-0.018924250635585324,-0.021961224965517088,stable_negative
shanghai2022,Lachnospiraceae FCS020 group,10,3,7,0,-0.0018412703274332575,-0.0021071424552900272,unstable
shanghai2022,Lachnospiraceae NC2004 group,10,0,10,0,-0.0013575113482790996,-0.0014087711857084532,stable_negative
shanghai2022,Lachnospiraceae ND3007 group,10,0,10,0,-0.01949795813789912,-0.021428737335767382,stable_negative
shanghai2022,Lachnospiraceae NK3A20 group,10,0,10,0,-0.0013575113482790996,-0.0014087711857084532,stable_negative
shanghai2022,Lachnospiraceae NK4A136 group,10,9,1,0,0.007456117462637202,0.00847679190950303,stable_positive
shanghai2022,Lachnospiraceae UCG-001,10,0,10,0,-0.012979793628371959,-0.013476878003071782,stable_negative
shanghai2022,Lachnospiraceae UCG-003,10,0,10,0,-0.022095867586874623,-0.022602792658856098,stable_negative
shanghai2022,Lachnospiraceae UCG-004,10,0,10,0,-0.06642310347273656,-0.07569340041241432,stable_negative
shanghai2022,Lachnospiraceae UCG-006,10,0,10,0,-0.0013575113482790996,-0.0014087711857084532,stable_negative
shanghai2022,Lachnospiraceae UCG-010,10,0,10,0,-0.024412346125079653,-0.023457817606365464,stable_negative
shanghai2022,Lacibacter,10,0,10,0,-0.0013575113482790996,-0.0014087711857084532,stable_negative
shanghai2022,Lacticaseibacillus,10,10,0,0,0.007911074408806697,0.008649748529248595,stable_positive
shanghai2022,Lactiplantibacillus,10,0,10,0,-0.0013575113482790996,-0.0014087711857084532,stable_negative
shanghai2022,Lactobacillus,10,10,0,0,0.057357901063629424,0.06339213316989264,stable_positive
shanghai2022,Lactococcus,10,0,10,0,-0.008091853115946767,-0.009528558742450424,stable_negative
shanghai2022,Lactonifactor,10,10,0,0,0.003968932230079814,0.004237516085782258,stable_positive
shanghai2022,Lacunisphaera,10,0,10,0,-0.0013575113482790996,-0.0014087711857084532,stable_negative
shanghai2022,Latilactobacillus,10,0,10,0,-0.0013575113482790996,-0.0014087711857084532,stable_negative
shanghai2022,Lechevalieria,10,0,10,0,-0.0013575113482790996,-0.0014087711857084532,stable_negative
shanghai2022,Legionella,10,0,10,0,-0.0013575113482790996,-0.0014087711857084532,stable_negative
shanghai2022,Leucobacter,10,0,10,0,-0.0013575113482790996,-0.0014087711857084532,stable_negative
shanghai2022,Leuconostoc,10,0,10,0,-0.0006092277066311786,-0.0008048829593977132,stable_negative
shanghai2022,Levilactobacillus,10,0,10,0,-0.0013575113482790996,-0.0014087711857084532,stable_negative
shanghai2022,Libanicoccus,10,9,1,0,0.0029797938787784655,0.0025422433890560092,stable_positive
shanghai2022,Ligilactobacillus,10,10,0,0,0.0171672898801263,0.020559681005703722,stable_positive
shanghai2022,Limosilactobacillus,10,10,0,0,0.032608991664900736,0.03497777190355881,stable_positive
shanghai2022,Longimicrobium,10,0,10,0,-0.0013575113482790996,-0.0014087711857084532,stable_negative
shanghai2022,Luedemannella,10,0,10,0,-0.0013575113482790996,-0.0014087711857084532,stable_negative
shanghai2022,Luteolibacter,10,0,10,0,-0.0013575113482790996,-0.0014087711857084532,stable_negative
shanghai2022,Lysinibacillus,10,0,10,0,-0.0013575113482790996,-0.0014087711857084532,stable_negative
shanghai2022,Lysobacter,10,0,10,0,-0.0013575113482790996,-0.0014087711857084532,stable_negative
shanghai2022,MND1,10,0,10,0,-0.0013575113482790996,-0.0014087711857084532,stable_negative
shanghai2022,Marmoricola,10,0,10,0,-0.0013575113482790996,-0.0014087711857084532,stable_negative
shanghai2022,Marvinbryantia,10,10,0,0,0.013353262541234541,0.016184318116435892,stable_positive
shanghai2022,Massilia,10,0,10,0,-0.0013575113482790996,-0.0014087711857084532,stable_negative
shanghai2022,Megamonas,10,1,9,0,-0.009682641588856254,-0.012705129074347555,stable_negative
shanghai2022,Megasphaera,10,0,10,0,-0.022304802899086096,-0.022001350587658473,stable_negative
shanghai2022,Merdibacter,10,0,10,0,-0.007029936649217793,-0.006816539764863408,stable_negative
shanghai2022,Mesorhizobium,10,0,10,0,-0.0013575113482790996,-0.0014087711857084532,stable_negative
shanghai2022,Methanobrevibacter,10,2,8,0,-0.00035453253150877944,-0.0003278879835193852,stable_negative
shanghai2022,Methylobacterium-Methylorubrum,10,0,10,0,-0.001175570634434117,-0.0012443455466673275,stable_negative
shanghai2022,Methyloceanibacter,10,0,10,0,-0.0013575113482790996,-0.0014087711857084532,stable_negative
shanghai2022,Methylotenera,10,0,10,0,-0.0013575113482790996,-0.0014087711857084532,stable_negative
shanghai2022,Methyloversatilis,10,0,10,0,-0.0013575113482790996,-0.0014087711857084532,stable_negative
shanghai2022,Microbacterium,10,0,10,0,-0.0013575113482790996,-0.0014087711857084532,stable_negative
shanghai2022,Microlunatus,10,0,10,0,-0.0013575113482790996,-0.0014087711857084532,stable_negative
shanghai2022,Microvirga,10,0,10,0,-0.0013575113482790996,-0.0014087711857084532,stable_negative
shanghai2022,Mitsuokella,10,0,10,0,-0.004027637918202546,-0.004282285411652231,stable_negative
shanghai2022,Mogibacterium,10,10,0,0,0.020064748412085442,0.021974870135197895,stable_positive
shanghai2022,Monoglobus,10,9,1,0,0.01503504424803287,0.017331521555567365,stable_positive
shanghai2022,Muribaculum,10,0,10,0,-0.0013575113482790996,-0.0014087711857084532,stable_negative
shanghai2022,Mycobacterium,10,0,10,0,-0.0013575113482790996,-0.0014087711857084532,stable_negative
shanghai2022,NK4A214 group,10,1,9,0,-0.0072124161118280955,-0.006611231741293262,stable_negative
shanghai2022,Nannocystis,10,0,10,0,-0.0013575113482790996,-0.0014087711857084532,stable_negative
shanghai2022,Negativibacillus,10,1,9,0,-0.012006000301865261,-0.017115817208774024,stable_negative
shanghai2022,Nesterenkonia,10,0,10,0,-0.0005004543344142966,-0.0005987492133948928,stable_negative
shanghai2022,Niastella,10,0,10,0,-0.0013575113482790996,-0.0014087711857084532,stable_negative
shanghai2022,Nitrolancea,10,0,10,0,-0.0013575113482790996,-0.0014087711857084532,stable_negative
shanghai2022,Nitrosococcus,10,0,10,0,-0.0013575113482790996,-0.0014087711857084532,stable_negative
shanghai2022,Nitrosospira,10,0,10,0,-0.0013575113482790996,-0.0014087711857084532,stable_negative
shanghai2022,Nitrospira,10,0,10,0,-0.0013575113482790996,-0.0014087711857084532,stable_negative
shanghai2022,Nocardioides,10,0,10,0,-0.0013575113482790996,-0.0014087711857084532,stable_negative
shanghai2022,Nonomuraea,10,0,10,0,-0.0013575113482790996,-0.0014087711857084532,stable_negative
shanghai2022,Nordella,10,0,10,0,-0.0013575113482790996,-0.0014087711857084532,stable_negative
shanghai2022,Novosphingobium,10,0,10,0,-0.0013575113482790996,-0.0014087711857084532,stable_negative
shanghai2022,OLB17,10,0,10,0,-0.0013575113482790996,-0.0014087711857084532,stable_negative
shanghai2022,OM27 clade,10,0,10,0,-0.0013575113482790996,-0.0014087711857084532,stable_negative
shanghai2022,Oceanicaulis,10,0,10,0,-0.0013575113482790996,-0.0014087711857084532,stable_negative
shanghai2022,Odoribacter,10,0,10,0,-0.030329530868273114,-0.03564070231168273,stable_negative
shanghai2022,Ohtaekwangia,10,0,10,0,-0.0013575113482790996,-0.0014087711857084532,stable_negative
shanghai2022,Olsenella,10,9,1,0,0.00547035668847902,0.006583015927021467,stable_positive
shanghai2022,Opitutus,10,0,10,0,-0.0013575113482790996,-0.0014087711857084532,stable_negative
shanghai2022,Oribacterium,10,7,3,0,0.0005564645284585619,0.0005939314663884918,unstable
shanghai2022,Oscillibacter,10,1,9,0,-0.01296181228731382,-0.012216338788506035,stable_negative
shanghai2022,Oscillospira,10,8,2,0,0.001999398654540831,0.003191028706646823,stable_positive
shanghai2022,Oxalobacter,10,0,10,0,-0.013374471792724125,-0.017138476911836044,stable_negative
shanghai2022,P3OB-42,10,0,10,0,-0.0013575113482790996,-0.0014087711857084532,stable_negative
shanghai2022,Paenibacillus,10,0,10,0,-0.0013575113482790996,-0.0014087711857084532,stable_negative
shanghai2022,Paeniclostridium,10,0,10,0,-0.014680084601739215,-0.015741035993632517,stable_negative
shanghai2022,Paenisporosarcina,10,0,10,0,-0.0013575113482790996,-0.0014087711857084532,stable_negative
shanghai2022,Pajaroellobacter,10,0,10,0,-0.0013575113482790996,-0.0014087711857084532,stable_negative
shanghai2022,Paludicola,10,0,10,0,-0.0035129315835527777,-0.00367630140522052,stable_negative
shanghai2022,Pannonibacter,10,0,10,0,-0.0013575113482790996,-0.0014087711857084532,stable_negative
shanghai2022,Papillibacter,10,9,1,0,0.001665339505623381,0.0017406390320143072,stable_positive
shanghai2022,Parabacteroides,10,0,10,0,-0.042001754976164936,-0.0473653596754667,stable_negative
shanghai2022,Paracoccus,10,0,10,0,-0.0013575113482790996,-0.0014087711857084532,stable_negative
shanghai2022,Paraprevotella,10,0,10,0,-0.0142624240165244,-0.0185205082137532,stable_negative
shanghai2022,Parapusillimonas,10,0,10,0,-0.0013575113482790996,-0.0014087711857084532,stable_negative
shanghai2022,Parasutterella,10,0,10,0,-0.05037684046165898,-0.05106557942824236,stable_negative
shanghai2022,Parvimonas,10,10,0,0,0.0025230164689165682,0.002606615212776627,stable_positive
shanghai2022,Pedobacter,10,0,10,0,-0.0013575113482790996,-0.0014087711857084532,stable_negative
shanghai2022,Pedomicrobium,10,0,10,0,-0.0013575113482790996,-0.0014087711857084532,stable_negative
shanghai2022,Pelagibacterium,10,10,0,0,0.002845530962097495,0.0030532941895291803,stable_positive
shanghai2022,Peptococcus,10,0,10,0,-0.020355341616762772,-0.02051484936158255,stable_negative
shanghai2022,Peptoniphilus,10,10,0,0,0.01563495219216428,0.017147362318550366,stable_positive
shanghai2022,Peptostreptococcus,10,0,10,0,-0.0013575113482790996,-0.0014087711857084532,stable_negative
shanghai2022,Peredibacter,10,0,10,0,-0.0013575113482790996,-0.0014087711857084532,stable_negative
shanghai2022,Phascolarctobacterium,10,6,4,0,0.0010992238995968986,0.0016650672691487698,unstable
shanghai2022,Phaselicystis,10,0,10,0,-0.0013575113482790996,-0.0014087711857084532,stable_negative
shanghai2022,Phenylobacterium,10,0,10,0,-0.0013575113482790996,-0.0014087711857084532,stable_negative
shanghai2022,Phocea,10,9,1,0,0.006771656548678199,0.008337077711535624,stable_positive
shanghai2022,Polaromonas,10,0,10,0,-0.0013575113482790996,-0.0014087711857084532,stable_negative
shanghai2022,Polyangium,10,0,10,0,-0.0013575113482790996,-0.0014087711857084532,stable_negative
shanghai2022,Polycyclovorans,10,0,10,0,-0.0013575113482790996,-0.0014087711857084532,stable_negative
shanghai2022,Pontibacter,10,0,10,0,-0.0013575113482790996,-0.0014087711857084532,stable_negative
shanghai2022,Porphyromonas,10,8,2,0,0.001964605945601204,0.0006340091368185857,stable_positive
shanghai2022,Prevotella,10,0,10,0,-0.010907460131543197,-0.011246292215672865,stable_negative
shanghai2022,Prevotella_7,10,9,1,0,0.010075596546645974,0.012682175254414067,stable_positive
shanghai2022,Prevotella_9,10,0,10,0,-0.027728961738849152,-0.026995145213726444,stable_negative
shanghai2022,Prevotellaceae NK3B31 group,10,0,10,0,-0.005843794125082017,-0.005523961927653596,stable_negative
shanghai2022,Prevotellaceae UCG-001,10,0,10,0,-0.005155063224131384,-0.0049699617852214505,stable_negative
shanghai2022,Prevotellaceae UCG-003,10,0,10,0,-0.004568855779481935,-0.004432097179656944,stable_negative
shanghai2022,Pseudenhygromyxa,10,0,10,0,-0.0013575113482790996,-0.0014087711857084532,stable_negative
shanghai2022,Pseudoduganella,10,0,10,0,-0.0013575113482790996,-0.0014087711857084532,stable_negative
shanghai2022,Pseudoflavonifractor,10,7,3,0,0.00021837327220627635,-0.0001278447406145178,unstable
shanghai2022,Pseudolabrys,10,0,10,0,-0.0013575113482790996,-0.0014087711857084532,stable_negative
shanghai2022,Pseudomonas,10,10,0,0,0.00826007548365008,0.008600165216953951,stable_positive
shanghai2022,Pseudonocardia,10,0,10,0,-0.0013575113482790996,-0.0014087711857084532,stable_negative
shanghai2022,Pseudorhodoplanes,10,0,10,0,-0.0013575113482790996,-0.0014087711857084532,stable_negative
shanghai2022,Pseudoxanthomonas,10,0,10,0,-0.0013575113482790996,-0.0014087711857084532,stable_negative
shanghai2022,Psychrobacillus,10,0,10,0,-0.0013575113482790996,-0.0014087711857084532,stable_negative
shanghai2022,Psychrobacter,10,1,9,0,-0.00031313851025186335,-0.00042824743599370347,stable_negative
shanghai2022,Puia,10,0,10,0,-0.0013575113482790996,-0.0014087711857084532,stable_negative
shanghai2022,Pyramidobacter,10,0,10,0,-0.032918115271897946,-0.03524658579478564,stable_negative
shanghai2022,RB41,10,0,10,0,-0.0013575113482790996,-0.0014087711857084532,stable_negative
shanghai2022,Ralstonia,10,0,10,0,-0.0013575113482790996,-0.0014087711857084532,stable_negative
shanghai2022,Ramlibacter,10,0,10,0,-0.0013575113482790996,-0.0014087711857084532,stable_negative
shanghai2022,Raoultibacter,10,10,0,0,0.013342636617697554,0.014878073482153203,stable_positive
shanghai2022,Reyranella,10,0,10,0,-0.0013575113482790996,-0.0014087711857084532,stable_negative
shanghai2022,Rhizobacter,10,0,10,0,-0.0013575113482790996,-0.0014087711857084532,stable_negative
shanghai2022,Rhizocola,10,0,10,0,-0.0013575113482790996,-0.0014087711857084532,stable_negative
shanghai2022,Rhodococcus,10,0,10,0,-0.0013575113482790996,-0.0014087711857084532,stable_negative
shanghai2022,Rhodomicrobium,10,0,10,0,-0.0013575113482790996,-0.0014087711857084532,stable_negative
shanghai2022,Rhodoplanes,10,0,10,0,-0.0013575113482790996,-0.0014087711857084532,stable_negative
shanghai2022,Rikenellaceae RC9 gut group,10,10,0,0,0.010654848210841663,0.012110685089080968,stable_positive
shanghai2022,Romboutsia,10,0,10,0,-0.019017832645551097,-0.0248846294657959,stable_negative
shanghai2022,Roseburia,10,10,0,0,0.022741952607538786,0.02583548004849514,stable_positive
shanghai2022,Rothia,10,10,0,0,0.030923651876487934,0.03396041612487254,stable_positive
shanghai2022,Rubrobacter,10,0,10,0,-0.0011698028398651977,-0.00118868744930812,stable_negative
shanghai2022,Ruminococcus,10,0,10,0,-0.03609918370787142,-0.039494072538461794,stable_negative
shanghai2022,Ruminococcus gnavus group,10,10,0,0,0.0379012564343499,0.04354733653046412,stable_positive
shanghai2022,Ruminococcus torques group,10,10,0,0,0.030607924716628425,0.03463676395770544,stable_positive
shanghai2022,SWB02,10,0,10,0,-0.0013575113482790996,-0.0014087711857084532,stable_negative
shanghai2022,Salipaludibacillus,10,0,10,0,-0.0013575113482790996,-0.0014087711857084532,stable_negative
shanghai2022,Salmonella,10,0,10,0,-0.0013575113482790996,-0.0014087711857084532,stable_negative
shanghai2022,Sandaracinus,10,0,10,0,-0.0013575113482790996,-0.0014087711857084532,stable_negative
shanghai2022,Sanguibacteroides,10,0,10,0,-0.0013575113482790996,-0.0014087711857084532,stable_negative
shanghai2022,Sarcina,10,9,1,0,0.0007111700936009862,0.0009736306954638296,stable_positive
shanghai2022,Sediminibacterium,10,0,10,0,-0.0013575113482790996,-0.0014087711857084532,stable_negative
shanghai2022,Sellimonas,10,10,0,0,0.04075712105343189,0.04517498634954553,stable_positive
shanghai2022,Senegalimassilia,10,6,4,0,0.00041009438756272926,-0.0006935878442674301,unstable
shanghai2022,Serratia,10,0,10,0,-0.0023936205318998535,-0.0024549341312739407,stable_negative
shanghai2022,Shuttleworthia,10,4,6,0,-0.00021988902334139947,0.0007011482938021323,unstable
shanghai2022,Skermanella,10,0,10,0,-0.0013575113482790996,-0.0014087711857084532,stable_negative
shanghai2022,Slackia,10,10,0,0,0.013504453485354163,0.012947724110882523,stable_positive
shanghai2022,Sneathia,10,0,10,0,-0.0013575113482790996,-0.0014087711857084532,stable_negative
shanghai2022,Solirubrobacter,10,0,10,0,-0.0013575113482790996,-0.0014087711857084532,stable_negative
shanghai2022,Solitalea,10,0,10,0,-0.0013575113482790996,-0.0014087711857084532,stable_negative
shanghai2022,Solobacterium,10,10,0,0,0.01803258221836978,0.019258039886063456,stable_positive
shanghai2022,Sphingomonas,10,8,2,0,0.00048593674575406063,0.000402237421126558,stable_positive
shanghai2022,Sporosarcina,10,0,10,0,-0.0013575113482790996,-0.0014087711857084532,stable_negative
shanghai2022,Staphylococcus,10,10,0,0,0.0043678017163497436,0.004513316956768326,stable_positive
shanghai2022,Stenotrophobacter,10,0,10,0,-0.0013575113482790996,-0.0014087711857084532,stable_negative
shanghai2022,Stenotrophomonas,10,0,10,0,-0.004429786107498052,-0.005052282375922522,stable_negative
shanghai2022,Steroidobacter,10,0,10,0,-0.0013575113482790996,-0.0014087711857084532,stable_negative
shanghai2022,Streptococcus,10,10,0,0,0.10296235626138014,0.1155871429739341,stable_positive
shanghai2022,Streptomyces,10,0,10,0,-0.0013575113482790996,-0.0014087711857084532,stable_negative
shanghai2022,Subdoligranulum,10,10,0,0,0.029540554962289696,0.03323480366089444,stable_positive
shanghai2022,Subgroup 10,10,0,10,0,-0.0013575113482790996,-0.0014087711857084532,stable_negative
shanghai2022,Succinivibrio,10,0,10,0,-0.013998912900998764,-0.014973136077388177,stable_negative
shanghai2022,Sulfurifustis,10,0,10,0,-0.0013575113482790996,-0.0014087711857084532,stable_negative
shanghai2022,Sumerlaea,10,0,10,0,-0.0013575113482790996,-0.0014087711857084532,stable_negative
shanghai2022,Sutterella,10,0,10,0,-0.07473911018569113,-0.08179866230892843,stable_negative
shanghai2022,TM7x,10,10,0,0,0.04525392253698954,0.05075034859476958,stable_positive
shanghai2022,Taibaiella,10,0,10,0,-0.0013575113482790996,-0.0014087711857084532,stable_negative
shanghai2022,Terrimonas,10,0,10,0,-0.0013575113482790996,-0.0014087711857084532,stable_negative
shanghai2022,Terrisporobacter,10,7,3,0,0.0014058565717482156,0.0009186470503130241,unstable
shanghai2022,Thermus,10,0,10,0,-0.0013575113482790996,-0.0014087711857084532,stable_negative
shanghai2022,Truepera,10,0,10,0,-0.0013575113482790996,-0.0014087711857084532,stable_negative
shanghai2022,Tumebacillus,10,0,10,0,-0.0013575113482790996,-0.0014087711857084532,stable_negative
shanghai2022,Turicibacter,10,2,8,0,-0.0041397734708139115,-0.005890369165406587,stable_negative
shanghai2022,Tuzzerella,10,8,2,0,0.003532044942577166,0.0033992832715759812,stable_positive
shanghai2022,Tyzzerella,10,0,10,0,-0.02676108633454566,-0.03129969537675263,stable_negative
shanghai2022,UBA1819,10,4,6,0,-0.0015211816791967552,0.00012738858953625625,unstable
shanghai2022,UC5-1-2E3,10,9,1,0,0.004064402534860167,0.0038594987430903616,stable_positive
shanghai2022,UCG-002,10,10,0,0,0.015902827052479432,0.02155383548826631,stable_positive
shanghai2022,UCG-003,10,0,10,0,-0.028738131802220207,-0.030419751721516265,stable_negative
shanghai2022,UCG-004,10,0,10,0,-0.0013575113482790996,-0.0014087711857084532,stable_negative
shanghai2022,UCG-005,10,0,10,0,-0.014924655668090703,-0.016281649540194176,stable_negative
shanghai2022,UCG-007,10,9,1,0,0.0011841481249855843,0.0012397489713363412,stable_positive
shanghai2022,UCG-009,10,10,0,0,0.007681968546013953,0.008419128080935603,stable_positive
shanghai2022,UTCFX1,10,0,10,0,-0.0013575113482790996,-0.0014087711857084532,stable_negative
shanghai2022,Undibacterium,10,0,10,0,-0.011518459838752234,-0.01299476445117305,stable_negative
shanghai2022,V9D2013 group,10,0,10,0,-0.0013575113482790996,-0.0014087711857084532,stable_negative
shanghai2022,Veillonella,10,0,10,0,-0.026080506046266015,-0.03080081672466284,stable_negative
shanghai2022,Vibrionimonas,10,0,10,0,-0.0013575113482790996,-0.0014087711857084532,stable_negative
shanghai2022,Vicinamibacter,10,0,10,0,-0.0013575113482790996,-0.0014087711857084532,stable_negative
shanghai2022,Victivallis,10,0,10,0,-0.009115812705407025,-0.009167687891742968,stable_negative
shanghai2022,Virgisporangium,10,0,10,0,-0.0013575113482790996,-0.0014087711857084532,stable_negative
shanghai2022,Weissella,10,10,0,0,0.005425910740997061,0.005112975215255263,stable_positive
shanghai2022,Woeseia,10,0,10,0,-0.0013575113482790996,-0.0014087711857084532,stable_negative
shanghai2022,YC-ZSS-LKJ147,10,0,10,0,-0.0013575113482790996,-0.0014087711857084532,stable_negative
shanghai2022,Z20,10,0,10,0,-0.0013575113482790996,-0.0014087711857084532,stable_negative
shanghai2022,[Bacteroides] pectinophilus group,10,0,10,0,-0.0013575113482790996,-0.0014087711857084532,stable_negative
shanghai2022,[Clostridium] innocuum group,10,1,9,0,-0.006599072917042205,-0.011326907412086935,stable_negative
shanghai2022,[Eubacterium] fissicatena group,10,10,0,0,0.01946502428080293,0.02490915640636125,stable_positive
shanghai2022,[Eubacterium] nodatum group,10,10,0,0,0.012189539030858476,0.013169239133094982,stable_positive
shanghai2022,[Eubacterium] ruminantium group,10,10,0,0,0.012549010681156561,0.014956284454841451,stable_positive
shanghai2022,[Eubacterium] siraeum group,10,0,10,0,-0.03860791716911616,-0.04239879081627875,stable_negative
shanghai2022,[Eubacterium] tenue group,10,0,10,0,-0.0013575113482790996,-0.0014087711857084532,stable_negative
shanghai2022,[Eubacterium] xylanophilum group,10,0,10,0,-0.038659949344196906,-0.038881747866073554,stable_negative
shanghai2022,[Ruminococcus] gauvreauii group,10,10,0,0,0.011511429839791221,0.01063097712445032,stable_positive
shanghai2022,mle1-7,10,0,10,0,-0.0013575113482790996,-0.0014087711857084532,stable_negative
shanghai2022,wb1-A12,10,0,10,0,-0.0013575113482790996,-0.0014087711857084532,stable_negative
shanghai2022,wb1-P19,10,0,10,0,-0.0013575113482790996,-0.0014087711857084532,stable_negative
zhuang2018,ADurb.Bin063-1,10,1,9,0,-0.00021000697093648783,-0.0001932280694749319,stable_negative
zhuang2018,Achromobacter,10,10,0,0,0.001073306905999215,0.0024334414098711407,stable_positive
zhuang2018,Acidaminococcus,10,1,9,0,-0.003276720842319271,-0.004679245116871745,stable_negative
zhuang2018,Acidibacter,10,1,9,0,-0.00021000697093648783,-0.0001932280694749319,stable_negative
zhuang2018,Acinetobacter,10,5,5,0,0.00010524661792359012,0.0005454051064487338,unstable
zhuang2018,Actinocorallia,10,1,9,0,-0.00021000697093648783,-0.0001932280694749319,stable_negative
zhuang2018,Actinomyces,10,1,9,0,-0.0020017278552256976,-0.0061160738696905866,stable_negative
zhuang2018,Adhaeribacter,10,1,9,0,-0.00021000697093648783,-0.0001932280694749319,stable_negative
zhuang2018,Adlercreutzia,10,3,7,0,-0.0022786280630890197,-0.0035951541386477063,unstable
zhuang2018,Aeromicrobium,10,1,9,0,-0.00021000697093648783,-0.0001932280694749319,stable_negative
zhuang2018,Aeromonas,10,10,0,0,0.001533108014657213,0.0031594544291649205,stable_positive
zhuang2018,Afipia,10,1,9,0,-0.00021000697093648783,-0.0001932280694749319,stable_negative
zhuang2018,Agathobacter,10,0,10,0,-0.008063820221925347,-0.01740553840870652,stable_negative
zhuang2018,Agromyces,10,1,9,0,-0.00021000697093648783,-0.0001932280694749319,stable_negative
zhuang2018,Ahniella,10,1,9,0,-0.00021000697093648783,-0.0001932280694749319,stable_negative
zhuang2018,Akkermansia,10,10,0,0,0.012354053367084408,0.01863256783449265,stable_positive
zhuang2018,Aliihoeflea,10,1,9,0,-0.00021000697093648783,-0.0001932280694749319,stable_negative
zhuang2018,Alistipes,10,0,10,0,-0.0046496609952207555,-0.009464462544543034,stable_negative
zhuang2018,Alkalicoccus,10,1,9,0,-0.00021000697093648783,-0.0001932280694749319,stable_negative
zhuang2018,Allisonella,10,0,10,0,-0.00758190468990597,-0.013827367184406653,stable_negative
zhuang2018,Alloprevotella,10,10,0,0,0.00390297778427046,0.007169646106328145,stable_positive
zhuang2018,Allorhizobium-Neorhizobium-Pararhizobium-Rhizobium,10,9,1,0,0.0008160093883384969,0.002027456496813928,stable_positive
zhuang2018,Altererythrobacter,10,1,9,0,-0.00021000697093648783,-0.0001932280694749319,stable_negative
zhuang2018,Ammoniphilus,10,1,9,0,-0.00021000697093648783,-0.0001932280694749319,stable_negative
zhuang2018,Anaerobacillus,10,1,9,0,-0.00021000697093648783,-0.0001932280694749319,stable_negative
zhuang2018,Anaerococcus,10,10,0,0,0.0015579304087046933,0.0021543377166971843,stable_positive
zhuang2018,Anaerofilum,10,10,0,0,0.0022027506583483913,0.00276219712403956,stable_positive
zhuang2018,Anaerofustis,10,10,0,0,0.004238695675539762,0.0051763907515508575,stable_positive
zhuang2018,Anaerostipes,10,0,10,0,-0.006934981119884604,-0.010511000310229765,stable_negative
zhuang2018,Anaerotruncus,10,10,0,0,0.006821819589364468,0.015176831554730829,stable_positive
zhuang2018,Angelakisella,10,1,9,0,-0.00021000697093648783,-0.0001932280694749319,stable_negative
zhuang2018,Aquabacterium,10,1,9,0,-0.00021000697093648783,-0.0001932280694749319,stable_negative
zhuang2018,Aquicella,10,1,9,0,-0.00021000697093648783,-0.0001932280694749319,stable_negative
zhuang2018,Archangium,10,1,9,0,-0.00021000697093648783,-0.0001932280694749319,stable_negative
zhuang2018,Arenimonas,10,10,0,0,0.0015926154735777362,0.0033355585786974534,stable_positive
zhuang2018,Aridibacter,10,1,9,0,-0.00021000697093648783,-0.0001932280694749319,stable_negative
zhuang2018,Asteroleplasma,10,1,9,0,-0.00021000697093648783,-0.0001932280694749319,stable_negative
zhuang2018,Atopobium,10,8,2,0,0.0020114836625496567,0.0039267314836189966,stable_positive
zhuang2018,Azoarcus,10,1,9,0,-0.00021000697093648783,-0.0001932280694749319,stable_negative
zhuang2018,BD1-7 clade,10,1,9,0,-0.00021000697093648783,-0.0001932280694749319,stable_negative
zhuang2018,BIyi10,10,1,9,0,-0.00021000697093648783,-0.0001932280694749319,stable_negative
zhuang2018,Bacillus,10,10,0,0,0.003773919189226801,0.009808997616761943,stable_positive
zhuang2018,Bacteroides,10,0,10,0,-0.010630563081903266,-0.011581115864451444,stable_negative
zhuang2018,Barnesiella,10,3,7,0,-0.0017673700031418074,-0.006006125887809627,unstable
zhuang2018,Bauldia,10,1,9,0,-0.00021000697093648783,-0.0001932280694749319,stable_negative
zhuang2018,Bdellovibrio,10,1,9,0,-0.00021000697093648783,-0.0001932280694749319,stable_negative
zhuang2018,Bifidobacterium,10,10,0,0,0.012020624523401803,0.023520008427485768,stable_positive
zhuang2018,Bilophila,10,0,10,0,-0.007312747974901273,-0.00932746102936665,stable_negative
zhuang2018,Blastococcus,10,1,9,0,-0.00021000697093648783,-0.0001932280694749319,stable_negative
zhuang2018,Blautia,10,0,10,0,-0.0057334303465365125,-0.009288058264665874,stable_negative
zhuang2018,Bradyrhizobium,10,1,9,0,-0.00021000697093648783,-0.0001932280694749319,stable_negative
zhuang2018,Brevundimonas,10,8,2,0,0.0001754759337357494,0.0010972036483682553,stable_positive
zhuang2018,Bryobacter,10,1,9,0,-0.00021000697093648783,-0.0001932280694749319,stable_negative
zhuang2018,Burkholderia-Caballeronia-Paraburkholderia,10,1,9,0,-0.00021000697093648783,-0.0001932280694749319,stable_negative
zhuang2018,Butyricicoccus,10,3,7,0,-0.0008250895844397341,-0.003631694885143417,unstable
zhuang2018,Butyricimonas,10,2,8,0,-0.003018317554887669,-0.007157255909540529,stable_negative
zhuang2018,CAG-352,10,10,0,0,0.00324218766868442,0.007744929681767836,stable_positive
zhuang2018,CAG-56,10,8,2,0,0.005049789467957028,0.0024921890060389364,stable_positive
zhuang2018,CAG-873,10,1,9,0,-0.00021000697093648783,-0.0001932280694749319,stable_negative
zhuang2018,CHKCI002,10,10,0,0,0.002564441636540127,0.0047426352603868165,stable_positive
zhuang2018,CL500-29 marine group,10,1,9,0,-0.00021000697093648783,-0.0001932280694749319,stable_negative
zhuang2018,Caenimonas,10,1,9,0,-0.00021000697093648783,-0.0001932280694749319,stable_negative
zhuang2018,Campylobacter,10,1,9,0,-0.00021000697093648783,-0.0001932280694749319,stable_negative
zhuang2018,Candidatus Entotheonella,10,1,9,0,-0.00021000697093648783,-0.0001932280694749319,stable_negative
zhuang2018,Candidatus Nitrocosmicus,10,1,9,0,-0.00021000697093648783,-0.0001932280694749319,stable_negative
zhuang2018,Candidatus Nitrososphaera,10,1,9,0,-0.00021000697093648783,-0.0001932280694749319,stable_negative
zhuang2018,Candidatus Soleaferrea,10,1,9,0,-0.001207040202961009,-0.0023420784306017405,stable_negative
zhuang2018,Candidatus Solibacter,10,1,9,0,-0.00021000697093648783,-0.0001932280694749319,stable_negative
zhuang2018,Candidatus Udaeobacter,10,1,9,0,-0.00021000697093648783,-0.0001932280694749319,stable_negative
zhuang2018,Castellaniella,10,1,9,0,-0.00021000697093648783,-0.0001932280694749319,stable_negative
zhuang2018,Catabacter,10,10,0,0,0.003358614261653098,0.0058776681088838255,stable_positive
zhuang2018,Catenibacillus,10,2,8,0,-0.001278323017690178,-0.006174554385443105,stable_negative
zhuang2018,Catenibacterium,10,10,0,0,0.00779548436244532,0.01118304495144817,stable_positive
zhuang2018,Catenisphaera,10,1,9,0,-0.00021000697093648783,-0.0001932280694749319,stable_negative
zhuang2018,Caulobacter,10,1,9,0,-0.00021000697093648783,-0.0001932280694749319,stable_negative
zhuang2018,Cellvibrio,10,1,9,0,-0.00021000697093648783,-0.0001932280694749319,stable_negative
zhuang2018,Chelativorans,10,1,9,0,-0.00021000697093648783,-0.0001932280694749319,stable_negative
zhuang2018,Chitinophaga,10,1,9,0,-0.00021000697093648783,-0.0001932280694749319,stable_negative
zhuang2018,Christensenella,10,10,0,0,0.005540851278053998,0.00998941183586524,stable_positive
zhuang2018,Christensenellaceae R-7 group,10,10,0,0,0.0167299437887139,0.022460579714825353,stable_positive
zhuang2018,Chryseobacterium,10,0,10,0,-0.0010730918671770524,-0.0012921647026891236,stable_negative
zhuang2018,Chryseolinea,10,1,9,0,-0.00021000697093648783,-0.0001932280694749319,stable_negative
zhuang2018,Chthoniobacter,10,1,9,0,-0.00021000697093648783,-0.0001932280694749319,stable_negative
zhuang2018,Citricoccus,10,1,9,0,-0.00021000697093648783,-0.0001932280694749319,stable_negative
zhuang2018,Citrifermentans,10,1,9,0,-0.00021000697093648783,-0.0001932280694749319,stable_negative
zhuang2018,Citrobacter,10,8,2,0,0.0017616923091901139,0.0046875666135102936,stable_positive
zhuang2018,Cloacibacillus,10,3,7,0,-0.0016155802720826762,-0.006348405220108276,unstable
zhuang2018,Clostridium sensu stricto 1,10,2,8,0,-0.0029979381347405966,-0.00420221891156,stable_negative
zhuang2018,Colidextribacter,10,10,0,0,0.010641883965507677,0.023565742938030525,stable_positive
zhuang2018,Collinsella,10,9,1,0,0.004840807065952769,0.006390978997830983,stable_positive
zhuang2018,Comamonas,10,1,9,0,-0.00021000697093648783,-0.0001932280694749319,stable_negative
zhuang2018,Coprobacillus,10,10,0,0,0.005101288334996936,0.011197817362002135,stable_positive
zhuang2018,Coprobacter,10,5,5,0,-0.0008638929912259454,-0.004326571264588033,unstable
zhuang2018,Coprococcus,10,10,0,0,0.015984955519978944,0.0320139251063535,stable_positive
zhuang2018,Coriobacteriaceae UCG-003,10,1,9,0,-0.00021000697093648783,-0.0001932280694749319,stable_negative
zhuang2018,Corynebacterium,10,10,0,0,0.007424360503967187,0.016112597713942557,stable_positive
zhuang2018,Cupriavidus,10,1,9,0,-0.00021000697093648783,-0.0001932280694749319,stable_negative
zhuang2018,Curvibacter,10,10,0,0,0.0005829323025687229,0.0014464618467157067,stable_positive
zhuang2018,Cutibacterium,10,9,1,0,0.00038335885365881615,0.0013412428301265698,stable_positive
zhuang2018,DTU089,10,2,8,0,-0.0022246887133038854,-0.008793785093951671,stable_negative
zhuang2018,Dactylosporangium,10,1,9,0,-0.00021000697093648783,-0.0001932280694749319,stable_negative
zhuang2018,Defluviitaleaceae UCG-011,10,9,1,0,0.0019765864975383454,0.004390180461923447,stable_positive
zhuang2018,Desulfovibrio,10,10,0,0,0.008484920973635459,0.010161516391521882,stable_positive
zhuang2018,Dethiobacter,10,1,9,0,-0.00021000697093648783,-0.0001932280694749319,stable_negative
zhuang2018,Dialister,10,4,6,0,-0.002658427876506094,-0.006686939189648887,unstable
zhuang2018,Diaphorobacter,10,1,9,0,-0.00021000697093648783,-0.0001932280694749319,stable_negative
zhuang2018,Dielma,10,8,2,0,0.000853096709693148,0.0017409468089604415,stable_positive
zhuang2018,Dinghuibacter,10,1,9,0,-0.00021000697093648783,-0.0001932280694749319,stable_negative
zhuang2018,Dokdonella,10,1,9,0,-0.00021000697093648783,-0.0001932280694749319,stable_negative
zhuang2018,Dongia,10,1,9,0,-0.00021000697093648783,-0.0001932280694749319,stable_negative
zhuang2018,Dorea,10,5,5,0,-0.0001118155534088487,-0.004437837723049482,unstable
zhuang2018,Edaphobaculum,10,1,9,0,-0.00021000697093648783,-0.0001932280694749319,stable_negative
zhuang2018,Eggerthella,10,2,8,0,-0.002868898609008694,-0.004871084682347536,stable_negative
zhuang2018,Eisenbergiella,10,10,0,0,0.01947076945589597,0.03949693030567448,stable_positive
zhuang2018,Ellin6055,10,1,9,0,-0.00021000697093648783,-0.0001932280694749319,stable_negative
zhuang2018,Ellin6067,10,1,9,0,-0.00021000697093648783,-0.0001932280694749319,stable_negative
zhuang2018,Elusimicrobium,10,1,9,0,-0.00021000697093648783,-0.0001932280694749319,stable_negative
zhuang2018,Enhydrobacter,10,9,1,0,0.0005559878523458051,0.002059823369138964,stable_positive
zhuang2018,Enterobacter,10,1,9,0,-0.007341047990680916,-0.012402550815994857,stable_negative
zhuang2018,Enterococcus,10,10,0,0,0.0078049622683539896,0.016172555215702263,stable_positive
zhuang2018,Enterorhabdus,10,9,1,0,0.0012869819509482396,0.002799433268474903,stable_positive
zhuang2018,Enteroscipio,10,1,9,0,-0.00021000697093648783,-0.0001932280694749319,stable_negative
zhuang2018,Erysipelatoclostridium,10,0,10,0,-0.010507302061906473,-0.015700739678515443,stable_negative
zhuang2018,Erysipelotrichaceae UCG-003,10,9,1,0,0.0033945492694915837,0.00410050948943475,stable_positive
zhuang2018,Erysipelotrichaceae UCG-006,10,0,10,0,-0.0006671312096488264,-0.0010827988366044626,stable_negative
zhuang2018,Escherichia-Shigella,10,5,5,0,-0.0006231134502530332,0.007894429216204361,unstable
zhuang2018,Eubacterium,10,9,1,0,0.003946863179929268,0.002886534490371695,stable_positive
zhuang2018,Eubacterium brachy group,10,1,9,0,-0.0019526674199932684,-0.008160687514362363,stable_negative
zhuang2018,Eubacterium eligens group,10,10,0,0,0.004874452639714097,0.004676825605467477,stable_positive
zhuang2018,Eubacterium hallii group,10,5,5,0,-0.0009011574451252518,-0.0008502574271647891,unstable
zhuang2018,Eubacterium oxidoreducens group,10,1,9,0,-0.00021000697093648783,-0.0001932280694749319,stable_negative
zhuang2018,Eubacterium ventriosum group,10,7,3,0,0.0017895703669589128,-0.0008918694949143737,unstable
zhuang2018,Ezakiella,10,9,1,0,0.0009617905681455943,0.001268795755739153,stable_positive
zhuang2018,Faecalibacterium,10,10,0,0,0.0039534895348196705,0.010017802742158372,stable_positive
zhuang2018,Faecalibaculum,10,1,9,0,-0.00021000697093648783,-0.0001932280694749319,stable_negative
zhuang2018,Faecalitalea,10,5,5,0,0.000706943859328852,0.0010551520618720482,unstable
zhuang2018,Family XIII AD3011 group,10,10,0,0,0.008691835988991158,0.014263340618926802,stable_positive
zhuang2018,Family XIII UCG-001,10,0,10,0,-0.009575941239965224,-0.022346770779000193,stable_negative
zhuang2018,Fenollaria,10,10,0,0,0.003362012914270348,0.007241584830457443,stable_positive
zhuang2018,Ferruginibacter,10,1,9,0,-0.00021000697093648783,-0.0001932280694749319,stable_negative
zhuang2018,Finegoldia,10,10,0,0,0.002024161499824599,0.003359655153325196,stable_positive
zhuang2018,Flavisolibacter,10,1,9,0,-0.00021000697093648783,-0.0001932280694749319,stable_negative
zhuang2018,Flavitalea,10,1,9,0,-0.00021000697093648783,-0.0001932280694749319,stable_negative
zhuang2018,Flavobacterium,10,9,1,0,0.0004938806942969924,0.0009934954207404228,stable_positive
zhuang2018,Flavonifractor,10,1,9,0,-0.004304043633520679,-0.003493204148551525,stable_negative
zhuang2018,Fluviicola,10,1,9,0,-0.00021000697093648783,-0.0001932280694749319,stable_negative
zhuang2018,Fournierella,10,0,10,0,-0.004269654587283322,-0.008542120372095615,stable_negative
zhuang2018,Frisingicoccus,10,10,0,0,0.0018381289589346605,0.0015915534068198182,stable_positive
zhuang2018,Fusicatenibacter,10,10,0,0,0.008386974135617644,0.017299792759065957,stable_positive
zhuang2018,Fusobacterium,10,0,10,0,-0.012935975591336451,-0.023346906917661565,stable_negative
zhuang2018,GCA-900066575,10,1,9,0,-0.002842589513502001,-0.006998086128012076,stable_negative
zhuang2018,GCA-900066755,10,10,0,0,0.0025450748834644488,0.00559043988226674,stable_positive
zhuang2018,Gaiella,10,1,9,0,-0.00021000697093648783,-0.0001932280694749319,stable_negative
zhuang2018,Gemella,10,0,10,0,-0.007349324219447994,-0.012295501623118963,stable_negative
zhuang2018,Gemmatimonas,10,1,9,0,-0.00021000697093648783,-0.0001932280694749319,stable_negative
zhuang2018,Gordonibacter,10,10,0,0,0.005380664782188917,0.00904769146572568,stable_positive
zhuang2018,Granulicatella,10,0,10,0,-0.0027918679036019337,-0.00430882944803983,stable_negative
zhuang2018,HT002,10,7,3,0,0.001641032596833917,0.00572244762276928,unstable
zhuang2018,Haemophilus,10,1,9,0,-0.0011101102170165428,-0.0010854380636321629,stable_negative
zhuang2018,Haliangium,10,1,9,0,-0.00021000697093648783,-0.0001932280694749319,stable_negative
zhuang2018,Halomonas,10,1,9,0,-0.00021000697093648783,-0.0001932280694749319,stable_negative
zhuang2018,Harryflintia,10,9,1,0,0.000495321315368818,0.002106524299140921,stable_positive
zhuang2018,Hassallia,10,1,9,0,-0.00021000697093648783,-0.0001932280694749319,stable_negative
zhuang2018,Helicobacter,10,9,1,0,0.00022556243891114062,0.0007074698691845116,stable_positive
zhuang2018,Hirschia,10,1,9,0,-0.00021000697093648783,-0.0001932280694749319,stable_negative
zhuang2018,Holdemanella,10,9,1,0,0.00628985148769708,0.00517228519988513,stable_positive
zhuang2018,Holdemania,10,10,0,0,0.001544656128421917,0.003319593322129874,stable_positive
zhuang2018,Howardella,10,10,0,0,0.003462446017310615,0.008392943141462841,stable_positive
zhuang2018,Hungatella,10,4,6,0,-0.0006383372177086722,0.002926791825811463,unstable
zhuang2018,Hyphomicrobium,10,1,9,0,-0.00021000697093648783,-0.0001932280694749319,stable_negative
zhuang2018,IS-44,10,1,9,0,-0.00021000697093648783,-0.0001932280694749319,stable_negative
zhuang2018,Iamia,10,1,9,0,-0.00021000697093648783,-0.0001932280694749319,stable_negative
zhuang2018,Ilumatobacter,10,1,9,0,-0.00021000697093648783,-0.0001932280694749319,stable_negative
zhuang2018,Incertae Sedis,10,5,5,0,8.726906818539153e-05,-0.0010879953359825931,unstable
zhuang2018,Intestinibacter,10,1,9,0,-0.0023186969925766236,-0.006688039365617353,stable_negative
zhuang2018,Intestinimonas,10,3,7,0,-0.0009295232773001712,-0.0016768222100069896,unstable
zhuang2018,JGI 0001001-H03,10,1,9,0,-0.00021000697093648783,-0.0001932280694749319,stable_negative
zhuang2018,Klebsiella,10,9,1,0,0.004993754920750599,0.012311737008047274,stable_positive
zhuang2018,Kribbella,10,1,9,0,-0.00021000697093648783,-0.0001932280694749319,stable_negative
zhuang2018,Lachnoclostridium,10,0,10,0,-0.02222091523234805,-0.03338191278020612,stable_negative
zhuang2018,Lachnospira,10,0,10,0,-0.010823456742060002,-0.018617352903127524,stable_negative
zhuang2018,Lachnospiraceae FCS020 group,10,10,0,0,0.007699243164721401,0.012639998763672408,stable_positive
zhuang2018,Lachnospiraceae NC2004 group,10,0,10,0,-0.0003021996563017322,-0.0007223541400245003,stable_negative
zhuang2018,Lachnospiraceae ND3007 group,10,0,10,0,-0.011619828089846964,-0.024725346056208772,stable_negative
zhuang2018,Lachnospiraceae NK3A20 group,10,1,9,0,-0.00021000697093648783,-0.0001932280694749319,stable_negative
zhuang2018,Lachnospiraceae NK4A136 group,10,10,0,0,0.007635079531742283,0.01084079350541963,stable_positive
zhuang2018,Lachnospiraceae UCG-001,10,10,0,0,0.0069994784799287,0.010904263690061441,stable_positive
zhuang2018,Lachnospiraceae UCG-003,10,9,1,0,0.001403861551607212,0.004213408044824113,stable_positive
zhuang2018,Lachnospiraceae UCG-004,10,0,10,0,-0.007845912974466143,-0.011748409950186764,stable_negative
zhuang2018,Lachnospiraceae UCG-006,10,1,9,0,-0.00021000697093648783,-0.0001932280694749319,stable_negative
zhuang2018,Lachnospiraceae UCG-010,10,0,10,0,-0.011939998346347586,-0.02457879141374773,stable_negative
zhuang2018,Lacibacter,10,1,9,0,-0.00021000697093648783,-0.0001932280694749319,stable_negative
zhuang2018,Lacticaseibacillus,10,9,1,0,0.004247242442527709,0.013865933919228385,stable_positive
zhuang2018,Lactiplantibacillus,10,0,10,0,-0.004710395200439087,-0.0138545317489893,stable_negative
zhuang2018,Lactobacillus,10,0,10,0,-0.005621487258244628,-0.007606010760497499,stable_negative
zhuang2018,Lactococcus,10,3,7,0,-0.00169639316440881,-0.002633787940968443,unstable
zhuang2018,Lactonifactor,10,1,9,0,-0.0018014823432751619,-0.0035831877121932413,stable_negative
zhuang2018,Lacunisphaera,10,1,9,0,-0.00021000697093648783,-0.0001932280694749319,stable_negative
zhuang2018,Latilactobacillus,10,10,0,0,0.0013782693398606345,0.004477561439235319,stable_positive
zhuang2018,Lechevalieria,10,1,9,0,-0.00021000697093648783,-0.0001932280694749319,stable_negative
zhuang2018,Legionella,10,1,9,0,-0.00021000697093648783,-0.0001932280694749319,stable_negative
zhuang2018,Leucobacter,10,1,9,0,-0.00021000697093648783,-0.0001932280694749319,stable_negative
zhuang2018,Leuconostoc,10,10,0,0,0.005013933680324715,0.010382845434457853,stable_positive
zhuang2018,Levilactobacillus,10,1,9,0,-0.00021000697093648783,-0.0001932280694749319,stable_negative
zhuang2018,Libanicoccus,10,1,9,0,-0.00021000697093648783,-0.0001932280694749319,stable_negative
zhuang2018,Ligilactobacillus,10,10,0,0,0.008093008373776002,0.018853953215612878,stable_positive
zhuang2018,Limosilactobacillus,10,5,5,0,6.375405160113561e-05,-0.003039949733714513,unstable
zhuang2018,Longimicrobium,10,1,9,0,-0.00021000697093648783,-0.0001932280694749319,stable_negative
zhuang2018,Luedemannella,10,1,9,0,-0.00021000697093648783,-0.0001932280694749319,stable_negative
zhuang2018,Luteolibacter,10,1,9,0,-0.00021000697093648783,-0.0001932280694749319,stable_negative
zhuang2018,Lysinibacillus,10,1,9,0,-0.00021000697093648783,-0.0001932280694749319,stable_negative
zhuang2018,Lysobacter,10,7,3,0,0.0007603598724998562,0.0009392565341279835,unstable
zhuang2018,MND1,10,1,9,0,-0.00021000697093648783,-0.0001932280694749319,stable_negative
zhuang2018,Marmoricola,10,1,9,0,-0.00021000697093648783,-0.0001932280694749319,stable_negative
zhuang2018,Marvinbryantia,10,1,9,0,-0.001527222843559062,-0.00654092119041368,stable_negative
zhuang2018,Massilia,10,0,10,0,-0.003198776484050689,-0.008885790721073776,stable_negative
zhuang2018,Megamonas,10,3,7,0,-0.005417684730903616,-0.006847329907643198,unstable
zhuang2018,Megasphaera,10,0,10,0,-0.012672497362981,-0.018021839110020015,stable_negative
zhuang2018,Merdibacter,10,9,1,0,0.0004828087482763626,0.00102445879589057,stable_positive
zhuang2018,Mesorhizobium,10,1,9,0,-0.00021000697093648783,-0.0001932280694749319,stable_negative
zhuang2018,Methanobrevibacter,10,0,10,0,-0.0010634555045218868,-0.004141146715809821,stable_negative
zhuang2018,Methylobacterium-Methylorubrum,10,1,9,0,-0.0015737830765237334,-0.003693925705986683,stable_negative
zhuang2018,Methyloceanibacter,10,1,9,0,-0.00021000697093648783,-0.0001932280694749319,stable_negative
zhuang2018,Methylotenera,10,1,9,0,-0.00021000697093648783,-0.0001932280694749319,stable_negative
zhuang2018,Methyloversatilis,10,1,9,0,-0.00021000697093648783,-0.0001932280694749319,stable_negative
zhuang2018,Microbacterium,10,9,1,0,0.000882109222339102,0.0023718086162654493,stable_positive
zhuang2018,Microlunatus,10,1,9,0,-0.00021000697093648783,-0.0001932280694749319,stable_negative
zhuang2018,Microvirga,10,1,9,0,-0.00021000697093648783,-0.0001932280694749319,stable_negative
zhuang2018,Mitsuokella,10,9,1,0,0.0010682694392809716,0.003685077928710091,stable_positive
zhuang2018,Mogibacterium,10,1,9,0,-0.002254788035425735,-0.0033747680519377833,stable_negative
zhuang2018,Monoglobus,10,8,2,0,0.0026182431520996256,0.002901137364655612,stable_positive
zhuang2018,Muribaculum,10,1,9,0,-0.00021000697093648783,-0.0001932280694749319,stable_negative
zhuang2018,Mycobacterium,10,6,4,0,0.0005089770662100442,-2.1850951725990784e-06,unstable
zhuang2018,NK4A214 group,10,10,0,0,0.01240123043567996,0.020851215153976484,stable_positive
zhuang2018,Nannocystis,10,1,9,0,-0.00021000697093648783,-0.0001932280694749319,stable_negative
zhuang2018,Negativibacillus,10,1,9,0,-0.0027851563895043264,-0.004343719656853662,stable_negative
zhuang2018,Nesterenkonia,10,1,9,0,-0.00021000697093648783,-0.0001932280694749319,stable_negative
zhuang2018,Niastella,10,1,9,0,-0.00021000697093648783,-0.0001932280694749319,stable_negative
zhuang2018,Nitrolancea,10,1,9,0,-0.00021000697093648783,-0.0001932280694749319,stable_negative
zhuang2018,Nitrosococcus,10,1,9,0,-0.00021000697093648783,-0.0001932280694749319,stable_negative
zhuang2018,Nitrosospira,10,1,9,0,-0.00021000697093648783,-0.0001932280694749319,stable_negative
zhuang2018,Nitrospira,10,9,1,0,0.0009649243428034962,0.0018496402396369293,stable_positive
zhuang2018,Nocardioides,10,10,0,0,0.0016428325493719736,0.003463577332330748,stable_positive
zhuang2018,Nonomuraea,10,1,9,0,-0.00021000697093648783,-0.0001932280694749319,stable_negative
zhuang2018,Nordella,10,1,9,0,-0.00021000697093648783,-0.0001932280694749319,stable_negative
zhuang2018,Novosphingobium,10,10,0,0,0.0004959023046267844,0.0012664957196746344,stable_positive
zhuang2018,OLB17,10,1,9,0,-0.00021000697093648783,-0.0001932280694749319,stable_negative
zhuang2018,OM27 clade,10,1,9,0,-0.00021000697093648783,-0.0001932280694749319,stable_negative
zhuang2018,Oceanicaulis,10,1,9,0,-0.00021000697093648783,-0.0001932280694749319,stable_negative
zhuang2018,Odoribacter,10,0,10,0,-0.005436963564965045,-0.013976066798186151,stable_negative
zhuang2018,Ohtaekwangia,10,1,9,0,-0.00021000697093648783,-0.0001932280694749319,stable_negative
zhuang2018,Olsenella,10,10,0,0,0.0037625589300217767,0.007513352622427636,stable_positive
zhuang2018,Opitutus,10,1,9,0,-0.00021000697093648783,-0.0001932280694749319,stable_negative
zhuang2018,Oribacterium,10,4,6,0,-0.00036751651783620254,0.0013579539098871394,unstable
zhuang2018,Oscillibacter,10,0,10,0,-0.009888135109460797,-0.023679032836646654,stable_negative
zhuang2018,Oscillospira,10,1,9,0,-0.003219915906074995,-0.0028500932196132444,stable_negative
zhuang2018,Oxalobacter,10,10,0,0,0.006526471059994564,0.015229960577591541,stable_positive
zhuang2018,P3OB-42,10,1,9,0,-0.00021000697093648783,-0.0001932280694749319,stable_negative
zhuang2018,Paenibacillus,10,1,9,0,-0.00021000697093648783,-0.0001932280694749319,stable_negative
zhuang2018,Paeniclostridium,10,0,10,0,-0.002395141837016399,-0.005727101605184507,stable_negative
zhuang2018,Paenisporosarcina,10,9,1,0,0.0006172279519376994,0.0012176850810596193,stable_positive
zhuang2018,Pajaroellobacter,10,1,9,0,-0.00021000697093648783,-0.0001932280694749319,stable_negative
zhuang2018,Paludicola,10,6,4,0,0.0015364965576552614,-0.0010315938559639936,unstable
zhuang2018,Pannonibacter,10,1,9,0,-0.00021000697093648783,-0.0001932280694749319,stable_negative
zhuang2018,Papillibacter,10,2,8,0,-0.0006664584833111699,-0.0013272414131376951,stable_negative
zhuang2018,Parabacteroides,10,0,10,0,-0.011941925739157987,-0.018769394842486103,stable_negative
zhuang2018,Paracoccus,10,7,3,0,0.0004932909835334792,0.0002605912488923229,unstable
zhuang2018,Paraprevotella,10,9,1,0,0.0024876379936850115,0.005483279409516001,stable_positive
zhuang2018,Parapusillimonas,10,1,9,0,-0.00021000697093648783,-0.0001932280694749319,stable_negative
zhuang2018,Parasutterella,10,0,10,0,-0.012239280650679293,-0.024753620847152012,stable_negative
zhuang2018,Parvimonas,10,6,4,0,0.00011218638501125438,-0.0011998900481533753,unstable
zhuang2018,Pedobacter,10,10,0,0,0.0014158688863982372,0.0026423562681742187,stable_positive
zhuang2018,Pedomicrobium,10,1,9,0,-0.00021000697093648783,-0.0001932280694749319,stable_negative
zhuang2018,Pelagibacterium,10,1,9,0,-0.00021000697093648783,-0.0001932280694749319,stable_negative
zhuang2018,Peptococcus,10,0,10,0,-0.004840457123461319,-0.017334717164629525,stable_negative
zhuang2018,Peptoniphilus,10,9,1,0,0.0028432662889871767,0.003102550592815059,stable_positive
zhuang2018,Peptostreptococcus,10,9,1,0,0.0014556152652996208,0.002665998439263727,stable_positive
zhuang2018,Peredibacter,10,1,9,0,-0.00021000697093648783,-0.0001932280694749319,stable_negative
zhuang2018,Phascolarctobacterium,10,0,10,0,-0.009960193986779957,-0.014833857534340933,stable_negative
zhuang2018,Phaselicystis,10,1,9,0,-0.00021000697093648783,-0.0001932280694749319,stable_negative
zhuang2018,Phenylobacterium,10,1,9,0,-0.00021000697093648783,-0.0001932280694749319,stable_negative
zhuang2018,Phocea,10,8,2,0,0.00040565270560733254,0.003647599168897942,stable_positive
zhuang2018,Polaromonas,10,1,9,0,-0.00021000697093648783,-0.0001932280694749319,stable_negative
zhuang2018,Polyangium,10,1,9,0,-0.00021000697093648783,-0.0001932280694749319,stable_negative
zhuang2018,Polycyclovorans,10,1,9,0,-0.00021000697093648783,-0.0001932280694749319,stable_negative
zhuang2018,Pontibacter,10,1,9,0,-0.00021000697093648783,-0.0001932280694749319,stable_negative
zhuang2018,Porphyromonas,10,9,1,0,0.0009617905681455943,0.001268795755739153,stable_positive
zhuang2018,Prevotella,10,10,0,0,0.007610741139070281,0.01228295073057049,stable_positive
zhuang2018,Prevotella_7,10,1,9,0,-0.00021000697093648783,-0.0001932280694749319,stable_negative
zhuang2018,Prevotella_9,10,10,0,0,0.008928859604277029,0.016861509392993503,stable_positive
zhuang2018,Prevotellaceae NK3B31 group,10,9,1,0,0.0017231765158252214,0.003747791658585604,stable_positive
zhuang2018,Prevotellaceae UCG-001,10,10,0,0,0.00044815383313229207,0.0011695568531366295,stable_positive
zhuang2018,Prevotellaceae UCG-003,10,1,9,0,-0.00021000697093648783,-0.0001932280694749319,stable_negative
zhuang2018,Pseudenhygromyxa,10,1,9,0,-0.00021000697093648783,-0.0001932280694749319,stable_negative
zhuang2018,Pseudoduganella,10,1,9,0,-0.00021000697093648783,-0.0001932280694749319,stable_negative
zhuang2018,Pseudoflavonifractor,10,1,9,0,-0.00021000697093648783,-0.0001932280694749319,stable_negative
zhuang2018,Pseudolabrys,10,1,9,0,-0.00021000697093648783,-0.0001932280694749319,stable_negative
zhuang2018,Pseudomonas,10,9,1,0,0.0031066760388116527,0.005107274819272497,stable_positive
zhuang2018,Pseudonocardia,10,1,9,0,-0.00021000697093648783,-0.0001932280694749319,stable_negative
zhuang2018,Pseudorhodoplanes,10,1,9,0,-0.00021000697093648783,-0.0001932280694749319,stable_negative
zhuang2018,Pseudoxanthomonas,10,1,9,0,-0.00021000697093648783,-0.0001932280694749319,stable_negative
zhuang2018,Psychrobacillus,10,1,9,0,-0.00021000697093648783,-0.0001932280694749319,stable_negative
zhuang2018,Psychrobacter,10,9,1,0,0.0008249244835046193,0.0017685482544548836,stable_positive
zhuang2018,Puia,10,1,9,0,-0.00021000697093648783,-0.0001932280694749319,stable_negative
zhuang2018,Pyramidobacter,10,9,1,0,0.004429647392473967,0.0042542126601817585,stable_positive
zhuang2018,RB41,10,1,9,0,-0.00021000697093648783,-0.0001932280694749319,stable_negative
zhuang2018,Ralstonia,10,1,9,0,-0.00021000697093648783,-0.0001932280694749319,stable_negative
zhuang2018,Ramlibacter,10,1,9,0,-0.00021000697093648783,-0.0001932280694749319,stable_negative
zhuang2018,Raoultibacter,10,5,5,0,6.844319582295983e-05,-0.004817985821081967,unstable
zhuang2018,Reyranella,10,1,9,0,-0.00021000697093648783,-0.0001932280694749319,stable_negative
zhuang2018,Rhizobacter,10,10,0,0,0.0007150404516911397,0.0017178279916252755,stable_positive
zhuang2018,Rhizocola,10,1,9,0,-0.00021000697093648783,-0.0001932280694749319,stable_negative
zhuang2018,Rhodococcus,10,6,4,0,0.0012855587948388072,0.003509453111381456,unstable
zhuang2018,Rhodomicrobium,10,1,9,0,-0.00021000697093648783,-0.0001932280694749319,stable_negative
zhuang2018,Rhodoplanes,10,1,9,0,-0.00021000697093648783,-0.0001932280694749319,stable_negative
zhuang2018,Rikenellaceae RC9 gut group,10,9,1,0,0.0005146052352981096,0.0007168072880336281,stable_positive
zhuang2018,Romboutsia,10,0,10,0,-0.01069606789877179,-0.01926992421754462,stable_negative
zhuang2018,Roseburia,10,10,0,0,0.0084213971824469,0.017353706616265886,stable_positive
zhuang2018,Rothia,10,5,5,0,-0.0005511816325625921,-0.0026783710990522748,unstable
zhuang2018,Rubrobacter,10,1,9,0,-0.00021000697093648783,-0.0001932280694749319,stable_negative
zhuang2018,Ruminococcus,10,6,4,0,0.0006759381495406384,-0.0016301262703675768,unstable
zhuang2018,Ruminococcus gnavus group,10,0,10,0,-0.023322231908803455,-0.03201286635754136,stable_negative
zhuang2018,Ruminococcus torques group,10,0,10,0,-0.005043171202263875,-0.010812273375852924,stable_negative
zhuang2018,SWB02,10,1,9,0,-0.00021000697093648783,-0.0001932280694749319,stable_negative
zhuang2018,Salipaludibacillus,10,1,9,0,-0.00021000697093648783,-0.0001932280694749319,stable_negative
zhuang2018,Salmonella,10,1,9,0,-0.00021000697093648783,-0.0001932280694749319,stable_negative
zhuang2018,Sandaracinus,10,1,9,0,-0.00021000697093648783,-0.0001932280694749319,stable_negative
zhuang2018,Sanguibacteroides,10,6,4,0,6.075699604830178e-05,0.00013324635612004207,unstable
zhuang2018,Sarcina,10,8,2,0,0.0015169745244088782,0.0012447870812264572,stable_positive
zhuang2018,Sediminibacterium,10,1,9,0,-0.00021000697093648783,-0.0001932280694749319,stable_negative
zhuang2018,Sellimonas,10,10,0,0,0.0070748067159463425,0.009154386550719614,stable_positive
zhuang2018,Senegalimassilia,10,4,6,0,-0.0004073352941212396,0.0006351959929817626,unstable
zhuang2018,Serratia,10,1,9,0,-0.00021000697093648783,-0.0001932280694749319,stable_negative
zhuang2018,Shuttleworthia,10,0,10,0,-0.002175821567263584,-0.004663264704822965,stable_negative
zhuang2018,Skermanella,10,1,9,0,-0.00021000697093648783,-0.0001932280694749319,stable_negative
zhuang2018,Slackia,10,10,0,0,0.006627318192982826,0.013933571423217139,stable_positive
zhuang2018,Sneathia,10,1,9,0,-0.00021000697093648783,-0.0001932280694749319,stable_negative
zhuang2018,Solirubrobacter,10,1,9,0,-0.00021000697093648783,-0.0001932280694749319,stable_negative
zhuang2018,Solitalea,10,1,9,0,-0.00021000697093648783,-0.0001932280694749319,stable_negative
zhuang2018,Solobacterium,10,10,0,0,0.007773962220654171,0.014920638854957122,stable_positive
zhuang2018,Sphingomonas,10,10,0,0,0.0011586271890520932,0.002603863001585874,stable_positive
zhuang2018,Sporosarcina,10,1,9,0,-0.00021000697093648783,-0.0001932280694749319,stable_negative
zhuang2018,Staphylococcus,10,9,1,0,0.0011385233812654526,0.005093125833324547,stable_positive
zhuang2018,Stenotrophobacter,10,1,9,0,-0.00021000697093648783,-0.0001932280694749319,stable_negative
zhuang2018,Stenotrophomonas,10,1,9,0,-0.00021000697093648783,-0.0001932280694749319,stable_negative
zhuang2018,Steroidobacter,10,1,9,0,-0.00021000697093648783,-0.0001932280694749319,stable_negative
zhuang2018,Streptococcus,10,1,9,0,-0.0075909135469635,-0.010835259340624778,stable_negative
zhuang2018,Streptomyces,10,9,1,0,0.0010509643930685783,0.002006022229895359,stable_positive
zhuang2018,Subdoligranulum,10,10,0,0,0.02776959072894259,0.05186278070148596,stable_positive
zhuang2018,Subgroup 10,10,1,9,0,-0.00021000697093648783,-0.0001932280694749319,stable_negative
zhuang2018,Succinivibrio,10,1,9,0,-0.00021000697093648783,-0.0001932280694749319,stable_negative
zhuang2018,Sulfurifustis,10,1,9,0,-0.00021000697093648783,-0.0001932280694749319,stable_negative
zhuang2018,Sumerlaea,10,1,9,0,-0.00021000697093648783,-0.0001932280694749319,stable_negative
zhuang2018,Sutterella,10,10,0,0,0.006130976821479705,0.012954722561536638,stable_positive
zhuang2018,TM7x,10,2,8,0,-0.0018916015121736237,-0.0021740661913405017,stable_negative
zhuang2018,Taibaiella,10,1,9,0,-0.00021000697093648783,-0.0001932280694749319,stable_negative
zhuang2018,Terrimonas,10,1,9,0,-0.00021000697093648783,-0.0001932280694749319,stable_negative
zhuang2018,Terrisporobacter,10,10,0,0,0.004730319442239948,0.0096298558954533,stable_positive
zhuang2018,Thermus,10,3,7,0,-0.0005356009507208096,-0.0013230830097829597,unstable
zhuang2018,Truepera,10,1,9,0,-0.00021000697093648783,-0.0001932280694749319,stable_negative
zhuang2018,Tumebacillus,10,1,9,0,-0.00021000697093648783,-0.0001932280694749319,stable_negative
zhuang2018,Turicibacter,10,10,0,0,0.006161617896183382,0.014340350105683094,stable_positive
zhuang2018,Tuzzerella,10,1,9,0,-0.0022228491518188256,-0.0037818563171769697,stable_negative
zhuang2018,Tyzzerella,10,0,10,0,-0.010511931800757122,-0.016030630883394896,stable_negative
zhuang2018,UBA1819,10,10,0,0,0.0064451617684153,0.013729147279845349,stable_positive
zhuang2018,UC5-1-2E3,10,10,0,0,0.003410123430624374,0.004992606988319797,stable_positive
zhuang2018,UCG-002,10,6,4,0,0.000901211420210817,-0.0006818434983681842,unstable
zhuang2018,UCG-003,10,5,5,0,-0.0005879440704292307,-0.0012230300378291352,unstable
zhuang2018,UCG-004,10,0,10,0,-0.0015454396477310472,-0.004355038486283279,stable_negative
zhuang2018,UCG-005,10,10,0,0,0.00964654869169652,0.012317828791461335,stable_positive
zhuang2018,UCG-007,10,1,9,0,-0.00021000697093648783,-0.0001932280694749319,stable_negative
zhuang2018,UCG-009,10,0,10,0,-0.0044294937589783355,-0.011752495921676775,stable_negative
zhuang2018,UTCFX1,10,1,9,0,-0.00021000697093648783,-0.0001932280694749319,stable_negative
zhuang2018,Undibacterium,10,1,9,0,-0.00021000697093648783,-0.0001932280694749319,stable_negative
zhuang2018,V9D2013 group,10,1,9,0,-0.00021000697093648783,-0.0001932280694749319,stable_negative
zhuang2018,Veillonella,10,1,9,0,-0.006167869432889334,-0.006475525655438354,stable_negative
zhuang2018,Vibrionimonas,10,1,9,0,-0.00021000697093648783,-0.0001932280694749319,stable_negative
zhuang2018,Vicinamibacter,10,1,9,0,-0.00021000697093648783,-0.0001932280694749319,stable_negative
zhuang2018,Victivallis,10,1,9,0,-0.00021000697093648783,-0.0001932280694749319,stable_negative
zhuang2018,Virgisporangium,10,1,9,0,-0.00021000697093648783,-0.0001932280694749319,stable_negative
zhuang2018,Weissella,10,0,10,0,-0.009014270589060056,-0.024553599600974807,stable_negative
zhuang2018,Woeseia,10,1,9,0,-0.00021000697093648783,-0.0001932280694749319,stable_negative
zhuang2018,YC-ZSS-LKJ147,10,1,9,0,-0.00021000697093648783,-0.0001932280694749319,stable_negative
zhuang2018,Z20,10,1,9,0,-0.00021000697093648783,-0.0001932280694749319,stable_negative
zhuang2018,[Bacteroides] pectinophilus group,10,1,9,0,-0.00021000697093648783,-0.0001932280694749319,stable_negative
zhuang2018,[Clostridium] innocuum group,10,3,7,0,-0.0009393707810146726,-0.0005974548892948457,unstable
zhuang2018,[Eubacterium] fissicatena group,10,10,0,0,0.006503894627038588,0.009200791414371762,stable_positive
zhuang2018,[Eubacterium] nodatum group,10,10,0,0,0.003739454589358133,0.007823697953186328,stable_positive
zhuang2018,[Eubacterium] ruminantium group,10,4,6,0,-0.0006913878958720926,-0.0011000302140139336,unstable
zhuang2018,[Eubacterium] siraeum group,10,0,10,0,-0.017949522541147303,-0.04193832220049542,stable_negative
zhuang2018,[Eubacterium] tenue group,10,1,9,0,-0.00021000697093648783,-0.0001932280694749319,stable_negative
zhuang2018,[Eubacterium] xylanophilum group,10,0,10,0,-0.014921899200704584,-0.03405963220356098,stable_negative
zhuang2018,[Ruminococcus] gauvreauii group,10,3,7,0,-0.003579298151907639,-0.0035650526381317098,unstable
zhuang2018,mle1-7,10,1,9,0,-0.00021000697093648783,-0.0001932280694749319,stable_negative
zhuang2018,wb1-A12,10,1,9,0,-0.00021000697093648783,-0.0001932280694749319,stable_negative
zhuang2018,wb1-P19,10,1,9,0,-0.00021000697093648783,-0.0001932280694749319,stable_negative
