taxon,cohort,model,mean_abs_shap,mean_shap,mean_shap_AD,mean_shap_CN,rank,train_cohorts
Akkermansia,loco_test_zhuang2018,logreg,0.4256871079781633,-1.420052705915898e-17,0.06665491482800441,-0.06665491482800445,1,ling2020+shanghai2022+kazakhstan2022
Ruminococcus gnavus group,loco_test_zhuang2018,logreg,0.24796259971836931,3.0982968129074136e-17,-0.09442972003782546,0.09442972003782552,2,ling2020+shanghai2022+kazakhstan2022
Romboutsia,loco_test_zhuang2018,logreg,0.2413357317523148,2.9692011123696044e-17,0.02445876323411449,-0.02445876323411444,3,ling2020+shanghai2022+kazakhstan2022
Lactobacillus,loco_test_zhuang2018,logreg,0.23196188996392436,9.359438288991145e-18,-0.02158885795764236,0.02158885795764237,4,ling2020+shanghai2022+kazakhstan2022
Faecalibacterium,loco_test_zhuang2018,logreg,0.23115270835402862,-2.1688077690351894e-16,-0.0125476407854342,0.012547640785433746,5,ling2020+shanghai2022+kazakhstan2022
Enterococcus,loco_test_zhuang2018,logreg,0.22283918321345242,2.581914010756178e-18,0.017645029796687788,-0.01764502979668777,6,ling2020+shanghai2022+kazakhstan2022
Dorea,loco_test_zhuang2018,logreg,0.22117003775376712,9.811273240873477e-17,0.009324378113076305,-0.009324378113076117,7,ling2020+shanghai2022+kazakhstan2022
Phascolarctobacterium,loco_test_zhuang2018,logreg,0.20472162287117704,-1.0973134545713756e-17,-0.022578345258956155,0.022578345258956124,8,ling2020+shanghai2022+kazakhstan2022
Streptococcus,loco_test_zhuang2018,logreg,0.196405769638936,-5.712484748798044e-17,-0.027923414890027896,0.027923414890027795,9,ling2020+shanghai2022+kazakhstan2022
[Clostridium] innocuum group,loco_test_zhuang2018,logreg,0.18751596441591825,-4.260158117747694e-17,0.021875828041731188,-0.021875828041731292,10,ling2020+shanghai2022+kazakhstan2022
Tyzzerella,loco_test_zhuang2018,logreg,0.17727393077870912,-6.454785026890445e-19,0.027977004464877445,-0.027977004464877442,11,ling2020+shanghai2022+kazakhstan2022
Bilophila,loco_test_zhuang2018,logreg,0.17627872102790096,-1.9687094332015858e-17,-0.028570455746476448,0.028570455746476403,12,ling2020+shanghai2022+kazakhstan2022
Christensenellaceae R-7 group,loco_test_zhuang2018,logreg,0.1717694545735849,1.3716418182142195e-18,0.04724249624857526,-0.047242496248575266,13,ling2020+shanghai2022+kazakhstan2022
Erysipelotrichaceae UCG-003,loco_test_zhuang2018,logreg,0.15324339117707972,-3.550131764789745e-18,-0.0024403808719991806,0.0024403808719991775,14,ling2020+shanghai2022+kazakhstan2022
Butyricimonas,loco_test_zhuang2018,logreg,0.15102651304937192,2.9046532621007004e-18,-0.0042565673241435655,0.00425656732414357,15,ling2020+shanghai2022+kazakhstan2022
NK4A214 group,loco_test_zhuang2018,logreg,0.13802882507420797,1.3232309305125413e-17,-0.031140486826048277,0.031140486826048277,16,ling2020+shanghai2022+kazakhstan2022
Hungatella,loco_test_zhuang2018,logreg,0.13709338250879927,-5.809306524201401e-18,-0.010583424484478705,0.010583424484478677,17,ling2020+shanghai2022+kazakhstan2022
Megamonas,loco_test_zhuang2018,logreg,0.13428667512156978,1.436189668483124e-17,0.006891884780005255,-0.00689188478000522,18,ling2020+shanghai2022+kazakhstan2022
Limosilactobacillus,loco_test_zhuang2018,logreg,0.12731728216805438,-1.0004916791680189e-17,0.00844406213243838,-0.008444062132438392,19,ling2020+shanghai2022+kazakhstan2022
Eisenbergiella,loco_test_zhuang2018,logreg,0.12449992644689327,-3.6792274653275534e-17,0.04336544841118081,-0.043365448411180875,20,ling2020+shanghai2022+kazakhstan2022
Coprococcus,loco_test_zhuang2018,logreg,0.12378148588914863,1.8234767700965506e-17,-0.02705394665919154,0.02705394665919158,21,ling2020+shanghai2022+kazakhstan2022
Ruminococcus torques group,loco_test_zhuang2018,logreg,0.12186700118061365,3.2273925134452225e-18,-0.009522222042228454,0.009522222042228468,22,ling2020+shanghai2022+kazakhstan2022
UCG-002,loco_test_zhuang2018,logreg,0.12057824407287686,0.0,0.01061856795763389,-0.010618567957633902,23,ling2020+shanghai2022+kazakhstan2022
Dialister,loco_test_zhuang2018,logreg,0.11767403374581209,-2.259174759411656e-18,0.0018511212066215127,-0.0018511212066215134,24,ling2020+shanghai2022+kazakhstan2022
Erysipelatoclostridium,loco_test_zhuang2018,logreg,0.1169358906122019,-1.6136962567226113e-17,-0.0237476773511972,0.023747677351197177,25,ling2020+shanghai2022+kazakhstan2022
Agathobacter,loco_test_zhuang2018,logreg,0.11483370413882941,4.8249518076006076e-17,0.0053776331605231925,-0.005377633160523103,26,ling2020+shanghai2022+kazakhstan2022
Parasutterella,loco_test_zhuang2018,logreg,0.11476077612346,-9.359438288991145e-18,0.02793774658385129,-0.027937746583851307,27,ling2020+shanghai2022+kazakhstan2022
Lachnospira,loco_test_zhuang2018,logreg,0.11210172073741693,-3.743775315596458e-17,0.020392574908357566,-0.02039257490835764,28,ling2020+shanghai2022+kazakhstan2022
Incertae Sedis,loco_test_zhuang2018,logreg,0.0986132879263813,-1.7750658823948724e-18,-0.004546758324095789,0.004546758324095783,29,ling2020+shanghai2022+kazakhstan2022
Eubacterium eligens group,loco_test_zhuang2018,logreg,0.096261484481743,-7.261633155251751e-18,-0.014482822246648071,0.014482822246648045,30,ling2020+shanghai2022+kazakhstan2022
Escherichia-Shigella,loco_test_zhuang2018,logreg,0.09514044640278048,-1.2828885240944759e-17,0.007909534413832547,-0.007909534413832572,31,ling2020+shanghai2022+kazakhstan2022
Sellimonas,loco_test_zhuang2018,logreg,0.09185560898131077,-4.518349518823312e-18,0.008552566811185384,-0.008552566811185387,32,ling2020+shanghai2022+kazakhstan2022
Eubacterium hallii group,loco_test_zhuang2018,logreg,0.08971209179059064,4.518349518823312e-18,-0.0018193890419393236,0.0018193890419393331,33,ling2020+shanghai2022+kazakhstan2022
Adlercreutzia,loco_test_zhuang2018,logreg,0.0892692700836076,9.359438288991145e-18,0.002232715127780725,-0.0022327151277807015,34,ling2020+shanghai2022+kazakhstan2022
Colidextribacter,loco_test_zhuang2018,logreg,0.08830974559927822,4.034240641806528e-18,-0.01940519170050935,0.01940519170050936,35,ling2020+shanghai2022+kazakhstan2022
Lachnospiraceae ND3007 group,loco_test_zhuang2018,logreg,0.08795696347991382,-1.6136962567226112e-19,0.01993760221287647,-0.019937602212876465,36,ling2020+shanghai2022+kazakhstan2022
[Eubacterium] xylanophilum group,loco_test_zhuang2018,logreg,0.0874592848982758,-2.743283636428439e-18,0.027902881383550404,-0.027902881383550404,37,ling2020+shanghai2022+kazakhstan2022
Holdemania,loco_test_zhuang2018,logreg,0.08634145390702298,-6.454785026890445e-19,0.0032689131181690327,-0.0032689131181690366,38,ling2020+shanghai2022+kazakhstan2022
Odoribacter,loco_test_zhuang2018,logreg,0.08493611221869984,2.9046532621007004e-18,0.003075378850623045,-0.003075378850623039,39,ling2020+shanghai2022+kazakhstan2022
Family XIII AD3011 group,loco_test_zhuang2018,logreg,0.0790504895601764,6.454785026890445e-18,0.019526419316172498,-0.01952641931617249,40,ling2020+shanghai2022+kazakhstan2022
Veillonella,loco_test_zhuang2018,logreg,0.07416423318038912,-2.146216021441073e-17,0.012503633551779688,-0.012503633551779735,41,ling2020+shanghai2022+kazakhstan2022
[Ruminococcus] gauvreauii group,loco_test_zhuang2018,logreg,0.06954294986796232,3.0660228877729614e-18,-0.001161289835830859,0.0011612898358308646,42,ling2020+shanghai2022+kazakhstan2022
Lachnospiraceae FCS020 group,loco_test_zhuang2018,logreg,0.06839942193427538,-1.6136962567226112e-18,-0.013012379328767209,0.013012379328767205,43,ling2020+shanghai2022+kazakhstan2022
Ligilactobacillus,loco_test_zhuang2018,logreg,0.06821816805126107,-6.142131377150439e-18,-0.007169629214850309,0.007169629214850294,44,ling2020+shanghai2022+kazakhstan2022
Collinsella,loco_test_zhuang2018,logreg,0.06750362316762672,1.8073398075293247e-17,-0.007362599666702633,0.007362599666702668,45,ling2020+shanghai2022+kazakhstan2022
Acinetobacter,loco_test_zhuang2018,logreg,0.06622908487567854,-8.068481283613056e-19,0.0059234412292342485,-0.005923441229234253,46,ling2020+shanghai2022+kazakhstan2022
CAG-56,loco_test_zhuang2018,logreg,0.06411281507685965,-1.7750658823948724e-18,0.006117441541110808,-0.006117441541110811,47,ling2020+shanghai2022+kazakhstan2022
Allisonella,loco_test_zhuang2018,logreg,0.06245110676847542,-2.0978051337393945e-18,0.007948929584060672,-0.00794892958406067,48,ling2020+shanghai2022+kazakhstan2022
[Eubacterium] ruminantium group,loco_test_zhuang2018,logreg,0.0610117202724456,-6.938893903907228e-18,-0.0029562243358951367,0.0029562243358951155,49,ling2020+shanghai2022+kazakhstan2022
Gemella,loco_test_zhuang2018,logreg,0.060156274856272555,-5.809306524201401e-18,-0.013668077895501115,0.0136680778955011,50,ling2020+shanghai2022+kazakhstan2022
Enterobacter,loco_test_zhuang2018,logreg,0.05697923408802139,-4.841088770167834e-19,0.007993702002031072,-0.007993702002031073,51,ling2020+shanghai2022+kazakhstan2022
[Eubacterium] siraeum group,loco_test_zhuang2018,logreg,0.05568648144784743,3.2273925134452225e-18,0.014443404205829876,-0.014443404205829869,52,ling2020+shanghai2022+kazakhstan2022
UCG-003,loco_test_zhuang2018,logreg,0.055195320231612874,-1.734723475976807e-18,-0.0015972348259833493,0.00159723482598335,53,ling2020+shanghai2022+kazakhstan2022
Lachnospiraceae UCG-001,loco_test_zhuang2018,logreg,0.052785756119220165,-1.290957005378089e-18,-0.008912920395454781,0.008912920395454778,54,ling2020+shanghai2022+kazakhstan2022
Parabacteroides,loco_test_zhuang2018,logreg,0.05262599028161991,1.4039157433486718e-17,-0.010004547566076695,0.010004547566076721,55,ling2020+shanghai2022+kazakhstan2022
Anaerostipes,loco_test_zhuang2018,logreg,0.05261870472758479,2.4044074225166907e-17,0.012208420388219482,-0.012208420388219433,56,ling2020+shanghai2022+kazakhstan2022
Marvinbryantia,loco_test_zhuang2018,logreg,0.052405490303174755,-8.068481283613056e-19,0.003730732577976739,-0.003730732577976739,57,ling2020+shanghai2022+kazakhstan2022
Prevotella_9,loco_test_zhuang2018,logreg,0.05224199426532332,2.581914010756178e-18,-0.007060866388782376,0.0070608663887823855,58,ling2020+shanghai2022+kazakhstan2022
[Eubacterium] fissicatena group,loco_test_zhuang2018,logreg,0.050942132210760334,1.290957005378089e-18,-0.008171376829484335,0.008171376829484335,59,ling2020+shanghai2022+kazakhstan2022
Holdemanella,loco_test_zhuang2018,logreg,0.050905698331467956,3.429104545535549e-18,0.008609109279987166,-0.00860910927998716,60,ling2020+shanghai2022+kazakhstan2022
Butyricicoccus,loco_test_zhuang2018,logreg,0.05034069642706121,7.665057219432403e-18,0.003363866705598341,-0.0033638667055983233,61,ling2020+shanghai2022+kazakhstan2022
Atopobium,loco_test_zhuang2018,logreg,0.0499842403180672,7.261633155251751e-19,0.004525947018692488,-0.0045259470186924874,62,ling2020+shanghai2022+kazakhstan2022
Eubacterium brachy group,loco_test_zhuang2018,logreg,0.04794516806654987,-6.454785026890445e-19,0.0014237369388206574,-0.0014237369388206602,63,ling2020+shanghai2022+kazakhstan2022
Eggerthella,loco_test_zhuang2018,logreg,0.04783230166550453,6.616154652562706e-18,-0.0034353961295116426,0.003435396129511651,64,ling2020+shanghai2022+kazakhstan2022
Bifidobacterium,loco_test_zhuang2018,logreg,0.04726608629246279,1.4523266310503502e-18,0.007272384347655121,-0.007272384347655121,65,ling2020+shanghai2022+kazakhstan2022
Fusicatenibacter,loco_test_zhuang2018,logreg,0.046221306105896524,-1.2586830802436367e-17,-0.0062181824451164255,0.006218182445116402,66,ling2020+shanghai2022+kazakhstan2022
Alistipes,loco_test_zhuang2018,logreg,0.04541346540093882,1.290957005378089e-18,-7.766227911160751e-05,7.766227911160816e-05,67,ling2020+shanghai2022+kazakhstan2022
Fusobacterium,loco_test_zhuang2018,logreg,0.044703299788998806,-4.263688078309274e-18,-0.013564236458288964,0.01356423645828896,68,ling2020+shanghai2022+kazakhstan2022
TM7x,loco_test_zhuang2018,logreg,0.0438626908916491,-1.6136962567226112e-19,0.0037313971241722914,-0.003731397124172292,69,ling2020+shanghai2022+kazakhstan2022
Corynebacterium,loco_test_zhuang2018,logreg,0.043624300958925395,3.2273925134452225e-19,0.010483407760461994,-0.010483407760461989,70,ling2020+shanghai2022+kazakhstan2022
Christensenella,loco_test_zhuang2018,logreg,0.04296567962093024,-5.526909679274943e-18,-0.010110593396004817,0.010110593396004808,71,ling2020+shanghai2022+kazakhstan2022
Cloacibacillus,loco_test_zhuang2018,logreg,0.04202028227052453,1.2102721925419585e-18,0.0014553648157352545,-0.0014553648157352556,72,ling2020+shanghai2022+kazakhstan2022
Weissella,loco_test_zhuang2018,logreg,0.04169879060565844,-1.2102721925419584e-19,0.006632611855767409,-0.006632611855767408,73,ling2020+shanghai2022+kazakhstan2022
Sutterella,loco_test_zhuang2018,logreg,0.04067314223106036,-3.6308165776258755e-19,-0.005629729761251038,0.005629729761251038,74,ling2020+shanghai2022+kazakhstan2022
Blautia,loco_test_zhuang2018,logreg,0.04056068397259844,-2.03325728347049e-17,0.009203099306275369,-0.009203099306275409,75,ling2020+shanghai2022+kazakhstan2022
Haemophilus,loco_test_zhuang2018,logreg,0.039421444058471464,-8.471905347793709e-19,0.001257751059416536,-0.001257751059416536,76,ling2020+shanghai2022+kazakhstan2022
Granulicatella,loco_test_zhuang2018,logreg,0.036588356062954186,-9.278753476155014e-19,0.005233601556091863,-0.005233601556091861,77,ling2020+shanghai2022+kazakhstan2022
Terrisporobacter,loco_test_zhuang2018,logreg,0.03554261085633133,4.034240641806528e-20,0.004235324137661386,-0.004235324137661384,78,ling2020+shanghai2022+kazakhstan2022
Clostridium sensu stricto 1,loco_test_zhuang2018,logreg,0.03347969578315217,3.872871016134267e-18,0.00047498657188808815,-0.0004749865718880796,79,ling2020+shanghai2022+kazakhstan2022
Eubacterium,loco_test_zhuang2018,logreg,0.0334299080577031,-4.437664705987181e-19,0.003911600236769098,-0.003911600236769103,80,ling2020+shanghai2022+kazakhstan2022
Oscillibacter,loco_test_zhuang2018,logreg,0.03293100283597205,4.3040304847273394e-18,-0.005469416206758115,0.005469416206758124,81,ling2020+shanghai2022+kazakhstan2022
[Eubacterium] nodatum group,loco_test_zhuang2018,logreg,0.032468518867347376,-3.2273925134452225e-19,-0.0020435016509148677,0.0020435016509148685,82,ling2020+shanghai2022+kazakhstan2022
Gordonibacter,loco_test_zhuang2018,logreg,0.03162695487988576,-4.841088770167834e-19,0.005680116803476991,-0.005680116803476996,83,ling2020+shanghai2022+kazakhstan2022
Pyramidobacter,loco_test_zhuang2018,logreg,0.030761843722398728,-5.64793689852914e-19,-0.004305884915905746,0.0043058849159057465,84,ling2020+shanghai2022+kazakhstan2022
Catenibacterium,loco_test_zhuang2018,logreg,0.02971812240903171,7.665057219432404e-19,0.010972747373110978,-0.010972747373110981,85,ling2020+shanghai2022+kazakhstan2022
Flavonifractor,loco_test_zhuang2018,logreg,0.029114954119569922,5.809306524201401e-18,-0.005416190901130859,0.005416190901130869,86,ling2020+shanghai2022+kazakhstan2022
Bacteroides,loco_test_zhuang2018,logreg,0.028930904640591403,-2.5496400856217257e-17,0.008846680884118973,-0.008846680884119025,87,ling2020+shanghai2022+kazakhstan2022
HT002,loco_test_zhuang2018,logreg,0.027835984098500455,-1.8557506952310028e-18,0.00012110726992422282,-0.00012110726992422551,88,ling2020+shanghai2022+kazakhstan2022
Lachnospiraceae NK4A136 group,loco_test_zhuang2018,logreg,0.027255420097804305,4.841088770167834e-19,0.004095109393729624,-0.004095109393729625,89,ling2020+shanghai2022+kazakhstan2022
Prevotellaceae NK3B31 group,loco_test_zhuang2018,logreg,0.02711910930485081,6.051360962709792e-20,0.002365695236897135,-0.0023656952368971322,90,ling2020+shanghai2022+kazakhstan2022
Oscillospira,loco_test_zhuang2018,logreg,0.026982460789469063,1.9364355080671335e-18,-0.005997998919440272,0.005997998919440277,91,ling2020+shanghai2022+kazakhstan2022
Turicibacter,loco_test_zhuang2018,logreg,0.026736682366962774,6.858209091071097e-19,-0.002957795392756363,0.002957795392756363,92,ling2020+shanghai2022+kazakhstan2022
Slackia,loco_test_zhuang2018,logreg,0.026712564332357115,-8.068481283613056e-19,0.00680892835030409,-0.00680892835030409,93,ling2020+shanghai2022+kazakhstan2022
UBA1819,loco_test_zhuang2018,logreg,0.02543105988382886,-3.792186203298136e-18,-0.001836617553094959,0.0018366175530949535,94,ling2020+shanghai2022+kazakhstan2022
Megasphaera,loco_test_zhuang2018,logreg,0.025082937207644426,4.377151096360083e-18,-0.004627680306660947,0.0046276803066609565,95,ling2020+shanghai2022+kazakhstan2022
Coprobacter,loco_test_zhuang2018,logreg,0.02410053550898823,1.633867459931644e-18,0.002404600553730285,-0.00240460055373028,96,ling2020+shanghai2022+kazakhstan2022
Barnesiella,loco_test_zhuang2018,logreg,0.02406431936541899,1.6943810695587417e-18,-0.001490756851048788,0.0014907568510487915,97,ling2020+shanghai2022+kazakhstan2022
UCG-005,loco_test_zhuang2018,logreg,0.02367235895215503,1.8154082888129378e-18,-0.005446764860576255,0.005446764860576258,98,ling2020+shanghai2022+kazakhstan2022
Howardella,loco_test_zhuang2018,logreg,0.023620718717552613,-3.1668789038181244e-18,-0.005723150467183958,0.005723150467183954,99,ling2020+shanghai2022+kazakhstan2022
Coprobacillus,loco_test_zhuang2018,logreg,0.023247756359879707,8.068481283613056e-19,-0.003935112227222912,0.003935112227222912,100,ling2020+shanghai2022+kazakhstan2022
Leuconostoc,loco_test_zhuang2018,logreg,0.02245713197706743,4.518349518823312e-18,-0.007512165097690345,0.007512165097690355,101,ling2020+shanghai2022+kazakhstan2022
Desulfovibrio,loco_test_zhuang2018,logreg,0.0223845816869963,1.0489025668696973e-18,0.0030908817753487923,-0.0030908817753487897,102,ling2020+shanghai2022+kazakhstan2022
Acidaminococcus,loco_test_zhuang2018,logreg,0.021808088722853385,7.665057219432404e-19,-0.0032169620379326894,0.0032169620379326877,103,ling2020+shanghai2022+kazakhstan2022
Bacillus,loco_test_zhuang2018,logreg,0.021711629021450532,2.581914010756178e-18,-0.006156964857653727,0.006156964857653736,104,ling2020+shanghai2022+kazakhstan2022
Candidatus Soleaferrea,loco_test_zhuang2018,logreg,0.020638743956616683,2.82396844926457e-19,-0.00043142791396909037,0.000431427913969091,105,ling2020+shanghai2022+kazakhstan2022
Paraprevotella,loco_test_zhuang2018,logreg,0.018882752560862796,8.068481283613056e-19,-0.0016276796368416618,0.0016276796368416638,106,ling2020+shanghai2022+kazakhstan2022
Solobacterium,loco_test_zhuang2018,logreg,0.018803764289424887,-6.454785026890445e-19,-0.0028999961537242423,0.002899996153724241,107,ling2020+shanghai2022+kazakhstan2022
Raoultibacter,loco_test_zhuang2018,logreg,0.018575972258247996,-1.2102721925419584e-19,0.0008208623270413711,-0.0008208623270413717,108,ling2020+shanghai2022+kazakhstan2022
Peptoniphilus,loco_test_zhuang2018,logreg,0.01787642874083131,-6.132045775545923e-18,0.0030926180720429936,-0.003092618072043005,109,ling2020+shanghai2022+kazakhstan2022
Monoglobus,loco_test_zhuang2018,logreg,0.017875033484708907,-8.118909291635638e-19,0.00042276441556592066,-0.00042276441556592234,110,ling2020+shanghai2022+kazakhstan2022
Ruminococcus,loco_test_zhuang2018,logreg,0.017645096662076216,1.008560160451632e-18,-0.0012164854463268164,0.0012164854463268195,111,ling2020+shanghai2022+kazakhstan2022
Prevotella,loco_test_zhuang2018,logreg,0.017502431103184283,4.034240641806528e-20,0.0033715192236906913,-0.0033715192236906926,112,ling2020+shanghai2022+kazakhstan2022
Oxalobacter,loco_test_zhuang2018,logreg,0.01733719621455723,-1.2707858021690563e-18,0.006426206659683081,-0.0064262066596830845,113,ling2020+shanghai2022+kazakhstan2022
Intestinimonas,loco_test_zhuang2018,logreg,0.017092741160457028,4.437664705987181e-19,-0.00031661687278523713,0.00031661687278523783,114,ling2020+shanghai2022+kazakhstan2022
Eubacterium ventriosum group,loco_test_zhuang2018,logreg,0.016962224964518817,-3.378676537512967e-18,-0.0006613235428255894,0.0006613235428255822,115,ling2020+shanghai2022+kazakhstan2022
Lactiplantibacillus,loco_test_zhuang2018,logreg,0.01669827607873486,4.689804746100089e-18,0.00630433257747215,-0.006304332577472139,116,ling2020+shanghai2022+kazakhstan2022
Lactonifactor,loco_test_zhuang2018,logreg,0.015648503308163596,-3.0660228877729614e-18,-0.0025768747700395307,0.002576874770039524,117,ling2020+shanghai2022+kazakhstan2022
Anaerofilum,loco_test_zhuang2018,logreg,0.015464840191281623,4.760403957331703e-18,-0.0026844083787388464,0.0026844083787388546,118,ling2020+shanghai2022+kazakhstan2022
Pseudomonas,loco_test_zhuang2018,logreg,0.015398333995789397,-1.896093101649068e-18,0.00027102876798178795,-0.0002710287679817918,119,ling2020+shanghai2022+kazakhstan2022
Latilactobacillus,loco_test_zhuang2018,logreg,0.01448794837454484,3.328248529490386e-18,-0.0009960813585150037,0.000996081358515011,120,ling2020+shanghai2022+kazakhstan2022
Parvimonas,loco_test_zhuang2018,logreg,0.01373647141127929,-7.423002780924011e-18,-0.0005911686697008333,0.0005911686697008187,121,ling2020+shanghai2022+kazakhstan2022
Catenibacillus,loco_test_zhuang2018,logreg,0.013731373900030642,6.454785026890445e-19,0.0004859626558320947,-0.0004859626558320934,122,ling2020+shanghai2022+kazakhstan2022
Sphingomonas,loco_test_zhuang2018,logreg,0.0132646961841612,-2.450801189897466e-18,0.0019503592011899642,-0.0019503592011899688,123,ling2020+shanghai2022+kazakhstan2022
Anaerotruncus,loco_test_zhuang2018,logreg,0.01321646129505487,-3.2273925134452225e-19,0.0030852446433678516,-0.003085244643367854,124,ling2020+shanghai2022+kazakhstan2022
Castellaniella,loco_test_zhuang2018,logreg,0.013017463959897663,4.065758146820642e-18,0.0010341793654010814,-0.0010341793654010732,125,ling2020+shanghai2022+kazakhstan2022
Sarcina,loco_test_zhuang2018,logreg,0.01258815687678958,-1.0186457620561484e-18,0.0022078274013694306,-0.0022078274013694332,126,ling2020+shanghai2022+kazakhstan2022
Family XIII UCG-001,loco_test_zhuang2018,logreg,0.0122861837761616,-1.6136962567226112e-19,-0.002226953465833623,0.002226953465833622,127,ling2020+shanghai2022+kazakhstan2022
Lachnospiraceae UCG-004,loco_test_zhuang2018,logreg,0.01181575560563743,1.008560160451632e-19,-0.0023183968101333718,0.002318396810133372,128,ling2020+shanghai2022+kazakhstan2022
Peptostreptococcus,loco_test_zhuang2018,logreg,0.01169972823408526,-1.916264304858101e-19,-0.000255903916301988,0.0002559039163019879,129,ling2020+shanghai2022+kazakhstan2022
DTU089,loco_test_zhuang2018,logreg,0.011648312819854309,-3.4291045455355487e-19,9.823341613163478e-06,-9.823341613164205e-06,130,ling2020+shanghai2022+kazakhstan2022
CHKCI002,loco_test_zhuang2018,logreg,0.011405200820511637,3.8174002073094275e-18,-0.003374014046684191,0.0033740140466841993,131,ling2020+shanghai2022+kazakhstan2022
Tuzzerella,loco_test_zhuang2018,logreg,0.011362713894219634,6.454785026890445e-19,-0.0013487919319640593,0.0013487919319640617,132,ling2020+shanghai2022+kazakhstan2022
Faecalitalea,loco_test_zhuang2018,logreg,0.011197723489719176,-2.622256417174243e-19,0.000922642068859648,-0.000922642068859648,133,ling2020+shanghai2022+kazakhstan2022
Lachnospiraceae UCG-003,loco_test_zhuang2018,logreg,0.011079868534018633,1.099330574892279e-18,0.001267581119555888,-0.0012675811195558841,134,ling2020+shanghai2022+kazakhstan2022
Massilia,loco_test_zhuang2018,logreg,0.010893333777267632,-6.051360962709792e-20,-0.0013702806354568774,0.0013702806354568768,135,ling2020+shanghai2022+kazakhstan2022
Klebsiella,loco_test_zhuang2018,logreg,0.01088611755736352,2.672684425196825e-18,2.3013094608531483e-05,-2.3013094608525937e-05,136,ling2020+shanghai2022+kazakhstan2022
Oribacterium,loco_test_zhuang2018,logreg,0.010469547215235398,-3.5703029679987776e-18,-0.0010165320347041823,0.0010165320347041745,137,ling2020+shanghai2022+kazakhstan2022
Lacticaseibacillus,loco_test_zhuang2018,logreg,0.010437356946895966,-1.4523266310503502e-18,0.0017967635414121205,-0.0017967635414121237,138,ling2020+shanghai2022+kazakhstan2022
Prevotellaceae UCG-001,loco_test_zhuang2018,logreg,0.009350051261188402,9.656963536324377e-19,-0.0003291455961393903,0.0003291455961393923,139,ling2020+shanghai2022+kazakhstan2022
Olsenella,loco_test_zhuang2018,logreg,0.009298511843996127,-2.420544385083917e-18,0.003229271252391193,-0.003229271252391197,140,ling2020+shanghai2022+kazakhstan2022
Intestinibacter,loco_test_zhuang2018,logreg,0.009216423411450467,9.543500518273569e-19,0.0004217290056686819,-0.0004217290056686806,141,ling2020+shanghai2022+kazakhstan2022
GCA-900066575,loco_test_zhuang2018,logreg,0.009195674894311124,-6.051360962709792e-20,-0.0002786117482850784,0.00027861174828507876,142,ling2020+shanghai2022+kazakhstan2022
Subdoligranulum,loco_test_zhuang2018,logreg,0.008724950915703253,-1.633867459931644e-18,0.003145916746182498,-0.0031459167461825007,143,ling2020+shanghai2022+kazakhstan2022
Anaerococcus,loco_test_zhuang2018,logreg,0.008374306426615718,-2.259174759411656e-18,0.0010443055893365266,-0.0010443055893365318,144,ling2020+shanghai2022+kazakhstan2022
Peptococcus,loco_test_zhuang2018,logreg,0.00828342249412258,1.099330574892279e-18,0.0015363041833170602,-0.001536304183317058,145,ling2020+shanghai2022+kazakhstan2022
Salipaludibacillus,loco_test_zhuang2018,logreg,0.008256555359213326,2.9979450769424763e-18,0.0006559464430318473,-0.000655946443031842,146,ling2020+shanghai2022+kazakhstan2022
Levilactobacillus,loco_test_zhuang2018,logreg,0.007835822669335302,2.9191513144071924e-18,0.0006225211101435073,-0.0006225211101435014,147,ling2020+shanghai2022+kazakhstan2022
Fournierella,loco_test_zhuang2018,logreg,0.007808152620148363,4.614162734066217e-18,0.0034611951680512316,-0.003461195168051224,148,ling2020+shanghai2022+kazakhstan2022
Pelagibacterium,loco_test_zhuang2018,logreg,0.007612061308681505,-2.742653286328157e-18,-0.000604744269533453,0.0006047442695334478,149,ling2020+shanghai2022+kazakhstan2022
Ezakiella,loco_test_zhuang2018,logreg,0.00751263407042183,5.1386140175010655e-18,-0.0009051698754175231,0.000905169875417534,150,ling2020+shanghai2022+kazakhstan2022
Lachnospiraceae UCG-010,loco_test_zhuang2018,logreg,0.007504224262421627,6.656497058980772e-19,-0.0012546581051054685,0.0012546581051054698,151,ling2020+shanghai2022+kazakhstan2022
Phocea,loco_test_zhuang2018,logreg,0.007474869976730606,-3.650987780834908e-18,-0.00023753021603851126,0.00023753021603850348,152,ling2020+shanghai2022+kazakhstan2022
UCG-007,loco_test_zhuang2018,logreg,0.007425105957712294,2.612170815569727e-18,0.0005898915019883074,-0.0005898915019883024,153,ling2020+shanghai2022+kazakhstan2022
Staphylococcus,loco_test_zhuang2018,logreg,0.007381746742572222,-3.2273925134452225e-19,0.00012284597280263622,-0.00012284597280263676,154,ling2020+shanghai2022+kazakhstan2022
Lachnoclostridium,loco_test_zhuang2018,logreg,0.007310773077904295,1.7145522727677744e-18,-0.004066648911570239,0.004066648911570244,155,ling2020+shanghai2022+kazakhstan2022
Defluviitaleaceae UCG-011,loco_test_zhuang2018,logreg,0.007220282644555505,1.6136962567226112e-19,-0.0006446074562915575,0.0006446074562915586,156,ling2020+shanghai2022+kazakhstan2022
Catabacter,loco_test_zhuang2018,logreg,0.006755844807184769,0.0,0.0010077390460199653,-0.0010077390460199646,157,ling2020+shanghai2022+kazakhstan2022
Elusimicrobium,loco_test_zhuang2018,logreg,0.0065363017625909405,-2.217571652793026e-18,-0.0005192799787831652,0.0005192799787831601,158,ling2020+shanghai2022+kazakhstan2022
Helicobacter,loco_test_zhuang2018,logreg,0.0065020343772976864,5.352617876546896e-18,-5.0448908491325296e-05,5.044890849133583e-05,159,ling2020+shanghai2022+kazakhstan2022
Paracoccus,loco_test_zhuang2018,logreg,0.006408764313387439,1.8154082888129378e-19,-0.0003217806090304639,0.0003217806090304643,160,ling2020+shanghai2022+kazakhstan2022
CAG-352,loco_test_zhuang2018,logreg,0.006380525334238541,6.555641042935608e-19,-0.00041633290322213966,0.00041633290322214134,161,ling2020+shanghai2022+kazakhstan2022
Fenollaria,loco_test_zhuang2018,logreg,0.006293055932520794,2.1885755481800415e-18,-0.0020989460064644336,0.0020989460064644388,162,ling2020+shanghai2022+kazakhstan2022
Methylobacterium-Methylorubrum,loco_test_zhuang2018,logreg,0.006264103853419549,-8.068481283613056e-20,-0.0005499732636669532,0.0005499732636669533,163,ling2020+shanghai2022+kazakhstan2022
Catenisphaera,loco_test_zhuang2018,logreg,0.005871928123631151,-1.965431612680118e-18,-0.00046649846078201647,0.00046649846078201197,164,ling2020+shanghai2022+kazakhstan2022
UC5-1-2E3,loco_test_zhuang2018,logreg,0.00568343649695805,1.3615562166097032e-18,-0.0017054733777835953,0.001705473377783597,165,ling2020+shanghai2022+kazakhstan2022
Coriobacteriaceae UCG-003,loco_test_zhuang2018,logreg,0.005511401809818772,-1.8261242405177363e-18,-0.00043785625554315427,0.0004378562555431505,166,ling2020+shanghai2022+kazakhstan2022
Paeniclostridium,loco_test_zhuang2018,logreg,0.00530540684554652,3.5173535595750666e-18,0.0015311312016901945,-0.0015311312016901874,167,ling2020+shanghai2022+kazakhstan2022
Nitrosococcus,loco_test_zhuang2018,logreg,0.005255683229318338,1.820451089615196e-18,0.0004175405565623148,-0.0004175405565623116,168,ling2020+shanghai2022+kazakhstan2022
Enterorhabdus,loco_test_zhuang2018,logreg,0.005148792004047284,1.2884356049769599e-18,-0.0008353211460448855,0.0008353211460448881,169,ling2020+shanghai2022+kazakhstan2022
Flavobacterium,loco_test_zhuang2018,logreg,0.005129183878160659,-3.2267621633449403e-18,0.0001843517391144493,-0.00018435173911445567,170,ling2020+shanghai2022+kazakhstan2022
Rothia,loco_test_zhuang2018,logreg,0.005075577239692288,1.008560160451632e-20,0.00011087399963284062,-0.00011087399963284072,171,ling2020+shanghai2022+kazakhstan2022
UCG-009,loco_test_zhuang2018,logreg,0.005005332640198679,7.160777139206588e-19,-0.00043477141201207477,0.00043477141201207607,172,ling2020+shanghai2022+kazakhstan2022
Chitinophaga,loco_test_zhuang2018,logreg,0.00491651406883142,-1.7441787274810413e-18,-0.00039059508175734876,0.00039059508175734567,173,ling2020+shanghai2022+kazakhstan2022
Rhodococcus,loco_test_zhuang2018,logreg,0.004910942503795448,4.034240641806528e-20,-5.163209316460097e-05,5.163209316460097e-05,174,ling2020+shanghai2022+kazakhstan2022
Pedobacter,loco_test_zhuang2018,logreg,0.0049089164933812015,-6.656497058980772e-19,0.0006910497396549905,-0.0006910497396549914,175,ling2020+shanghai2022+kazakhstan2022
Polaromonas,loco_test_zhuang2018,logreg,0.0048155393507130885,-1.7195950735700326e-18,-0.00038257309143520385,0.00038257309143520054,176,ling2020+shanghai2022+kazakhstan2022
Streptomyces,loco_test_zhuang2018,logreg,0.004790503146170595,1.2821321039741373e-18,-0.0005466771229335324,0.0005466771229335351,177,ling2020+shanghai2022+kazakhstan2022
Mycobacterium,loco_test_zhuang2018,logreg,0.004730122440429144,4.437664705987181e-19,-0.0002897209781566487,0.00028972097815665006,178,ling2020+shanghai2022+kazakhstan2022
Citrobacter,loco_test_zhuang2018,logreg,0.0047136020862592375,-1.512840240677448e-19,-7.433269631564961e-05,7.433269631564988e-05,179,ling2020+shanghai2022+kazakhstan2022
Lachnospiraceae UCG-006,loco_test_zhuang2018,logreg,0.00469786708195156,1.6918596691576127e-18,0.00037322455529882566,-0.0003732245552988227,180,ling2020+shanghai2022+kazakhstan2022
Mitsuokella,loco_test_zhuang2018,logreg,0.004593329924822662,3.3156415274847404e-19,-0.00047563790751437056,0.00047563790751437116,181,ling2020+shanghai2022+kazakhstan2022
Frisingicoccus,loco_test_zhuang2018,logreg,0.00454376510601584,-4.2359526738968544e-19,-0.0004863067195182397,0.00048630671951823903,182,ling2020+shanghai2022+kazakhstan2022
Dethiobacter,loco_test_zhuang2018,logreg,0.0044937451505714975,1.3483188645037756e-18,0.00035700797961946135,-0.0003570079796194584,183,ling2020+shanghai2022+kazakhstan2022
Lacunisphaera,loco_test_zhuang2018,logreg,0.004424039436903927,-1.4926690374684154e-18,-0.0003514701720290095,0.00035147017202900665,184,ling2020+shanghai2022+kazakhstan2022
Pseudonocardia,loco_test_zhuang2018,logreg,0.00434615138740949,1.4233305264373656e-18,0.00034528231440584763,-0.0003452823144058449,185,ling2020+shanghai2022+kazakhstan2022
Actinomyces,loco_test_zhuang2018,logreg,0.004265182324305688,8.068481283613056e-19,-0.0002922778012101837,0.00029227780121018513,186,ling2020+shanghai2022+kazakhstan2022
Alloprevotella,loco_test_zhuang2018,logreg,0.00424197167353974,-1.4397196290447048e-18,0.0015883007152442481,-0.001588300715244251,187,ling2020+shanghai2022+kazakhstan2022
Halomonas,loco_test_zhuang2018,logreg,0.004208330136467042,-1.5840698020093445e-18,-0.000334333031636367,0.0003343330316363642,188,ling2020+shanghai2022+kazakhstan2022
CAG-873,loco_test_zhuang2018,logreg,0.004207095322497066,-1.4945600877692621e-18,-0.00033423493118210114,0.0003342349311820982,189,ling2020+shanghai2022+kazakhstan2022
Chryseobacterium,loco_test_zhuang2018,logreg,0.004186333264501025,-2.675205825597954e-18,-0.0009652983627045463,0.000965298362704541,190,ling2020+shanghai2022+kazakhstan2022
Iamia,loco_test_zhuang2018,logreg,0.004168657189875308,1.4523266310503502e-18,0.0003311811932401766,-0.00033118119324017397,191,ling2020+shanghai2022+kazakhstan2022
Ohtaekwangia,loco_test_zhuang2018,logreg,0.004158380674088416,-1.309867508386557e-18,-0.00033036476996389465,0.00033036476996389194,192,ling2020+shanghai2022+kazakhstan2022
Azoarcus,loco_test_zhuang2018,logreg,0.0041412124964737345,1.4208091260362365e-18,0.0003290008349389665,-0.00032900083493896375,193,ling2020+shanghai2022+kazakhstan2022
Parapusillimonas,loco_test_zhuang2018,logreg,0.004139109971538704,1.4441320797466806e-18,0.00032883379872440514,-0.0003288337987244023,194,ling2020+shanghai2022+kazakhstan2022
Merdibacter,loco_test_zhuang2018,logreg,0.0040646199121703,1.3672293675122436e-18,-0.0002252487375982038,0.0002252487375982066,195,ling2020+shanghai2022+kazakhstan2022
Candidatus Nitrososphaera,loco_test_zhuang2018,logreg,0.0040345807292327925,-1.376999794066619e-18,-0.00032052941733285237,0.00032052941733284965,196,ling2020+shanghai2022+kazakhstan2022
Cupriavidus,loco_test_zhuang2018,logreg,0.003992177160964302,1.2925328806287947e-18,0.0003171606432415435,-0.00031716064324154074,197,ling2020+shanghai2022+kazakhstan2022
Victivallis,loco_test_zhuang2018,logreg,0.003947887931855289,1.2657430013667981e-18,0.00031364206181929685,-0.00031364206181929403,198,ling2020+shanghai2022+kazakhstan2022
Microbacterium,loco_test_zhuang2018,logreg,0.003849340157750232,1.094918124190303e-18,-0.000335537069449102,0.00033553706944910403,199,ling2020+shanghai2022+kazakhstan2022
Papillibacter,loco_test_zhuang2018,logreg,0.0038261475022807914,-9.833461564403412e-19,-4.6058098560584395e-06,4.605809856056675e-06,200,ling2020+shanghai2022+kazakhstan2022
Haliangium,loco_test_zhuang2018,logreg,0.0037987788905629637,1.3234200355426258e-18,0.00030179601452665116,-0.00030179601452664845,201,ling2020+shanghai2022+kazakhstan2022
Woeseia,loco_test_zhuang2018,logreg,0.0037917979376144452,-1.1529103334162718e-18,-0.00030124140899730705,0.00030124140899730455,202,ling2020+shanghai2022+kazakhstan2022
Rhodomicrobium,loco_test_zhuang2018,logreg,0.0037838453737910394,1.2868597297262542e-18,0.00030060961332393046,-0.0003006096133239279,203,ling2020+shanghai2022+kazakhstan2022
Rhizobacter,loco_test_zhuang2018,logreg,0.0037091705132489537,-1.7189647234697503e-18,0.0003286424524583591,-0.00032864245245836247,204,ling2020+shanghai2022+kazakhstan2022
Rhodoplanes,loco_test_zhuang2018,logreg,0.003704596383959395,1.281501753873855e-18,0.00029431363507000563,-0.0002943136350700031,205,ling2020+shanghai2022+kazakhstan2022
Anaerofustis,loco_test_zhuang2018,logreg,0.0037032829246706105,9.077041444064689e-20,-0.0009876468975732072,0.000987646897573207,206,ling2020+shanghai2022+kazakhstan2022
Novosphingobium,loco_test_zhuang2018,logreg,0.0036781944422374373,4.670894243091621e-19,-0.00020081639217312526,0.00020081639217312607,207,ling2020+shanghai2022+kazakhstan2022
Solitalea,loco_test_zhuang2018,logreg,0.003635933451824296,-1.342330538551094e-18,-0.0002888586718144272,0.0002888586718144248,208,ling2020+shanghai2022+kazakhstan2022
Finegoldia,loco_test_zhuang2018,logreg,0.0036292871326780917,8.875329411974362e-19,-0.0005102752092308327,0.0005102752092308349,209,ling2020+shanghai2022+kazakhstan2022
Ilumatobacter,loco_test_zhuang2018,logreg,0.003610669269332045,1.2647974762163748e-18,0.00028685154536508943,-0.00028685154536508704,210,ling2020+shanghai2022+kazakhstan2022
Faecalibaculum,loco_test_zhuang2018,logreg,0.0035244356546995713,1.1213928284021584e-18,0.00028000066986955585,-0.00028000066986955363,211,ling2020+shanghai2022+kazakhstan2022
Adhaeribacter,loco_test_zhuang2018,logreg,0.0033230739633198446,-1.1387274561599207e-18,-0.0002640033829288198,0.0002640033829288176,212,ling2020+shanghai2022+kazakhstan2022
[Eubacterium] tenue group,loco_test_zhuang2018,logreg,0.003319274298515093,1.1478675326140137e-18,0.0002637015165323681,-0.0002637015165323659,213,ling2020+shanghai2022+kazakhstan2022
[Bacteroides] pectinophilus group,loco_test_zhuang2018,logreg,0.0032687870840761644,-1.1964044903357484e-18,-0.0002596905328607275,0.00025969053286072525,214,ling2020+shanghai2022+kazakhstan2022
Senegalimassilia,loco_test_zhuang2018,logreg,0.0032602481376019406,-6.379143014856572e-19,0.00025189734454413715,-0.00025189734454413834,215,ling2020+shanghai2022+kazakhstan2022
Dielma,loco_test_zhuang2018,logreg,0.0032467709879352023,1.4371982286435755e-19,-0.00016596066034198405,0.0001659606603419843,216,ling2020+shanghai2022+kazakhstan2022
Acidibacter,loco_test_zhuang2018,logreg,0.0032415692665462414,1.0851476976359278e-18,0.00025752819883411424,-0.0002575281988341121,217,ling2020+shanghai2022+kazakhstan2022
Niastella,loco_test_zhuang2018,logreg,0.0032220661448445417,-1.1358908807086506e-18,-0.00025597876293116575,0.0002559787629311635,218,ling2020+shanghai2022+kazakhstan2022
Nonomuraea,loco_test_zhuang2018,logreg,0.003207886552753116,1.1213928284021584e-18,0.00025485225767669126,-0.00025485225767668914,219,ling2020+shanghai2022+kazakhstan2022
Truepera,loco_test_zhuang2018,logreg,0.0031522217164805973,1.0911360235886094e-18,0.00025042993507769554,-0.0002504299350776933,220,ling2020+shanghai2022+kazakhstan2022
Aeromonas,loco_test_zhuang2018,logreg,0.0031148651002036285,-2.3776805782647227e-18,0.0005803592846279747,-0.0005803592846279795,221,ling2020+shanghai2022+kazakhstan2022
Sumerlaea,loco_test_zhuang2018,logreg,0.0031080236942643913,1.0177002369057249e-18,0.00024691859963568073,-0.0002469185996356786,222,ling2020+shanghai2022+kazakhstan2022
Flavisolibacter,loco_test_zhuang2018,logreg,0.0031067178165223165,-9.87758607142317e-19,-0.0002468148534821479,0.00024681485348214573,223,ling2020+shanghai2022+kazakhstan2022
Microvirga,loco_test_zhuang2018,logreg,0.003087690408014721,1.0778986714826818e-18,0.0002453032108675625,-0.0002453032108675604,224,ling2020+shanghai2022+kazakhstan2022
Chelativorans,loco_test_zhuang2018,logreg,0.0030671115183394104,-9.584473274791917e-19,-0.0002436683100043349,0.00024366831000433261,225,ling2020+shanghai2022+kazakhstan2022
Methylotenera,loco_test_zhuang2018,logreg,0.003029951770908488,-1.0180154119558661e-18,-0.00024071613405555065,0.00024071613405554854,226,ling2020+shanghai2022+kazakhstan2022
Libanicoccus,loco_test_zhuang2018,logreg,0.0030296841075816146,-1.080735246933952e-18,-0.00024069486939982482,0.00024069486939982284,227,ling2020+shanghai2022+kazakhstan2022
Peredibacter,loco_test_zhuang2018,logreg,0.003029424609325077,1.0558364179728024e-18,0.0002406742534224661,-0.0002406742534224639,228,ling2020+shanghai2022+kazakhstan2022
Serratia,loco_test_zhuang2018,logreg,0.00302199957914484,1.0555212429226611e-18,0.00024008436794065955,-0.00024008436794065765,229,ling2020+shanghai2022+kazakhstan2022
Rikenellaceae RC9 gut group,loco_test_zhuang2018,logreg,0.0028874231223812176,-1.1024823253936903e-18,0.0001606021036661188,-0.00016060210366612113,230,ling2020+shanghai2022+kazakhstan2022
Methanobrevibacter,loco_test_zhuang2018,logreg,0.0028872009840520715,4.336808689942018e-19,0.0001067701707367797,-0.00010677017073677862,231,ling2020+shanghai2022+kazakhstan2022
Salmonella,loco_test_zhuang2018,logreg,0.0028739257942299607,-9.357547238690299e-19,-0.0002283205671429342,0.0002283205671429323,232,ling2020+shanghai2022+kazakhstan2022
Allorhizobium-Neorhizobium-Pararhizobium-Rhizobium,loco_test_zhuang2018,logreg,0.0028507631479095202,1.76056783008838e-18,-0.00019586089889955975,0.00019586089889956366,233,ling2020+shanghai2022+kazakhstan2022
Alkalicoccus,loco_test_zhuang2018,logreg,0.0028445636063891334,1.0520543173711087e-18,0.00022598787247356093,-0.00022598787247355876,234,ling2020+shanghai2022+kazakhstan2022
Pseudenhygromyxa,loco_test_zhuang2018,logreg,0.0028243263745249317,-9.64120478381732e-19,-0.00022438011479731382,0.00022438011479731167,235,ling2020+shanghai2022+kazakhstan2022
Dinghuibacter,loco_test_zhuang2018,logreg,0.002815349225059677,-9.12746945208727e-19,-0.00022366692037129604,0.000223666920371294,236,ling2020+shanghai2022+kazakhstan2022
Luteolibacter,loco_test_zhuang2018,logreg,0.0028048627197895305,-9.530893516267922e-19,-0.00022283381436854696,0.00022283381436854525,237,ling2020+shanghai2022+kazakhstan2022
Anaerobacillus,loco_test_zhuang2018,logreg,0.002749377725729609,9.017158184537873e-19,0.00021842577943002558,-0.00021842577943002363,238,ling2020+shanghai2022+kazakhstan2022
Aquicella,loco_test_zhuang2018,logreg,0.0027452361517899984,-9.656963536324377e-19,-0.00021809674988004403,0.00021809674988004226,239,ling2020+shanghai2022+kazakhstan2022
Cellvibrio,loco_test_zhuang2018,logreg,0.0027248275422778185,-9.370154240695943e-19,-0.0002164753770151722,0.00021647537701517035,240,ling2020+shanghai2022+kazakhstan2022
Roseburia,loco_test_zhuang2018,logreg,0.002716627549317651,-3.025680481354896e-19,0.0003584307892649337,-0.00035843078926493446,241,ling2020+shanghai2022+kazakhstan2022
CL500-29 marine group,loco_test_zhuang2018,logreg,0.002693074237317604,9.108558949078801e-19,0.00021395271877126958,-0.00021395271877126777,242,ling2020+shanghai2022+kazakhstan2022
Candidatus Solibacter,loco_test_zhuang2018,logreg,0.0026557468270801796,8.850115407963071e-19,0.00021098722276142253,-0.0002109872227614207,243,ling2020+shanghai2022+kazakhstan2022
Lysobacter,loco_test_zhuang2018,logreg,0.002604816251700856,3.328248529490386e-19,0.0001963728912893342,-0.00019637289128933324,244,ling2020+shanghai2022+kazakhstan2022
Brevundimonas,loco_test_zhuang2018,logreg,0.0026046374900439598,7.475952189347722e-19,8.59166718072928e-05,-8.591667180729138e-05,245,ling2020+shanghai2022+kazakhstan2022
Caenimonas,loco_test_zhuang2018,logreg,0.0025794705593047158,-8.389959834757014e-19,-0.00020492741399635094,0.00020492741399634901,246,ling2020+shanghai2022+kazakhstan2022
Microlunatus,loco_test_zhuang2018,logreg,0.0025706018199782555,-8.957274925011056e-19,-0.00020422283227161547,0.00020422283227161377,247,ling2020+shanghai2022+kazakhstan2022
Lachnospiraceae NK3A20 group,loco_test_zhuang2018,logreg,0.002570532123971729,9.187352711614086e-19,0.0002042172952352139,-0.00020421729523521217,248,ling2020+shanghai2022+kazakhstan2022
Enteroscipio,loco_test_zhuang2018,logreg,0.002541880692205001,7.816341243500149e-19,0.00020194106696113303,-0.0002019410669611313,249,ling2020+shanghai2022+kazakhstan2022
Dactylosporangium,loco_test_zhuang2018,logreg,0.0025203496751204702,9.225173717631022e-19,0.00020023052382819127,-0.00020023052382818954,250,ling2020+shanghai2022+kazakhstan2022
Puia,loco_test_zhuang2018,logreg,0.002518170261000858,-7.866769251522729e-19,-0.00020005737911136251,0.00020005737911136062,251,ling2020+shanghai2022+kazakhstan2022
mle1-7,loco_test_zhuang2018,logreg,0.002499202094737074,-8.3773528327513685e-19,-0.00019855044302842536,0.0001985504430284236,252,ling2020+shanghai2022+kazakhstan2022
RB41,loco_test_zhuang2018,logreg,0.0024901621504978986,-8.77762514643061e-19,-0.00019783225983811023,0.00019783225983810844,253,ling2020+shanghai2022+kazakhstan2022
Polycyclovorans,loco_test_zhuang2018,logreg,0.00248255251312568,-8.733500639410851e-19,-0.00019722770813950148,0.00019722770813949988,254,ling2020+shanghai2022+kazakhstan2022
Aridibacter,loco_test_zhuang2018,logreg,0.0024529912006623885,-8.755562892920731e-19,-0.0001948791939083203,0.00019487919390831848,255,ling2020+shanghai2022+kazakhstan2022
Archangium,loco_test_zhuang2018,logreg,0.0024278402941778246,-8.471905347793709e-19,-0.00019288106673181351,0.0001928810667318119,256,ling2020+shanghai2022+kazakhstan2022
Bdellovibrio,loco_test_zhuang2018,logreg,0.0024146413344354007,9.048675689551986e-19,0.00019183246833719345,-0.0001918324683371917,257,ling2020+shanghai2022+kazakhstan2022
wb1-P19,loco_test_zhuang2018,logreg,0.002391996518809802,-7.84470699801285e-19,-0.00019003343888526227,0.0001900334388852608,258,ling2020+shanghai2022+kazakhstan2022
Actinocorallia,loco_test_zhuang2018,logreg,0.002386655423878948,-7.772216736480389e-19,-0.0001896091127505287,0.000189609112750527,259,ling2020+shanghai2022+kazakhstan2022
Pseudorhodoplanes,loco_test_zhuang2018,logreg,0.002372429529670971,7.756457983973332e-19,0.0001884789289997158,-0.00018847892899971424,260,ling2020+shanghai2022+kazakhstan2022
Ferruginibacter,loco_test_zhuang2018,logreg,0.0022604396346407613,-8.276496816706205e-19,-0.00017958183207434923,0.00017958183207434757,261,ling2020+shanghai2022+kazakhstan2022
Sanguibacteroides,loco_test_zhuang2018,logreg,0.002250206466125309,1.0640309692764718e-18,-2.6626960431297808e-05,2.6626960431299973e-05,262,ling2020+shanghai2022+kazakhstan2022
Succinivibrio,loco_test_zhuang2018,logreg,0.002204229475509543,-7.346730418789857e-19,-0.00017511618601006974,0.00017511618601006795,263,ling2020+shanghai2022+kazakhstan2022
JGI 0001001-H03,loco_test_zhuang2018,logreg,0.0021554028204989295,-7.11980438268824e-19,-0.00017123712636764687,0.00017123712636764538,264,ling2020+shanghai2022+kazakhstan2022
wb1-A12,loco_test_zhuang2018,logreg,0.002142517507702432,6.7478978235217e-19,0.000170213445821887,-0.00017021344582188557,265,ling2020+shanghai2022+kazakhstan2022
Nocardioides,loco_test_zhuang2018,logreg,0.002004368454476727,3.050894485366187e-19,-0.0004024608667116577,0.0004024608667116583,266,ling2020+shanghai2022+kazakhstan2022
Polyangium,loco_test_zhuang2018,logreg,0.0020035676667492916,7.198598145223524e-19,0.0001591745016172259,-0.00015917450161722447,267,ling2020+shanghai2022+kazakhstan2022
Muribaculum,loco_test_zhuang2018,logreg,0.001993747939088813,6.052936837960498e-19,0.000158394368117213,-0.0001583943681172116,268,ling2020+shanghai2022+kazakhstan2022
Altererythrobacter,loco_test_zhuang2018,logreg,0.001989981891676876,6.924395851600736e-19,0.0001580951724724587,-0.00015809517247245727,269,ling2020+shanghai2022+kazakhstan2022
Luedemannella,loco_test_zhuang2018,logreg,0.001972456482935933,-6.399629393115746e-19,-0.00015670285703022364,0.00015670285703022236,270,ling2020+shanghai2022+kazakhstan2022
Diaphorobacter,loco_test_zhuang2018,logreg,0.0019255922873446893,6.728987320513233e-19,0.0001529797060227854,-0.00015297970602278407,271,ling2020+shanghai2022+kazakhstan2022
Lechevalieria,loco_test_zhuang2018,logreg,0.0019163997592132008,-7.0252518676459e-19,-0.00015224940072378537,0.00015224940072378412,272,ling2020+shanghai2022+kazakhstan2022
Gemmatimonas,loco_test_zhuang2018,logreg,0.001916376606857194,6.4579367773918565e-19,0.0001522475613725174,-0.0001522475613725159,273,ling2020+shanghai2022+kazakhstan2022
Arenimonas,loco_test_zhuang2018,logreg,0.0018926662737544476,-1.2751982528710322e-18,0.0003165985213783705,-0.00031659852137837317,274,ling2020+shanghai2022+kazakhstan2022
Burkholderia-Caballeronia-Paraburkholderia,loco_test_zhuang2018,logreg,0.0018791079618230829,6.294045751318466e-19,0.00014928673399558176,-0.00014928673399558062,275,ling2020+shanghai2022+kazakhstan2022
Bryobacter,loco_test_zhuang2018,logreg,0.0018311091020813779,6.271983497808587e-19,0.00014547343898969032,-0.00014547343898968916,276,ling2020+shanghai2022+kazakhstan2022
OM27 clade,loco_test_zhuang2018,logreg,0.001816141731981556,6.290894000817054e-19,0.0001442843482912836,-0.00014428434829128246,277,ling2020+shanghai2022+kazakhstan2022
Marmoricola,loco_test_zhuang2018,logreg,0.0018003027572426743,-5.808676174101119e-19,-0.00014302601249757427,0.0001430260124975731,278,ling2020+shanghai2022+kazakhstan2022
Nitrolancea,loco_test_zhuang2018,logreg,0.0017952688217915027,5.766127542332065e-19,0.00014262608881148616,-0.00014262608881148475,279,ling2020+shanghai2022+kazakhstan2022
Campylobacter,loco_test_zhuang2018,logreg,0.0016859203797314087,5.862255932625111e-19,0.00013393884352579276,-0.0001339388435257916,280,ling2020+shanghai2022+kazakhstan2022
Dongia,loco_test_zhuang2018,logreg,0.0016839155182024257,-6.11754772323943e-19,-0.00013377956623260043,0.00013377956623259935,281,ling2020+shanghai2022+kazakhstan2022
Prevotella_7,loco_test_zhuang2018,logreg,0.0016742164621250872,-5.826010801858881e-19,-0.00013300901955085417,0.00013300901955085306,282,ling2020+shanghai2022+kazakhstan2022
Ahniella,loco_test_zhuang2018,logreg,0.0016718097509323114,-5.696789031301015e-19,-0.00013281781709684963,0.00013281781709684838,283,ling2020+shanghai2022+kazakhstan2022
Fluviicola,loco_test_zhuang2018,logreg,0.0016708223344364434,-5.539201506230448e-19,-0.00013273937126683007,0.0001327393712668289,284,ling2020+shanghai2022+kazakhstan2022
Ellin6055,loco_test_zhuang2018,logreg,0.0016615414682903857,-5.788189795841945e-19,-0.0001320020479071594,0.00013200204790715818,285,ling2020+shanghai2022+kazakhstan2022
Lysinibacillus,loco_test_zhuang2018,logreg,0.0016392604564515415,5.121594564793444e-19,0.00013023192104105275,-0.00013023192104105155,286,ling2020+shanghai2022+kazakhstan2022
Harryflintia,loco_test_zhuang2018,logreg,0.001599919060536528,-1.3048247075842989e-18,5.900232204808955e-05,-5.900232204809213e-05,287,ling2020+shanghai2022+kazakhstan2022
Porphyromonas,loco_test_zhuang2018,logreg,0.001581099156601187,1.1434550819120378e-18,-0.00019050087002614894,0.0001905008700261512,288,ling2020+shanghai2022+kazakhstan2022
Aliihoeflea,loco_test_zhuang2018,logreg,0.0015686023710823926,-5.129473941046972e-19,-0.00012461845177294995,0.0001246184517729489,289,ling2020+shanghai2022+kazakhstan2022
Reyranella,loco_test_zhuang2018,logreg,0.0015486414592476474,4.997100419987696e-19,0.00012303264648878104,-0.00012303264648877996,290,ling2020+shanghai2022+kazakhstan2022
Opitutus,loco_test_zhuang2018,logreg,0.0015267155591986569,5.269726838359777e-19,0.00012129073166817029,-0.0001212907316681692,291,ling2020+shanghai2022+kazakhstan2022
Pseudoflavonifractor,loco_test_zhuang2018,logreg,0.0015071780868688447,4.949824162466526e-19,0.00011973856676125502,-0.00011973856676125395,292,ling2020+shanghai2022+kazakhstan2022
Longimicrobium,loco_test_zhuang2018,logreg,0.0014630064922740958,-5.280757965114717e-19,-0.0001162293308757185,0.00011622933087571744,293,ling2020+shanghai2022+kazakhstan2022
UTCFX1,loco_test_zhuang2018,logreg,0.0014115543514107909,-4.332081064189901e-19,-0.00011214168810978014,0.00011214168810977926,294,ling2020+shanghai2022+kazakhstan2022
Nesterenkonia,loco_test_zhuang2018,logreg,0.0013523495811700995,-4.946672411965114e-19,-0.00010743813356913699,0.00010743813356913611,295,ling2020+shanghai2022+kazakhstan2022
Erysipelotrichaceae UCG-006,loco_test_zhuang2018,logreg,0.0013494647055449919,-4.9569156010947e-19,-0.00020438753604135794,0.00020438753604135705,296,ling2020+shanghai2022+kazakhstan2022
Undibacterium,loco_test_zhuang2018,logreg,0.0013492292744647692,4.425057703981536e-19,0.00010719023913913771,-0.00010719023913913671,297,ling2020+shanghai2022+kazakhstan2022
Gaiella,loco_test_zhuang2018,logreg,0.0013469004702957497,-4.880485651435475e-19,-0.00010700522605017659,0.00010700522605017585,298,ling2020+shanghai2022+kazakhstan2022
Pontibacter,loco_test_zhuang2018,logreg,0.0013131250799316967,4.454999333744943e-19,0.00010432192215315977,-0.0001043219221531589,299,ling2020+shanghai2022+kazakhstan2022
Psychrobacillus,loco_test_zhuang2018,logreg,0.0013129589931366679,-4.735505128370553e-19,-0.00010430872729916868,0.00010430872729916778,300,ling2020+shanghai2022+kazakhstan2022
Eubacterium oxidoreducens group,loco_test_zhuang2018,logreg,0.0012822752121536456,-4.213890420386975e-19,-0.00010187103795792027,0.00010187103795791933,301,ling2020+shanghai2022+kazakhstan2022
Nitrosospira,loco_test_zhuang2018,logreg,0.0012751673872438362,4.77332613438749e-19,0.00010130635301796171,-0.00010130635301796064,302,ling2020+shanghai2022+kazakhstan2022
Vicinamibacter,loco_test_zhuang2018,logreg,0.001271694871794092,4.636224987576096e-19,0.00010103047717645937,-0.00010103047717645849,303,ling2020+shanghai2022+kazakhstan2022
UCG-004,loco_test_zhuang2018,logreg,0.001271374808211387,-3.076108489377478e-19,-0.0002900077564702637,0.00029000775647026306,304,ling2020+shanghai2022+kazakhstan2022
Cutibacterium,loco_test_zhuang2018,logreg,0.0012296460438176,-1.1180046966131412e-18,9.282827758943566e-06,-9.282827758945772e-06,305,ling2020+shanghai2022+kazakhstan2022
Hassallia,loco_test_zhuang2018,logreg,0.0012216962028620626,-4.421905953480124e-19,-9.705830626311423e-05,9.705830626311334e-05,306,ling2020+shanghai2022+kazakhstan2022
Nannocystis,loco_test_zhuang2018,logreg,0.0012203449742703807,4.2658943036602626e-19,9.695095718715267e-05,-9.695095718715197e-05,307,ling2020+shanghai2022+kazakhstan2022
Pseudolabrys,loco_test_zhuang2018,logreg,0.0012183161230596218,3.9649021307754782e-19,9.678977402090007e-05,-9.678977402089936e-05,308,ling2020+shanghai2022+kazakhstan2022
Thermus,loco_test_zhuang2018,logreg,0.0011918491356033205,7.816341243500148e-20,3.457290476361978e-05,-3.4572904763619616e-05,309,ling2020+shanghai2022+kazakhstan2022
Z20,loco_test_zhuang2018,logreg,0.001165826776335709,3.7978593542006766e-19,9.261972988231195e-05,-9.261972988231109e-05,310,ling2020+shanghai2022+kazakhstan2022
Mogibacterium,loco_test_zhuang2018,logreg,0.001151983294654151,-2.672684425196825e-19,-0.00020631508988342177,0.00020631508988342115,311,ling2020+shanghai2022+kazakhstan2022
Phenylobacterium,loco_test_zhuang2018,logreg,0.0011293777266998936,-3.761614223434446e-19,-8.972401569881467e-05,8.972401569881391e-05,312,ling2020+shanghai2022+kazakhstan2022
BIyi10,loco_test_zhuang2018,logreg,0.0011099812892594858,3.608754324115996e-19,8.81830553838902e-05,-8.818305538388942e-05,313,ling2020+shanghai2022+kazakhstan2022
Nordella,loco_test_zhuang2018,logreg,0.0011096458912156595,-3.941264002014893e-19,-8.81564095074591e-05,8.815640950745834e-05,314,ling2020+shanghai2022+kazakhstan2022
Nitrospira,loco_test_zhuang2018,logreg,0.0011080356725800856,-3.78210060169362e-19,0.00011424730118514324,-0.00011424730118514385,315,ling2020+shanghai2022+kazakhstan2022
Angelakisella,loco_test_zhuang2018,logreg,0.0010873064815884758,3.1801162559240524e-19,8.638164319791927e-05,-8.638164319791854e-05,316,ling2020+shanghai2022+kazakhstan2022
Negativibacillus,loco_test_zhuang2018,logreg,0.0010613647494833276,3.78210060169362e-20,-3.878144310990494e-05,3.878144310990497e-05,317,ling2020+shanghai2022+kazakhstan2022
Ammoniphilus,loco_test_zhuang2018,logreg,0.0010444505762659637,3.471653177304602e-19,8.297693294816078e-05,-8.297693294816013e-05,318,ling2020+shanghai2022+kazakhstan2022
Taibaiella,loco_test_zhuang2018,logreg,0.0010430219018377443,-3.4322562960369603e-19,-8.286343114642026e-05,8.286343114641955e-05,319,ling2020+shanghai2022+kazakhstan2022
OLB17,loco_test_zhuang2018,logreg,0.0010353713305410414,-3.709610340161159e-19,-8.225562743035441e-05,8.225562743035368e-05,320,ling2020+shanghai2022+kazakhstan2022
Oceanicaulis,loco_test_zhuang2018,logreg,0.0010152870271849775,3.2171493243156355e-19,8.066001924098016e-05,-8.066001924097945e-05,321,ling2020+shanghai2022+kazakhstan2022
Mesorhizobium,loco_test_zhuang2018,logreg,0.0009882316683228504,-3.2596979560846887e-19,-7.851059182985535e-05,7.851059182985466e-05,322,ling2020+shanghai2022+kazakhstan2022
Curvibacter,loco_test_zhuang2018,logreg,0.0009731279337083259,-5.994629453684387e-19,6.669118032224936e-05,-6.669118032225047e-05,323,ling2020+shanghai2022+kazakhstan2022
Lactococcus,loco_test_zhuang2018,logreg,0.0009493717014691511,1.512840240677448e-20,-7.66352537460605e-06,7.663525374606073e-06,324,ling2020+shanghai2022+kazakhstan2022
Achromobacter,loco_test_zhuang2018,logreg,0.000947381746068537,-2.9941629763407826e-19,0.00012937807841484686,-0.0001293780784148475,325,ling2020+shanghai2022+kazakhstan2022
Sulfurifustis,loco_test_zhuang2018,logreg,0.0009123320476855733,2.8822758335406796e-19,7.248070599751084e-05,-7.248070599751026e-05,326,ling2020+shanghai2022+kazakhstan2022
Shuttleworthia,loco_test_zhuang2018,logreg,0.0009064173366434831,5.909532190146281e-19,0.00026748715953451034,-0.00026748715953450915,327,ling2020+shanghai2022+kazakhstan2022
Paenibacillus,loco_test_zhuang2018,logreg,0.0009034271300575109,-3.316429465110093e-19,-7.177325006831383e-05,7.177325006831318e-05,328,ling2020+shanghai2022+kazakhstan2022
Caulobacter,loco_test_zhuang2018,logreg,0.0009030701933601157,-3.1738127549212297e-19,-7.174489304206521e-05,7.174489304206464e-05,329,ling2020+shanghai2022+kazakhstan2022
Stenotrophomonas,loco_test_zhuang2018,logreg,0.0008977075452705055,3.1107777448930025e-19,7.131885460514171e-05,-7.131885460514115e-05,330,ling2020+shanghai2022+kazakhstan2022
P3OB-42,loco_test_zhuang2018,logreg,0.00088174695570662,3.229756326321281e-19,7.005085705681311e-05,-7.005085705681257e-05,331,ling2020+shanghai2022+kazakhstan2022
Sneathia,loco_test_zhuang2018,logreg,0.0008805663995001767,3.0548341734929513e-19,6.995706713950195e-05,-6.995706713950132e-05,332,ling2020+shanghai2022+kazakhstan2022
Lacibacter,loco_test_zhuang2018,logreg,0.000873575173114576,-3.080836115129595e-19,-6.940164543147116e-05,6.940164543147057e-05,333,ling2020+shanghai2022+kazakhstan2022
Citrifermentans,loco_test_zhuang2018,logreg,0.0008548960765030849,-2.8791240830392685e-19,-6.791767464119682e-05,6.791767464119621e-05,334,ling2020+shanghai2022+kazakhstan2022
Pseudoduganella,loco_test_zhuang2018,logreg,0.0008389126760209002,3.0146493545999565e-19,6.66478648673008e-05,-6.66478648673002e-05,335,ling2020+shanghai2022+kazakhstan2022
Psychrobacter,loco_test_zhuang2018,logreg,0.0008205623247212801,3.2273925134452225e-19,-5.551353754035036e-05,5.5513537540351005e-05,336,ling2020+shanghai2022+kazakhstan2022
Ramlibacter,loco_test_zhuang2018,logreg,0.0008074106983346942,-2.5347953407600783e-19,-6.414517345269322e-05,6.414517345269263e-05,337,ling2020+shanghai2022+kazakhstan2022
Candidatus Entotheonella,loco_test_zhuang2018,logreg,0.0008034455715806167,2.968948972329492e-19,6.383016184345051e-05,-6.38301618434499e-05,338,ling2020+shanghai2022+kazakhstan2022
Blastococcus,loco_test_zhuang2018,logreg,0.0008026865043339041,2.705777805461644e-19,6.376985734128932e-05,-6.376985734128883e-05,339,ling2020+shanghai2022+kazakhstan2022
Dokdonella,loco_test_zhuang2018,logreg,0.0007934929324951663,2.866517081033623e-19,6.303946912441042e-05,-6.30394691244099e-05,340,ling2020+shanghai2022+kazakhstan2022
Bradyrhizobium,loco_test_zhuang2018,logreg,0.0007850656903825929,2.9264003405604386e-19,6.236996238124521e-05,-6.236996238124464e-05,341,ling2020+shanghai2022+kazakhstan2022
GCA-900066755,loco_test_zhuang2018,logreg,0.0007764301169748286,-2.1810113469766543e-19,0.00020354220736398357,-0.00020354220736398403,342,ling2020+shanghai2022+kazakhstan2022
Aquabacterium,loco_test_zhuang2018,logreg,0.0007725087256760224,2.8365754512702153e-19,6.137236762456976e-05,-6.137236762456928e-05,343,ling2020+shanghai2022+kazakhstan2022
Subgroup 10,loco_test_zhuang2018,logreg,0.0007655897929084493,-2.7231124332194065e-19,-6.082268932157123e-05,6.08226893215707e-05,344,ling2020+shanghai2022+kazakhstan2022
Rubrobacter,loco_test_zhuang2018,logreg,0.0007601727275443721,-2.5828595359066015e-19,-6.039232767526165e-05,6.0392327675261125e-05,345,ling2020+shanghai2022+kazakhstan2022
Steroidobacter,loco_test_zhuang2018,logreg,0.0007587326996343812,-2.7081416183377026e-19,-6.0277923890107924e-05,6.0277923890107375e-05,346,ling2020+shanghai2022+kazakhstan2022
Agromyces,loco_test_zhuang2018,logreg,0.0007556866018549394,2.5332194655093725e-19,6.003592502779507e-05,-6.003592502779458e-05,347,ling2020+shanghai2022+kazakhstan2022
Kribbella,loco_test_zhuang2018,logreg,0.0007133494433358053,2.403997694951507e-19,5.667242689443465e-05,-5.6672426894434145e-05,348,ling2020+shanghai2022+kazakhstan2022
Pedomicrobium,loco_test_zhuang2018,logreg,0.0007036719142114006,-2.483579395112144e-19,-5.590359043294264e-05,5.590359043294215e-05,349,ling2020+shanghai2022+kazakhstan2022
Pannonibacter,loco_test_zhuang2018,logreg,0.0007024342059405134,2.3984821315740376e-19,5.5805260039397396e-05,-5.580526003939697e-05,350,ling2020+shanghai2022+kazakhstan2022
Phaselicystis,loco_test_zhuang2018,logreg,0.0006666839711382282,2.52140040112908e-19,5.2965063572968516e-05,-5.296506357296803e-05,351,ling2020+shanghai2022+kazakhstan2022
Sediminibacterium,loco_test_zhuang2018,logreg,0.00066152930765283,2.263744797638702e-19,5.255554858382716e-05,-5.2555548583826735e-05,352,ling2020+shanghai2022+kazakhstan2022
Skermanella,loco_test_zhuang2018,logreg,0.0006549870620978079,2.2101650391147094e-19,5.2035796397284964e-05,-5.20357963972845e-05,353,ling2020+shanghai2022+kazakhstan2022
Chthoniobacter,loco_test_zhuang2018,logreg,0.0006287719285314498,-2.1644646568442446e-19,-4.9953121132803286e-05,4.9953121132802886e-05,354,ling2020+shanghai2022+kazakhstan2022
Sandaracinus,loco_test_zhuang2018,logreg,0.0006263639206999614,-2.0541533892948474e-19,-4.9761815666644795e-05,4.976181566664443e-05,355,ling2020+shanghai2022+kazakhstan2022
Candidatus Nitrocosmicus,loco_test_zhuang2018,logreg,0.0006180449431349996,-2.0840950190582552e-19,-4.9100910058192814e-05,4.910091005819238e-05,356,ling2020+shanghai2022+kazakhstan2022
Aeromicrobium,loco_test_zhuang2018,logreg,0.0005803391753036231,2.026575572407498e-19,4.61053552275482e-05,-4.610535522754782e-05,357,ling2020+shanghai2022+kazakhstan2022
Tumebacillus,loco_test_zhuang2018,logreg,0.0005425691680876525,-1.6838227053790137e-19,-4.3104696864741096e-05,4.310469686474076e-05,358,ling2020+shanghai2022+kazakhstan2022
Flavitalea,loco_test_zhuang2018,logreg,0.0005379323543440524,1.9225678058609236e-19,4.273632272446218e-05,-4.2736322724461824e-05,359,ling2020+shanghai2022+kazakhstan2022
Pseudoxanthomonas,loco_test_zhuang2018,logreg,0.0005370493594271163,1.944630059370803e-19,4.2666172722460054e-05,-4.266617272245972e-05,360,ling2020+shanghai2022+kazakhstan2022
BD1-7 clade,loco_test_zhuang2018,logreg,0.0005325536336157789,-1.880807111717223e-19,-4.2309007388189925e-05,4.230900738818953e-05,361,ling2020+shanghai2022+kazakhstan2022
Lachnospiraceae NC2004 group,loco_test_zhuang2018,logreg,0.0005228175151588744,3.4129025781142313e-19,3.9714549149605895e-05,-3.971454914960526e-05,362,ling2020+shanghai2022+kazakhstan2022
MND1,loco_test_zhuang2018,logreg,0.000507582330860563,-1.6282731027916388e-19,-4.032514892572868e-05,4.0325148925728335e-05,363,ling2020+shanghai2022+kazakhstan2022
Paenisporosarcina,loco_test_zhuang2018,logreg,0.0005000831645504239,1.3276748987195312e-19,-2.7370767358539826e-05,2.7370767358540107e-05,364,ling2020+shanghai2022+kazakhstan2022
ADurb.Bin063-1,loco_test_zhuang2018,logreg,0.00048075116615885053,1.5975435354028781e-19,3.819353273922174e-05,-3.8193532739221395e-05,365,ling2020+shanghai2022+kazakhstan2022
Prevotellaceae UCG-003,loco_test_zhuang2018,logreg,0.0004785866330168151,1.7279472123987727e-19,3.802157024959117e-05,-3.802157024959082e-05,366,ling2020+shanghai2022+kazakhstan2022
Asteroleplasma,loco_test_zhuang2018,logreg,0.0004406673169115619,-1.3954375344998753e-19,-3.500904996246129e-05,3.500904996246101e-05,367,ling2020+shanghai2022+kazakhstan2022
Hyphomicrobium,loco_test_zhuang2018,logreg,0.0004062187831466171,1.3832245013069062e-19,3.2272267829030443e-05,-3.227226782903014e-05,368,ling2020+shanghai2022+kazakhstan2022
Vibrionimonas,loco_test_zhuang2018,logreg,0.0004040425550397,1.2189395064208396e-19,3.2099376226678886e-05,-3.209937622667865e-05,369,ling2020+shanghai2022+kazakhstan2022
Methyloversatilis,loco_test_zhuang2018,logreg,0.0004040425550397,1.2189395064208396e-19,3.2099376226678886e-05,-3.209937622667865e-05,370,ling2020+shanghai2022+kazakhstan2022
Citricoccus,loco_test_zhuang2018,logreg,0.0004040425550397,1.2189395064208396e-19,3.2099376226678886e-05,-3.209937622667865e-05,371,ling2020+shanghai2022+kazakhstan2022
Candidatus Udaeobacter,loco_test_zhuang2018,logreg,0.0003978004311622943,-1.487232267853481e-19,-3.160346736684435e-05,3.1603467366844074e-05,372,ling2020+shanghai2022+kazakhstan2022
Chryseolinea,loco_test_zhuang2018,logreg,0.0003754275393714202,-1.229576664363103e-19,-2.9826041048956926e-05,2.9826041048956645e-05,373,ling2020+shanghai2022+kazakhstan2022
Terrimonas,loco_test_zhuang2018,logreg,0.0003365133700832197,-1.1949074088475782e-19,-2.6734484120237146e-05,2.6734484120236936e-05,374,ling2020+shanghai2022+kazakhstan2022
Rhizocola,loco_test_zhuang2018,logreg,0.0003339853654972401,1.0605640437249193e-19,2.6533645447934034e-05,-2.653364544793381e-05,375,ling2020+shanghai2022+kazakhstan2022
Edaphobaculum,loco_test_zhuang2018,logreg,0.00032705847494232914,1.1531467147038777e-19,2.5983334934277224e-05,-2.598333493427701e-05,376,ling2020+shanghai2022+kazakhstan2022
Comamonas,loco_test_zhuang2018,logreg,0.00028971311907662376,1.0381078214023634e-19,2.3016413224422427e-05,-2.3016413224422214e-05,377,ling2020+shanghai2022+kazakhstan2022
V9D2013 group,loco_test_zhuang2018,logreg,0.000287250789833967,-9.612839029304618e-20,-2.2820792164788683e-05,2.2820792164788493e-05,378,ling2020+shanghai2022+kazakhstan2022
Virgisporangium,loco_test_zhuang2018,logreg,0.00027592531316821076,-1.0369259149643342e-19,-2.1921033632163663e-05,2.192103363216346e-05,379,ling2020+shanghai2022+kazakhstan2022
Bauldia,loco_test_zhuang2018,logreg,0.0002677729048226985,-9.404035558586115e-20,-2.1273361204168034e-05,2.1273361204167838e-05,380,ling2020+shanghai2022+kazakhstan2022
Solirubrobacter,loco_test_zhuang2018,logreg,0.0002553483991902469,-8.046812998915853e-20,-2.028628972926518e-05,2.0286289729265012e-05,381,ling2020+shanghai2022+kazakhstan2022
Sporosarcina,loco_test_zhuang2018,logreg,0.00022049986291878163,7.09340847223892e-20,1.7517729183416446e-05,-1.7517729183416283e-05,382,ling2020+shanghai2022+kazakhstan2022
IS-44,loco_test_zhuang2018,logreg,0.00021031104622364907,-7.386915237682851e-20,-1.6708273208241776e-05,1.6708273208241634e-05,383,ling2020+shanghai2022+kazakhstan2022
Enhydrobacter,loco_test_zhuang2018,logreg,0.0002020585691833128,-6.376385233167837e-20,-7.297951401086687e-06,7.297951401086576e-06,384,ling2020+shanghai2022+kazakhstan2022
Paludicola,loco_test_zhuang2018,logreg,0.00019928689835195748,8.19455130366951e-21,-2.815649442264908e-05,2.815649442264909e-05,385,ling2020+shanghai2022+kazakhstan2022
Leucobacter,loco_test_zhuang2018,logreg,0.00016679809300494016,5.462377587758546e-20,1.32513634380222e-05,-1.3251363438022091e-05,386,ling2020+shanghai2022+kazakhstan2022
Afipia,loco_test_zhuang2018,logreg,0.00016546442834470713,5.923321098589956e-20,1.3145409737959997e-05,-1.3145409737959879e-05,387,ling2020+shanghai2022+kazakhstan2022
Ellin6067,loco_test_zhuang2018,logreg,0.00016225662048736632,-5.44661883525149e-20,-1.28905637322823e-05,1.2890563732282172e-05,388,ling2020+shanghai2022+kazakhstan2022
Hirschia,loco_test_zhuang2018,logreg,0.00010189812866081516,3.6639099578906944e-20,8.095351165068869e-06,-8.0953511650688e-06,389,ling2020+shanghai2022+kazakhstan2022
Ralstonia,loco_test_zhuang2018,logreg,9.119820673289892e-05,3.219710121598032e-20,7.2452901621467235e-06,-7.2452901621466625e-06,390,ling2020+shanghai2022+kazakhstan2022
Pajaroellobacter,loco_test_zhuang2018,logreg,4.749809238456838e-05,1.5827697049275124e-20,3.773511276187243e-06,-3.7735112761872097e-06,391,ling2020+shanghai2022+kazakhstan2022
Stenotrophobacter,loco_test_zhuang2018,logreg,4.724181936349013e-05,-1.624628891274382e-20,-3.7531515293790665e-06,3.753151529379031e-06,392,ling2020+shanghai2022+kazakhstan2022
YC-ZSS-LKJ147,loco_test_zhuang2018,logreg,3.7730406490926287e-05,-1.1947104244412398e-20,-2.997512262090239e-06,2.997512262090212e-06,393,ling2020+shanghai2022+kazakhstan2022
SWB02,loco_test_zhuang2018,logreg,3.335833654110204e-05,-1.1021277534622814e-20,-2.6501708336731845e-06,2.6501708336731646e-06,394,ling2020+shanghai2022+kazakhstan2022
Methyloceanibacter,loco_test_zhuang2018,logreg,3.315578774315686e-05,1.079967007749233e-20,2.634079236418371e-06,-2.6340792364183495e-06,395,ling2020+shanghai2022+kazakhstan2022
Legionella,loco_test_zhuang2018,logreg,1.6282948129167763e-06,5.169301725703479e-22,1.2936074964338765e-07,-1.2936074964338664e-07,396,ling2020+shanghai2022+kazakhstan2022
Akkermansia,loco_test_zhuang2018,lgbm,0.8439510791216351,-0.30854912072052826,-0.16989077185639728,-0.4472074695846593,1,ling2020+shanghai2022+kazakhstan2022
Lactobacillus,loco_test_zhuang2018,lgbm,0.7072489694984095,-0.17296212521798723,-0.20094243849754578,-0.14498181193842866,2,ling2020+shanghai2022+kazakhstan2022
Dorea,loco_test_zhuang2018,lgbm,0.5177305097562441,0.14300387696792632,0.1526632138492511,0.13334454008660163,3,ling2020+shanghai2022+kazakhstan2022
Bilophila,loco_test_zhuang2018,lgbm,0.4918982436779475,0.06600018986745927,-0.03306457123878567,0.16506495097370427,4,ling2020+shanghai2022+kazakhstan2022
Tyzzerella,loco_test_zhuang2018,lgbm,0.4506333994061832,-0.07576306596472099,-0.004090942734163043,-0.14743518919527898,5,ling2020+shanghai2022+kazakhstan2022
Faecalibacterium,loco_test_zhuang2018,lgbm,0.3775449492082466,-0.04575082565924297,-0.03027970685807568,-0.06122194446041028,6,ling2020+shanghai2022+kazakhstan2022
Erysipelatoclostridium,loco_test_zhuang2018,lgbm,0.3643581226862611,0.13389645677460157,0.05942819163540282,0.2083647219138004,7,ling2020+shanghai2022+kazakhstan2022
Romboutsia,loco_test_zhuang2018,lgbm,0.3457356603906224,-0.001123660954296849,0.014747035035146966,-0.016994356943740664,8,ling2020+shanghai2022+kazakhstan2022
Sellimonas,loco_test_zhuang2018,lgbm,0.34554693216317933,0.11851402544120836,0.1363851784429727,0.100642872439444,9,ling2020+shanghai2022+kazakhstan2022
Lachnospira,loco_test_zhuang2018,lgbm,0.2883664964745316,0.02853384639156613,0.06636738578221624,-0.009299692999083991,10,ling2020+shanghai2022+kazakhstan2022
Ruminococcus gnavus group,loco_test_zhuang2018,lgbm,0.28679993511626456,0.10541148765960179,0.022232930013541922,0.18859004530566173,11,ling2020+shanghai2022+kazakhstan2022
Ruminococcus torques group,loco_test_zhuang2018,lgbm,0.2705436347206199,0.12818762559143462,0.13965290000338326,0.11672235117948593,12,ling2020+shanghai2022+kazakhstan2022
Streptococcus,loco_test_zhuang2018,lgbm,0.24880426796936064,0.12119560457501802,0.13508857534876403,0.10730263380127204,13,ling2020+shanghai2022+kazakhstan2022
Coprococcus,loco_test_zhuang2018,lgbm,0.2206432100171486,-0.0543573413997211,-0.0594538958848879,-0.049260786914554336,14,ling2020+shanghai2022+kazakhstan2022
Incertae Sedis,loco_test_zhuang2018,lgbm,0.21404624222388785,0.04926785059433753,0.04969634874427427,0.04883935244440078,15,ling2020+shanghai2022+kazakhstan2022
[Clostridium] innocuum group,loco_test_zhuang2018,lgbm,0.21236596523625997,-0.1254169660989364,-0.11135481745180027,-0.1394791147460725,16,ling2020+shanghai2022+kazakhstan2022
[Eubacterium] ruminantium group,loco_test_zhuang2018,lgbm,0.1893955314562861,0.09218698206970762,0.1070020430918513,0.07737192104756392,17,ling2020+shanghai2022+kazakhstan2022
Eisenbergiella,loco_test_zhuang2018,lgbm,0.17358324880042192,-0.04524542050809002,0.004695191824762648,-0.0951860328409427,18,ling2020+shanghai2022+kazakhstan2022
Eubacterium eligens group,loco_test_zhuang2018,lgbm,0.1732029921195111,0.05477774274409202,0.010615072233878253,0.09894041325430583,19,ling2020+shanghai2022+kazakhstan2022
Hungatella,loco_test_zhuang2018,lgbm,0.17285195720214036,-0.01014910286648457,0.002750340570941489,-0.023048546303910625,20,ling2020+shanghai2022+kazakhstan2022
Eubacterium,loco_test_zhuang2018,lgbm,0.17053505581954181,-0.03106293559032516,-0.022922821170256274,-0.03920305001039404,21,ling2020+shanghai2022+kazakhstan2022
Enterococcus,loco_test_zhuang2018,lgbm,0.16258889503401583,0.013186617231751794,0.006161961096515747,0.020211273366987848,22,ling2020+shanghai2022+kazakhstan2022
Holdemania,loco_test_zhuang2018,lgbm,0.16255925363345666,0.034938508061373705,0.051719959501111634,0.018157056621635782,23,ling2020+shanghai2022+kazakhstan2022
Limosilactobacillus,loco_test_zhuang2018,lgbm,0.1608886861820961,0.03436507745032102,0.053789946338141506,0.014940208562500503,24,ling2020+shanghai2022+kazakhstan2022
Dialister,loco_test_zhuang2018,lgbm,0.1589793323360449,0.0026438828851334407,0.005089957524685178,0.00019780824558172442,25,ling2020+shanghai2022+kazakhstan2022
Oxalobacter,loco_test_zhuang2018,lgbm,0.15862112017663543,-0.09399559772176698,-0.08163359237672352,-0.1063576030668105,26,ling2020+shanghai2022+kazakhstan2022
Butyricimonas,loco_test_zhuang2018,lgbm,0.14852392488724364,0.04952831325625282,0.04034370618160193,0.058712920330903674,27,ling2020+shanghai2022+kazakhstan2022
Parabacteroides,loco_test_zhuang2018,lgbm,0.1398219729914747,-0.024365498551506267,-0.04058542016578209,-0.008145576937230432,28,ling2020+shanghai2022+kazakhstan2022
Bacteroides,loco_test_zhuang2018,lgbm,0.13900938365469023,0.05523303356393742,0.07702122518353101,0.033444841944343856,29,ling2020+shanghai2022+kazakhstan2022
Lachnospiraceae UCG-010,loco_test_zhuang2018,lgbm,0.13822472910684108,0.032907090451731465,0.07668521862288223,-0.010871037719419293,30,ling2020+shanghai2022+kazakhstan2022
Gordonibacter,loco_test_zhuang2018,lgbm,0.1361466319740931,-0.04724812579519799,-0.02354427525302009,-0.07095197633737588,31,ling2020+shanghai2022+kazakhstan2022
Anaerostipes,loco_test_zhuang2018,lgbm,0.13279859491142862,-0.10302088420946127,-0.09340183437686071,-0.11263993404206174,32,ling2020+shanghai2022+kazakhstan2022
Parvimonas,loco_test_zhuang2018,lgbm,0.12511855865926308,-0.011342982863780675,-0.015684165897247308,-0.007001799830314051,33,ling2020+shanghai2022+kazakhstan2022
Actinomyces,loco_test_zhuang2018,lgbm,0.12442125495004373,0.0341145057391872,0.03417792382642848,0.03405108765194593,34,ling2020+shanghai2022+kazakhstan2022
Atopobium,loco_test_zhuang2018,lgbm,0.12012294643576793,0.0445154087673878,0.05449939779743336,0.03453141973734227,35,ling2020+shanghai2022+kazakhstan2022
Castellaniella,loco_test_zhuang2018,lgbm,0.11960887127026804,0.11948324654255998,0.1191259561873964,0.1198405368977235,36,ling2020+shanghai2022+kazakhstan2022
Weissella,loco_test_zhuang2018,lgbm,0.11709826681195111,-0.03552833643890732,-0.001782801363378579,-0.06927387151443606,37,ling2020+shanghai2022+kazakhstan2022
Parasutterella,loco_test_zhuang2018,lgbm,0.11383613952299114,0.04913995357279957,0.05970524767686414,0.03857465946873496,38,ling2020+shanghai2022+kazakhstan2022
Lachnospiraceae UCG-001,loco_test_zhuang2018,lgbm,0.11281179380334147,-0.05022338748424272,-0.07432519694972085,-0.026121578018764587,39,ling2020+shanghai2022+kazakhstan2022
Odoribacter,loco_test_zhuang2018,lgbm,0.11193551323596225,0.04390787574611153,0.05029076046114543,0.037524991031077586,40,ling2020+shanghai2022+kazakhstan2022
Salipaludibacillus,loco_test_zhuang2018,lgbm,0.10211095721152476,0.07532800185464622,0.07488493522686711,0.07577106848242536,41,ling2020+shanghai2022+kazakhstan2022
Acinetobacter,loco_test_zhuang2018,lgbm,0.10184092900420925,-0.10161168485104098,-0.10250134053536285,-0.10072202916671898,42,ling2020+shanghai2022+kazakhstan2022
Agathobacter,loco_test_zhuang2018,lgbm,0.10144566588450665,0.010145504684624348,0.02316291598362621,-0.002871906614377514,43,ling2020+shanghai2022+kazakhstan2022
Lachnospiraceae ND3007 group,loco_test_zhuang2018,lgbm,0.0933163636456302,-0.04652308009609467,-0.02995521584661171,-0.06309094434557759,44,ling2020+shanghai2022+kazakhstan2022
Catabacter,loco_test_zhuang2018,lgbm,0.09283732758004541,0.026032990531643686,0.04081746520140518,0.011248515861882174,45,ling2020+shanghai2022+kazakhstan2022
CAG-56,loco_test_zhuang2018,lgbm,0.08765197518885864,0.017782830507144184,0.01555571034978353,0.020009950664504842,46,ling2020+shanghai2022+kazakhstan2022
Klebsiella,loco_test_zhuang2018,lgbm,0.08363602702837954,0.024726992175854376,0.0239833962372023,0.025470588114506434,47,ling2020+shanghai2022+kazakhstan2022
Bifidobacterium,loco_test_zhuang2018,lgbm,0.08348845460835676,-0.031096609107856336,-0.018268653485418358,-0.04392456473029439,48,ling2020+shanghai2022+kazakhstan2022
Ezakiella,loco_test_zhuang2018,lgbm,0.08113708849926043,-0.08113708849926043,-0.080878517200296,-0.08139565979822479,49,ling2020+shanghai2022+kazakhstan2022
Clostridium sensu stricto 1,loco_test_zhuang2018,lgbm,0.07514985347045448,-0.0037014906161291525,-0.010083348087325219,0.002680366855066914,50,ling2020+shanghai2022+kazakhstan2022
Haemophilus,loco_test_zhuang2018,lgbm,0.0657152562642799,0.03277674376948474,0.02944116092217778,0.03611232661679169,51,ling2020+shanghai2022+kazakhstan2022
Howardella,loco_test_zhuang2018,lgbm,0.06277064002730594,0.04706089841842898,0.04173169846801092,0.05239009836884703,52,ling2020+shanghai2022+kazakhstan2022
Eubacterium hallii group,loco_test_zhuang2018,lgbm,0.06198885428084137,0.04751000174069873,0.045720278430271176,0.04929972505112628,53,ling2020+shanghai2022+kazakhstan2022
Aquicella,loco_test_zhuang2018,lgbm,0.06030296235557526,-0.04037987239905941,-0.04038294959067806,-0.04037679520744078,54,ling2020+shanghai2022+kazakhstan2022
Flavonifractor,loco_test_zhuang2018,lgbm,0.05906367476853779,0.003575163925717319,-0.0020143218764343534,0.009164649727868986,55,ling2020+shanghai2022+kazakhstan2022
Colidextribacter,loco_test_zhuang2018,lgbm,0.05425659700228005,0.01670138825373335,0.0020343844451915865,0.03136839206227512,56,ling2020+shanghai2022+kazakhstan2022
Prevotella_9,loco_test_zhuang2018,lgbm,0.0540596601237208,0.019427198118262653,0.022944886254656172,0.015909509981869144,57,ling2020+shanghai2022+kazakhstan2022
Ruminococcus,loco_test_zhuang2018,lgbm,0.05313349484352567,0.0047777512177643346,-0.0025682755656841593,0.012123778001212839,58,ling2020+shanghai2022+kazakhstan2022
Monoglobus,loco_test_zhuang2018,lgbm,0.05194419429794455,0.009205589711620561,0.014671274922770284,0.003739904500470837,59,ling2020+shanghai2022+kazakhstan2022
Lachnospiraceae NC2004 group,loco_test_zhuang2018,lgbm,0.05178676140495238,0.04229442735564754,0.0366425051053719,0.047946349605923116,60,ling2020+shanghai2022+kazakhstan2022
Collinsella,loco_test_zhuang2018,lgbm,0.0511657438162301,0.005839500353226306,0.008056054469847156,0.0036229462366054576,61,ling2020+shanghai2022+kazakhstan2022
Eubacterium ventriosum group,loco_test_zhuang2018,lgbm,0.051088867429373325,0.009989044984634566,0.005027220831222434,0.0149508691380467,62,ling2020+shanghai2022+kazakhstan2022
Rhodoplanes,loco_test_zhuang2018,lgbm,0.05039581393197925,-0.05039581393197925,-0.04944073871218763,-0.05135088915177083,63,ling2020+shanghai2022+kazakhstan2022
Cloacibacillus,loco_test_zhuang2018,lgbm,0.04833822154093095,-0.019976154750251166,-0.01919394316444858,-0.020758366336053748,64,ling2020+shanghai2022+kazakhstan2022
Desulfovibrio,loco_test_zhuang2018,lgbm,0.0480219480297377,0.008657101525867008,0.01576421874475719,0.0015499843069768239,65,ling2020+shanghai2022+kazakhstan2022
Barnesiella,loco_test_zhuang2018,lgbm,0.04752312025214755,0.030179715480076728,0.027394639415671093,0.0329647915444824,66,ling2020+shanghai2022+kazakhstan2022
Gemella,loco_test_zhuang2018,lgbm,0.04611117631078781,0.03152176506872552,0.029332524337142698,0.03371100580030835,67,ling2020+shanghai2022+kazakhstan2022
Lacticaseibacillus,loco_test_zhuang2018,lgbm,0.045571604416368795,-0.023062870648114683,-0.025112316310213,-0.021013424986016355,68,ling2020+shanghai2022+kazakhstan2022
Allisonella,loco_test_zhuang2018,lgbm,0.0455423535846111,0.0011782100962171307,-0.0017251037181808503,0.004081523910615114,69,ling2020+shanghai2022+kazakhstan2022
Libanicoccus,loco_test_zhuang2018,lgbm,0.04546372824100909,0.020140923627299735,0.028804341655033996,0.011477505599565478,70,ling2020+shanghai2022+kazakhstan2022
Leuconostoc,loco_test_zhuang2018,lgbm,0.04372235407704699,0.003397517530660582,-0.012658404695067595,0.019453439756388764,71,ling2020+shanghai2022+kazakhstan2022
Latilactobacillus,loco_test_zhuang2018,lgbm,0.043436057282080914,0.007545103352204398,0.012821503502285433,0.002268703202123363,72,ling2020+shanghai2022+kazakhstan2022
Family XIII AD3011 group,loco_test_zhuang2018,lgbm,0.04297988033485827,0.002573371459503109,0.014388971176527219,-0.009242228257521001,73,ling2020+shanghai2022+kazakhstan2022
Paraprevotella,loco_test_zhuang2018,lgbm,0.042307829887971396,0.007952447069469891,0.004704789239062267,0.011200104899877517,74,ling2020+shanghai2022+kazakhstan2022
Papillibacter,loco_test_zhuang2018,lgbm,0.04204266653078301,-0.0020034369108331593,0.0021298472645401357,-0.006136721086206453,75,ling2020+shanghai2022+kazakhstan2022
Blautia,loco_test_zhuang2018,lgbm,0.041179284781303276,0.029379115779254977,0.02639643057155709,0.03236180098695288,76,ling2020+shanghai2022+kazakhstan2022
Eggerthella,loco_test_zhuang2018,lgbm,0.03995319441433935,-0.0008855326855746209,-0.0061239940676559475,0.004352928696506713,77,ling2020+shanghai2022+kazakhstan2022
Adlercreutzia,loco_test_zhuang2018,lgbm,0.03946500714511661,-0.012519962793122385,-0.008483551060173568,-0.016556374526071196,78,ling2020+shanghai2022+kazakhstan2022
Butyricicoccus,loco_test_zhuang2018,lgbm,0.03799425568390582,-0.013521920326713743,-0.01145988494351394,-0.015583955709913522,79,ling2020+shanghai2022+kazakhstan2022
Finegoldia,loco_test_zhuang2018,lgbm,0.03784291084643894,-0.006478801994716523,-0.0005471492481318084,-0.012410454741301235,80,ling2020+shanghai2022+kazakhstan2022
Rothia,loco_test_zhuang2018,lgbm,0.037393957381528425,0.002551656686969397,0.004442057652040446,0.0006612557218983471,81,ling2020+shanghai2022+kazakhstan2022
Roseburia,loco_test_zhuang2018,lgbm,0.035929845113171294,0.01499425678164241,0.013282423302099663,0.016706090261185143,82,ling2020+shanghai2022+kazakhstan2022
Prevotella,loco_test_zhuang2018,lgbm,0.03304911645928946,0.007602908124406887,0.0014358990943986205,0.013769917154415156,83,ling2020+shanghai2022+kazakhstan2022
Lacunisphaera,loco_test_zhuang2018,lgbm,0.032967731052854554,-0.012645410946179126,-0.009025099191652121,-0.01626572270070613,84,ling2020+shanghai2022+kazakhstan2022
Bacillus,loco_test_zhuang2018,lgbm,0.03296107032438418,-0.019611472784421723,-0.038561865523099995,-0.0006610800457434579,85,ling2020+shanghai2022+kazakhstan2022
Escherichia-Shigella,loco_test_zhuang2018,lgbm,0.03272712556239762,0.008570297048491476,0.009782154099104264,0.0073584399978786665,86,ling2020+shanghai2022+kazakhstan2022
DTU089,loco_test_zhuang2018,lgbm,0.03248998157786143,0.007595579537114115,0.006992557138161921,0.008198601936066321,87,ling2020+shanghai2022+kazakhstan2022
TM7x,loco_test_zhuang2018,lgbm,0.03083072842441622,-0.009796935796096957,-0.007322680207436023,-0.012271191384757903,88,ling2020+shanghai2022+kazakhstan2022
Lactiplantibacillus,loco_test_zhuang2018,lgbm,0.0294983622173278,0.013052811080571271,0.019518144200957523,0.006587477960185019,89,ling2020+shanghai2022+kazakhstan2022
[Eubacterium] xylanophilum group,loco_test_zhuang2018,lgbm,0.02794313895676786,0.011983942418890814,0.020711576841227975,0.0032563079965536416,90,ling2020+shanghai2022+kazakhstan2022
Cutibacterium,loco_test_zhuang2018,lgbm,0.0265699775989706,-0.011454288345814757,-0.010174050899684756,-0.012734525791944767,91,ling2020+shanghai2022+kazakhstan2022
Frisingicoccus,loco_test_zhuang2018,lgbm,0.02575002941596372,-0.0029020865648200227,-0.00252155715153772,-0.003282615978102325,92,ling2020+shanghai2022+kazakhstan2022
UC5-1-2E3,loco_test_zhuang2018,lgbm,0.024988566584805656,0.012405984470548399,0.019160844342412827,0.00565112459868397,93,ling2020+shanghai2022+kazakhstan2022
[Eubacterium] tenue group,loco_test_zhuang2018,lgbm,0.024684179277683866,0.01596392989526558,0.018517334812865646,0.013410524977665494,94,ling2020+shanghai2022+kazakhstan2022
Fenollaria,loco_test_zhuang2018,lgbm,0.023137067999337665,0.016317785058520724,0.013295848925095884,0.019339721191945557,95,ling2020+shanghai2022+kazakhstan2022
Porphyromonas,loco_test_zhuang2018,lgbm,0.022550653994289887,-0.007485678515015957,-0.0076575434192151706,-0.007313813610816744,96,ling2020+shanghai2022+kazakhstan2022
Halomonas,loco_test_zhuang2018,lgbm,0.021702253161803638,0.001307321579282595,0.004187055479374163,-0.001572412320808972,97,ling2020+shanghai2022+kazakhstan2022
Christensenella,loco_test_zhuang2018,lgbm,0.021135351953786952,0.011534068860814845,0.010214697557709571,0.012853440163920125,98,ling2020+shanghai2022+kazakhstan2022
Lactonifactor,loco_test_zhuang2018,lgbm,0.019431011010995872,0.0006161721375104069,0.003022288875479793,-0.001789944600458981,99,ling2020+shanghai2022+kazakhstan2022
Oscillospira,loco_test_zhuang2018,lgbm,0.019023461397703667,-0.008941450100317905,-0.012499121966044411,-0.005383778234591381,100,ling2020+shanghai2022+kazakhstan2022
Fusicatenibacter,loco_test_zhuang2018,lgbm,0.01893746646839085,0.007791711137566979,0.013372920222239782,0.0022105020528941726,101,ling2020+shanghai2022+kazakhstan2022
Peptoniphilus,loco_test_zhuang2018,lgbm,0.01856180744096021,-0.011698710897276475,-0.010498839329616828,-0.012898582464936116,102,ling2020+shanghai2022+kazakhstan2022
Citrobacter,loco_test_zhuang2018,lgbm,0.01758610337043863,0.0014386135089546762,0.002872476628158886,4.75038975046671e-06,103,ling2020+shanghai2022+kazakhstan2022
Phascolarctobacterium,loco_test_zhuang2018,lgbm,0.017512406365522447,0.003661382797341185,-0.001288338820967715,0.008611104415650092,104,ling2020+shanghai2022+kazakhstan2022
Lachnoclostridium,loco_test_zhuang2018,lgbm,0.01705813898205841,-0.011654590472130695,-0.008124177042468452,-0.015185003901792934,105,ling2020+shanghai2022+kazakhstan2022
Holdemanella,loco_test_zhuang2018,lgbm,0.016320841406257017,-0.0064795865500614815,-0.005278064919574191,-0.007681108180548779,106,ling2020+shanghai2022+kazakhstan2022
Peptococcus,loco_test_zhuang2018,lgbm,0.015394964016516827,0.008319577582482394,0.011950549259302511,0.004688605905662276,107,ling2020+shanghai2022+kazakhstan2022
HT002,loco_test_zhuang2018,lgbm,0.014853931709295741,0.003738652167073053,0.005388987780707926,0.002088316553438182,108,ling2020+shanghai2022+kazakhstan2022
Ligilactobacillus,loco_test_zhuang2018,lgbm,0.01447748826194398,-0.0035596953535551746,-0.002276618898381966,-0.004842771808728379,109,ling2020+shanghai2022+kazakhstan2022
Merdibacter,loco_test_zhuang2018,lgbm,0.014408975692726667,0.011869328518381923,0.010120991768067716,0.013617665268696127,110,ling2020+shanghai2022+kazakhstan2022
Methanobrevibacter,loco_test_zhuang2018,lgbm,0.01428986859969103,0.010261939588270404,0.008450466474904182,0.012073412701636648,111,ling2020+shanghai2022+kazakhstan2022
Enterobacter,loco_test_zhuang2018,lgbm,0.014182400778306115,0.00423908420160331,0.00533456660898377,0.00314360179422285,112,ling2020+shanghai2022+kazakhstan2022
Woeseia,loco_test_zhuang2018,lgbm,0.014081295676938853,0.014081295676938853,0.014447444918977871,0.01371514643489983,113,ling2020+shanghai2022+kazakhstan2022
Eubacterium brachy group,loco_test_zhuang2018,lgbm,0.013444716518396856,-0.004914918991929142,-0.003014165683781851,-0.006815672300076434,114,ling2020+shanghai2022+kazakhstan2022
CAG-352,loco_test_zhuang2018,lgbm,0.013406476685212115,0.00641448035747934,0.00579576780008727,0.007033192914871417,115,ling2020+shanghai2022+kazakhstan2022
Megasphaera,loco_test_zhuang2018,lgbm,0.013259437464414742,0.00589066030142647,0.004039869099272155,0.007741451503580787,116,ling2020+shanghai2022+kazakhstan2022
Sutterella,loco_test_zhuang2018,lgbm,0.012804107340804172,0.010449158090888045,0.009297147166713579,0.01160116901506251,117,ling2020+shanghai2022+kazakhstan2022
Acidaminococcus,loco_test_zhuang2018,lgbm,0.01212185994027399,-0.006263084944543703,-0.005150376050488233,-0.007375793838599167,118,ling2020+shanghai2022+kazakhstan2022
Lachnospiraceae FCS020 group,loco_test_zhuang2018,lgbm,0.011375650035363139,-0.0013411005890036564,-0.004636378825809906,0.0019541776478025938,119,ling2020+shanghai2022+kazakhstan2022
UCG-003,loco_test_zhuang2018,lgbm,0.010931909565811356,-0.004365341996377043,-0.004414555418131961,-0.004316128574622127,120,ling2020+shanghai2022+kazakhstan2022
Cupriavidus,loco_test_zhuang2018,lgbm,0.010158470540524012,-0.010158470540524012,-0.009524365223978046,-0.010792575857070002,121,ling2020+shanghai2022+kazakhstan2022
UBA1819,loco_test_zhuang2018,lgbm,0.010082218222708704,0.0017081177400045473,0.002211235414914218,0.0012050000650948788,122,ling2020+shanghai2022+kazakhstan2022
Subdoligranulum,loco_test_zhuang2018,lgbm,0.009109216279729118,-0.0018642028500376736,-0.0026530007456357133,-0.0010754049544396374,123,ling2020+shanghai2022+kazakhstan2022
Virgisporangium,loco_test_zhuang2018,lgbm,0.00876583290146111,0.00876583290146111,0.009574539548125571,0.007957126254796663,124,ling2020+shanghai2022+kazakhstan2022
Ilumatobacter,loco_test_zhuang2018,lgbm,0.008395941616508439,0.005330195856808746,0.003686191978170874,0.006974199735446633,125,ling2020+shanghai2022+kazakhstan2022
Victivallis,loco_test_zhuang2018,lgbm,0.008090426122577717,0.005670779074674345,0.004387331500041075,0.0069542266493075895,126,ling2020+shanghai2022+kazakhstan2022
UCG-005,loco_test_zhuang2018,lgbm,0.007977130106055707,-0.0015830703501853068,-0.00014028834810585346,-0.0030258523522647606,127,ling2020+shanghai2022+kazakhstan2022
Aridibacter,loco_test_zhuang2018,lgbm,0.007698153317605094,0.007698153317605094,0.007645805883580828,0.007750500751629387,128,ling2020+shanghai2022+kazakhstan2022
Diaphorobacter,loco_test_zhuang2018,lgbm,0.007480159313942692,0.0009396735148231781,0.0010050602450605505,0.0008742867845858063,129,ling2020+shanghai2022+kazakhstan2022
Chelativorans,loco_test_zhuang2018,lgbm,0.007475158672948105,-0.007475158672948105,-0.007298037540221338,-0.007652279805674881,130,ling2020+shanghai2022+kazakhstan2022
Stenotrophobacter,loco_test_zhuang2018,lgbm,0.007377761964029498,-0.005441201593832783,-0.0043465838762738376,-0.006535819311391717,131,ling2020+shanghai2022+kazakhstan2022
Chitinophaga,loco_test_zhuang2018,lgbm,0.007261462528246707,0.007261462528246707,0.007199959869492049,0.007322965187001379,132,ling2020+shanghai2022+kazakhstan2022
Candidatus Nitrososphaera,loco_test_zhuang2018,lgbm,0.007073461921183987,-0.004897117509252348,-0.003722168224515597,-0.006072066793989105,133,ling2020+shanghai2022+kazakhstan2022
Bdellovibrio,loco_test_zhuang2018,lgbm,0.007071003106190677,0.0030960051388169785,0.0010208173236142134,0.005171192954019737,134,ling2020+shanghai2022+kazakhstan2022
Olsenella,loco_test_zhuang2018,lgbm,0.006996349593253808,0.005014420367816828,0.0042992960316844235,0.005729544703949227,135,ling2020+shanghai2022+kazakhstan2022
Coprobacillus,loco_test_zhuang2018,lgbm,0.006995087411979523,0.0014335341121351627,0.0013627609900879732,0.001504307234182352,136,ling2020+shanghai2022+kazakhstan2022
Tuzzerella,loco_test_zhuang2018,lgbm,0.006940304891139507,-0.0038487145305410005,-0.0029654029989414263,-0.004732026062140574,137,ling2020+shanghai2022+kazakhstan2022
Microbacterium,loco_test_zhuang2018,lgbm,0.006744970170908104,0.0023782488200213754,0.003101710124861348,0.0016547875151814062,138,ling2020+shanghai2022+kazakhstan2022
Lachnospiraceae UCG-004,loco_test_zhuang2018,lgbm,0.006553838089640643,-0.0001908477651703361,-0.00017197271147217084,-0.00020972281886850195,139,ling2020+shanghai2022+kazakhstan2022
Peptostreptococcus,loco_test_zhuang2018,lgbm,0.006346383570296736,-0.0003201768666425833,-0.0004206715432043854,-0.0002196821900807807,140,ling2020+shanghai2022+kazakhstan2022
Prevotellaceae UCG-001,loco_test_zhuang2018,lgbm,0.006329164597281325,0.00149212637578036,0.0020151258426872013,0.0009691269088735182,141,ling2020+shanghai2022+kazakhstan2022
Ahniella,loco_test_zhuang2018,lgbm,0.006122687183104404,-0.004874866961457323,-0.004254092592120955,-0.005495641330793689,142,ling2020+shanghai2022+kazakhstan2022
Angelakisella,loco_test_zhuang2018,lgbm,0.005902235348832494,-0.005902235348832494,-0.005902235348832491,-0.005902235348832491,143,ling2020+shanghai2022+kazakhstan2022
NK4A214 group,loco_test_zhuang2018,lgbm,0.005811645311947022,-0.0005389882597537592,0.0004582206602219813,-0.0015361971797294989,144,ling2020+shanghai2022+kazakhstan2022
Intestinibacter,loco_test_zhuang2018,lgbm,0.005701936509518482,-0.0018519555011991375,-0.002072327323133165,-0.0016315836792651069,145,ling2020+shanghai2022+kazakhstan2022
Shuttleworthia,loco_test_zhuang2018,lgbm,0.005688604157837893,-0.005688604157837893,-0.00568860415783789,-0.00568860415783789,146,ling2020+shanghai2022+kazakhstan2022
Coriobacteriaceae UCG-003,loco_test_zhuang2018,lgbm,0.005651812612777348,-0.003675661552391974,-0.0026301137836120606,-0.004721209321171884,147,ling2020+shanghai2022+kazakhstan2022
Pedobacter,loco_test_zhuang2018,lgbm,0.005528525726453625,0.005528525726453625,0.005528525726453625,0.005528525726453625,148,ling2020+shanghai2022+kazakhstan2022
Lachnospiraceae NK4A136 group,loco_test_zhuang2018,lgbm,0.005471793938960591,0.002216404071932559,0.0031159367716896784,0.0013168713721754372,149,ling2020+shanghai2022+kazakhstan2022
Rhodomicrobium,loco_test_zhuang2018,lgbm,0.005034357602282313,-0.004949496471633589,-0.004625451401619928,-0.005273541541647254,150,ling2020+shanghai2022+kazakhstan2022
CAG-873,loco_test_zhuang2018,lgbm,0.004705628376702697,-0.0023869137677042978,-0.0017332729342016148,-0.003040554601206986,151,ling2020+shanghai2022+kazakhstan2022
Fusobacterium,loco_test_zhuang2018,lgbm,0.004489793591387196,0.004341266223295361,0.0040335050694538304,0.004649027377136886,152,ling2020+shanghai2022+kazakhstan2022
Elusimicrobium,loco_test_zhuang2018,lgbm,0.004013483111893573,-0.003209688311948013,-0.0029117671282170667,-0.0035076094956789606,153,ling2020+shanghai2022+kazakhstan2022
Candidatus Soleaferrea,loco_test_zhuang2018,lgbm,0.0037296588474556207,-0.0001370646949395114,-0.0003444464338974707,7.031704401844774e-05,154,ling2020+shanghai2022+kazakhstan2022
Asteroleplasma,loco_test_zhuang2018,lgbm,0.0035118993916299674,-0.0035118993916299674,-0.003625200934060306,-0.0033985978491996383,155,ling2020+shanghai2022+kazakhstan2022
Comamonas,loco_test_zhuang2018,lgbm,0.003386471875871311,0.0022134259477344436,0.002304197358840273,0.002122654536628614,156,ling2020+shanghai2022+kazakhstan2022
Thermus,loco_test_zhuang2018,lgbm,0.0,0.0,0.0,0.0,157,ling2020+shanghai2022+kazakhstan2022
[Eubacterium] siraeum group,loco_test_zhuang2018,lgbm,0.0,0.0,0.0,0.0,158,ling2020+shanghai2022+kazakhstan2022
Prevotellaceae UCG-003,loco_test_zhuang2018,lgbm,0.0,0.0,0.0,0.0,159,ling2020+shanghai2022+kazakhstan2022
[Eubacterium] nodatum group,loco_test_zhuang2018,lgbm,0.0,0.0,0.0,0.0,160,ling2020+shanghai2022+kazakhstan2022
Phaselicystis,loco_test_zhuang2018,lgbm,0.0,0.0,0.0,0.0,161,ling2020+shanghai2022+kazakhstan2022
Staphylococcus,loco_test_zhuang2018,lgbm,0.0,0.0,0.0,0.0,162,ling2020+shanghai2022+kazakhstan2022
Phenylobacterium,loco_test_zhuang2018,lgbm,0.0,0.0,0.0,0.0,163,ling2020+shanghai2022+kazakhstan2022
Prevotella_7,loco_test_zhuang2018,lgbm,0.0,0.0,0.0,0.0,164,ling2020+shanghai2022+kazakhstan2022
Prevotellaceae NK3B31 group,loco_test_zhuang2018,lgbm,0.0,0.0,0.0,0.0,165,ling2020+shanghai2022+kazakhstan2022
Phocea,loco_test_zhuang2018,lgbm,0.0,0.0,0.0,0.0,166,ling2020+shanghai2022+kazakhstan2022
Stenotrophomonas,loco_test_zhuang2018,lgbm,0.0,0.0,0.0,0.0,167,ling2020+shanghai2022+kazakhstan2022
Polaromonas,loco_test_zhuang2018,lgbm,0.0,0.0,0.0,0.0,168,ling2020+shanghai2022+kazakhstan2022
Polyangium,loco_test_zhuang2018,lgbm,0.0,0.0,0.0,0.0,169,ling2020+shanghai2022+kazakhstan2022
Polycyclovorans,loco_test_zhuang2018,lgbm,0.0,0.0,0.0,0.0,170,ling2020+shanghai2022+kazakhstan2022
Pontibacter,loco_test_zhuang2018,lgbm,0.0,0.0,0.0,0.0,171,ling2020+shanghai2022+kazakhstan2022
Terrisporobacter,loco_test_zhuang2018,lgbm,0.0,0.0,0.0,0.0,172,ling2020+shanghai2022+kazakhstan2022
UCG-004,loco_test_zhuang2018,lgbm,0.0,0.0,0.0,0.0,173,ling2020+shanghai2022+kazakhstan2022
Steroidobacter,loco_test_zhuang2018,lgbm,0.0,0.0,0.0,0.0,174,ling2020+shanghai2022+kazakhstan2022
Peredibacter,loco_test_zhuang2018,lgbm,0.0,0.0,0.0,0.0,175,ling2020+shanghai2022+kazakhstan2022
Pannonibacter,loco_test_zhuang2018,lgbm,0.0,0.0,0.0,0.0,176,ling2020+shanghai2022+kazakhstan2022
Oscillibacter,loco_test_zhuang2018,lgbm,0.0,0.0,0.0,0.0,177,ling2020+shanghai2022+kazakhstan2022
Sumerlaea,loco_test_zhuang2018,lgbm,0.0,0.0,0.0,0.0,178,ling2020+shanghai2022+kazakhstan2022
Sulfurifustis,loco_test_zhuang2018,lgbm,0.0,0.0,0.0,0.0,179,ling2020+shanghai2022+kazakhstan2022
wb1-A12,loco_test_zhuang2018,lgbm,0.0,0.0,0.0,0.0,180,ling2020+shanghai2022+kazakhstan2022
P3OB-42,loco_test_zhuang2018,lgbm,0.0,0.0,0.0,0.0,181,ling2020+shanghai2022+kazakhstan2022
Paenibacillus,loco_test_zhuang2018,lgbm,0.0,0.0,0.0,0.0,182,ling2020+shanghai2022+kazakhstan2022
Paeniclostridium,loco_test_zhuang2018,lgbm,0.0,0.0,0.0,0.0,183,ling2020+shanghai2022+kazakhstan2022
Paenisporosarcina,loco_test_zhuang2018,lgbm,0.0,0.0,0.0,0.0,184,ling2020+shanghai2022+kazakhstan2022
Pajaroellobacter,loco_test_zhuang2018,lgbm,0.0,0.0,0.0,0.0,185,ling2020+shanghai2022+kazakhstan2022
Paludicola,loco_test_zhuang2018,lgbm,0.0,0.0,0.0,0.0,186,ling2020+shanghai2022+kazakhstan2022
Succinivibrio,loco_test_zhuang2018,lgbm,0.0,0.0,0.0,0.0,187,ling2020+shanghai2022+kazakhstan2022
Terrimonas,loco_test_zhuang2018,lgbm,0.0,0.0,0.0,0.0,188,ling2020+shanghai2022+kazakhstan2022
mle1-7,loco_test_zhuang2018,lgbm,0.0,0.0,0.0,0.0,189,ling2020+shanghai2022+kazakhstan2022
Paracoccus,loco_test_zhuang2018,lgbm,0.0,0.0,0.0,0.0,190,ling2020+shanghai2022+kazakhstan2022
Subgroup 10,loco_test_zhuang2018,lgbm,0.0,0.0,0.0,0.0,191,ling2020+shanghai2022+kazakhstan2022
Parapusillimonas,loco_test_zhuang2018,lgbm,0.0,0.0,0.0,0.0,192,ling2020+shanghai2022+kazakhstan2022
[Ruminococcus] gauvreauii group,loco_test_zhuang2018,lgbm,0.0,0.0,0.0,0.0,193,ling2020+shanghai2022+kazakhstan2022
Streptomyces,loco_test_zhuang2018,lgbm,0.0,0.0,0.0,0.0,194,ling2020+shanghai2022+kazakhstan2022
Taibaiella,loco_test_zhuang2018,lgbm,0.0,0.0,0.0,0.0,195,ling2020+shanghai2022+kazakhstan2022
Pedomicrobium,loco_test_zhuang2018,lgbm,0.0,0.0,0.0,0.0,196,ling2020+shanghai2022+kazakhstan2022
Pelagibacterium,loco_test_zhuang2018,lgbm,0.0,0.0,0.0,0.0,197,ling2020+shanghai2022+kazakhstan2022
Pseudoduganella,loco_test_zhuang2018,lgbm,0.0,0.0,0.0,0.0,198,ling2020+shanghai2022+kazakhstan2022
Pseudenhygromyxa,loco_test_zhuang2018,lgbm,0.0,0.0,0.0,0.0,199,ling2020+shanghai2022+kazakhstan2022
Truepera,loco_test_zhuang2018,lgbm,0.0,0.0,0.0,0.0,200,ling2020+shanghai2022+kazakhstan2022
Pseudoflavonifractor,loco_test_zhuang2018,lgbm,0.0,0.0,0.0,0.0,201,ling2020+shanghai2022+kazakhstan2022
Sporosarcina,loco_test_zhuang2018,lgbm,0.0,0.0,0.0,0.0,202,ling2020+shanghai2022+kazakhstan2022
V9D2013 group,loco_test_zhuang2018,lgbm,0.0,0.0,0.0,0.0,203,ling2020+shanghai2022+kazakhstan2022
Turicibacter,loco_test_zhuang2018,lgbm,0.0,0.0,0.0,0.0,204,ling2020+shanghai2022+kazakhstan2022
Ramlibacter,loco_test_zhuang2018,lgbm,0.0,0.0,0.0,0.0,205,ling2020+shanghai2022+kazakhstan2022
Raoultibacter,loco_test_zhuang2018,lgbm,0.0,0.0,0.0,0.0,206,ling2020+shanghai2022+kazakhstan2022
Skermanella,loco_test_zhuang2018,lgbm,0.0,0.0,0.0,0.0,207,ling2020+shanghai2022+kazakhstan2022
Rhizobacter,loco_test_zhuang2018,lgbm,0.0,0.0,0.0,0.0,208,ling2020+shanghai2022+kazakhstan2022
Rhizocola,loco_test_zhuang2018,lgbm,0.0,0.0,0.0,0.0,209,ling2020+shanghai2022+kazakhstan2022
Undibacterium,loco_test_zhuang2018,lgbm,0.0,0.0,0.0,0.0,210,ling2020+shanghai2022+kazakhstan2022
Rhodococcus,loco_test_zhuang2018,lgbm,0.0,0.0,0.0,0.0,211,ling2020+shanghai2022+kazakhstan2022
Serratia,loco_test_zhuang2018,lgbm,0.0,0.0,0.0,0.0,212,ling2020+shanghai2022+kazakhstan2022
UTCFX1,loco_test_zhuang2018,lgbm,0.0,0.0,0.0,0.0,213,ling2020+shanghai2022+kazakhstan2022
Rikenellaceae RC9 gut group,loco_test_zhuang2018,lgbm,0.0,0.0,0.0,0.0,214,ling2020+shanghai2022+kazakhstan2022
UCG-009,loco_test_zhuang2018,lgbm,0.0,0.0,0.0,0.0,215,ling2020+shanghai2022+kazakhstan2022
Senegalimassilia,loco_test_zhuang2018,lgbm,0.0,0.0,0.0,0.0,216,ling2020+shanghai2022+kazakhstan2022
Sediminibacterium,loco_test_zhuang2018,lgbm,0.0,0.0,0.0,0.0,217,ling2020+shanghai2022+kazakhstan2022
UCG-007,loco_test_zhuang2018,lgbm,0.0,0.0,0.0,0.0,218,ling2020+shanghai2022+kazakhstan2022
Rubrobacter,loco_test_zhuang2018,lgbm,0.0,0.0,0.0,0.0,219,ling2020+shanghai2022+kazakhstan2022
Sarcina,loco_test_zhuang2018,lgbm,0.0,0.0,0.0,0.0,220,ling2020+shanghai2022+kazakhstan2022
Sanguibacteroides,loco_test_zhuang2018,lgbm,0.0,0.0,0.0,0.0,221,ling2020+shanghai2022+kazakhstan2022
Oribacterium,loco_test_zhuang2018,lgbm,0.0,0.0,0.0,0.0,222,ling2020+shanghai2022+kazakhstan2022
Sandaracinus,loco_test_zhuang2018,lgbm,0.0,0.0,0.0,0.0,223,ling2020+shanghai2022+kazakhstan2022
UCG-002,loco_test_zhuang2018,lgbm,0.0,0.0,0.0,0.0,224,ling2020+shanghai2022+kazakhstan2022
SWB02,loco_test_zhuang2018,lgbm,0.0,0.0,0.0,0.0,225,ling2020+shanghai2022+kazakhstan2022
Veillonella,loco_test_zhuang2018,lgbm,0.0,0.0,0.0,0.0,226,ling2020+shanghai2022+kazakhstan2022
Ralstonia,loco_test_zhuang2018,lgbm,0.0,0.0,0.0,0.0,227,ling2020+shanghai2022+kazakhstan2022
RB41,loco_test_zhuang2018,lgbm,0.0,0.0,0.0,0.0,228,ling2020+shanghai2022+kazakhstan2022
Pseudoxanthomonas,loco_test_zhuang2018,lgbm,0.0,0.0,0.0,0.0,229,ling2020+shanghai2022+kazakhstan2022
Sphingomonas,loco_test_zhuang2018,lgbm,0.0,0.0,0.0,0.0,230,ling2020+shanghai2022+kazakhstan2022
Pseudolabrys,loco_test_zhuang2018,lgbm,0.0,0.0,0.0,0.0,231,ling2020+shanghai2022+kazakhstan2022
[Eubacterium] fissicatena group,loco_test_zhuang2018,lgbm,0.0,0.0,0.0,0.0,232,ling2020+shanghai2022+kazakhstan2022
Salmonella,loco_test_zhuang2018,lgbm,0.0,0.0,0.0,0.0,233,ling2020+shanghai2022+kazakhstan2022
[Bacteroides] pectinophilus group,loco_test_zhuang2018,lgbm,0.0,0.0,0.0,0.0,234,ling2020+shanghai2022+kazakhstan2022
Pseudomonas,loco_test_zhuang2018,lgbm,0.0,0.0,0.0,0.0,235,ling2020+shanghai2022+kazakhstan2022
Z20,loco_test_zhuang2018,lgbm,0.0,0.0,0.0,0.0,236,ling2020+shanghai2022+kazakhstan2022
Pseudonocardia,loco_test_zhuang2018,lgbm,0.0,0.0,0.0,0.0,237,ling2020+shanghai2022+kazakhstan2022
Pseudorhodoplanes,loco_test_zhuang2018,lgbm,0.0,0.0,0.0,0.0,238,ling2020+shanghai2022+kazakhstan2022
YC-ZSS-LKJ147,loco_test_zhuang2018,lgbm,0.0,0.0,0.0,0.0,239,ling2020+shanghai2022+kazakhstan2022
Solobacterium,loco_test_zhuang2018,lgbm,0.0,0.0,0.0,0.0,240,ling2020+shanghai2022+kazakhstan2022
Pyramidobacter,loco_test_zhuang2018,lgbm,0.0,0.0,0.0,0.0,241,ling2020+shanghai2022+kazakhstan2022
Tumebacillus,loco_test_zhuang2018,lgbm,0.0,0.0,0.0,0.0,242,ling2020+shanghai2022+kazakhstan2022
Solitalea,loco_test_zhuang2018,lgbm,0.0,0.0,0.0,0.0,243,ling2020+shanghai2022+kazakhstan2022
Solirubrobacter,loco_test_zhuang2018,lgbm,0.0,0.0,0.0,0.0,244,ling2020+shanghai2022+kazakhstan2022
Sneathia,loco_test_zhuang2018,lgbm,0.0,0.0,0.0,0.0,245,ling2020+shanghai2022+kazakhstan2022
Psychrobacillus,loco_test_zhuang2018,lgbm,0.0,0.0,0.0,0.0,246,ling2020+shanghai2022+kazakhstan2022
Vicinamibacter,loco_test_zhuang2018,lgbm,0.0,0.0,0.0,0.0,247,ling2020+shanghai2022+kazakhstan2022
Psychrobacter,loco_test_zhuang2018,lgbm,0.0,0.0,0.0,0.0,248,ling2020+shanghai2022+kazakhstan2022
Puia,loco_test_zhuang2018,lgbm,0.0,0.0,0.0,0.0,249,ling2020+shanghai2022+kazakhstan2022
Vibrionimonas,loco_test_zhuang2018,lgbm,0.0,0.0,0.0,0.0,250,ling2020+shanghai2022+kazakhstan2022
Slackia,loco_test_zhuang2018,lgbm,0.0,0.0,0.0,0.0,251,ling2020+shanghai2022+kazakhstan2022
Reyranella,loco_test_zhuang2018,lgbm,0.0,0.0,0.0,0.0,252,ling2020+shanghai2022+kazakhstan2022
ADurb.Bin063-1,loco_test_zhuang2018,lgbm,0.0,0.0,0.0,0.0,253,ling2020+shanghai2022+kazakhstan2022
Opitutus,loco_test_zhuang2018,lgbm,0.0,0.0,0.0,0.0,254,ling2020+shanghai2022+kazakhstan2022
Cellvibrio,loco_test_zhuang2018,lgbm,0.0,0.0,0.0,0.0,255,ling2020+shanghai2022+kazakhstan2022
Citrifermentans,loco_test_zhuang2018,lgbm,0.0,0.0,0.0,0.0,256,ling2020+shanghai2022+kazakhstan2022
Citricoccus,loco_test_zhuang2018,lgbm,0.0,0.0,0.0,0.0,257,ling2020+shanghai2022+kazakhstan2022
Chthoniobacter,loco_test_zhuang2018,lgbm,0.0,0.0,0.0,0.0,258,ling2020+shanghai2022+kazakhstan2022
Chryseolinea,loco_test_zhuang2018,lgbm,0.0,0.0,0.0,0.0,259,ling2020+shanghai2022+kazakhstan2022
Chryseobacterium,loco_test_zhuang2018,lgbm,0.0,0.0,0.0,0.0,260,ling2020+shanghai2022+kazakhstan2022
Christensenellaceae R-7 group,loco_test_zhuang2018,lgbm,0.0,0.0,0.0,0.0,261,ling2020+shanghai2022+kazakhstan2022
Caulobacter,loco_test_zhuang2018,lgbm,0.0,0.0,0.0,0.0,262,ling2020+shanghai2022+kazakhstan2022
Corynebacterium,loco_test_zhuang2018,lgbm,0.0,0.0,0.0,0.0,263,ling2020+shanghai2022+kazakhstan2022
Catenisphaera,loco_test_zhuang2018,lgbm,0.0,0.0,0.0,0.0,264,ling2020+shanghai2022+kazakhstan2022
Catenibacterium,loco_test_zhuang2018,lgbm,0.0,0.0,0.0,0.0,265,ling2020+shanghai2022+kazakhstan2022
Catenibacillus,loco_test_zhuang2018,lgbm,0.0,0.0,0.0,0.0,266,ling2020+shanghai2022+kazakhstan2022
Candidatus Udaeobacter,loco_test_zhuang2018,lgbm,0.0,0.0,0.0,0.0,267,ling2020+shanghai2022+kazakhstan2022
Candidatus Solibacter,loco_test_zhuang2018,lgbm,0.0,0.0,0.0,0.0,268,ling2020+shanghai2022+kazakhstan2022
Candidatus Nitrocosmicus,loco_test_zhuang2018,lgbm,0.0,0.0,0.0,0.0,269,ling2020+shanghai2022+kazakhstan2022
Coprobacter,loco_test_zhuang2018,lgbm,0.0,0.0,0.0,0.0,270,ling2020+shanghai2022+kazakhstan2022
Curvibacter,loco_test_zhuang2018,lgbm,0.0,0.0,0.0,0.0,271,ling2020+shanghai2022+kazakhstan2022
Campylobacter,loco_test_zhuang2018,lgbm,0.0,0.0,0.0,0.0,272,ling2020+shanghai2022+kazakhstan2022
Ellin6055,loco_test_zhuang2018,lgbm,0.0,0.0,0.0,0.0,273,ling2020+shanghai2022+kazakhstan2022
Erysipelotrichaceae UCG-006,loco_test_zhuang2018,lgbm,0.0,0.0,0.0,0.0,274,ling2020+shanghai2022+kazakhstan2022
Erysipelotrichaceae UCG-003,loco_test_zhuang2018,lgbm,0.0,0.0,0.0,0.0,275,ling2020+shanghai2022+kazakhstan2022
Enteroscipio,loco_test_zhuang2018,lgbm,0.0,0.0,0.0,0.0,276,ling2020+shanghai2022+kazakhstan2022
Enterorhabdus,loco_test_zhuang2018,lgbm,0.0,0.0,0.0,0.0,277,ling2020+shanghai2022+kazakhstan2022
Enhydrobacter,loco_test_zhuang2018,lgbm,0.0,0.0,0.0,0.0,278,ling2020+shanghai2022+kazakhstan2022
Ellin6067,loco_test_zhuang2018,lgbm,0.0,0.0,0.0,0.0,279,ling2020+shanghai2022+kazakhstan2022
Edaphobaculum,loco_test_zhuang2018,lgbm,0.0,0.0,0.0,0.0,280,ling2020+shanghai2022+kazakhstan2022
Dactylosporangium,loco_test_zhuang2018,lgbm,0.0,0.0,0.0,0.0,281,ling2020+shanghai2022+kazakhstan2022
Dongia,loco_test_zhuang2018,lgbm,0.0,0.0,0.0,0.0,282,ling2020+shanghai2022+kazakhstan2022
Dokdonella,loco_test_zhuang2018,lgbm,0.0,0.0,0.0,0.0,283,ling2020+shanghai2022+kazakhstan2022
Dinghuibacter,loco_test_zhuang2018,lgbm,0.0,0.0,0.0,0.0,284,ling2020+shanghai2022+kazakhstan2022
Dielma,loco_test_zhuang2018,lgbm,0.0,0.0,0.0,0.0,285,ling2020+shanghai2022+kazakhstan2022
Dethiobacter,loco_test_zhuang2018,lgbm,0.0,0.0,0.0,0.0,286,ling2020+shanghai2022+kazakhstan2022
Defluviitaleaceae UCG-011,loco_test_zhuang2018,lgbm,0.0,0.0,0.0,0.0,287,ling2020+shanghai2022+kazakhstan2022
Candidatus Entotheonella,loco_test_zhuang2018,lgbm,0.0,0.0,0.0,0.0,288,ling2020+shanghai2022+kazakhstan2022
Caenimonas,loco_test_zhuang2018,lgbm,0.0,0.0,0.0,0.0,289,ling2020+shanghai2022+kazakhstan2022
Faecalibaculum,loco_test_zhuang2018,lgbm,0.0,0.0,0.0,0.0,290,ling2020+shanghai2022+kazakhstan2022
Aliihoeflea,loco_test_zhuang2018,lgbm,0.0,0.0,0.0,0.0,291,ling2020+shanghai2022+kazakhstan2022
Ammoniphilus,loco_test_zhuang2018,lgbm,0.0,0.0,0.0,0.0,292,ling2020+shanghai2022+kazakhstan2022
Altererythrobacter,loco_test_zhuang2018,lgbm,0.0,0.0,0.0,0.0,293,ling2020+shanghai2022+kazakhstan2022
Allorhizobium-Neorhizobium-Pararhizobium-Rhizobium,loco_test_zhuang2018,lgbm,0.0,0.0,0.0,0.0,294,ling2020+shanghai2022+kazakhstan2022
Alloprevotella,loco_test_zhuang2018,lgbm,0.0,0.0,0.0,0.0,295,ling2020+shanghai2022+kazakhstan2022
Alkalicoccus,loco_test_zhuang2018,lgbm,0.0,0.0,0.0,0.0,296,ling2020+shanghai2022+kazakhstan2022
Alistipes,loco_test_zhuang2018,lgbm,0.0,0.0,0.0,0.0,297,ling2020+shanghai2022+kazakhstan2022
Agromyces,loco_test_zhuang2018,lgbm,0.0,0.0,0.0,0.0,298,ling2020+shanghai2022+kazakhstan2022
Anaerococcus,loco_test_zhuang2018,lgbm,0.0,0.0,0.0,0.0,299,ling2020+shanghai2022+kazakhstan2022
Afipia,loco_test_zhuang2018,lgbm,0.0,0.0,0.0,0.0,300,ling2020+shanghai2022+kazakhstan2022
Aeromonas,loco_test_zhuang2018,lgbm,0.0,0.0,0.0,0.0,301,ling2020+shanghai2022+kazakhstan2022
Aeromicrobium,loco_test_zhuang2018,lgbm,0.0,0.0,0.0,0.0,302,ling2020+shanghai2022+kazakhstan2022
Adhaeribacter,loco_test_zhuang2018,lgbm,0.0,0.0,0.0,0.0,303,ling2020+shanghai2022+kazakhstan2022
Actinocorallia,loco_test_zhuang2018,lgbm,0.0,0.0,0.0,0.0,304,ling2020+shanghai2022+kazakhstan2022
Acidibacter,loco_test_zhuang2018,lgbm,0.0,0.0,0.0,0.0,305,ling2020+shanghai2022+kazakhstan2022
Anaerobacillus,loco_test_zhuang2018,lgbm,0.0,0.0,0.0,0.0,306,ling2020+shanghai2022+kazakhstan2022
Anaerofilum,loco_test_zhuang2018,lgbm,0.0,0.0,0.0,0.0,307,ling2020+shanghai2022+kazakhstan2022
CL500-29 marine group,loco_test_zhuang2018,lgbm,0.0,0.0,0.0,0.0,308,ling2020+shanghai2022+kazakhstan2022
Bauldia,loco_test_zhuang2018,lgbm,0.0,0.0,0.0,0.0,309,ling2020+shanghai2022+kazakhstan2022
CHKCI002,loco_test_zhuang2018,lgbm,0.0,0.0,0.0,0.0,310,ling2020+shanghai2022+kazakhstan2022
Burkholderia-Caballeronia-Paraburkholderia,loco_test_zhuang2018,lgbm,0.0,0.0,0.0,0.0,311,ling2020+shanghai2022+kazakhstan2022
Bryobacter,loco_test_zhuang2018,lgbm,0.0,0.0,0.0,0.0,312,ling2020+shanghai2022+kazakhstan2022
Brevundimonas,loco_test_zhuang2018,lgbm,0.0,0.0,0.0,0.0,313,ling2020+shanghai2022+kazakhstan2022
Bradyrhizobium,loco_test_zhuang2018,lgbm,0.0,0.0,0.0,0.0,314,ling2020+shanghai2022+kazakhstan2022
Blastococcus,loco_test_zhuang2018,lgbm,0.0,0.0,0.0,0.0,315,ling2020+shanghai2022+kazakhstan2022
BIyi10,loco_test_zhuang2018,lgbm,0.0,0.0,0.0,0.0,316,ling2020+shanghai2022+kazakhstan2022
Anaerofustis,loco_test_zhuang2018,lgbm,0.0,0.0,0.0,0.0,317,ling2020+shanghai2022+kazakhstan2022
BD1-7 clade,loco_test_zhuang2018,lgbm,0.0,0.0,0.0,0.0,318,ling2020+shanghai2022+kazakhstan2022
Azoarcus,loco_test_zhuang2018,lgbm,0.0,0.0,0.0,0.0,319,ling2020+shanghai2022+kazakhstan2022
Arenimonas,loco_test_zhuang2018,lgbm,0.0,0.0,0.0,0.0,320,ling2020+shanghai2022+kazakhstan2022
Archangium,loco_test_zhuang2018,lgbm,0.0,0.0,0.0,0.0,321,ling2020+shanghai2022+kazakhstan2022
Aquabacterium,loco_test_zhuang2018,lgbm,0.0,0.0,0.0,0.0,322,ling2020+shanghai2022+kazakhstan2022
Anaerotruncus,loco_test_zhuang2018,lgbm,0.0,0.0,0.0,0.0,323,ling2020+shanghai2022+kazakhstan2022
Eubacterium oxidoreducens group,loco_test_zhuang2018,lgbm,0.0,0.0,0.0,0.0,324,ling2020+shanghai2022+kazakhstan2022
Faecalitalea,loco_test_zhuang2018,lgbm,0.0,0.0,0.0,0.0,325,ling2020+shanghai2022+kazakhstan2022
Ohtaekwangia,loco_test_zhuang2018,lgbm,0.0,0.0,0.0,0.0,326,ling2020+shanghai2022+kazakhstan2022
Methylobacterium-Methylorubrum,loco_test_zhuang2018,lgbm,0.0,0.0,0.0,0.0,327,ling2020+shanghai2022+kazakhstan2022
Mitsuokella,loco_test_zhuang2018,lgbm,0.0,0.0,0.0,0.0,328,ling2020+shanghai2022+kazakhstan2022
Microvirga,loco_test_zhuang2018,lgbm,0.0,0.0,0.0,0.0,329,ling2020+shanghai2022+kazakhstan2022
Microlunatus,loco_test_zhuang2018,lgbm,0.0,0.0,0.0,0.0,330,ling2020+shanghai2022+kazakhstan2022
Methyloversatilis,loco_test_zhuang2018,lgbm,0.0,0.0,0.0,0.0,331,ling2020+shanghai2022+kazakhstan2022
Methylotenera,loco_test_zhuang2018,lgbm,0.0,0.0,0.0,0.0,332,ling2020+shanghai2022+kazakhstan2022
Methyloceanibacter,loco_test_zhuang2018,lgbm,0.0,0.0,0.0,0.0,333,ling2020+shanghai2022+kazakhstan2022
Mesorhizobium,loco_test_zhuang2018,lgbm,0.0,0.0,0.0,0.0,334,ling2020+shanghai2022+kazakhstan2022
Muribaculum,loco_test_zhuang2018,lgbm,0.0,0.0,0.0,0.0,335,ling2020+shanghai2022+kazakhstan2022
Megamonas,loco_test_zhuang2018,lgbm,0.0,0.0,0.0,0.0,336,ling2020+shanghai2022+kazakhstan2022
Massilia,loco_test_zhuang2018,lgbm,0.0,0.0,0.0,0.0,337,ling2020+shanghai2022+kazakhstan2022
Marvinbryantia,loco_test_zhuang2018,lgbm,0.0,0.0,0.0,0.0,338,ling2020+shanghai2022+kazakhstan2022
Marmoricola,loco_test_zhuang2018,lgbm,0.0,0.0,0.0,0.0,339,ling2020+shanghai2022+kazakhstan2022
MND1,loco_test_zhuang2018,lgbm,0.0,0.0,0.0,0.0,340,ling2020+shanghai2022+kazakhstan2022
Lysobacter,loco_test_zhuang2018,lgbm,0.0,0.0,0.0,0.0,341,ling2020+shanghai2022+kazakhstan2022
Mogibacterium,loco_test_zhuang2018,lgbm,0.0,0.0,0.0,0.0,342,ling2020+shanghai2022+kazakhstan2022
Mycobacterium,loco_test_zhuang2018,lgbm,0.0,0.0,0.0,0.0,343,ling2020+shanghai2022+kazakhstan2022
Luteolibacter,loco_test_zhuang2018,lgbm,0.0,0.0,0.0,0.0,344,ling2020+shanghai2022+kazakhstan2022
Nocardioides,loco_test_zhuang2018,lgbm,0.0,0.0,0.0,0.0,345,ling2020+shanghai2022+kazakhstan2022
Oceanicaulis,loco_test_zhuang2018,lgbm,0.0,0.0,0.0,0.0,346,ling2020+shanghai2022+kazakhstan2022
OM27 clade,loco_test_zhuang2018,lgbm,0.0,0.0,0.0,0.0,347,ling2020+shanghai2022+kazakhstan2022
OLB17,loco_test_zhuang2018,lgbm,0.0,0.0,0.0,0.0,348,ling2020+shanghai2022+kazakhstan2022
Novosphingobium,loco_test_zhuang2018,lgbm,0.0,0.0,0.0,0.0,349,ling2020+shanghai2022+kazakhstan2022
Nordella,loco_test_zhuang2018,lgbm,0.0,0.0,0.0,0.0,350,ling2020+shanghai2022+kazakhstan2022
Nonomuraea,loco_test_zhuang2018,lgbm,0.0,0.0,0.0,0.0,351,ling2020+shanghai2022+kazakhstan2022
Nitrospira,loco_test_zhuang2018,lgbm,0.0,0.0,0.0,0.0,352,ling2020+shanghai2022+kazakhstan2022
Nannocystis,loco_test_zhuang2018,lgbm,0.0,0.0,0.0,0.0,353,ling2020+shanghai2022+kazakhstan2022
Nitrosospira,loco_test_zhuang2018,lgbm,0.0,0.0,0.0,0.0,354,ling2020+shanghai2022+kazakhstan2022
Nitrosococcus,loco_test_zhuang2018,lgbm,0.0,0.0,0.0,0.0,355,ling2020+shanghai2022+kazakhstan2022
Nitrolancea,loco_test_zhuang2018,lgbm,0.0,0.0,0.0,0.0,356,ling2020+shanghai2022+kazakhstan2022
Niastella,loco_test_zhuang2018,lgbm,0.0,0.0,0.0,0.0,357,ling2020+shanghai2022+kazakhstan2022
Nesterenkonia,loco_test_zhuang2018,lgbm,0.0,0.0,0.0,0.0,358,ling2020+shanghai2022+kazakhstan2022
Negativibacillus,loco_test_zhuang2018,lgbm,0.0,0.0,0.0,0.0,359,ling2020+shanghai2022+kazakhstan2022
Lysinibacillus,loco_test_zhuang2018,lgbm,0.0,0.0,0.0,0.0,360,ling2020+shanghai2022+kazakhstan2022
Luedemannella,loco_test_zhuang2018,lgbm,0.0,0.0,0.0,0.0,361,ling2020+shanghai2022+kazakhstan2022
Family XIII UCG-001,loco_test_zhuang2018,lgbm,0.0,0.0,0.0,0.0,362,ling2020+shanghai2022+kazakhstan2022
GCA-900066755,loco_test_zhuang2018,lgbm,0.0,0.0,0.0,0.0,363,ling2020+shanghai2022+kazakhstan2022
Hassallia,loco_test_zhuang2018,lgbm,0.0,0.0,0.0,0.0,364,ling2020+shanghai2022+kazakhstan2022
Harryflintia,loco_test_zhuang2018,lgbm,0.0,0.0,0.0,0.0,365,ling2020+shanghai2022+kazakhstan2022
Haliangium,loco_test_zhuang2018,lgbm,0.0,0.0,0.0,0.0,366,ling2020+shanghai2022+kazakhstan2022
Granulicatella,loco_test_zhuang2018,lgbm,0.0,0.0,0.0,0.0,367,ling2020+shanghai2022+kazakhstan2022
Gemmatimonas,loco_test_zhuang2018,lgbm,0.0,0.0,0.0,0.0,368,ling2020+shanghai2022+kazakhstan2022
Gaiella,loco_test_zhuang2018,lgbm,0.0,0.0,0.0,0.0,369,ling2020+shanghai2022+kazakhstan2022
GCA-900066575,loco_test_zhuang2018,lgbm,0.0,0.0,0.0,0.0,370,ling2020+shanghai2022+kazakhstan2022
Hirschia,loco_test_zhuang2018,lgbm,0.0,0.0,0.0,0.0,371,ling2020+shanghai2022+kazakhstan2022
Fournierella,loco_test_zhuang2018,lgbm,0.0,0.0,0.0,0.0,372,ling2020+shanghai2022+kazakhstan2022
Fluviicola,loco_test_zhuang2018,lgbm,0.0,0.0,0.0,0.0,373,ling2020+shanghai2022+kazakhstan2022
Flavobacterium,loco_test_zhuang2018,lgbm,0.0,0.0,0.0,0.0,374,ling2020+shanghai2022+kazakhstan2022
Flavitalea,loco_test_zhuang2018,lgbm,0.0,0.0,0.0,0.0,375,ling2020+shanghai2022+kazakhstan2022
Flavisolibacter,loco_test_zhuang2018,lgbm,0.0,0.0,0.0,0.0,376,ling2020+shanghai2022+kazakhstan2022
Ferruginibacter,loco_test_zhuang2018,lgbm,0.0,0.0,0.0,0.0,377,ling2020+shanghai2022+kazakhstan2022
Helicobacter,loco_test_zhuang2018,lgbm,0.0,0.0,0.0,0.0,378,ling2020+shanghai2022+kazakhstan2022
Hyphomicrobium,loco_test_zhuang2018,lgbm,0.0,0.0,0.0,0.0,379,ling2020+shanghai2022+kazakhstan2022
Longimicrobium,loco_test_zhuang2018,lgbm,0.0,0.0,0.0,0.0,380,ling2020+shanghai2022+kazakhstan2022
Lacibacter,loco_test_zhuang2018,lgbm,0.0,0.0,0.0,0.0,381,ling2020+shanghai2022+kazakhstan2022
Levilactobacillus,loco_test_zhuang2018,lgbm,0.0,0.0,0.0,0.0,382,ling2020+shanghai2022+kazakhstan2022
Leucobacter,loco_test_zhuang2018,lgbm,0.0,0.0,0.0,0.0,383,ling2020+shanghai2022+kazakhstan2022
Legionella,loco_test_zhuang2018,lgbm,0.0,0.0,0.0,0.0,384,ling2020+shanghai2022+kazakhstan2022
Lechevalieria,loco_test_zhuang2018,lgbm,0.0,0.0,0.0,0.0,385,ling2020+shanghai2022+kazakhstan2022
Achromobacter,loco_test_zhuang2018,lgbm,0.0,0.0,0.0,0.0,386,ling2020+shanghai2022+kazakhstan2022
Lactococcus,loco_test_zhuang2018,lgbm,0.0,0.0,0.0,0.0,387,ling2020+shanghai2022+kazakhstan2022
Lachnospiraceae UCG-006,loco_test_zhuang2018,lgbm,0.0,0.0,0.0,0.0,388,ling2020+shanghai2022+kazakhstan2022
IS-44,loco_test_zhuang2018,lgbm,0.0,0.0,0.0,0.0,389,ling2020+shanghai2022+kazakhstan2022
Lachnospiraceae UCG-003,loco_test_zhuang2018,lgbm,0.0,0.0,0.0,0.0,390,ling2020+shanghai2022+kazakhstan2022
Lachnospiraceae NK3A20 group,loco_test_zhuang2018,lgbm,0.0,0.0,0.0,0.0,391,ling2020+shanghai2022+kazakhstan2022
Kribbella,loco_test_zhuang2018,lgbm,0.0,0.0,0.0,0.0,392,ling2020+shanghai2022+kazakhstan2022
JGI 0001001-H03,loco_test_zhuang2018,lgbm,0.0,0.0,0.0,0.0,393,ling2020+shanghai2022+kazakhstan2022
Intestinimonas,loco_test_zhuang2018,lgbm,0.0,0.0,0.0,0.0,394,ling2020+shanghai2022+kazakhstan2022
Iamia,loco_test_zhuang2018,lgbm,0.0,0.0,0.0,0.0,395,ling2020+shanghai2022+kazakhstan2022
wb1-P19,loco_test_zhuang2018,lgbm,0.0,0.0,0.0,0.0,396,ling2020+shanghai2022+kazakhstan2022
Akkermansia,loco_test_ling2020,logreg,0.2539901054054185,-8.358518656855338e-05,0.10184248304716821,-0.14364142776929636,1,zhuang2018+shanghai2022+kazakhstan2022
Subdoligranulum,loco_test_ling2020,logreg,0.24850000290646515,0.006415419803857527,-0.03443201017128486,0.06394701131814255,2,zhuang2018+shanghai2022+kazakhstan2022
Eisenbergiella,loco_test_ling2020,logreg,0.24742993798399607,-0.008031714362826242,0.05514472301191303,-0.09701261207372669,3,zhuang2018+shanghai2022+kazakhstan2022
Christensenellaceae R-7 group,loco_test_ling2020,logreg,0.19594770991099034,-0.022580950968816328,-0.01484221058818748,-0.033480585307730175,4,zhuang2018+shanghai2022+kazakhstan2022
Coprococcus,loco_test_ling2020,logreg,0.1774187323727675,0.009565253320085737,-0.05135710938011053,0.09537139796824949,5,zhuang2018+shanghai2022+kazakhstan2022
Alistipes,loco_test_ling2020,logreg,0.17702731603503785,-0.00609191227080402,-0.011463144016109822,0.0014732028634294814,6,zhuang2018+shanghai2022+kazakhstan2022
Enterobacter,loco_test_ling2020,logreg,0.1751760991364152,-0.004412248216915459,0.009756714945304603,-0.024368534360887362,7,zhuang2018+shanghai2022+kazakhstan2022
Ruminococcus,loco_test_ling2020,logreg,0.16982333276994133,-0.005452810647773596,0.014665604434567553,-0.03378860653839496,8,zhuang2018+shanghai2022+kazakhstan2022
Faecalibacterium,loco_test_ling2020,logreg,0.15475757478919763,0.008021414717991185,-0.07029035115813642,0.11831967651535392,9,zhuang2018+shanghai2022+kazakhstan2022
Fusicatenibacter,loco_test_ling2020,logreg,0.13955246695492354,0.008875784170432938,-0.03911575720656636,0.07646950441972772,10,zhuang2018+shanghai2022+kazakhstan2022
Oscillibacter,loco_test_ling2020,logreg,0.13519988879249192,-0.011205237914116746,-0.03767886205452326,0.026081556649836083,11,zhuang2018+shanghai2022+kazakhstan2022
Bifidobacterium,loco_test_ling2020,logreg,0.12972891617376534,-0.006010598357206319,0.031790229369885376,-0.05925120078972979,12,zhuang2018+shanghai2022+kazakhstan2022
Erysipelatoclostridium,loco_test_ling2020,logreg,0.1235826957713008,0.011454402788416543,-0.039657329550418174,0.08344275819522601,13,zhuang2018+shanghai2022+kazakhstan2022
Agathobacter,loco_test_ling2020,logreg,0.12051001008741011,0.003742780531868885,0.05092321369018604,-0.06270853377562009,14,zhuang2018+shanghai2022+kazakhstan2022
Veillonella,loco_test_ling2020,logreg,0.11793077325455201,0.0006028622334223506,0.015548103456613565,-0.020446773292199072,15,zhuang2018+shanghai2022+kazakhstan2022
Enterococcus,loco_test_ling2020,logreg,0.11412576284232995,-0.010867141463565285,0.03145236754965778,-0.07047208373571044,16,zhuang2018+shanghai2022+kazakhstan2022
Romboutsia,loco_test_ling2020,logreg,0.11348534318561371,-0.0012660249685265434,0.03454130840209016,-0.0516988888708036,17,zhuang2018+shanghai2022+kazakhstan2022
Megasphaera,loco_test_ling2020,logreg,0.11205386344481695,0.006485101469052304,-0.0015933316144777947,0.017863176234587663,18,zhuang2018+shanghai2022+kazakhstan2022
Lachnospiraceae ND3007 group,loco_test_ling2020,logreg,0.10993749154625915,-0.013667642834179497,0.028818168563969654,-0.07350681381748814,19,zhuang2018+shanghai2022+kazakhstan2022
Lachnoclostridium,loco_test_ling2020,logreg,0.10888837064947526,0.01003630281809399,0.010514344836794814,0.009363004200205503,20,zhuang2018+shanghai2022+kazakhstan2022
[Eubacterium] siraeum group,loco_test_ling2020,logreg,0.10769646795041932,0.004175115628631001,0.012052116312633114,-0.006919251531935367,21,zhuang2018+shanghai2022+kazakhstan2022
Streptococcus,loco_test_ling2020,logreg,0.10548384899435624,0.003042799970984988,0.012741767620604489,-0.010617717845380506,22,zhuang2018+shanghai2022+kazakhstan2022
Lactobacillus,loco_test_ling2020,logreg,0.10411177822908178,-0.0017826639392324749,0.025163573078419016,-0.03973511044296699,23,zhuang2018+shanghai2022+kazakhstan2022
Butyricimonas,loco_test_ling2020,logreg,0.10189887937860284,0.0061513023317372895,0.013523786446451573,-0.004232478111522248,24,zhuang2018+shanghai2022+kazakhstan2022
Monoglobus,loco_test_ling2020,logreg,0.09756341858896282,-0.00651573130308728,-0.03029912828205629,0.026982010920812743,25,zhuang2018+shanghai2022+kazakhstan2022
Odoribacter,loco_test_ling2020,logreg,0.09726354288612381,-0.0016197887015305707,-0.003426618629949053,0.0009250421835659017,26,zhuang2018+shanghai2022+kazakhstan2022
[Eubacterium] xylanophilum group,loco_test_ling2020,logreg,0.08906756366573887,0.002097885321475918,0.028466869501577795,-0.03504152901669574,27,zhuang2018+shanghai2022+kazakhstan2022
Eubacterium ventriosum group,loco_test_ling2020,logreg,0.08720134056014572,-0.0008153161484434528,0.01894475764223466,-0.028646405994468976,28,zhuang2018+shanghai2022+kazakhstan2022
Parabacteroides,loco_test_ling2020,logreg,0.08507583684398305,-0.0064916591101760075,-0.012824229718842603,0.00242745442315722,29,zhuang2018+shanghai2022+kazakhstan2022
Holdemania,loco_test_ling2020,logreg,0.081792189629208,-0.0006218717689524351,-0.002337468380996962,0.001794461487448309,30,zhuang2018+shanghai2022+kazakhstan2022
Weissella,loco_test_ling2020,logreg,0.08054013339060295,-0.009103583184627945,-0.006821928420403829,-0.012317181444098534,31,zhuang2018+shanghai2022+kazakhstan2022
CAG-56,loco_test_ling2020,logreg,0.07909607276516385,0.0037812764419846946,-0.023753306381138543,0.04256237900976389,32,zhuang2018+shanghai2022+kazakhstan2022
Eubacterium eligens group,loco_test_ling2020,logreg,0.07335362155666579,-0.007544087832674784,0.012300730363475277,-0.035494535996266396,33,zhuang2018+shanghai2022+kazakhstan2022
NK4A214 group,loco_test_ling2020,logreg,0.07116163984941162,0.004878367435037152,-0.0024514640709740417,0.015202073781531792,34,zhuang2018+shanghai2022+kazakhstan2022
Incertae Sedis,loco_test_ling2020,logreg,0.06852625021079632,-0.0009168162603228396,0.01787522745226209,-0.027384483461146664,35,zhuang2018+shanghai2022+kazakhstan2022
Klebsiella,loco_test_ling2020,logreg,0.06813640825140678,0.006383945488001676,0.01030281128088743,0.0008644162022470974,36,zhuang2018+shanghai2022+kazakhstan2022
Roseburia,loco_test_ling2020,logreg,0.06647211576329665,-0.003287426194658294,-0.026249872292869972,0.02905404718310465,37,zhuang2018+shanghai2022+kazakhstan2022
Lachnospiraceae UCG-010,loco_test_ling2020,logreg,0.06556709229235189,0.00039479070479393665,0.0091049498015987,-0.011873039009015584,38,zhuang2018+shanghai2022+kazakhstan2022
[Clostridium] innocuum group,loco_test_ling2020,logreg,0.06462678678931373,0.006184807660351996,-0.005917125676565544,0.023229784191221774,39,zhuang2018+shanghai2022+kazakhstan2022
Olsenella,loco_test_ling2020,logreg,0.06323983874649297,-0.006232376102799233,0.005571390468350137,-0.022857399442446226,40,zhuang2018+shanghai2022+kazakhstan2022
TM7x,loco_test_ling2020,logreg,0.06278692007362985,-0.0024987841696564503,-0.009162075420724143,0.006886133085368473,41,zhuang2018+shanghai2022+kazakhstan2022
Tyzzerella,loco_test_ling2020,logreg,0.06130237916351682,0.005651653671022932,0.02567355037786026,-0.02254820084564937,42,zhuang2018+shanghai2022+kazakhstan2022
Intestinibacter,loco_test_ling2020,logreg,0.058857610928986275,-0.0008974018804224245,0.007212370387520112,-0.012319616342313322,43,zhuang2018+shanghai2022+kazakhstan2022
Parasutterella,loco_test_ling2020,logreg,0.058217015631702354,0.0014780810731211277,0.011380241080750702,-0.012468623162976871,44,zhuang2018+shanghai2022+kazakhstan2022
Lachnospiraceae FCS020 group,loco_test_ling2020,logreg,0.05728623373582071,0.006398825568717188,-0.0048392366081913855,0.02222708215591235,45,zhuang2018+shanghai2022+kazakhstan2022
Barnesiella,loco_test_ling2020,logreg,0.05591636559184632,-0.0077082206106647705,-0.0058216272543505435,-0.01036539435195242,46,zhuang2018+shanghai2022+kazakhstan2022
Corynebacterium,loco_test_ling2020,logreg,0.055819816349258616,-0.008033531054626647,0.011097182719669347,-0.03497819834236748,47,zhuang2018+shanghai2022+kazakhstan2022
UCG-002,loco_test_ling2020,logreg,0.054441019718824035,0.0011707328348445952,-0.006571213281776388,0.012074882294874151,48,zhuang2018+shanghai2022+kazakhstan2022
Eubacterium hallii group,loco_test_ling2020,logreg,0.05367207952784386,-0.002201667005247315,0.0024654543367087127,-0.008775077346030459,49,zhuang2018+shanghai2022+kazakhstan2022
Lachnospira,loco_test_ling2020,logreg,0.053556436587879556,-0.005281907090106784,0.021443335950081077,-0.042923094470653046,50,zhuang2018+shanghai2022+kazakhstan2022
Dorea,loco_test_ling2020,logreg,0.05122632036278667,0.003717841702209045,-0.006363310905551249,0.01791664819201228,51,zhuang2018+shanghai2022+kazakhstan2022
Family XIII AD3011 group,loco_test_ling2020,logreg,0.05096060145219499,0.0008082284174068104,-0.015578978377068804,0.023888801367372453,52,zhuang2018+shanghai2022+kazakhstan2022
Bilophila,loco_test_ling2020,logreg,0.05028471803521276,0.002770468300894317,0.010696596680281601,-0.008393092796834242,53,zhuang2018+shanghai2022+kazakhstan2022
Lachnospiraceae NK4A136 group,loco_test_ling2020,logreg,0.04892444565991241,0.002452939508790666,-0.011251235671536122,0.02175459469234952,54,zhuang2018+shanghai2022+kazakhstan2022
Ruminococcus gnavus group,loco_test_ling2020,logreg,0.047869410448743134,0.0028479197896952796,-0.012393958562345271,0.024315354088343958,55,zhuang2018+shanghai2022+kazakhstan2022
Turicibacter,loco_test_ling2020,logreg,0.047081028524924996,-0.004900341518102438,-0.011206008485241739,0.003980879562375454,56,zhuang2018+shanghai2022+kazakhstan2022
Tuzzerella,loco_test_ling2020,logreg,0.0468148972769659,-0.0034143682353573535,-0.015201472653773775,0.013187187283539011,57,zhuang2018+shanghai2022+kazakhstan2022
Haemophilus,loco_test_ling2020,logreg,0.04675611057526194,0.0022549297599384847,0.014939464082638696,-0.015610611539639274,58,zhuang2018+shanghai2022+kazakhstan2022
Methanobrevibacter,loco_test_ling2020,logreg,0.046728909125313405,0.002715328033290994,0.0062717961181609026,-0.002293781945399012,59,zhuang2018+shanghai2022+kazakhstan2022
Flavonifractor,loco_test_ling2020,logreg,0.046492151919467345,-0.005179075821288785,-0.0006421254617023547,-0.011569146750283763,60,zhuang2018+shanghai2022+kazakhstan2022
Eubacterium,loco_test_ling2020,logreg,0.045910497690090285,-0.006310443836643973,0.010025833956809534,-0.02931928579925454,61,zhuang2018+shanghai2022+kazakhstan2022
Family XIII UCG-001,loco_test_ling2020,logreg,0.04580399565978779,-0.009809075214885488,-0.008713342188290068,-0.011352361167836783,62,zhuang2018+shanghai2022+kazakhstan2022
[Eubacterium] ruminantium group,loco_test_ling2020,logreg,0.04540914852362329,0.0013646747891204027,-0.016194673326758648,0.02609615100866838,63,zhuang2018+shanghai2022+kazakhstan2022
Ligilactobacillus,loco_test_ling2020,logreg,0.045289412763202475,0.0022209600131089286,0.006050938439126698,-0.0031733757981837096,64,zhuang2018+shanghai2022+kazakhstan2022
Phascolarctobacterium,loco_test_ling2020,logreg,0.04504686084380112,0.005046777485061992,0.006032515149335763,0.003658414577634144,65,zhuang2018+shanghai2022+kazakhstan2022
Sellimonas,loco_test_ling2020,logreg,0.0449512901857825,-0.0005181565703891452,0.017656772220551883,-0.026116647825235664,66,zhuang2018+shanghai2022+kazakhstan2022
Peptoniphilus,loco_test_ling2020,logreg,0.04479993996834637,-0.0031435534501984145,0.008226648951258513,-0.019157923029715206,67,zhuang2018+shanghai2022+kazakhstan2022
Anaerostipes,loco_test_ling2020,logreg,0.043245904017944696,0.0029279549191945048,0.010287434764531167,-0.0074375096517022106,68,zhuang2018+shanghai2022+kazakhstan2022
Hungatella,loco_test_ling2020,logreg,0.038667947864843906,-0.0024335001791432726,0.009727779290788692,-0.01956206281285027,69,zhuang2018+shanghai2022+kazakhstan2022
UCG-005,loco_test_ling2020,logreg,0.03861426893457406,-0.001348377557426782,0.0009916264700076376,-0.004644157877756949,70,zhuang2018+shanghai2022+kazakhstan2022
Slackia,loco_test_ling2020,logreg,0.03831887482444408,-0.004190544795276831,-0.0007195119635461325,-0.009079323431517256,71,zhuang2018+shanghai2022+kazakhstan2022
Adlercreutzia,loco_test_ling2020,logreg,0.037433928342193085,-0.001663614645010274,-0.0070125059914188425,0.00587003513866377,72,zhuang2018+shanghai2022+kazakhstan2022
Paraprevotella,loco_test_ling2020,logreg,0.037307773988683214,0.002361838899000146,-0.003937773277602058,0.011234532105482125,73,zhuang2018+shanghai2022+kazakhstan2022
Gordonibacter,loco_test_ling2020,logreg,0.03713395219997007,-0.003714762328716496,0.007034740340032929,-0.01885490693258892,74,zhuang2018+shanghai2022+kazakhstan2022
Escherichia-Shigella,loco_test_ling2020,logreg,0.0370965103986723,0.0022993062023192196,0.0052486469948730755,-0.0018546949139538105,75,zhuang2018+shanghai2022+kazakhstan2022
Clostridium sensu stricto 1,loco_test_ling2020,logreg,0.03611907245260757,-0.0007064313623782791,0.008949120974330463,-0.01430580085070045,76,zhuang2018+shanghai2022+kazakhstan2022
Bacteroides,loco_test_ling2020,logreg,0.03582715324983033,-0.002294127106516162,0.00021557578897064445,-0.005828919917060953,77,zhuang2018+shanghai2022+kazakhstan2022
Lachnospiraceae UCG-004,loco_test_ling2020,logreg,0.03548491167110328,-0.005692775485258867,0.003133256449791073,-0.018123806379695406,78,zhuang2018+shanghai2022+kazakhstan2022
Fenollaria,loco_test_ling2020,logreg,0.033945492200339634,-0.0015587974921500163,-0.002615551828795925,-7.041110250788829e-05,79,zhuang2018+shanghai2022+kazakhstan2022
Butyricicoccus,loco_test_ling2020,logreg,0.03352765971663595,0.0023614927346818637,-0.009651742971629736,0.019281543025261586,80,zhuang2018+shanghai2022+kazakhstan2022
CAG-352,loco_test_ling2020,logreg,0.03325728858908145,-0.0009754859934587722,0.002548097686063103,-0.005938279908278312,81,zhuang2018+shanghai2022+kazakhstan2022
Senegalimassilia,loco_test_ling2020,logreg,0.03301656507140585,0.01003947657685912,6.93822883648481e-05,0.024081862898682044,82,zhuang2018+shanghai2022+kazakhstan2022
Allisonella,loco_test_ling2020,logreg,0.03283023434345492,0.0015973473980135848,0.007686427778615952,-0.006978822152130598,83,zhuang2018+shanghai2022+kazakhstan2022
Atopobium,loco_test_ling2020,logreg,0.031490769672817,-0.001258752392587688,0.003232576457847969,-0.007584567674891428,84,zhuang2018+shanghai2022+kazakhstan2022
Prevotella,loco_test_ling2020,logreg,0.03103747997024699,-0.0004340065063261776,-0.0017755622476936133,0.001455508622360352,85,zhuang2018+shanghai2022+kazakhstan2022
Prevotella_9,loco_test_ling2020,logreg,0.02963383461266012,0.0015440219695519793,-0.0035148779318670354,0.008669233098311155,86,zhuang2018+shanghai2022+kazakhstan2022
Lactiplantibacillus,loco_test_ling2020,logreg,0.02761594729303624,-0.002251416307634481,-0.0077428537361718345,0.005483002605798412,87,zhuang2018+shanghai2022+kazakhstan2022
Megamonas,loco_test_ling2020,logreg,0.02656871398548996,0.0017727632456231036,0.00432987593038102,-0.001828803916007765,88,zhuang2018+shanghai2022+kazakhstan2022
UBA1819,loco_test_ling2020,logreg,0.026258605474198872,-0.0007070198516340048,0.00689081221691214,-0.011408191779163784,89,zhuang2018+shanghai2022+kazakhstan2022
[Eubacterium] nodatum group,loco_test_ling2020,logreg,0.025406843070620362,-0.00371065268688414,-0.001080837569302409,-0.007414617641224608,90,zhuang2018+shanghai2022+kazakhstan2022
Pelagibacterium,loco_test_ling2020,logreg,0.02530629165526655,-0.003748400758374838,0.0032659482858818107,-0.013627765609440543,91,zhuang2018+shanghai2022+kazakhstan2022
Actinomyces,loco_test_ling2020,logreg,0.025132524655508234,-0.0028765697047228992,-0.00041359407157209275,-0.006345549469724039,92,zhuang2018+shanghai2022+kazakhstan2022
DTU089,loco_test_ling2020,logreg,0.025015017262823354,0.0010459254465156876,-0.004567231790536228,0.008951780709969088,93,zhuang2018+shanghai2022+kazakhstan2022
Citrobacter,loco_test_ling2020,logreg,0.024206156506990265,0.001985926674683912,-0.001385690453028107,0.006734683192588162,94,zhuang2018+shanghai2022+kazakhstan2022
Oxalobacter,loco_test_ling2020,logreg,0.024024843368493413,-0.00010076102502523665,-0.005086020906098185,0.006920731765218354,95,zhuang2018+shanghai2022+kazakhstan2022
Anaerotruncus,loco_test_ling2020,logreg,0.024004351719462753,-0.0005879049929975786,0.007194467852844173,-0.01154899350826765,96,zhuang2018+shanghai2022+kazakhstan2022
Acinetobacter,loco_test_ling2020,logreg,0.02225766570436585,-0.0031878857385282265,-0.005203182231380018,-0.00034943997394823434,97,zhuang2018+shanghai2022+kazakhstan2022
Peptococcus,loco_test_ling2020,logreg,0.021954934662859475,0.0010365609461872455,0.004463666312961804,-0.0037903480211008626,98,zhuang2018+shanghai2022+kazakhstan2022
Anaerococcus,loco_test_ling2020,logreg,0.021736388245210424,-0.0018590392818732492,0.0016293161433411022,-0.006772215937104732,99,zhuang2018+shanghai2022+kazakhstan2022
[Ruminococcus] gauvreauii group,loco_test_ling2020,logreg,0.02172516920438219,-0.0014781808579752728,0.0055280128235479595,-0.011346059282655887,100,zhuang2018+shanghai2022+kazakhstan2022
Frisingicoccus,loco_test_ling2020,logreg,0.021670949830352608,-0.001460392335867068,-0.0003221959458317126,-0.0030634858429591143,101,zhuang2018+shanghai2022+kazakhstan2022
Defluviitaleaceae UCG-011,loco_test_ling2020,logreg,0.021461948263064502,0.0007709495343937782,0.0004942901111124372,0.0011606106939449638,102,zhuang2018+shanghai2022+kazakhstan2022
Ruminococcus torques group,loco_test_ling2020,logreg,0.021001577366789637,7.315669516306485e-05,-0.0004403804972378009,0.0007964485154459727,103,zhuang2018+shanghai2022+kazakhstan2022
Rothia,loco_test_ling2020,logreg,0.020533113160290967,0.0027477356507362026,0.000705255069202924,0.005624468864163355,104,zhuang2018+shanghai2022+kazakhstan2022
Coprobacillus,loco_test_ling2020,logreg,0.019929663521985882,-0.0016326994062010698,-0.007272547707918437,0.0063107489060769155,105,zhuang2018+shanghai2022+kazakhstan2022
Intestinimonas,loco_test_ling2020,logreg,0.019824079587500147,0.00019916455142157495,0.0023357217763295447,-0.002810070976617817,106,zhuang2018+shanghai2022+kazakhstan2022
HT002,loco_test_ling2020,logreg,0.019522284978481172,-0.003301919220261999,0.0018904332445611625,-0.010615091705928427,107,zhuang2018+shanghai2022+kazakhstan2022
Pyramidobacter,loco_test_ling2020,logreg,0.019164952567551796,-0.0022158061233708837,-0.005055589630753198,0.0017838889574492782,108,zhuang2018+shanghai2022+kazakhstan2022
Leuconostoc,loco_test_ling2020,logreg,0.018876182236333673,-0.0006283549936054499,-0.0005975809707595551,-0.0006716986877545962,109,zhuang2018+shanghai2022+kazakhstan2022
Erysipelotrichaceae UCG-003,loco_test_ling2020,logreg,0.018569818624397588,-0.00017470084271942513,-0.00609523712401329,0.008164082652060669,110,zhuang2018+shanghai2022+kazakhstan2022
Paludicola,loco_test_ling2020,logreg,0.01847368785767983,0.0010300552263709695,0.004316934747149058,-0.0035993525493728164,111,zhuang2018+shanghai2022+kazakhstan2022
Lactococcus,loco_test_ling2020,logreg,0.01790888081377277,-0.0005000689322540853,-0.000984518534242807,0.00018225445082861909,112,zhuang2018+shanghai2022+kazakhstan2022
Gemella,loco_test_ling2020,logreg,0.017413815046292917,0.001034303155655135,0.0015008262012903995,0.00037722844349279263,113,zhuang2018+shanghai2022+kazakhstan2022
Ezakiella,loco_test_ling2020,logreg,0.01702256407980019,0.0013064385712010114,-0.002688178908826292,0.006932660374056373,114,zhuang2018+shanghai2022+kazakhstan2022
Candidatus Soleaferrea,loco_test_ling2020,logreg,0.016565102588930344,-0.0003418119256427984,0.0022592107973449997,-0.004005224211541107,115,zhuang2018+shanghai2022+kazakhstan2022
Shuttleworthia,loco_test_ling2020,logreg,0.01588202902602467,0.0007274903194825823,-0.002916344182623489,0.005859651590054512,116,zhuang2018+shanghai2022+kazakhstan2022
Eggerthella,loco_test_ling2020,logreg,0.0158269475369646,-0.002145364550965805,0.0029553267284502653,-0.009329436775495484,117,zhuang2018+shanghai2022+kazakhstan2022
Phocea,loco_test_ling2020,logreg,0.0157841110137294,0.00182293432445915,0.004408277309827113,-0.001818393823946431,118,zhuang2018+shanghai2022+kazakhstan2022
Granulicatella,loco_test_ling2020,logreg,0.015152828395676603,0.0011195218421463963,-0.0021059697500813465,0.005662467746692514,119,zhuang2018+shanghai2022+kazakhstan2022
Terrisporobacter,loco_test_ling2020,logreg,0.014920187208306401,-0.0020818031719949375,-0.002999507509357614,-0.0007892618517658158,120,zhuang2018+shanghai2022+kazakhstan2022
Castellaniella,loco_test_ling2020,logreg,0.0149138181940424,-3.5331296463857936e-05,-0.0009662796215597571,0.0012758635276148749,121,zhuang2018+shanghai2022+kazakhstan2022
Blautia,loco_test_ling2020,logreg,0.014862218438585716,1.1243732963705611e-05,0.0008409214535844903,-0.0011573164369247247,122,zhuang2018+shanghai2022+kazakhstan2022
Eubacterium brachy group,loco_test_ling2020,logreg,0.014649061882912113,-0.00022528598858304033,-0.0053949952204407105,0.007055994619667201,123,zhuang2018+shanghai2022+kazakhstan2022
Fusobacterium,loco_test_ling2020,logreg,0.014379942669906278,0.0011037036863250703,-0.0011144102091136018,0.004227807764407707,124,zhuang2018+shanghai2022+kazakhstan2022
Lachnospiraceae UCG-003,loco_test_ling2020,logreg,0.01397386923890537,0.00015617948698844466,-0.003034971465754894,0.004650758293669202,125,zhuang2018+shanghai2022+kazakhstan2022
Lactonifactor,loco_test_ling2020,logreg,0.01397182422630427,-0.001960532030152951,0.0019457127601312243,-0.007462285255905306,126,zhuang2018+shanghai2022+kazakhstan2022
Catabacter,loco_test_ling2020,logreg,0.013743681529930647,-0.0018607476846284395,0.0024726319186790828,-0.007964099238582698,127,zhuang2018+shanghai2022+kazakhstan2022
UCG-003,loco_test_ling2020,logreg,0.013038696487617326,-0.0008397280895716354,0.0022833202622623513,-0.005238387740042041,128,zhuang2018+shanghai2022+kazakhstan2022
Fournierella,loco_test_ling2020,logreg,0.012888495634259466,0.0021624956302355707,0.0008822259496046864,0.003965692363518508,129,zhuang2018+shanghai2022+kazakhstan2022
Christensenella,loco_test_ling2020,logreg,0.012330584451809887,-0.0008403685219245737,0.0012491380178990628,-0.0037833354794226544,130,zhuang2018+shanghai2022+kazakhstan2022
Collinsella,loco_test_ling2020,logreg,0.012205365407203331,-9.75454489948291e-05,0.0013284405771233087,-0.0021059764716964318,131,zhuang2018+shanghai2022+kazakhstan2022
Cloacibacillus,loco_test_ling2020,logreg,0.011956558821754136,0.0006181360938969178,0.004344758792081384,-0.004630628269743175,132,zhuang2018+shanghai2022+kazakhstan2022
Dialister,loco_test_ling2020,logreg,0.01176617089844178,-0.001964983873030326,-0.004644321416974556,0.0018087309775953527,133,zhuang2018+shanghai2022+kazakhstan2022
GCA-900066755,loco_test_ling2020,logreg,0.01153437017534425,-0.0018183349040464252,0.001690591086313952,-0.006760484186244139,134,zhuang2018+shanghai2022+kazakhstan2022
Mitsuokella,loco_test_ling2020,logreg,0.01141494049993447,-0.0004023320411117916,0.0008700874273274206,-0.0021944721375050475,135,zhuang2018+shanghai2022+kazakhstan2022
Howardella,loco_test_ling2020,logreg,0.011200086018989197,-0.00013642641942057494,0.0015232984796511155,-0.002474067122338448,136,zhuang2018+shanghai2022+kazakhstan2022
Faecalitalea,loco_test_ling2020,logreg,0.011159796092612192,-0.0016318471445368478,-0.002462822102297359,-0.0004614598800854233,137,zhuang2018+shanghai2022+kazakhstan2022
Solobacterium,loco_test_ling2020,logreg,0.011090185421386213,-0.0003622369434980333,-0.00041270350356061134,-0.0002911572814380637,138,zhuang2018+shanghai2022+kazakhstan2022
Oceanicaulis,loco_test_ling2020,logreg,0.010959846982136178,0.0014379498568619432,-0.001103058310495815,0.005016834599619347,139,zhuang2018+shanghai2022+kazakhstan2022
Lachnospiraceae UCG-001,loco_test_ling2020,logreg,0.010710893569142633,0.0010514570148058076,-0.0025127263810709975,0.006071433628716804,140,zhuang2018+shanghai2022+kazakhstan2022
Oscillospira,loco_test_ling2020,logreg,0.010524043932656237,-0.0003188309697566256,-0.00015464696129931498,-0.0005500760520908656,141,zhuang2018+shanghai2022+kazakhstan2022
Colidextribacter,loco_test_ling2020,logreg,0.010397270635732302,-0.00019608518208328397,-0.00012518253248223194,-0.0002959480688453287,142,zhuang2018+shanghai2022+kazakhstan2022
Prevotellaceae NK3B31 group,loco_test_ling2020,logreg,0.009717718929787974,0.0022049001757169376,0.0035429820463000992,0.0003202778227829091,143,zhuang2018+shanghai2022+kazakhstan2022
Paeniclostridium,loco_test_ling2020,logreg,0.009611896429840745,0.0009375258562830606,0.001791529671772133,-0.00026529641905366193,144,zhuang2018+shanghai2022+kazakhstan2022
Salipaludibacillus,loco_test_ling2020,logreg,0.00846142043476049,-2.0045366652336607e-05,-0.0005482229989114695,0.0007238667914591187,145,zhuang2018+shanghai2022+kazakhstan2022
Prevotella_7,loco_test_ling2020,logreg,0.008084827046164427,0.0018426534913741624,0.00010909430240324017,0.004284286151896589,146,zhuang2018+shanghai2022+kazakhstan2022
Latilactobacillus,loco_test_ling2020,logreg,0.007826817012121007,-1.854197152102062e-05,-0.0005071064754906896,0.0006695770481545692,147,zhuang2018+shanghai2022+kazakhstan2022
CAG-873,loco_test_ling2020,logreg,0.0077916032592198325,-0.000421109218641232,0.00032605635877908996,-0.001473455102331827,148,zhuang2018+shanghai2022+kazakhstan2022
Catenibacillus,loco_test_ling2020,logreg,0.007748704361940801,-0.001245064826355097,-0.0036822116682016276,0.002187536359344245,149,zhuang2018+shanghai2022+kazakhstan2022
Marvinbryantia,loco_test_ling2020,logreg,0.007469159308157868,-0.0010099022948039848,-0.0005079056007879879,-0.0017169398920096148,150,zhuang2018+shanghai2022+kazakhstan2022
Bacillus,loco_test_ling2020,logreg,0.007460796919990449,0.00047934948708662647,-0.0004248598441873398,0.0017528837564865778,151,zhuang2018+shanghai2022+kazakhstan2022
Oribacterium,loco_test_ling2020,logreg,0.007268793727621599,-0.0004024442943836634,-0.0007647623396024896,0.000107862811558345,152,zhuang2018+shanghai2022+kazakhstan2022
Sarcina,loco_test_ling2020,logreg,0.007063750416787639,0.0005956372375183584,0.0003545878705267312,0.0009351433882107909,153,zhuang2018+shanghai2022+kazakhstan2022
Polaromonas,loco_test_ling2020,logreg,0.007024512617946949,1.664128760252264e-05,0.00045512445611164596,-0.0006009406398751164,154,zhuang2018+shanghai2022+kazakhstan2022
Coriobacteriaceae UCG-003,loco_test_ling2020,logreg,0.007006350956015995,-0.00048386582494005435,-0.0007990986684229695,-3.987590454158227e-05,155,zhuang2018+shanghai2022+kazakhstan2022
Sphingomonas,loco_test_ling2020,logreg,0.006875138807754184,0.0006284806143286063,0.0014926341003494786,-0.0005886369716162851,156,zhuang2018+shanghai2022+kazakhstan2022
Chitinophaga,loco_test_ling2020,logreg,0.006841326534289245,1.6207314105893414e-05,0.000443255665887122,-0.0005852692376986543,157,zhuang2018+shanghai2022+kazakhstan2022
[Eubacterium] fissicatena group,loco_test_ling2020,logreg,0.006785274175158924,0.00045779087317481394,-0.0009335841863585485,0.0024174740556161703,158,zhuang2018+shanghai2022+kazakhstan2022
Acidaminococcus,loco_test_ling2020,logreg,0.006665537165756706,0.0006842415920061665,0.0020114085295594563,-0.0011850076158153684,159,zhuang2018+shanghai2022+kazakhstan2022
UCG-009,loco_test_ling2020,logreg,0.006610561090974592,0.000407729665686909,-0.0004193970486394025,0.0015726968689634038,160,zhuang2018+shanghai2022+kazakhstan2022
Holdemanella,loco_test_ling2020,logreg,0.006497029324816172,-0.0013550483776534567,-0.00100496694187884,-0.0018481208224064361,161,zhuang2018+shanghai2022+kazakhstan2022
Negativibacillus,loco_test_ling2020,logreg,0.006267561366540024,0.00038002535965577476,0.00028599098098776863,0.0005124681465121213,162,zhuang2018+shanghai2022+kazakhstan2022
CHKCI002,loco_test_ling2020,logreg,0.006113748506853669,-0.00017451631119728574,-0.0006831033258895877,0.000541803427805956,163,zhuang2018+shanghai2022+kazakhstan2022
GCA-900066575,loco_test_ling2020,logreg,0.006090224503932966,0.0010258608095806922,-0.00011588750330709093,0.0026339570249155997,164,zhuang2018+shanghai2022+kazakhstan2022
UCG-007,loco_test_ling2020,logreg,0.006048399940007327,-0.00046551208741648156,-0.00036988020611976937,-0.0006002048779752314,165,zhuang2018+shanghai2022+kazakhstan2022
Rikenellaceae RC9 gut group,loco_test_ling2020,logreg,0.005989112464374311,0.0007564618883265527,0.0002209478995077733,0.0015107069430008908,166,zhuang2018+shanghai2022+kazakhstan2022
Prevotellaceae UCG-001,loco_test_ling2020,logreg,0.0056850635182071774,-0.0003614565568611962,0.0010237531998062931,-0.002312456214139351,167,zhuang2018+shanghai2022+kazakhstan2022
Levilactobacillus,loco_test_ling2020,logreg,0.0056556901739092105,-0.0004930563739809524,-0.0003374012665879311,-0.0007122889196049261,168,zhuang2018+shanghai2022+kazakhstan2022
Sutterella,loco_test_ling2020,logreg,0.005588009734755267,-0.0003412449980458096,-0.0006464131761586175,8.856933732434269e-05,169,zhuang2018+shanghai2022+kazakhstan2022
Elusimicrobium,loco_test_ling2020,logreg,0.005513718927506872,1.3062170633402882e-05,0.00035723878146687397,-0.00047169361927289563,170,zhuang2018+shanghai2022+kazakhstan2022
Ilumatobacter,loco_test_ling2020,logreg,0.005417608848201842,-1.2834482883632219e-05,-0.0003510117234559329,0.00046347148975341124,171,zhuang2018+shanghai2022+kazakhstan2022
Parapusillimonas,loco_test_ling2020,logreg,0.0052752026398664295,-1.2497118172628562e-05,-0.0003417850978321159,0.0004512887686717193,172,zhuang2018+shanghai2022+kazakhstan2022
Nitrosococcus,loco_test_ling2020,logreg,0.005071505946115985,-1.2014554406464517e-05,-0.00032858740683245046,0.00043386270253154447,173,zhuang2018+shanghai2022+kazakhstan2022
Pseudonocardia,loco_test_ling2020,logreg,0.004981853208883402,-1.180216429973607e-05,-0.0003227787257906295,0.0004261929927296919,174,zhuang2018+shanghai2022+kazakhstan2022
Iamia,loco_test_ling2020,logreg,0.0049100937369802675,-1.1632163891865202e-05,-0.0003181293654154589,0.00042005403543713966,175,zhuang2018+shanghai2022+kazakhstan2022
Papillibacter,loco_test_ling2020,logreg,0.004824292301180716,0.00041147334828627854,0.0016666950475039796,-0.0013564445379358346,176,zhuang2018+shanghai2022+kazakhstan2022
Catenisphaera,loco_test_ling2020,logreg,0.0048111688666651895,1.1397807815153148e-05,0.0003117199345770779,-0.0004115911031171346,177,zhuang2018+shanghai2022+kazakhstan2022
Lacunisphaera,loco_test_ling2020,logreg,0.0048048853162376256,1.1382921889891588e-05,0.00031131281772408945,-0.000411053551116021,178,zhuang2018+shanghai2022+kazakhstan2022
Rhizobacter,loco_test_ling2020,logreg,0.004575748563407834,1.084008983711595e-05,0.0002964668425399311,-0.0003914511111527645,179,zhuang2018+shanghai2022+kazakhstan2022
Helicobacter,loco_test_ling2020,logreg,0.00457063160967127,-1.0827967615488492e-05,-0.00029613531053010103,0.00039101336043326196,180,zhuang2018+shanghai2022+kazakhstan2022
Harryflintia,loco_test_ling2020,logreg,0.004566709455537417,-0.0008116177594340235,-0.0002654726586959741,-0.0015808362111777562,181,zhuang2018+shanghai2022+kazakhstan2022
Mycobacterium,loco_test_ling2020,logreg,0.004535142117309118,-1.0743891910683456e-05,-0.00029383591457375597,0.00038797726676970064,182,zhuang2018+shanghai2022+kazakhstan2022
Lacticaseibacillus,loco_test_ling2020,logreg,0.004480836802262464,-0.0002981504689893576,0.0010912289911950424,-0.0022550229481223152,183,zhuang2018+shanghai2022+kazakhstan2022
Peredibacter,loco_test_ling2020,logreg,0.004449468170788787,-1.0540927682183759e-05,-0.0002882850229413059,0.00038064793887995996,184,zhuang2018+shanghai2022+kazakhstan2022
Dethiobacter,loco_test_ling2020,logreg,0.004431856090031321,-1.0499204118272083e-05,-0.0002871439204746016,0.00037914124145402257,185,zhuang2018+shanghai2022+kazakhstan2022
Niastella,loco_test_ling2020,logreg,0.004403616431418531,1.0432303493797054e-05,0.00028531424773202733,-0.0003767253644473722,186,zhuang2018+shanghai2022+kazakhstan2022
Solitalea,loco_test_ling2020,logreg,0.004383525311080545,1.0384707008462677e-05,0.0002840125260733405,-0.00037500658744911186,187,zhuang2018+shanghai2022+kazakhstan2022
Pedobacter,loco_test_ling2020,logreg,0.004317699330508277,1.0228763225028964e-05,0.00027974760190914633,-0.00036937523492161533,188,zhuang2018+shanghai2022+kazakhstan2022
Rhodoplanes,loco_test_ling2020,logreg,0.004278200910700895,-1.0135190247142877e-05,-0.000277188463957543,0.00036599618117595596,189,zhuang2018+shanghai2022+kazakhstan2022
Microvirga,loco_test_ling2020,logreg,0.004256441759598782,-1.0083642145349679e-05,-0.00027577866909355504,0.000364134705669024,190,zhuang2018+shanghai2022+kazakhstan2022
Nonomuraea,loco_test_ling2020,logreg,0.00425559342026722,-1.0081632403241069e-05,-0.00027572370442940317,0.0003640621310138888,191,zhuang2018+shanghai2022+kazakhstan2022
[Bacteroides] pectinophilus group,loco_test_ling2020,logreg,0.004254728658133089,1.0079583755005297e-05,0.00027566767571718257,-0.0003639881514029908,192,zhuang2018+shanghai2022+kazakhstan2022
Bdellovibrio,loco_test_ling2020,logreg,0.004227756875144386,-1.0015686767088785e-05,-0.00027392014977043854,0.0003616807399981921,193,zhuang2018+shanghai2022+kazakhstan2022
Victivallis,loco_test_ling2020,logreg,0.004211686579709601,0.00043944108782320124,0.00019887799285513472,0.0007782623483416049,194,zhuang2018+shanghai2022+kazakhstan2022
Chelativorans,loco_test_ling2020,logreg,0.004162034881510843,-0.0005462955580165359,0.0005393634340850494,-0.002075392729990599,195,zhuang2018+shanghai2022+kazakhstan2022
Flavobacterium,loco_test_ling2020,logreg,0.004159709638730205,9.85448075988026e-06,0.0002695113084532801,-0.0003558593610618093,196,zhuang2018+shanghai2022+kazakhstan2022
[Eubacterium] tenue group,loco_test_ling2020,logreg,0.004090438290932527,-9.69037479495264e-06,-0.0002650231558645879,0.00034993326051439296,197,zhuang2018+shanghai2022+kazakhstan2022
Haliangium,loco_test_ling2020,logreg,0.0040453563320049105,-9.583574240237629e-06,-0.0002621022554187743,0.0003460765400957308,198,zhuang2018+shanghai2022+kazakhstan2022
Halomonas,loco_test_ling2020,logreg,0.0040220366595176355,-0.00034291467684834754,0.0008788372011911129,-0.0020636919698616718,199,zhuang2018+shanghai2022+kazakhstan2022
Ohtaekwangia,loco_test_ling2020,logreg,0.003978209778022059,9.424501977559522e-06,0.00025775177012202417,-0.00034033221371886996,200,zhuang2018+shanghai2022+kazakhstan2022
Azoarcus,loco_test_ling2020,logreg,0.0039611268907416,-9.384032089358392e-06,-0.00025664495457407185,0.0003388707883116461,201,zhuang2018+shanghai2022+kazakhstan2022
Candidatus Nitrososphaera,loco_test_ling2020,logreg,0.00395465632554454,9.368703120325054e-06,0.00025622572086687895,-0.00033831723736777835,202,zhuang2018+shanghai2022+kazakhstan2022
Lysinibacillus,loco_test_ling2020,logreg,0.0039067316838929285,-0.0001735537854113272,-0.0002447738675601697,-7.32438105538024e-05,203,zhuang2018+shanghai2022+kazakhstan2022
Puia,loco_test_ling2020,logreg,0.003906386306606263,9.254349952864255e-06,0.0002530982631611787,-0.0003341877813264524,204,zhuang2018+shanghai2022+kazakhstan2022
Streptomyces,loco_test_ling2020,logreg,0.0038433092871392243,-9.104918543291473e-06,-0.000249011446646004,0.0003287915999112334,205,zhuang2018+shanghai2022+kazakhstan2022
Desulfovibrio,loco_test_ling2020,logreg,0.0038381719032628955,-0.00016440684570203802,-0.00021524623191202674,-9.280207639219487e-05,206,zhuang2018+shanghai2022+kazakhstan2022
Flavisolibacter,loco_test_ling2020,logreg,0.003608942456757405,8.549696275071667e-06,0.00023382661005882,-0.0003087417315893627,207,zhuang2018+shanghai2022+kazakhstan2022
Lachnospiraceae UCG-006,loco_test_ling2020,logreg,0.0035946735394765572,-8.515892768812628e-06,-0.00023290211414430563,0.0003075210387459659,208,zhuang2018+shanghai2022+kazakhstan2022
Anaerofilum,loco_test_ling2020,logreg,0.003577967741602946,0.00018392976571764393,-9.052286883436524e-05,0.0005704827721289249,209,zhuang2018+shanghai2022+kazakhstan2022
mle1-7,loco_test_ling2020,logreg,0.0035504587539935224,8.411146574802295e-06,0.00023003739864167462,-0.00030373850422360933,210,zhuang2018+shanghai2022+kazakhstan2022
Actinocorallia,loco_test_ling2020,logreg,0.0035320203599719393,8.36746544921673e-06,0.00022884275859943106,-0.0003021611164524933,211,zhuang2018+shanghai2022+kazakhstan2022
Peptostreptococcus,loco_test_ling2020,logreg,0.003502455209465309,7.948240617526151e-05,-0.00017089991356179348,0.00043213356073449407,212,zhuang2018+shanghai2022+kazakhstan2022
Lachnospiraceae NC2004 group,loco_test_ling2020,logreg,0.0034788936688792387,0.0002699573412433361,-0.0002209117119318555,0.0009613222048703661,213,zhuang2018+shanghai2022+kazakhstan2022
Parvimonas,loco_test_ling2020,logreg,0.003455422454725987,-9.930181051305736e-05,0.000862109170136455,-0.0014534017832588497,214,zhuang2018+shanghai2022+kazakhstan2022
Acidibacter,loco_test_ling2020,logreg,0.00344769485583334,-8.167695722415694e-06,-0.00022337923375510704,0.00029494714657714934,215,zhuang2018+shanghai2022+kazakhstan2022
Archangium,loco_test_ling2020,logreg,0.0033825194383758773,8.01329314311744e-06,0.00021915646015706523,-0.00028937144913004844,216,zhuang2018+shanghai2022+kazakhstan2022
Woeseia,loco_test_ling2020,logreg,0.0033764061882582087,7.998810664555946e-06,0.00021876037721349275,-0.0002888484661649324,217,zhuang2018+shanghai2022+kazakhstan2022
Truepera,loco_test_ling2020,logreg,0.003338948741286222,-7.910072814427524e-06,-0.00021633347571759374,0.0002856440157815814,218,zhuang2018+shanghai2022+kazakhstan2022
Dinghuibacter,loco_test_ling2020,logreg,0.003325529864792377,7.878283081077723e-06,0.0002154640547060507,-0.00028449604315127907,219,zhuang2018+shanghai2022+kazakhstan2022
Polycyclovorans,loco_test_ling2020,logreg,0.003314934317357905,7.853181901571978e-06,0.00021477755970980054,-0.0002835896037438203,220,zhuang2018+shanghai2022+kazakhstan2022
Nannocystis,loco_test_ling2020,logreg,0.0032744232322846033,-7.757209888357495e-06,-0.00021215281026976473,0.0002801239174093995,221,zhuang2018+shanghai2022+kazakhstan2022
Serratia,loco_test_ling2020,logreg,0.0032596932091541733,-0.00022906196999886223,-0.0007323246038300421,0.00047975864103096913,222,zhuang2018+shanghai2022+kazakhstan2022
Microbacterium,loco_test_ling2020,logreg,0.0032173878009578876,-7.622091187905985e-06,-0.00020845743365454676,0.0002752445883425743,223,zhuang2018+shanghai2022+kazakhstan2022
Sumerlaea,loco_test_ling2020,logreg,0.0031449370670421422,-7.450453158952154e-06,-0.0002037632857952283,0.0002690464942160845,224,zhuang2018+shanghai2022+kazakhstan2022
Marmoricola,loco_test_ling2020,logreg,0.0031097016608986902,7.366979392255983e-06,0.00020148035231227883,-0.00026603213739650853,225,zhuang2018+shanghai2022+kazakhstan2022
Aliihoeflea,loco_test_ling2020,logreg,0.0031084418338643053,-0.00030561895297667496,0.00017167319221552492,-0.000977861410993858,226,zhuang2018+shanghai2022+kazakhstan2022
Polyangium,loco_test_ling2020,logreg,0.0030871221583735854,-7.313487852575061e-06,-0.00020001740614577126,0.0002641004815744618,227,zhuang2018+shanghai2022+kazakhstan2022
Lachnospiraceae NK3A20 group,loco_test_ling2020,logreg,0.0030778967797462664,-7.291632645341648e-06,-0.0001994196856121852,0.00026331125885725466,228,zhuang2018+shanghai2022+kazakhstan2022
Caenimonas,loco_test_ling2020,logreg,0.003056408980422545,7.2407273843022444e-06,0.00019802747187264936,-0.00026147299724717314,229,zhuang2018+shanghai2022+kazakhstan2022
Limosilactobacillus,loco_test_ling2020,logreg,0.003029932416239067,-0.00023180021946335783,-0.0008821956350496129,0.0006842496616440436,230,zhuang2018+shanghai2022+kazakhstan2022
Staphylococcus,loco_test_ling2020,logreg,0.0030252430223072133,-0.0002346066467006278,0.0001671991398499019,-0.0008005302897295429,231,zhuang2018+shanghai2022+kazakhstan2022
Lechevalieria,loco_test_ling2020,logreg,0.0030232887885789715,7.162264625688647e-06,0.00019588158501629945,-0.00025863959507939696,232,zhuang2018+shanghai2022+kazakhstan2022
Chryseobacterium,loco_test_ling2020,logreg,0.002949233980951527,-0.00011187932193048243,0.00018223277500677306,-0.0005261217119829547,233,zhuang2018+shanghai2022+kazakhstan2022
RB41,loco_test_ling2020,logreg,0.0029365185343715023,6.9567032103782996e-06,0.00019025966262812565,-0.0002512164790681391,234,zhuang2018+shanghai2022+kazakhstan2022
CL500-29 marine group,loco_test_ling2020,logreg,0.00292437898798274,-6.927944249606656e-06,-0.00018947313055848257,0.00025017795196007807,235,zhuang2018+shanghai2022+kazakhstan2022
Cupriavidus,loco_test_ling2020,logreg,0.002916862657014341,-6.910137829124005e-06,-0.00018898614075150185,0.00024953493670943657,236,zhuang2018+shanghai2022+kazakhstan2022
Catenibacterium,loco_test_ling2020,logreg,0.0029153812612955103,8.572718715275166e-05,0.0008967792055979431,-0.0010565995993897714,237,zhuang2018+shanghai2022+kazakhstan2022
Anaerofustis,loco_test_ling2020,logreg,0.0029028420696652533,3.546543996310513e-05,0.0008803809892307056,-0.0011545564604137969,238,zhuang2018+shanghai2022+kazakhstan2022
Mogibacterium,loco_test_ling2020,logreg,0.0028827604954456687,7.621740645561776e-05,0.0002375911606555089,-0.00015106957129070798,239,zhuang2018+shanghai2022+kazakhstan2022
Bryobacter,loco_test_ling2020,logreg,0.002867704552896477,-6.793680760411415e-06,-0.00018580114321260327,0.00024532950579197153,240,zhuang2018+shanghai2022+kazakhstan2022
Enterorhabdus,loco_test_ling2020,logreg,0.002844808075840568,0.00028366462903429225,-0.0003387584828931696,0.0011603168993546613,241,zhuang2018+shanghai2022+kazakhstan2022
Cellvibrio,loco_test_ling2020,logreg,0.002780609811416605,6.58735062471902e-06,0.00018015819700378924,-0.00023787863019087265,242,zhuang2018+shanghai2022+kazakhstan2022
Sporosarcina,loco_test_ling2020,logreg,0.0027525012246680538,-6.520760513543508e-06,-0.0001783370165245461,0.00023547396626251644,243,zhuang2018+shanghai2022+kazakhstan2022
Gemmatimonas,loco_test_ling2020,logreg,0.0027359766633830935,-6.481613316890194e-06,-0.00017726637541727749,0.00023406030513435953,244,zhuang2018+shanghai2022+kazakhstan2022
Dokdonella,loco_test_ling2020,logreg,0.0027353786230539176,-6.480196540857952e-06,-0.00017722762784938868,0.0002340091433303124,245,zhuang2018+shanghai2022+kazakhstan2022
Luteolibacter,loco_test_ling2020,logreg,0.002730131765861936,6.467766573927823e-06,0.00017688767927848077,-0.00023356027948882296,246,zhuang2018+shanghai2022+kazakhstan2022
Eubacterium oxidoreducens group,loco_test_ling2020,logreg,0.0027272069282043873,0.00028739703906964617,0.00016004356590529445,0.0004667681280335215,247,zhuang2018+shanghai2022+kazakhstan2022
Rhodomicrobium,loco_test_ling2020,logreg,0.002726279902885997,-6.458641391431265e-06,-0.00017663811363068598,0.00023323075612864588,248,zhuang2018+shanghai2022+kazakhstan2022
Microlunatus,loco_test_ling2020,logreg,0.002725877093375833,6.457687123246072e-06,0.00017661201524219968,-0.00023319629614288587,249,zhuang2018+shanghai2022+kazakhstan2022
Agromyces,loco_test_ling2020,logreg,0.0027222135494676786,-6.449008074444256e-06,-0.0001763746509552626,0.00023288288330698998,250,zhuang2018+shanghai2022+kazakhstan2022
Diaphorobacter,loco_test_ling2020,logreg,0.00271390869317798,-6.429333613092877e-06,-0.00017583657188736,0.00023217241043517077,251,zhuang2018+shanghai2022+kazakhstan2022
Porphyromonas,loco_test_ling2020,logreg,0.002712903492309037,0.0001583446065512992,-0.00013029412053797019,0.0005648780249868902,252,zhuang2018+shanghai2022+kazakhstan2022
wb1-P19,loco_test_ling2020,logreg,0.00270824189666579,6.41590879692787e-06,0.00017546941507225015,-0.00023168762116831444,253,zhuang2018+shanghai2022+kazakhstan2022
Aridibacter,loco_test_ling2020,logreg,0.002647410882671947,6.2717982437717905e-06,0.00017152811926078915,-0.00022648358347033762,254,zhuang2018+shanghai2022+kazakhstan2022
JGI 0001001-H03,loco_test_ling2020,logreg,0.002643700877115925,6.263009125889505e-06,0.00017128774468212578,-0.00022616619588289408,255,zhuang2018+shanghai2022+kazakhstan2022
Adhaeribacter,loco_test_ling2020,logreg,0.0025991173449322895,6.15738935954313e-06,0.00016839913775091014,-0.00022235211541703,256,zhuang2018+shanghai2022+kazakhstan2022
Aquicella,loco_test_ling2020,logreg,0.002570357461971486,6.0892563075015455e-06,0.00016653575920747517,-0.00021989173369246128,257,zhuang2018+shanghai2022+kazakhstan2022
Luedemannella,loco_test_ling2020,logreg,0.0025472487120706665,6.034510964422231e-06,0.00016503852263007084,-0.00021791480124071604,258,zhuang2018+shanghai2022+kazakhstan2022
OM27 clade,loco_test_ling2020,logreg,0.0024717677690123227,-5.855694276310063e-06,-0.00016014804480980822,0.00021145747548918025,259,zhuang2018+shanghai2022+kazakhstan2022
Campylobacter,loco_test_ling2020,logreg,0.002470137087458797,-3.24594263290736e-05,-0.0004409634318279413,0.0005428983278946838,260,zhuang2018+shanghai2022+kazakhstan2022
Coprobacter,loco_test_ling2020,logreg,0.0024602599821408784,8.507517119311122e-05,0.0003292184394022176,-0.00025878858684788477,261,zhuang2018+shanghai2022+kazakhstan2022
Methylotenera,loco_test_ling2020,logreg,0.002434267243656241,5.76685437215759e-06,0.00015771835222686892,-0.00020824933978940782,262,zhuang2018+shanghai2022+kazakhstan2022
Brevundimonas,loco_test_ling2020,logreg,0.002346785306415509,-0.00011863727422505153,-0.00013295901808229614,-9.846580400358044e-05,263,zhuang2018+shanghai2022+kazakhstan2022
Candidatus Solibacter,loco_test_ling2020,logreg,0.0023203620691264262,-5.4970094915428955e-06,-0.00015033833407817414,0.0001985048561234309,264,zhuang2018+shanghai2022+kazakhstan2022
Pseudenhygromyxa,loco_test_ling2020,logreg,0.0023115090307034057,5.476036369766867e-06,0.00014976473779949181,-0.00019774748677069072,265,zhuang2018+shanghai2022+kazakhstan2022
Altererythrobacter,loco_test_ling2020,logreg,0.0022909391730585138,-5.427305740948973e-06,-0.00014843199832244858,0.0001959877542329941,266,zhuang2018+shanghai2022+kazakhstan2022
Sneathia,loco_test_ling2020,logreg,0.00228964169497859,-5.424231975257265e-06,-0.00014834793355702512,0.0001958767561680776,267,zhuang2018+shanghai2022+kazakhstan2022
Massilia,loco_test_ling2020,logreg,0.0022862662441571757,-5.416235427886353e-06,-0.00014812923507888392,0.0001955879894326738,268,zhuang2018+shanghai2022+kazakhstan2022
Nitrosospira,loco_test_ling2020,logreg,0.0022693230459231045,-5.376096467355587e-06,-0.00014703147010920167,0.00019413851429580798,269,zhuang2018+shanghai2022+kazakhstan2022
Citrifermentans,loco_test_ling2020,logreg,0.00225292237027658,5.337242759610533e-06,0.00014596885566326622,-0.00019273545147089043,270,zhuang2018+shanghai2022+kazakhstan2022
Prevotellaceae UCG-003,loco_test_ling2020,logreg,0.0022354988012619217,-0.0002965641467689215,-0.00012698674943247937,-0.0005354055514681356,271,zhuang2018+shanghai2022+kazakhstan2022
Aeromonas,loco_test_ling2020,logreg,0.0021976658640008753,5.206338387612354e-06,0.0001423887371933942,-0.00018800830781771403,272,zhuang2018+shanghai2022+kazakhstan2022
Dielma,loco_test_ling2020,logreg,0.0020930563418213124,-3.6164687881950655e-05,6.306988658232955e-05,-0.00017593169416966917,273,zhuang2018+shanghai2022+kazakhstan2022
V9D2013 group,loco_test_ling2020,logreg,0.002074611049859857,4.914817727835408e-06,0.0001344159057097176,-0.0001774810808381959,274,zhuang2018+shanghai2022+kazakhstan2022
Achromobacter,loco_test_ling2020,logreg,0.0020715902783528077,4.907661426727541e-06,0.0001342201872216234,-0.00017722265659425257,275,zhuang2018+shanghai2022+kazakhstan2022
Pseudolabrys,loco_test_ling2020,logreg,0.002070611963571946,-4.905343768760423e-06,-0.00013415680133184517,0.0001771389626581198,276,zhuang2018+shanghai2022+kazakhstan2022
Pontibacter,loco_test_ling2020,logreg,0.0020463182515244394,-4.847791213714448e-06,-0.00013258278999697987,0.00017506065777680033,277,zhuang2018+shanghai2022+kazakhstan2022
UTCFX1,loco_test_ling2020,logreg,0.00195880026221295,4.640458390821328e-06,0.00012691242118254963,-0.00016757357371020458,278,zhuang2018+shanghai2022+kazakhstan2022
Pseudorhodoplanes,loco_test_ling2020,logreg,0.0019201661006375097,-4.548932867411102e-06,-0.00012440927929489344,0.00016426845646707138,279,zhuang2018+shanghai2022+kazakhstan2022
Ferruginibacter,loco_test_ling2020,logreg,0.0019078450592108307,4.519743939282525e-06,0.00012361098799939233,-0.00016321440262425258,280,zhuang2018+shanghai2022+kazakhstan2022
Reyranella,loco_test_ling2020,logreg,0.0018880053627536838,-4.472743084896297e-06,-0.00012232555631884988,0.0001615171347094046,281,zhuang2018+shanghai2022+kazakhstan2022
Edaphobaculum,loco_test_ling2020,logreg,0.001875199743908244,-4.442406177878622e-06,-0.00012149586881892081,0.00016042162571091342,282,zhuang2018+shanghai2022+kazakhstan2022
Nesterenkonia,loco_test_ling2020,logreg,0.0018242200335962812,-0.00024235881888564202,0.00021522245286132471,-0.0008868394833179893,283,zhuang2018+shanghai2022+kazakhstan2022
Ellin6055,loco_test_ling2020,logreg,0.0017940269547226451,4.250105330288823e-06,0.00011623661119658093,-0.00015347736772082683,284,zhuang2018+shanghai2022+kazakhstan2022
Muribaculum,loco_test_ling2020,logreg,0.0017478619903872046,4.1407391022741835e-06,0.00011324554186162103,-0.00014952799717849597,285,zhuang2018+shanghai2022+kazakhstan2022
BIyi10,loco_test_ling2020,logreg,0.001739750814661721,-4.121523476168289e-06,-0.00011272001153072583,0.00014883409350208168,286,zhuang2018+shanghai2022+kazakhstan2022
Alkalicoccus,loco_test_ling2020,logreg,0.0017345570933073912,-4.109219389680661e-06,-0.00011238350567827052,0.00014838977538298128,287,zhuang2018+shanghai2022+kazakhstan2022
Anaerobacillus,loco_test_ling2020,logreg,0.0017241510002566464,-4.084567033468272e-06,-0.0001117092856010133,0.00014749954362504577,288,zhuang2018+shanghai2022+kazakhstan2022
Blastococcus,loco_test_ling2020,logreg,0.0017098569787157283,-4.050704054440865e-06,-0.00011078316315903218,0.00014627670313512449,289,zhuang2018+shanghai2022+kazakhstan2022
Finegoldia,loco_test_ling2020,logreg,0.0016908396888714,-8.027779193597455e-05,-0.000589540632297156,0.0006369938142065344,290,zhuang2018+shanghai2022+kazakhstan2022
Longimicrobium,loco_test_ling2020,logreg,0.0016883611356525374,3.999779737533893e-06,0.0001093904282584216,-0.00014443775339047682,291,zhuang2018+shanghai2022+kazakhstan2022
Pseudomonas,loco_test_ling2020,logreg,0.0016764972530938136,-0.00042744490081621255,-0.00035420696714348463,-0.000530596920073576,292,zhuang2018+shanghai2022+kazakhstan2022
Novosphingobium,loco_test_ling2020,logreg,0.0015808703793245085,-3.7451308119846872e-06,-0.00010242600600287127,0.00013524201734419356,293,zhuang2018+shanghai2022+kazakhstan2022
Opitutus,loco_test_ling2020,logreg,0.001579891589533139,-3.742812028702952e-06,-0.00010236258933673747,0.00013515828277134561,294,zhuang2018+shanghai2022+kazakhstan2022
Enteroscipio,loco_test_ling2020,logreg,0.0015769231878967262,3.735779793437957e-06,0.00010217026393940785,-0.00013490433872201263,295,zhuang2018+shanghai2022+kazakhstan2022
Nordella,loco_test_ling2020,logreg,0.0015753724022119062,3.7321059341975496e-06,0.0001020697871476735,-0.00013477167042281077,296,zhuang2018+shanghai2022+kazakhstan2022
Curvibacter,loco_test_ling2020,logreg,0.0015708059534091294,-0.00019673438724653739,9.834749869786004e-05,-0.0006123426773090692,297,zhuang2018+shanghai2022+kazakhstan2022
Dactylosporangium,loco_test_ling2020,logreg,0.001562243370931595,-3.701002853121132e-06,-0.00010121914546678904,0.00013364849378584765,298,zhuang2018+shanghai2022+kazakhstan2022
Raoultibacter,loco_test_ling2020,logreg,0.0015339602941119102,0.0001733711921388809,-0.00025086996246100534,0.0007708939450964666,299,zhuang2018+shanghai2022+kazakhstan2022
Lacibacter,loco_test_ling2020,logreg,0.0015295979320410708,3.6236647989335905e-06,9.910401827894467e-05,-0.00013085570629967343,300,zhuang2018+shanghai2022+kazakhstan2022
Dongia,loco_test_ling2020,logreg,0.0015250151264321438,3.612807990737445e-06,9.880709420411274e-05,-0.00013046365146472078,301,zhuang2018+shanghai2022+kazakhstan2022
Fluviicola,loco_test_ling2020,logreg,0.0015148912245045657,3.5888241540217006e-06,9.815115754215211e-05,-0.00012959756089968313,302,zhuang2018+shanghai2022+kazakhstan2022
UC5-1-2E3,loco_test_ling2020,logreg,0.001495539968390744,7.742198817613278e-05,0.00037352037972488095,-0.0003396179999206958,303,zhuang2018+shanghai2022+kazakhstan2022
Allorhizobium-Neorhizobium-Pararhizobium-Rhizobium,loco_test_ling2020,logreg,0.0014666707378107862,-3.4745883299796292e-06,-9.502690907488139e-05,0.0001254723422966423,304,zhuang2018+shanghai2022+kazakhstan2022
wb1-A12,loco_test_ling2020,logreg,0.0014145757214753462,-3.3511736254090667e-06,-9.16516263662676e-05,0.00012101566122087062,305,zhuang2018+shanghai2022+kazakhstan2022
OLB17,loco_test_ling2020,logreg,0.0013797312564219127,3.268626010243777e-06,8.939402230624677e-05,-0.00011803474905454916,306,zhuang2018+shanghai2022+kazakhstan2022
Pedomicrobium,loco_test_ling2020,logreg,0.0013614941412238867,3.2254217204151402e-06,8.821242329903004e-05,-0.00011647458050298627,307,zhuang2018+shanghai2022+kazakhstan2022
Sediminibacterium,loco_test_ling2020,logreg,0.0013315155896105489,-2.3644672772482312e-05,-0.00020160660928976521,0.0002270059420405923,308,zhuang2018+shanghai2022+kazakhstan2022
Sanguibacteroides,loco_test_ling2020,logreg,0.001330578167730693,2.1421939899480508e-05,-0.0001292331972847933,0.00023361227396183793,309,zhuang2018+shanghai2022+kazakhstan2022
Ahniella,loco_test_ling2020,logreg,0.0012836230612262598,3.04094272398644e-06,8.316708636843672e-05,-0.00010981278071890131,310,zhuang2018+shanghai2022+kazakhstan2022
Libanicoccus,loco_test_ling2020,logreg,0.0012755580685042778,3.0218365068439587e-06,8.264454827565023e-05,-0.0001091228279562636,311,zhuang2018+shanghai2022+kazakhstan2022
Kribbella,loco_test_ling2020,logreg,0.0012690047907411232,-3.006311589183842e-06,-8.22199555473116e-05,0.00010856220102789742,312,zhuang2018+shanghai2022+kazakhstan2022
Rubrobacter,loco_test_ling2020,logreg,0.0012451803028328975,2.949870640633131e-06,8.067634566416224e-05,-0.00010652403784321082,313,zhuang2018+shanghai2022+kazakhstan2022
Pseudoduganella,loco_test_ling2020,logreg,0.0012373623952689132,-2.931349775870199e-06,-8.016981643978599e-05,0.00010585522299020845,314,zhuang2018+shanghai2022+kazakhstan2022
Comamonas,loco_test_ling2020,logreg,0.0012358274815844857,0.0001296779518327777,7.252708171429869e-05,0.00021017213509824106,315,zhuang2018+shanghai2022+kazakhstan2022
Taibaiella,loco_test_ling2020,logreg,0.0012218301389157185,2.894553380284095e-06,7.9163467656687e-05,-0.00010452645264281873,316,zhuang2018+shanghai2022+kazakhstan2022
Nitrospira,loco_test_ling2020,logreg,0.0012038627855846724,2.851988164659846e-06,7.799934676214043e-05,-0.00010298936197263683,317,zhuang2018+shanghai2022+kazakhstan2022
Skermanella,loco_test_ling2020,logreg,0.0012019915814078888,-2.847555224104055e-06,-7.787810976968966e-05,0.00010282928216404473,318,zhuang2018+shanghai2022+kazakhstan2022
Terrimonas,loco_test_ling2020,logreg,0.001200460221617244,2.8439273854075915e-06,7.777889159901588e-05,-0.00010269827573235042,319,zhuang2018+shanghai2022+kazakhstan2022
Ammoniphilus,loco_test_ling2020,logreg,0.0011914836615293533,-2.8226616369879672e-06,-7.719729224117328e-05,0.00010193033921397728,320,zhuang2018+shanghai2022+kazakhstan2022
Merdibacter,loco_test_ling2020,logreg,0.0011910053899631754,7.267273907050708e-05,-0.0003570552588007663,0.0006779234402976524,321,zhuang2018+shanghai2022+kazakhstan2022
Hassallia,loco_test_ling2020,logreg,0.001086274393257982,2.573417627192654e-06,7.038068963765957e-05,-9.292978238754946e-05,322,zhuang2018+shanghai2022+kazakhstan2022
Rhodococcus,loco_test_ling2020,logreg,0.0010399091270723538,-2.463576877901201e-06,-6.737664256665109e-05,8.89632762048451e-05,323,zhuang2018+shanghai2022+kazakhstan2022
Arenimonas,loco_test_ling2020,logreg,0.0010315068553940839,2.443671636481975e-06,6.683225186858264e-05,-8.824446953549069e-05,324,zhuang2018+shanghai2022+kazakhstan2022
Mesorhizobium,loco_test_ling2020,logreg,0.0009894091934731506,2.343940973655597e-06,6.410470669535787e-05,-8.46430530005731e-05,325,zhuang2018+shanghai2022+kazakhstan2022
Paracoccus,loco_test_ling2020,logreg,0.0009822277813137832,-4.383917971647655e-05,5.940427608675815e-05,-0.00018925249774920136,326,zhuang2018+shanghai2022+kazakhstan2022
P3OB-42,loco_test_ling2020,logreg,0.0009333843183284913,-2.2112163120476867e-06,-6.047480491914213e-05,7.985017609231078e-05,327,zhuang2018+shanghai2022+kazakhstan2022
Phenylobacterium,loco_test_ling2020,logreg,0.0009242755989111058,2.189637474089849e-06,5.988464284012189e-05,-7.907093346398348e-05,328,zhuang2018+shanghai2022+kazakhstan2022
Pseudoxanthomonas,loco_test_ling2020,logreg,0.0008822246381824073,-2.0900174478319674e-06,-5.71601234789175e-05,7.547351217341535e-05,329,zhuang2018+shanghai2022+kazakhstan2022
Alloprevotella,loco_test_ling2020,logreg,0.0008782603579517636,2.9421373984077784e-05,0.00012336194272833122,-0.00010288928621909615,330,zhuang2018+shanghai2022+kazakhstan2022
Succinivibrio,loco_test_ling2020,logreg,0.0008726168024597439,-5.002614788133338e-05,5.1248222124994126e-05,-0.00019266610563672425,331,zhuang2018+shanghai2022+kazakhstan2022
Hirschia,loco_test_ling2020,logreg,0.0008597733891408758,-2.036829744619431e-06,-5.570548697033655e-05,7.355282831977074e-05,332,zhuang2018+shanghai2022+kazakhstan2022
Nocardioides,loco_test_ling2020,logreg,0.0008574195552101224,-2.0312534392526874e-06,-5.555297996440208e-05,7.335145997645072e-05,333,zhuang2018+shanghai2022+kazakhstan2022
Ramlibacter,loco_test_ling2020,logreg,0.0008202903570417645,1.943293220690052e-06,5.314734600211675e-05,-7.01750909785024e-05,334,zhuang2018+shanghai2022+kazakhstan2022
Tumebacillus,loco_test_ling2020,logreg,0.0008133791677567754,1.9269203995674538e-06,5.26995638661178e-05,-6.958384504627815e-05,335,zhuang2018+shanghai2022+kazakhstan2022
Ralstonia,loco_test_ling2020,logreg,0.0007986559030666958,1.8920405302467675e-06,5.174563037653447e-05,-6.832428319691907e-05,336,zhuang2018+shanghai2022+kazakhstan2022
Cutibacterium,loco_test_ling2020,logreg,0.0007774487225683612,1.841800063881889e-06,5.037159818171626e-05,-6.651002827109609e-05,337,zhuang2018+shanghai2022+kazakhstan2022
Virgisporangium,loco_test_ling2020,logreg,0.0007720243420236772,1.828949538639929e-06,5.002014771398785e-05,-6.604597746889233e-05,338,zhuang2018+shanghai2022+kazakhstan2022
Aeromicrobium,loco_test_ling2020,logreg,0.0006933954756013842,-1.6426753227390615e-06,-4.4925713123082254e-05,5.931934974816688e-05,339,zhuang2018+shanghai2022+kazakhstan2022
Candidatus Nitrocosmicus,loco_test_ling2020,logreg,0.0006803695683231084,1.6118165456122572e-06,4.408175293853659e-05,-5.820499527540789e-05,340,zhuang2018+shanghai2022+kazakhstan2022
Burkholderia-Caballeronia-Paraburkholderia,loco_test_ling2020,logreg,0.0006794355123140331,-1.6096037380440612e-06,-4.402123461417316e-05,5.8125087636785595e-05,341,zhuang2018+shanghai2022+kazakhstan2022
Candidatus Entotheonella,loco_test_ling2020,logreg,0.0006651083269083858,-1.5756621927956704e-06,-4.309296345573056e-05,5.6899410008521084e-05,342,zhuang2018+shanghai2022+kazakhstan2022
Chthoniobacter,loco_test_ling2020,logreg,0.0006240043768219333,1.4782856640325356e-06,4.0429801761161004e-05,-5.3383004613613176e-05,343,zhuang2018+shanghai2022+kazakhstan2022
Lysobacter,loco_test_ling2020,logreg,0.0006133296231586454,1.4529968425215661e-06,3.973817492249361e-05,-5.246978918560807e-05,344,zhuang2018+shanghai2022+kazakhstan2022
Gaiella,loco_test_ling2020,logreg,0.0006010685872277636,1.4239500692679534e-06,3.894377143674131e-05,-5.142086875815935e-05,345,zhuang2018+shanghai2022+kazakhstan2022
Paenibacillus,loco_test_ling2020,logreg,0.0005419973290527057,-1.2840084320613358e-06,-3.511649177892339e-05,4.6367376563518985e-05,346,zhuang2018+shanghai2022+kazakhstan2022
Asteroleplasma,loco_test_ling2020,logreg,0.000533919280261157,-1.2648712846863093e-06,-3.4593107771710724e-05,4.567630686605231e-05,347,zhuang2018+shanghai2022+kazakhstan2022
Nitrolancea,loco_test_ling2020,logreg,0.0005311509198395668,-1.258312953244864e-06,-3.441374322363117e-05,4.543947615997527e-05,348,zhuang2018+shanghai2022+kazakhstan2022
Sandaracinus,loco_test_ling2020,logreg,0.0005151040093337461,1.2202973260571542e-06,3.337404953761309e-05,-4.4066677619796254e-05,349,zhuang2018+shanghai2022+kazakhstan2022
Rhizocola,loco_test_ling2020,logreg,0.0005049247876426877,1.1961824351111292e-06,3.2714528658691665e-05,-4.319585449950937e-05,350,zhuang2018+shanghai2022+kazakhstan2022
Vicinamibacter,loco_test_ling2020,logreg,0.0004963940192147984,-1.1759727809186998e-06,-3.2161812541271936e-05,4.246605505056474e-05,351,zhuang2018+shanghai2022+kazakhstan2022
MND1,loco_test_ling2020,logreg,0.0004865341154629176,1.152614364044485e-06,3.152298055726742e-05,-4.162254928838217e-05,352,zhuang2018+shanghai2022+kazakhstan2022
Leucobacter,loco_test_ling2020,logreg,0.00046816039158303446,1.1090864440243334e-06,3.033253055135349e-05,-4.00506939888336e-05,353,zhuang2018+shanghai2022+kazakhstan2022
Caulobacter,loco_test_ling2020,logreg,0.0004667478064745299,1.1057399862226107e-06,3.0241007898582193e-05,-3.992984862273462e-05,354,zhuang2018+shanghai2022+kazakhstan2022
Stenotrophomonas,loco_test_ling2020,logreg,0.00045103863201463324,-2.6531104434207522e-05,-2.7833752411458614e-05,-2.4696388973290486e-05,355,zhuang2018+shanghai2022+kazakhstan2022
Legionella,loco_test_ling2020,logreg,0.000446073905139921,1.0567628746865911e-06,2.8901527337812794e-05,-3.816121524239257e-05,356,zhuang2018+shanghai2022+kazakhstan2022
IS-44,loco_test_ling2020,logreg,0.00039717422169392974,9.409180125365764e-07,2.573327310540839e-05,-3.397789197742372e-05,357,zhuang2018+shanghai2022+kazakhstan2022
Undibacterium,loco_test_ling2020,logreg,0.00039073081354166366,-9.256533793820514e-07,-2.5315798927440105e-05,3.342666429393911e-05,358,zhuang2018+shanghai2022+kazakhstan2022
Methyloceanibacter,loco_test_ling2020,logreg,0.00037965761484803364,-8.994206292735565e-07,-2.4598356478838226e-05,3.247936225743723e-05,359,zhuang2018+shanghai2022+kazakhstan2022
Solirubrobacter,loco_test_ling2020,logreg,0.0003651282144037315,-8.65000030345723e-07,-2.365698362715502e-05,3.1236385317273006e-05,360,zhuang2018+shanghai2022+kazakhstan2022
Enhydrobacter,loco_test_ling2020,logreg,0.0003595104444525749,8.516913596198532e-07,2.3293003286789764e-05,-3.0755790227943384e-05,361,zhuang2018+shanghai2022+kazakhstan2022
Candidatus Udaeobacter,loco_test_ling2020,logreg,0.0003358440260516617,-7.956248826197259e-07,-2.1759634868416186e-05,2.873114974526267e-05,362,zhuang2018+shanghai2022+kazakhstan2022
BD1-7 clade,loco_test_ling2020,logreg,0.00033300251873658835,-7.888932639257807e-07,-2.15755310676762e-05,2.8488061389243873e-05,363,zhuang2018+shanghai2022+kazakhstan2022
Vibrionimonas,loco_test_ling2020,logreg,0.00030791101720032354,7.294507209118599e-07,1.9949830238192243e-05,-2.6341506345680232e-05,364,zhuang2018+shanghai2022+kazakhstan2022
Citricoccus,loco_test_ling2020,logreg,0.00030791101720032354,7.294507209118599e-07,1.9949830238192243e-05,-2.6341506345680232e-05,365,zhuang2018+shanghai2022+kazakhstan2022
Methyloversatilis,loco_test_ling2020,logreg,0.00030791101720032354,7.294507209118599e-07,1.9949830238192243e-05,-2.6341506345680232e-05,366,zhuang2018+shanghai2022+kazakhstan2022
SWB02,loco_test_ling2020,logreg,0.00026590448726197883,6.299359525702181e-07,1.7228189587639263e-05,-2.2747886068653807e-05,367,zhuang2018+shanghai2022+kazakhstan2022
Angelakisella,loco_test_ling2020,logreg,0.00025844043580767345,1.1336636757250651e-05,-1.542827685120521e-05,4.9033698177611024e-05,368,zhuang2018+shanghai2022+kazakhstan2022
Bauldia,loco_test_ling2020,logreg,0.0002506735317478738,-5.938533479886718e-07,-1.6241362355425724e-05,2.1444891732908594e-05,369,zhuang2018+shanghai2022+kazakhstan2022
Subgroup 10,loco_test_ling2020,logreg,0.0002249954925085346,5.330212790193655e-07,1.4577659223487511e-05,-1.9248158924456907e-05,370,zhuang2018+shanghai2022+kazakhstan2022
Afipia,loco_test_ling2020,logreg,0.00018212966460619015,4.3147080722996256e-07,1.180034388918438e-05,-1.558102649129739e-05,371,zhuang2018+shanghai2022+kazakhstan2022
Psychrobacillus,loco_test_ling2020,logreg,0.00017740764334650132,4.202841928523354e-07,1.1494399907807963e-05,-1.5177061884549953e-05,372,zhuang2018+shanghai2022+kazakhstan2022
Hyphomicrobium,loco_test_ling2020,logreg,0.00017452408080753713,-4.1345294403257294e-07,-1.130757131149269e-05,1.493037574253097e-05,373,zhuang2018+shanghai2022+kazakhstan2022
Bradyrhizobium,loco_test_ling2020,logreg,0.00015078573712986495,-3.572160738277428e-07,-9.76954279009906e-06,1.289958211810368e-05,374,zhuang2018+shanghai2022+kazakhstan2022
YC-ZSS-LKJ147,loco_test_ling2020,logreg,0.00014861174717434588,3.520658243994234e-07,9.62868803619486e-06,-1.2713599262636396e-05,375,zhuang2018+shanghai2022+kazakhstan2022
Z20,loco_test_ling2020,logreg,0.0001387782328602449,-3.287699249193151e-07,-8.991565847470075e-06,1.1872351092757812e-05,376,zhuang2018+shanghai2022+kazakhstan2022
Steroidobacter,loco_test_ling2020,logreg,0.00013860388547954,3.28356890583289e-07,8.980269724716283e-06,-1.1857435833547707e-05,377,zhuang2018+shanghai2022+kazakhstan2022
Faecalibaculum,loco_test_ling2020,logreg,0.00013704891829296816,3.2467312523590864e-07,8.879522009742885e-06,-1.172440981068942e-05,378,zhuang2018+shanghai2022+kazakhstan2022
Chryseolinea,loco_test_ling2020,logreg,0.00013269166298673438,3.1435065268124657e-07,8.597211540782727e-06,-1.1351650598165916e-05,379,zhuang2018+shanghai2022+kazakhstan2022
Psychrobacter,loco_test_ling2020,logreg,0.00012530796400076264,2.968584414661798e-07,8.118815078585918e-06,-1.0719981892505307e-05,380,zhuang2018+shanghai2022+kazakhstan2022
Salmonella,loco_test_ling2020,logreg,0.00012249179602561716,-1.945192441595579e-05,5.817515839865596e-06,-5.5042685339647845e-05,381,zhuang2018+shanghai2022+kazakhstan2022
Sulfurifustis,loco_test_ling2020,logreg,0.00011845235981151782,-2.806173031542053e-07,-7.67463435066253e-06,1.0133491214463163e-05,382,zhuang2018+shanghai2022+kazakhstan2022
ADurb.Bin063-1,loco_test_ling2020,logreg,0.00011734394399294869,2.7799143180579834e-07,7.602819098272943e-06,-1.0038667253359177e-05,383,zhuang2018+shanghai2022+kazakhstan2022
Pajaroellobacter,loco_test_ling2020,logreg,0.00011545472599496928,2.7351581595055524e-07,7.480414974233079e-06,-9.877046378813554e-06,384,zhuang2018+shanghai2022+kazakhstan2022
Thermus,loco_test_ling2020,logreg,0.00010992280136274222,-2.6041051543971963e-07,-7.121996628871941e-06,9.4037952781268e-06,385,zhuang2018+shanghai2022+kazakhstan2022
UCG-004,loco_test_ling2020,logreg,0.00010727628891718959,2.5414084562126173e-07,6.950526720155786e-06,-9.177388555131589e-06,386,zhuang2018+shanghai2022+kazakhstan2022
Paenisporosarcina,loco_test_ling2020,logreg,0.00010458512643887387,-2.4776539849453096e-07,-6.776163895876372e-06,8.947162062606676e-06,387,zhuang2018+shanghai2022+kazakhstan2022
Aquabacterium,loco_test_ling2020,logreg,0.00010258383486217469,2.4302427686578495e-07,6.64649842441877e-06,-8.775953395744057e-06,388,zhuang2018+shanghai2022+kazakhstan2022
Pseudoflavonifractor,loco_test_ling2020,logreg,9.539512776617916e-05,2.6759869914584195e-06,6.0104788598497705e-06,-2.02048042881109e-06,389,zhuang2018+shanghai2022+kazakhstan2022
Pannonibacter,loco_test_ling2020,logreg,7.14048523400058e-05,-1.691603031603612e-07,-4.626384256460445e-06,6.108619912755254e-06,390,zhuang2018+shanghai2022+kazakhstan2022
Stenotrophobacter,loco_test_ling2020,logreg,6.662462683994364e-05,-1.578358011375155e-07,-4.316669170285162e-06,5.699675986394383e-06,391,zhuang2018+shanghai2022+kazakhstan2022
Methylobacterium-Methylorubrum,loco_test_ling2020,logreg,4.101819577728942e-05,-9.717337415303106e-08,-2.6576055961696088e-06,3.5090691920675035e-06,392,zhuang2018+shanghai2022+kazakhstan2022
Flavitalea,loco_test_ling2020,logreg,3.951860051828802e-05,-9.36207866142657e-08,-2.560445477915019e-06,3.380780187048766e-06,393,zhuang2018+shanghai2022+kazakhstan2022
Erysipelotrichaceae UCG-006,loco_test_ling2020,logreg,3.836052208714402e-05,9.087726300101042e-08,2.4854125404322953e-06,-3.2817076347895256e-06,394,zhuang2018+shanghai2022+kazakhstan2022
Phaselicystis,loco_test_ling2020,logreg,3.4485761193315945e-05,-8.169783462893251e-08,-2.2343633160547036e-06,2.9502253786467957e-06,395,zhuang2018+shanghai2022+kazakhstan2022
Ellin6067,loco_test_ling2020,logreg,6.005665511781739e-06,-1.4227607303426272e-08,-3.8911244072005136e-07,5.137792003256234e-07,396,zhuang2018+shanghai2022+kazakhstan2022
[Eubacterium] xylanophilum group,loco_test_ling2020,lgbm,0.5180570234847055,0.37343997233123366,0.4295861792299447,0.29436080768516154,1,zhuang2018+shanghai2022+kazakhstan2022
Eisenbergiella,loco_test_ling2020,lgbm,0.2570483293434652,0.029589373355900873,0.08657715545751046,-0.05067510847735211,2,zhuang2018+shanghai2022+kazakhstan2022
Lachnoclostridium,loco_test_ling2020,lgbm,0.25367000723113364,0.10281989362811803,0.10106985054166134,0.1052847430456628,3,zhuang2018+shanghai2022+kazakhstan2022
Bacteroides,loco_test_ling2020,lgbm,0.24677660623271228,0.17404087450831518,0.1636000210173159,0.18874630196042688,4,zhuang2018+shanghai2022+kazakhstan2022
Oscillibacter,loco_test_ling2020,lgbm,0.23265647543581358,0.052359897751181564,0.019934912041852826,0.09802889170798258,5,zhuang2018+shanghai2022+kazakhstan2022
Acinetobacter,loco_test_ling2020,lgbm,0.21226827082499114,0.21186713244433925,0.21396777912729525,0.20890847514440095,6,zhuang2018+shanghai2022+kazakhstan2022
Odoribacter,loco_test_ling2020,lgbm,0.17733943269999494,0.044255776234033324,0.04209963440358863,0.04729259571353274,7,zhuang2018+shanghai2022+kazakhstan2022
Enterobacter,loco_test_ling2020,lgbm,0.171153453904783,-0.13062106409730112,-0.12083662824895675,-0.1444019596583498,8,zhuang2018+shanghai2022+kazakhstan2022
Veillonella,loco_test_ling2020,lgbm,0.1535349556846756,0.02233083661948119,0.0336459701233727,0.006394028867521314,9,zhuang2018+shanghai2022+kazakhstan2022
Lachnospiraceae ND3007 group,loco_test_ling2020,lgbm,0.15271967692810734,0.08783444809627265,0.1332719286074209,0.023837996672120196,10,zhuang2018+shanghai2022+kazakhstan2022
Akkermansia,loco_test_ling2020,lgbm,0.15036835369314253,0.04084795110639837,0.08763635887076411,-0.025051214758905482,11,zhuang2018+shanghai2022+kazakhstan2022
Streptococcus,loco_test_ling2020,lgbm,0.1464854809984584,-0.034793680359511546,-0.01564744742231856,-0.06176020562316362,12,zhuang2018+shanghai2022+kazakhstan2022
Lachnospiraceae UCG-010,loco_test_ling2020,lgbm,0.11529239296038758,0.06033633551345525,0.08914249710300112,0.019764276936630066,13,zhuang2018+shanghai2022+kazakhstan2022
Lachnospiraceae UCG-004,loco_test_ling2020,lgbm,0.11481993173643061,0.10574084376600125,0.1079986657548331,0.10256081279581562,14,zhuang2018+shanghai2022+kazakhstan2022
Sutterella,loco_test_ling2020,lgbm,0.09684768026974722,0.08996729146901995,0.08755702528207468,0.09336203257739363,15,zhuang2018+shanghai2022+kazakhstan2022
Castellaniella,loco_test_ling2020,lgbm,0.09036766732303576,0.08877686834903455,0.086717085467788,0.0916779709986776,16,zhuang2018+shanghai2022+kazakhstan2022
Weissella,loco_test_ling2020,lgbm,0.08909100252229864,-0.01537406326774237,-0.0033526562419064054,-0.03230562245906064,17,zhuang2018+shanghai2022+kazakhstan2022
Lacunisphaera,loco_test_ling2020,lgbm,0.08206273970133952,0.07605973960365896,0.08068815955338529,0.06954083826601637,18,zhuang2018+shanghai2022+kazakhstan2022
Rhodococcus,loco_test_ling2020,lgbm,0.0794985838378009,0.02007308245308644,0.01179503172652084,0.03173230882853097,19,zhuang2018+shanghai2022+kazakhstan2022
Gordonibacter,loco_test_ling2020,lgbm,0.07753742957963934,0.04989175729270473,0.07020531560475478,0.021281111782775065,20,zhuang2018+shanghai2022+kazakhstan2022
Romboutsia,loco_test_ling2020,lgbm,0.07685975220266587,0.029515075674129622,0.0425524217809747,0.011152616368713996,21,zhuang2018+shanghai2022+kazakhstan2022
Salipaludibacillus,loco_test_ling2020,lgbm,0.0732846429888627,-0.025406046438608044,-0.029106625091337327,-0.020193963829130235,22,zhuang2018+shanghai2022+kazakhstan2022
Christensenellaceae R-7 group,loco_test_ling2020,lgbm,0.06961554751756582,0.00397216806785098,0.010334158988924633,-0.004988382525210511,23,zhuang2018+shanghai2022+kazakhstan2022
Subdoligranulum,loco_test_ling2020,lgbm,0.06777236357656227,0.03642516898759094,0.025417192652746456,0.05192936100849876,24,zhuang2018+shanghai2022+kazakhstan2022
Lactiplantibacillus,loco_test_ling2020,lgbm,0.06423707920862688,0.0486383221279086,0.04685842291200413,0.0511452224319993,25,zhuang2018+shanghai2022+kazakhstan2022
Ruminococcus gnavus group,loco_test_ling2020,lgbm,0.06154063309088822,0.015248915897634182,0.008254026964197681,0.025100872141910927,26,zhuang2018+shanghai2022+kazakhstan2022
Oxalobacter,loco_test_ling2020,lgbm,0.06105640655222091,-0.015845220119516588,-0.016569594383865186,-0.014824974676772101,27,zhuang2018+shanghai2022+kazakhstan2022
Family XIII UCG-001,loco_test_ling2020,lgbm,0.06044804869835257,0.029202185445280818,0.03073924939420434,0.027037306643980036,28,zhuang2018+shanghai2022+kazakhstan2022
Faecalibacterium,loco_test_ling2020,lgbm,0.05783963498847336,0.024844273636957834,-0.0008729711552991998,0.061065745175348025,29,zhuang2018+shanghai2022+kazakhstan2022
Bifidobacterium,loco_test_ling2020,lgbm,0.056765146033272165,0.018786099310518632,0.0329970997076623,-0.0012293942065851155,30,zhuang2018+shanghai2022+kazakhstan2022
[Eubacterium] siraeum group,loco_test_ling2020,lgbm,0.05429415722979744,0.04095396954391109,0.046318518110636794,0.03339826733725515,31,zhuang2018+shanghai2022+kazakhstan2022
Holdemania,loco_test_ling2020,lgbm,0.052089210888686,0.003847018031198763,0.0005795998646030275,0.008449015448939235,32,zhuang2018+shanghai2022+kazakhstan2022
Intestinibacter,loco_test_ling2020,lgbm,0.05025202909544911,0.01637151784866175,0.024557001982591916,0.0048426669558023746,33,zhuang2018+shanghai2022+kazakhstan2022
Hungatella,loco_test_ling2020,lgbm,0.0496629389131555,-0.00857225657250438,0.0070128386050562815,-0.030523094850758836,34,zhuang2018+shanghai2022+kazakhstan2022
Sellimonas,loco_test_ling2020,lgbm,0.048419506880917784,0.017224222077105385,0.034050454424938856,-0.006474696722660069,35,zhuang2018+shanghai2022+kazakhstan2022
Monoglobus,loco_test_ling2020,lgbm,0.03961705490907977,-0.0007220990448407999,0.010443374434260952,-0.016448118029491157,36,zhuang2018+shanghai2022+kazakhstan2022
Rhizobacter,loco_test_ling2020,lgbm,0.03882660783851351,0.03882660783851351,0.03814007613447402,0.03979355390054111,37,zhuang2018+shanghai2022+kazakhstan2022
Megasphaera,loco_test_ling2020,lgbm,0.038721096397893805,-0.0007125016025756054,-0.0038422844100021343,0.0036956431966166914,38,zhuang2018+shanghai2022+kazakhstan2022
Peptoniphilus,loco_test_ling2020,lgbm,0.03643500263050763,0.03244623069183809,0.04044486305139162,0.021180551312185245,39,zhuang2018+shanghai2022+kazakhstan2022
Anaerostipes,loco_test_ling2020,lgbm,0.036311556597230434,0.029657861339479067,0.032371747428414824,0.025835486566330078,40,zhuang2018+shanghai2022+kazakhstan2022
Candidatus Soleaferrea,loco_test_ling2020,lgbm,0.035652360673370076,0.007874245206293366,0.010253831307327679,0.00452271548652673,41,zhuang2018+shanghai2022+kazakhstan2022
Ahniella,loco_test_ling2020,lgbm,0.034936122811434926,0.02770052840815217,0.025901478729505784,0.03023440119497812,42,zhuang2018+shanghai2022+kazakhstan2022
Catenibacillus,loco_test_ling2020,lgbm,0.0343430142635374,0.011526574334439784,0.0036590858633053277,0.022607544012093948,43,zhuang2018+shanghai2022+kazakhstan2022
Slackia,loco_test_ling2020,lgbm,0.033777464267168905,-0.0071111577369258015,-0.004043172394584425,-0.011432263852899565,44,zhuang2018+shanghai2022+kazakhstan2022
Klebsiella,loco_test_ling2020,lgbm,0.032019343406109936,-0.017989448618753748,-0.01747080494221749,-0.018719932670213227,45,zhuang2018+shanghai2022+kazakhstan2022
Fusicatenibacter,loco_test_ling2020,lgbm,0.03174566562662373,-0.014836773843371327,-0.01787792011954939,-0.010553469229036067,46,zhuang2018+shanghai2022+kazakhstan2022
[Ruminococcus] gauvreauii group,loco_test_ling2020,lgbm,0.03146600123838738,0.0216845278903116,0.025291564185263855,0.016604195080519697,47,zhuang2018+shanghai2022+kazakhstan2022
TM7x,loco_test_ling2020,lgbm,0.03086198844629774,-0.0068057168558139786,-0.011801199478700453,0.00023017416233599427,48,zhuang2018+shanghai2022+kazakhstan2022
Polycyclovorans,loco_test_ling2020,lgbm,0.03056834473879294,-0.0026675200064975807,0.0013428988738714408,-0.008315997302791981,49,zhuang2018+shanghai2022+kazakhstan2022
Actinomyces,loco_test_ling2020,lgbm,0.0292996754902374,-0.026919598815936124,-0.02877796898874567,-0.024302176037331036,50,zhuang2018+shanghai2022+kazakhstan2022
Ruminococcus torques group,loco_test_ling2020,lgbm,0.02783549313830108,0.0076817021527652,0.011943152037239614,0.001679660061956184,51,zhuang2018+shanghai2022+kazakhstan2022
Aquicella,loco_test_ling2020,lgbm,0.02709006692290688,0.0035105133815492443,0.006169581679402961,-0.00023465323514612328,52,zhuang2018+shanghai2022+kazakhstan2022
OM27 clade,loco_test_ling2020,lgbm,0.026336290148843894,-0.02207425831451699,-0.025823978557533517,-0.01679296219759233,53,zhuang2018+shanghai2022+kazakhstan2022
Pyramidobacter,loco_test_ling2020,lgbm,0.026329901800530374,0.0008555389870931803,-0.001080279625595925,0.0035820440753876956,54,zhuang2018+shanghai2022+kazakhstan2022
Peptococcus,loco_test_ling2020,lgbm,0.026080120473387224,-0.007051928422009911,-0.004936300908872356,-0.01003168548276703,55,zhuang2018+shanghai2022+kazakhstan2022
Cupriavidus,loco_test_ling2020,lgbm,0.025078386989352212,-0.025078386989352212,-0.024658811723070974,-0.025669338068621584,56,zhuang2018+shanghai2022+kazakhstan2022
Intestinimonas,loco_test_ling2020,lgbm,0.02399898589028274,-0.017179562452741146,-0.015535616764291446,-0.0194949789153464,57,zhuang2018+shanghai2022+kazakhstan2022
Microvirga,loco_test_ling2020,lgbm,0.023798589053742568,-0.007317054291721487,-0.0070529705497593765,-0.0076890032240624654,58,zhuang2018+shanghai2022+kazakhstan2022
NK4A214 group,loco_test_ling2020,lgbm,0.02376910894903927,-0.010702091369434978,-0.009980371191356661,-0.011718598662503037,59,zhuang2018+shanghai2022+kazakhstan2022
Cellvibrio,loco_test_ling2020,lgbm,0.02376024570534837,0.02376024570534837,0.023993904675109253,0.023431148564840052,60,zhuang2018+shanghai2022+kazakhstan2022
Woeseia,loco_test_ling2020,lgbm,0.023116216244491426,0.023116216244491426,0.022722647298133607,0.023670538704150305,61,zhuang2018+shanghai2022+kazakhstan2022
Erysipelatoclostridium,loco_test_ling2020,lgbm,0.022766620929169767,0.004069889936858894,-0.0028432163598901437,0.013806659368899764,62,zhuang2018+shanghai2022+kazakhstan2022
Escherichia-Shigella,loco_test_ling2020,lgbm,0.022699657213535365,0.007526953972537347,0.00658813219847771,0.008849238161353749,63,zhuang2018+shanghai2022+kazakhstan2022
Lachnospiraceae NK4A136 group,loco_test_ling2020,lgbm,0.021587520650126906,-0.008387472643765765,-0.008435873132912075,-0.008319302940742785,64,zhuang2018+shanghai2022+kazakhstan2022
Turicibacter,loco_test_ling2020,lgbm,0.02089085267111447,0.007117223700084528,0.005952138264936992,0.008758189101700745,65,zhuang2018+shanghai2022+kazakhstan2022
Finegoldia,loco_test_ling2020,lgbm,0.02073026255771695,-0.008886507221707604,-0.012006424471412565,-0.004492257574235824,66,zhuang2018+shanghai2022+kazakhstan2022
Collinsella,loco_test_ling2020,lgbm,0.020632498258753657,-0.007960068242093249,-0.009326328113767358,-0.006035758563679016,67,zhuang2018+shanghai2022+kazakhstan2022
Catenisphaera,loco_test_ling2020,lgbm,0.020409345533939506,0.01085614185936389,0.011092156534826082,0.010523726823501658,68,zhuang2018+shanghai2022+kazakhstan2022
Coriobacteriaceae UCG-003,loco_test_ling2020,lgbm,0.02038869756475379,0.018166475139970967,0.016878053961888958,0.01998115285557945,69,zhuang2018+shanghai2022+kazakhstan2022
Phascolarctobacterium,loco_test_ling2020,lgbm,0.020147338081980916,0.015134137646063932,0.014006441370386636,0.01672244225969396,70,zhuang2018+shanghai2022+kazakhstan2022
Nitrosococcus,loco_test_ling2020,lgbm,0.019956316074898728,-0.01509006857627458,-0.01711689962419666,-0.01223537695948293,71,zhuang2018+shanghai2022+kazakhstan2022
Erysipelotrichaceae UCG-003,loco_test_ling2020,lgbm,0.019404105015613442,0.013588742888842313,0.01667024813632966,0.009248594652944635,72,zhuang2018+shanghai2022+kazakhstan2022
Parasutterella,loco_test_ling2020,lgbm,0.01851903451176209,0.010824294224502425,0.01005801724471548,0.011903557576314993,73,zhuang2018+shanghai2022+kazakhstan2022
Paludicola,loco_test_ling2020,lgbm,0.017431647720216846,0.005089096816179005,0.00537214929863758,0.0046904313479274986,74,zhuang2018+shanghai2022+kazakhstan2022
Methylobacterium-Methylorubrum,loco_test_ling2020,lgbm,0.01733872068683061,0.00205597971392604,0.001303465102512892,0.0031158594483107573,75,zhuang2018+shanghai2022+kazakhstan2022
Cloacibacillus,loco_test_ling2020,lgbm,0.017309631111784542,-0.0005240728327897785,-0.0018931409892599383,0.001404192176323119,76,zhuang2018+shanghai2022+kazakhstan2022
Olsenella,loco_test_ling2020,lgbm,0.017171179869585607,0.0036550990802279274,0.005700276395458042,0.0007745676503263568,77,zhuang2018+shanghai2022+kazakhstan2022
Eubacterium ventriosum group,loco_test_ling2020,lgbm,0.016993444935665094,-0.0019364082310452566,0.0024203373345399286,-0.008072669591024394,78,zhuang2018+shanghai2022+kazakhstan2022
Agathobacter,loco_test_ling2020,lgbm,0.015906815028921835,-0.0031033555309394213,-0.008597051495410594,0.004634244419019976,79,zhuang2018+shanghai2022+kazakhstan2022
Shuttleworthia,loco_test_ling2020,lgbm,0.015666555038905527,-0.01392001268283825,-0.012528621819403327,-0.015879718124295877,80,zhuang2018+shanghai2022+kazakhstan2022
Pseudoduganella,loco_test_ling2020,lgbm,0.0154106109104298,0.0154106109104298,0.015338769381337049,0.015511796162673147,81,zhuang2018+shanghai2022+kazakhstan2022
Coprobacter,loco_test_ling2020,lgbm,0.015292288015660946,-0.010293071463312334,-0.008730116949299462,-0.012494415849245866,82,zhuang2018+shanghai2022+kazakhstan2022
Atopobium,loco_test_ling2020,lgbm,0.015076450122002172,0.000610114983474474,0.004708847276130671,-0.005162747400548334,83,zhuang2018+shanghai2022+kazakhstan2022
Lachnospiraceae NC2004 group,loco_test_ling2020,lgbm,0.014630571865022316,0.013844607066949684,0.014626676565313815,0.012743100731225539,84,zhuang2018+shanghai2022+kazakhstan2022
Senegalimassilia,loco_test_ling2020,lgbm,0.014273904884728928,-0.00770614316583096,-0.010201993372530607,-0.004190861184563868,85,zhuang2018+shanghai2022+kazakhstan2022
Prevotella_9,loco_test_ling2020,lgbm,0.014264008835078624,-0.003201811526825042,-0.004841105977003658,-0.000892946104038259,86,zhuang2018+shanghai2022+kazakhstan2022
Eubacterium brachy group,loco_test_ling2020,lgbm,0.014013273914818181,0.008908065793073225,0.007409072252741723,0.01101932430058234,87,zhuang2018+shanghai2022+kazakhstan2022
Latilactobacillus,loco_test_ling2020,lgbm,0.013313546963731448,-0.013313546963731448,-0.012161436656621637,-0.014936237537125578,88,zhuang2018+shanghai2022+kazakhstan2022
UCG-002,loco_test_ling2020,lgbm,0.013108282762913316,-0.012259069581831634,-0.012705326712152664,-0.011630538412365412,89,zhuang2018+shanghai2022+kazakhstan2022
CAG-56,loco_test_ling2020,lgbm,0.013107135172868243,-0.0038446177249589195,-0.006734484195736999,0.0002256167409257031,90,zhuang2018+shanghai2022+kazakhstan2022
Phocea,loco_test_ling2020,lgbm,0.012761957328193527,-0.004799071069674558,-0.0027129850985937467,-0.0077372203247179595,91,zhuang2018+shanghai2022+kazakhstan2022
Enterorhabdus,loco_test_ling2020,lgbm,0.012727002606571138,0.005407465770039786,0.005747032685107099,0.004929202509381604,92,zhuang2018+shanghai2022+kazakhstan2022
Bacillus,loco_test_ling2020,lgbm,0.012700216895341768,-0.012700216895341768,-0.012352081216047923,-0.013190548838009162,93,zhuang2018+shanghai2022+kazakhstan2022
UC5-1-2E3,loco_test_ling2020,lgbm,0.012620719353344084,-0.0069562530496265615,-0.005880568924228534,-0.00847130111356746,94,zhuang2018+shanghai2022+kazakhstan2022
Frisingicoccus,loco_test_ling2020,lgbm,0.012467317061652161,0.009863418410937737,0.008991056422838754,0.011092097267415248,95,zhuang2018+shanghai2022+kazakhstan2022
Prevotellaceae UCG-003,loco_test_ling2020,lgbm,0.011417091154397726,0.006026378585245019,0.005965298859209639,0.006112406368393449,96,zhuang2018+shanghai2022+kazakhstan2022
UCG-007,loco_test_ling2020,lgbm,0.011281016935503797,-0.00903536493696324,-0.008277428204529688,-0.010102881461517553,97,zhuang2018+shanghai2022+kazakhstan2022
Solirubrobacter,loco_test_ling2020,lgbm,0.011089038098484903,-0.007588221122471065,-0.008169860189816452,-0.006769011168463468,98,zhuang2018+shanghai2022+kazakhstan2022
CAG-873,loco_test_ling2020,lgbm,0.01080619270568519,0.008817467797386574,0.008752423087956075,0.00890908006419013,99,zhuang2018+shanghai2022+kazakhstan2022
Solobacterium,loco_test_ling2020,lgbm,0.010429163867694697,0.004536980451638386,0.006196034201946282,0.0022002850286695027,100,zhuang2018+shanghai2022+kazakhstan2022
Paraprevotella,loco_test_ling2020,lgbm,0.010044842605596165,-0.0037264729167832277,-0.004015036274157387,-0.0033200456528759727,101,zhuang2018+shanghai2022+kazakhstan2022
[Eubacterium] fissicatena group,loco_test_ling2020,lgbm,0.009954933419710914,-0.002489664592412449,-0.00027063503963843584,-0.005615058328713882,102,zhuang2018+shanghai2022+kazakhstan2022
Bilophila,loco_test_ling2020,lgbm,0.009879861599012102,0.00041594316666044835,0.0014944049116684683,-0.0011030170375761995,103,zhuang2018+shanghai2022+kazakhstan2022
Nannocystis,loco_test_ling2020,lgbm,0.009723811162212917,-0.009723811162212917,-0.008764959700586751,-0.01107430617858771,104,zhuang2018+shanghai2022+kazakhstan2022
HT002,loco_test_ling2020,lgbm,0.00934191303316019,-0.008507677381791532,-0.00870986915603515,-0.008222900234969485,105,zhuang2018+shanghai2022+kazakhstan2022
Bdellovibrio,loco_test_ling2020,lgbm,0.008874729169217907,0.004221276235158794,0.004626035482082955,0.0036511927887867457,106,zhuang2018+shanghai2022+kazakhstan2022
UCG-003,loco_test_ling2020,lgbm,0.008515404991061841,-0.008195797048722973,-0.006734596830764959,-0.010253825524720154,107,zhuang2018+shanghai2022+kazakhstan2022
CHKCI002,loco_test_ling2020,lgbm,0.00849509492389235,-0.00849509492389235,-0.007553424098100272,-0.009821391861627712,108,zhuang2018+shanghai2022+kazakhstan2022
Prevotella,loco_test_ling2020,lgbm,0.008402853807755172,-0.007183047134006331,-0.00734867189102613,-0.006949772828344633,109,zhuang2018+shanghai2022+kazakhstan2022
Cutibacterium,loco_test_ling2020,lgbm,0.008353684849756422,0.002803305421602987,0.0027033584538890282,0.0029440757986649037,110,zhuang2018+shanghai2022+kazakhstan2022
Dielma,loco_test_ling2020,lgbm,0.007478037814908689,0.0025954707749122393,0.002411287827972411,0.0028548833762359438,111,zhuang2018+shanghai2022+kazakhstan2022
Anaerotruncus,loco_test_ling2020,lgbm,0.0071302028093434035,-0.0022053041498222904,-0.0008612545869695174,-0.00409833170313605,112,zhuang2018+shanghai2022+kazakhstan2022
Eubacterium,loco_test_ling2020,lgbm,0.006704778727009296,-0.00635443699582255,-0.006327925761511949,-0.006391776762457204,113,zhuang2018+shanghai2022+kazakhstan2022
Rhodoplanes,loco_test_ling2020,lgbm,0.0061661752267591005,-0.0061661752267591005,-0.006426403137357388,-0.005799657042817851,114,zhuang2018+shanghai2022+kazakhstan2022
Pseudomonas,loco_test_ling2020,lgbm,0.005975259777854535,-0.005975259777854535,-0.005367105925417909,-0.006831814499596249,115,zhuang2018+shanghai2022+kazakhstan2022
IS-44,loco_test_ling2020,lgbm,0.0059124938290549415,-0.0059124938290549415,-0.005728444023858288,-0.006171718906796676,116,zhuang2018+shanghai2022+kazakhstan2022
Psychrobacillus,loco_test_ling2020,lgbm,0.005005579583205098,-0.0018537059495809247,-0.0024067541573578673,-0.0010747648118669235,117,zhuang2018+shanghai2022+kazakhstan2022
Marvinbryantia,loco_test_ling2020,lgbm,0.004479631259213038,-0.0036410203601438167,-0.003500036526323409,-0.003839589140172584,118,zhuang2018+shanghai2022+kazakhstan2022
GCA-900066575,loco_test_ling2020,lgbm,0.004478394263620211,0.0016770615903612574,0.0016007526030364233,0.0017845390372976432,119,zhuang2018+shanghai2022+kazakhstan2022
Adlercreutzia,loco_test_ling2020,lgbm,0.0041786160303835945,-0.0005203711739237289,-0.0008046926636781582,-0.00011991837145270167,120,zhuang2018+shanghai2022+kazakhstan2022
Parapusillimonas,loco_test_ling2020,lgbm,0.0,0.0,0.0,0.0,121,zhuang2018+shanghai2022+kazakhstan2022
Papillibacter,loco_test_ling2020,lgbm,0.0,0.0,0.0,0.0,122,zhuang2018+shanghai2022+kazakhstan2022
Parabacteroides,loco_test_ling2020,lgbm,0.0,0.0,0.0,0.0,123,zhuang2018+shanghai2022+kazakhstan2022
Vicinamibacter,loco_test_ling2020,lgbm,0.0,0.0,0.0,0.0,124,zhuang2018+shanghai2022+kazakhstan2022
Paracoccus,loco_test_ling2020,lgbm,0.0,0.0,0.0,0.0,125,zhuang2018+shanghai2022+kazakhstan2022
UCG-004,loco_test_ling2020,lgbm,0.0,0.0,0.0,0.0,126,zhuang2018+shanghai2022+kazakhstan2022
Vibrionimonas,loco_test_ling2020,lgbm,0.0,0.0,0.0,0.0,127,zhuang2018+shanghai2022+kazakhstan2022
UCG-005,loco_test_ling2020,lgbm,0.0,0.0,0.0,0.0,128,zhuang2018+shanghai2022+kazakhstan2022
Undibacterium,loco_test_ling2020,lgbm,0.0,0.0,0.0,0.0,129,zhuang2018+shanghai2022+kazakhstan2022
Pelagibacterium,loco_test_ling2020,lgbm,0.0,0.0,0.0,0.0,130,zhuang2018+shanghai2022+kazakhstan2022
Pedomicrobium,loco_test_ling2020,lgbm,0.0,0.0,0.0,0.0,131,zhuang2018+shanghai2022+kazakhstan2022
UCG-009,loco_test_ling2020,lgbm,0.0,0.0,0.0,0.0,132,zhuang2018+shanghai2022+kazakhstan2022
Victivallis,loco_test_ling2020,lgbm,0.0,0.0,0.0,0.0,133,zhuang2018+shanghai2022+kazakhstan2022
V9D2013 group,loco_test_ling2020,lgbm,0.0,0.0,0.0,0.0,134,zhuang2018+shanghai2022+kazakhstan2022
Parvimonas,loco_test_ling2020,lgbm,0.0,0.0,0.0,0.0,135,zhuang2018+shanghai2022+kazakhstan2022
UTCFX1,loco_test_ling2020,lgbm,0.0,0.0,0.0,0.0,136,zhuang2018+shanghai2022+kazakhstan2022
Pedobacter,loco_test_ling2020,lgbm,0.0,0.0,0.0,0.0,137,zhuang2018+shanghai2022+kazakhstan2022
Skermanella,loco_test_ling2020,lgbm,0.0,0.0,0.0,0.0,138,zhuang2018+shanghai2022+kazakhstan2022
Pannonibacter,loco_test_ling2020,lgbm,0.0,0.0,0.0,0.0,139,zhuang2018+shanghai2022+kazakhstan2022
OLB17,loco_test_ling2020,lgbm,0.0,0.0,0.0,0.0,140,zhuang2018+shanghai2022+kazakhstan2022
wb1-A12,loco_test_ling2020,lgbm,0.0,0.0,0.0,0.0,141,zhuang2018+shanghai2022+kazakhstan2022
mle1-7,loco_test_ling2020,lgbm,0.0,0.0,0.0,0.0,142,zhuang2018+shanghai2022+kazakhstan2022
Negativibacillus,loco_test_ling2020,lgbm,0.0,0.0,0.0,0.0,143,zhuang2018+shanghai2022+kazakhstan2022
Nesterenkonia,loco_test_ling2020,lgbm,0.0,0.0,0.0,0.0,144,zhuang2018+shanghai2022+kazakhstan2022
Niastella,loco_test_ling2020,lgbm,0.0,0.0,0.0,0.0,145,zhuang2018+shanghai2022+kazakhstan2022
Nitrolancea,loco_test_ling2020,lgbm,0.0,0.0,0.0,0.0,146,zhuang2018+shanghai2022+kazakhstan2022
[Eubacterium] tenue group,loco_test_ling2020,lgbm,0.0,0.0,0.0,0.0,147,zhuang2018+shanghai2022+kazakhstan2022
Nitrosospira,loco_test_ling2020,lgbm,0.0,0.0,0.0,0.0,148,zhuang2018+shanghai2022+kazakhstan2022
Nitrospira,loco_test_ling2020,lgbm,0.0,0.0,0.0,0.0,149,zhuang2018+shanghai2022+kazakhstan2022
Nocardioides,loco_test_ling2020,lgbm,0.0,0.0,0.0,0.0,150,zhuang2018+shanghai2022+kazakhstan2022
[Eubacterium] ruminantium group,loco_test_ling2020,lgbm,0.0,0.0,0.0,0.0,151,zhuang2018+shanghai2022+kazakhstan2022
Nonomuraea,loco_test_ling2020,lgbm,0.0,0.0,0.0,0.0,152,zhuang2018+shanghai2022+kazakhstan2022
Nordella,loco_test_ling2020,lgbm,0.0,0.0,0.0,0.0,153,zhuang2018+shanghai2022+kazakhstan2022
Novosphingobium,loco_test_ling2020,lgbm,0.0,0.0,0.0,0.0,154,zhuang2018+shanghai2022+kazakhstan2022
[Eubacterium] nodatum group,loco_test_ling2020,lgbm,0.0,0.0,0.0,0.0,155,zhuang2018+shanghai2022+kazakhstan2022
Virgisporangium,loco_test_ling2020,lgbm,0.0,0.0,0.0,0.0,156,zhuang2018+shanghai2022+kazakhstan2022
Oceanicaulis,loco_test_ling2020,lgbm,0.0,0.0,0.0,0.0,157,zhuang2018+shanghai2022+kazakhstan2022
Ohtaekwangia,loco_test_ling2020,lgbm,0.0,0.0,0.0,0.0,158,zhuang2018+shanghai2022+kazakhstan2022
[Clostridium] innocuum group,loco_test_ling2020,lgbm,0.0,0.0,0.0,0.0,159,zhuang2018+shanghai2022+kazakhstan2022
Opitutus,loco_test_ling2020,lgbm,0.0,0.0,0.0,0.0,160,zhuang2018+shanghai2022+kazakhstan2022
Oribacterium,loco_test_ling2020,lgbm,0.0,0.0,0.0,0.0,161,zhuang2018+shanghai2022+kazakhstan2022
[Bacteroides] pectinophilus group,loco_test_ling2020,lgbm,0.0,0.0,0.0,0.0,162,zhuang2018+shanghai2022+kazakhstan2022
Oscillospira,loco_test_ling2020,lgbm,0.0,0.0,0.0,0.0,163,zhuang2018+shanghai2022+kazakhstan2022
Z20,loco_test_ling2020,lgbm,0.0,0.0,0.0,0.0,164,zhuang2018+shanghai2022+kazakhstan2022
P3OB-42,loco_test_ling2020,lgbm,0.0,0.0,0.0,0.0,165,zhuang2018+shanghai2022+kazakhstan2022
Peptostreptococcus,loco_test_ling2020,lgbm,0.0,0.0,0.0,0.0,166,zhuang2018+shanghai2022+kazakhstan2022
Paeniclostridium,loco_test_ling2020,lgbm,0.0,0.0,0.0,0.0,167,zhuang2018+shanghai2022+kazakhstan2022
Paenisporosarcina,loco_test_ling2020,lgbm,0.0,0.0,0.0,0.0,168,zhuang2018+shanghai2022+kazakhstan2022
YC-ZSS-LKJ147,loco_test_ling2020,lgbm,0.0,0.0,0.0,0.0,169,zhuang2018+shanghai2022+kazakhstan2022
Pajaroellobacter,loco_test_ling2020,lgbm,0.0,0.0,0.0,0.0,170,zhuang2018+shanghai2022+kazakhstan2022
Paenibacillus,loco_test_ling2020,lgbm,0.0,0.0,0.0,0.0,171,zhuang2018+shanghai2022+kazakhstan2022
Pontibacter,loco_test_ling2020,lgbm,0.0,0.0,0.0,0.0,172,zhuang2018+shanghai2022+kazakhstan2022
Peredibacter,loco_test_ling2020,lgbm,0.0,0.0,0.0,0.0,173,zhuang2018+shanghai2022+kazakhstan2022
Ruminococcus,loco_test_ling2020,lgbm,0.0,0.0,0.0,0.0,174,zhuang2018+shanghai2022+kazakhstan2022
Reyranella,loco_test_ling2020,lgbm,0.0,0.0,0.0,0.0,175,zhuang2018+shanghai2022+kazakhstan2022
Sulfurifustis,loco_test_ling2020,lgbm,0.0,0.0,0.0,0.0,176,zhuang2018+shanghai2022+kazakhstan2022
Succinivibrio,loco_test_ling2020,lgbm,0.0,0.0,0.0,0.0,177,zhuang2018+shanghai2022+kazakhstan2022
Rhizocola,loco_test_ling2020,lgbm,0.0,0.0,0.0,0.0,178,zhuang2018+shanghai2022+kazakhstan2022
Subgroup 10,loco_test_ling2020,lgbm,0.0,0.0,0.0,0.0,179,zhuang2018+shanghai2022+kazakhstan2022
Mycobacterium,loco_test_ling2020,lgbm,0.0,0.0,0.0,0.0,180,zhuang2018+shanghai2022+kazakhstan2022
Streptomyces,loco_test_ling2020,lgbm,0.0,0.0,0.0,0.0,181,zhuang2018+shanghai2022+kazakhstan2022
Rikenellaceae RC9 gut group,loco_test_ling2020,lgbm,0.0,0.0,0.0,0.0,182,zhuang2018+shanghai2022+kazakhstan2022
Steroidobacter,loco_test_ling2020,lgbm,0.0,0.0,0.0,0.0,183,zhuang2018+shanghai2022+kazakhstan2022
Roseburia,loco_test_ling2020,lgbm,0.0,0.0,0.0,0.0,184,zhuang2018+shanghai2022+kazakhstan2022
Rothia,loco_test_ling2020,lgbm,0.0,0.0,0.0,0.0,185,zhuang2018+shanghai2022+kazakhstan2022
Rubrobacter,loco_test_ling2020,lgbm,0.0,0.0,0.0,0.0,186,zhuang2018+shanghai2022+kazakhstan2022
Stenotrophomonas,loco_test_ling2020,lgbm,0.0,0.0,0.0,0.0,187,zhuang2018+shanghai2022+kazakhstan2022
Raoultibacter,loco_test_ling2020,lgbm,0.0,0.0,0.0,0.0,188,zhuang2018+shanghai2022+kazakhstan2022
Stenotrophobacter,loco_test_ling2020,lgbm,0.0,0.0,0.0,0.0,189,zhuang2018+shanghai2022+kazakhstan2022
SWB02,loco_test_ling2020,lgbm,0.0,0.0,0.0,0.0,190,zhuang2018+shanghai2022+kazakhstan2022
Staphylococcus,loco_test_ling2020,lgbm,0.0,0.0,0.0,0.0,191,zhuang2018+shanghai2022+kazakhstan2022
Salmonella,loco_test_ling2020,lgbm,0.0,0.0,0.0,0.0,192,zhuang2018+shanghai2022+kazakhstan2022
Sandaracinus,loco_test_ling2020,lgbm,0.0,0.0,0.0,0.0,193,zhuang2018+shanghai2022+kazakhstan2022
Sanguibacteroides,loco_test_ling2020,lgbm,0.0,0.0,0.0,0.0,194,zhuang2018+shanghai2022+kazakhstan2022
Sarcina,loco_test_ling2020,lgbm,0.0,0.0,0.0,0.0,195,zhuang2018+shanghai2022+kazakhstan2022
Sporosarcina,loco_test_ling2020,lgbm,0.0,0.0,0.0,0.0,196,zhuang2018+shanghai2022+kazakhstan2022
Sediminibacterium,loco_test_ling2020,lgbm,0.0,0.0,0.0,0.0,197,zhuang2018+shanghai2022+kazakhstan2022
Sphingomonas,loco_test_ling2020,lgbm,0.0,0.0,0.0,0.0,198,zhuang2018+shanghai2022+kazakhstan2022
Solitalea,loco_test_ling2020,lgbm,0.0,0.0,0.0,0.0,199,zhuang2018+shanghai2022+kazakhstan2022
Serratia,loco_test_ling2020,lgbm,0.0,0.0,0.0,0.0,200,zhuang2018+shanghai2022+kazakhstan2022
Sumerlaea,loco_test_ling2020,lgbm,0.0,0.0,0.0,0.0,201,zhuang2018+shanghai2022+kazakhstan2022
Ramlibacter,loco_test_ling2020,lgbm,0.0,0.0,0.0,0.0,202,zhuang2018+shanghai2022+kazakhstan2022
UBA1819,loco_test_ling2020,lgbm,0.0,0.0,0.0,0.0,203,zhuang2018+shanghai2022+kazakhstan2022
Tumebacillus,loco_test_ling2020,lgbm,0.0,0.0,0.0,0.0,204,zhuang2018+shanghai2022+kazakhstan2022
Phaselicystis,loco_test_ling2020,lgbm,0.0,0.0,0.0,0.0,205,zhuang2018+shanghai2022+kazakhstan2022
Phenylobacterium,loco_test_ling2020,lgbm,0.0,0.0,0.0,0.0,206,zhuang2018+shanghai2022+kazakhstan2022
Polaromonas,loco_test_ling2020,lgbm,0.0,0.0,0.0,0.0,207,zhuang2018+shanghai2022+kazakhstan2022
Polyangium,loco_test_ling2020,lgbm,0.0,0.0,0.0,0.0,208,zhuang2018+shanghai2022+kazakhstan2022
Sneathia,loco_test_ling2020,lgbm,0.0,0.0,0.0,0.0,209,zhuang2018+shanghai2022+kazakhstan2022
Porphyromonas,loco_test_ling2020,lgbm,0.0,0.0,0.0,0.0,210,zhuang2018+shanghai2022+kazakhstan2022
Prevotella_7,loco_test_ling2020,lgbm,0.0,0.0,0.0,0.0,211,zhuang2018+shanghai2022+kazakhstan2022
Tyzzerella,loco_test_ling2020,lgbm,0.0,0.0,0.0,0.0,212,zhuang2018+shanghai2022+kazakhstan2022
Prevotellaceae NK3B31 group,loco_test_ling2020,lgbm,0.0,0.0,0.0,0.0,213,zhuang2018+shanghai2022+kazakhstan2022
Prevotellaceae UCG-001,loco_test_ling2020,lgbm,0.0,0.0,0.0,0.0,214,zhuang2018+shanghai2022+kazakhstan2022
Tuzzerella,loco_test_ling2020,lgbm,0.0,0.0,0.0,0.0,215,zhuang2018+shanghai2022+kazakhstan2022
Pseudenhygromyxa,loco_test_ling2020,lgbm,0.0,0.0,0.0,0.0,216,zhuang2018+shanghai2022+kazakhstan2022
Pseudoflavonifractor,loco_test_ling2020,lgbm,0.0,0.0,0.0,0.0,217,zhuang2018+shanghai2022+kazakhstan2022
Ralstonia,loco_test_ling2020,lgbm,0.0,0.0,0.0,0.0,218,zhuang2018+shanghai2022+kazakhstan2022
Pseudolabrys,loco_test_ling2020,lgbm,0.0,0.0,0.0,0.0,219,zhuang2018+shanghai2022+kazakhstan2022
Pseudonocardia,loco_test_ling2020,lgbm,0.0,0.0,0.0,0.0,220,zhuang2018+shanghai2022+kazakhstan2022
Truepera,loco_test_ling2020,lgbm,0.0,0.0,0.0,0.0,221,zhuang2018+shanghai2022+kazakhstan2022
Pseudorhodoplanes,loco_test_ling2020,lgbm,0.0,0.0,0.0,0.0,222,zhuang2018+shanghai2022+kazakhstan2022
Pseudoxanthomonas,loco_test_ling2020,lgbm,0.0,0.0,0.0,0.0,223,zhuang2018+shanghai2022+kazakhstan2022
Thermus,loco_test_ling2020,lgbm,0.0,0.0,0.0,0.0,224,zhuang2018+shanghai2022+kazakhstan2022
Psychrobacter,loco_test_ling2020,lgbm,0.0,0.0,0.0,0.0,225,zhuang2018+shanghai2022+kazakhstan2022
Puia,loco_test_ling2020,lgbm,0.0,0.0,0.0,0.0,226,zhuang2018+shanghai2022+kazakhstan2022
Terrisporobacter,loco_test_ling2020,lgbm,0.0,0.0,0.0,0.0,227,zhuang2018+shanghai2022+kazakhstan2022
Terrimonas,loco_test_ling2020,lgbm,0.0,0.0,0.0,0.0,228,zhuang2018+shanghai2022+kazakhstan2022
Taibaiella,loco_test_ling2020,lgbm,0.0,0.0,0.0,0.0,229,zhuang2018+shanghai2022+kazakhstan2022
RB41,loco_test_ling2020,lgbm,0.0,0.0,0.0,0.0,230,zhuang2018+shanghai2022+kazakhstan2022
Rhodomicrobium,loco_test_ling2020,lgbm,0.0,0.0,0.0,0.0,231,zhuang2018+shanghai2022+kazakhstan2022
ADurb.Bin063-1,loco_test_ling2020,lgbm,0.0,0.0,0.0,0.0,232,zhuang2018+shanghai2022+kazakhstan2022
Muribaculum,loco_test_ling2020,lgbm,0.0,0.0,0.0,0.0,233,zhuang2018+shanghai2022+kazakhstan2022
Citrobacter,loco_test_ling2020,lgbm,0.0,0.0,0.0,0.0,234,zhuang2018+shanghai2022+kazakhstan2022
Citricoccus,loco_test_ling2020,lgbm,0.0,0.0,0.0,0.0,235,zhuang2018+shanghai2022+kazakhstan2022
Chthoniobacter,loco_test_ling2020,lgbm,0.0,0.0,0.0,0.0,236,zhuang2018+shanghai2022+kazakhstan2022
Chryseolinea,loco_test_ling2020,lgbm,0.0,0.0,0.0,0.0,237,zhuang2018+shanghai2022+kazakhstan2022
Chryseobacterium,loco_test_ling2020,lgbm,0.0,0.0,0.0,0.0,238,zhuang2018+shanghai2022+kazakhstan2022
Christensenella,loco_test_ling2020,lgbm,0.0,0.0,0.0,0.0,239,zhuang2018+shanghai2022+kazakhstan2022
Chitinophaga,loco_test_ling2020,lgbm,0.0,0.0,0.0,0.0,240,zhuang2018+shanghai2022+kazakhstan2022
Chelativorans,loco_test_ling2020,lgbm,0.0,0.0,0.0,0.0,241,zhuang2018+shanghai2022+kazakhstan2022
Caulobacter,loco_test_ling2020,lgbm,0.0,0.0,0.0,0.0,242,zhuang2018+shanghai2022+kazakhstan2022
Catenibacterium,loco_test_ling2020,lgbm,0.0,0.0,0.0,0.0,243,zhuang2018+shanghai2022+kazakhstan2022
Catabacter,loco_test_ling2020,lgbm,0.0,0.0,0.0,0.0,244,zhuang2018+shanghai2022+kazakhstan2022
Candidatus Udaeobacter,loco_test_ling2020,lgbm,0.0,0.0,0.0,0.0,245,zhuang2018+shanghai2022+kazakhstan2022
Candidatus Solibacter,loco_test_ling2020,lgbm,0.0,0.0,0.0,0.0,246,zhuang2018+shanghai2022+kazakhstan2022
Candidatus Nitrososphaera,loco_test_ling2020,lgbm,0.0,0.0,0.0,0.0,247,zhuang2018+shanghai2022+kazakhstan2022
Candidatus Nitrocosmicus,loco_test_ling2020,lgbm,0.0,0.0,0.0,0.0,248,zhuang2018+shanghai2022+kazakhstan2022
Candidatus Entotheonella,loco_test_ling2020,lgbm,0.0,0.0,0.0,0.0,249,zhuang2018+shanghai2022+kazakhstan2022
Campylobacter,loco_test_ling2020,lgbm,0.0,0.0,0.0,0.0,250,zhuang2018+shanghai2022+kazakhstan2022
Caenimonas,loco_test_ling2020,lgbm,0.0,0.0,0.0,0.0,251,zhuang2018+shanghai2022+kazakhstan2022
Citrifermentans,loco_test_ling2020,lgbm,0.0,0.0,0.0,0.0,252,zhuang2018+shanghai2022+kazakhstan2022
Clostridium sensu stricto 1,loco_test_ling2020,lgbm,0.0,0.0,0.0,0.0,253,zhuang2018+shanghai2022+kazakhstan2022
Mogibacterium,loco_test_ling2020,lgbm,0.0,0.0,0.0,0.0,254,zhuang2018+shanghai2022+kazakhstan2022
Colidextribacter,loco_test_ling2020,lgbm,0.0,0.0,0.0,0.0,255,zhuang2018+shanghai2022+kazakhstan2022
Edaphobaculum,loco_test_ling2020,lgbm,0.0,0.0,0.0,0.0,256,zhuang2018+shanghai2022+kazakhstan2022
Dorea,loco_test_ling2020,lgbm,0.0,0.0,0.0,0.0,257,zhuang2018+shanghai2022+kazakhstan2022
Dongia,loco_test_ling2020,lgbm,0.0,0.0,0.0,0.0,258,zhuang2018+shanghai2022+kazakhstan2022
Dokdonella,loco_test_ling2020,lgbm,0.0,0.0,0.0,0.0,259,zhuang2018+shanghai2022+kazakhstan2022
Dinghuibacter,loco_test_ling2020,lgbm,0.0,0.0,0.0,0.0,260,zhuang2018+shanghai2022+kazakhstan2022
Diaphorobacter,loco_test_ling2020,lgbm,0.0,0.0,0.0,0.0,261,zhuang2018+shanghai2022+kazakhstan2022
Dialister,loco_test_ling2020,lgbm,0.0,0.0,0.0,0.0,262,zhuang2018+shanghai2022+kazakhstan2022
Dethiobacter,loco_test_ling2020,lgbm,0.0,0.0,0.0,0.0,263,zhuang2018+shanghai2022+kazakhstan2022
Desulfovibrio,loco_test_ling2020,lgbm,0.0,0.0,0.0,0.0,264,zhuang2018+shanghai2022+kazakhstan2022
Defluviitaleaceae UCG-011,loco_test_ling2020,lgbm,0.0,0.0,0.0,0.0,265,zhuang2018+shanghai2022+kazakhstan2022
Dactylosporangium,loco_test_ling2020,lgbm,0.0,0.0,0.0,0.0,266,zhuang2018+shanghai2022+kazakhstan2022
DTU089,loco_test_ling2020,lgbm,0.0,0.0,0.0,0.0,267,zhuang2018+shanghai2022+kazakhstan2022
Curvibacter,loco_test_ling2020,lgbm,0.0,0.0,0.0,0.0,268,zhuang2018+shanghai2022+kazakhstan2022
Corynebacterium,loco_test_ling2020,lgbm,0.0,0.0,0.0,0.0,269,zhuang2018+shanghai2022+kazakhstan2022
Coprococcus,loco_test_ling2020,lgbm,0.0,0.0,0.0,0.0,270,zhuang2018+shanghai2022+kazakhstan2022
Coprobacillus,loco_test_ling2020,lgbm,0.0,0.0,0.0,0.0,271,zhuang2018+shanghai2022+kazakhstan2022
Comamonas,loco_test_ling2020,lgbm,0.0,0.0,0.0,0.0,272,zhuang2018+shanghai2022+kazakhstan2022
CL500-29 marine group,loco_test_ling2020,lgbm,0.0,0.0,0.0,0.0,273,zhuang2018+shanghai2022+kazakhstan2022
CAG-352,loco_test_ling2020,lgbm,0.0,0.0,0.0,0.0,274,zhuang2018+shanghai2022+kazakhstan2022
Butyricimonas,loco_test_ling2020,lgbm,0.0,0.0,0.0,0.0,275,zhuang2018+shanghai2022+kazakhstan2022
Butyricicoccus,loco_test_ling2020,lgbm,0.0,0.0,0.0,0.0,276,zhuang2018+shanghai2022+kazakhstan2022
Anaerobacillus,loco_test_ling2020,lgbm,0.0,0.0,0.0,0.0,277,zhuang2018+shanghai2022+kazakhstan2022
Ammoniphilus,loco_test_ling2020,lgbm,0.0,0.0,0.0,0.0,278,zhuang2018+shanghai2022+kazakhstan2022
Altererythrobacter,loco_test_ling2020,lgbm,0.0,0.0,0.0,0.0,279,zhuang2018+shanghai2022+kazakhstan2022
Allorhizobium-Neorhizobium-Pararhizobium-Rhizobium,loco_test_ling2020,lgbm,0.0,0.0,0.0,0.0,280,zhuang2018+shanghai2022+kazakhstan2022
Alloprevotella,loco_test_ling2020,lgbm,0.0,0.0,0.0,0.0,281,zhuang2018+shanghai2022+kazakhstan2022
Allisonella,loco_test_ling2020,lgbm,0.0,0.0,0.0,0.0,282,zhuang2018+shanghai2022+kazakhstan2022
Alkalicoccus,loco_test_ling2020,lgbm,0.0,0.0,0.0,0.0,283,zhuang2018+shanghai2022+kazakhstan2022
Alistipes,loco_test_ling2020,lgbm,0.0,0.0,0.0,0.0,284,zhuang2018+shanghai2022+kazakhstan2022
Aliihoeflea,loco_test_ling2020,lgbm,0.0,0.0,0.0,0.0,285,zhuang2018+shanghai2022+kazakhstan2022
Agromyces,loco_test_ling2020,lgbm,0.0,0.0,0.0,0.0,286,zhuang2018+shanghai2022+kazakhstan2022
Afipia,loco_test_ling2020,lgbm,0.0,0.0,0.0,0.0,287,zhuang2018+shanghai2022+kazakhstan2022
Aeromonas,loco_test_ling2020,lgbm,0.0,0.0,0.0,0.0,288,zhuang2018+shanghai2022+kazakhstan2022
Aeromicrobium,loco_test_ling2020,lgbm,0.0,0.0,0.0,0.0,289,zhuang2018+shanghai2022+kazakhstan2022
Adhaeribacter,loco_test_ling2020,lgbm,0.0,0.0,0.0,0.0,290,zhuang2018+shanghai2022+kazakhstan2022
Actinocorallia,loco_test_ling2020,lgbm,0.0,0.0,0.0,0.0,291,zhuang2018+shanghai2022+kazakhstan2022
Acidibacter,loco_test_ling2020,lgbm,0.0,0.0,0.0,0.0,292,zhuang2018+shanghai2022+kazakhstan2022
Acidaminococcus,loco_test_ling2020,lgbm,0.0,0.0,0.0,0.0,293,zhuang2018+shanghai2022+kazakhstan2022
Anaerococcus,loco_test_ling2020,lgbm,0.0,0.0,0.0,0.0,294,zhuang2018+shanghai2022+kazakhstan2022
Anaerofilum,loco_test_ling2020,lgbm,0.0,0.0,0.0,0.0,295,zhuang2018+shanghai2022+kazakhstan2022
Anaerofustis,loco_test_ling2020,lgbm,0.0,0.0,0.0,0.0,296,zhuang2018+shanghai2022+kazakhstan2022
Barnesiella,loco_test_ling2020,lgbm,0.0,0.0,0.0,0.0,297,zhuang2018+shanghai2022+kazakhstan2022
Burkholderia-Caballeronia-Paraburkholderia,loco_test_ling2020,lgbm,0.0,0.0,0.0,0.0,298,zhuang2018+shanghai2022+kazakhstan2022
Bryobacter,loco_test_ling2020,lgbm,0.0,0.0,0.0,0.0,299,zhuang2018+shanghai2022+kazakhstan2022
Brevundimonas,loco_test_ling2020,lgbm,0.0,0.0,0.0,0.0,300,zhuang2018+shanghai2022+kazakhstan2022
Bradyrhizobium,loco_test_ling2020,lgbm,0.0,0.0,0.0,0.0,301,zhuang2018+shanghai2022+kazakhstan2022
Blautia,loco_test_ling2020,lgbm,0.0,0.0,0.0,0.0,302,zhuang2018+shanghai2022+kazakhstan2022
Blastococcus,loco_test_ling2020,lgbm,0.0,0.0,0.0,0.0,303,zhuang2018+shanghai2022+kazakhstan2022
Bauldia,loco_test_ling2020,lgbm,0.0,0.0,0.0,0.0,304,zhuang2018+shanghai2022+kazakhstan2022
BIyi10,loco_test_ling2020,lgbm,0.0,0.0,0.0,0.0,305,zhuang2018+shanghai2022+kazakhstan2022
Angelakisella,loco_test_ling2020,lgbm,0.0,0.0,0.0,0.0,306,zhuang2018+shanghai2022+kazakhstan2022
BD1-7 clade,loco_test_ling2020,lgbm,0.0,0.0,0.0,0.0,307,zhuang2018+shanghai2022+kazakhstan2022
Azoarcus,loco_test_ling2020,lgbm,0.0,0.0,0.0,0.0,308,zhuang2018+shanghai2022+kazakhstan2022
Asteroleplasma,loco_test_ling2020,lgbm,0.0,0.0,0.0,0.0,309,zhuang2018+shanghai2022+kazakhstan2022
Aridibacter,loco_test_ling2020,lgbm,0.0,0.0,0.0,0.0,310,zhuang2018+shanghai2022+kazakhstan2022
Arenimonas,loco_test_ling2020,lgbm,0.0,0.0,0.0,0.0,311,zhuang2018+shanghai2022+kazakhstan2022
Archangium,loco_test_ling2020,lgbm,0.0,0.0,0.0,0.0,312,zhuang2018+shanghai2022+kazakhstan2022
Aquabacterium,loco_test_ling2020,lgbm,0.0,0.0,0.0,0.0,313,zhuang2018+shanghai2022+kazakhstan2022
Eggerthella,loco_test_ling2020,lgbm,0.0,0.0,0.0,0.0,314,zhuang2018+shanghai2022+kazakhstan2022
Ellin6055,loco_test_ling2020,lgbm,0.0,0.0,0.0,0.0,315,zhuang2018+shanghai2022+kazakhstan2022
Ellin6067,loco_test_ling2020,lgbm,0.0,0.0,0.0,0.0,316,zhuang2018+shanghai2022+kazakhstan2022
Kribbella,loco_test_ling2020,lgbm,0.0,0.0,0.0,0.0,317,zhuang2018+shanghai2022+kazakhstan2022
Libanicoccus,loco_test_ling2020,lgbm,0.0,0.0,0.0,0.0,318,zhuang2018+shanghai2022+kazakhstan2022
Levilactobacillus,loco_test_ling2020,lgbm,0.0,0.0,0.0,0.0,319,zhuang2018+shanghai2022+kazakhstan2022
Leuconostoc,loco_test_ling2020,lgbm,0.0,0.0,0.0,0.0,320,zhuang2018+shanghai2022+kazakhstan2022
Leucobacter,loco_test_ling2020,lgbm,0.0,0.0,0.0,0.0,321,zhuang2018+shanghai2022+kazakhstan2022
Legionella,loco_test_ling2020,lgbm,0.0,0.0,0.0,0.0,322,zhuang2018+shanghai2022+kazakhstan2022
Lechevalieria,loco_test_ling2020,lgbm,0.0,0.0,0.0,0.0,323,zhuang2018+shanghai2022+kazakhstan2022
Achromobacter,loco_test_ling2020,lgbm,0.0,0.0,0.0,0.0,324,zhuang2018+shanghai2022+kazakhstan2022
Lactonifactor,loco_test_ling2020,lgbm,0.0,0.0,0.0,0.0,325,zhuang2018+shanghai2022+kazakhstan2022
Lactococcus,loco_test_ling2020,lgbm,0.0,0.0,0.0,0.0,326,zhuang2018+shanghai2022+kazakhstan2022
Lactobacillus,loco_test_ling2020,lgbm,0.0,0.0,0.0,0.0,327,zhuang2018+shanghai2022+kazakhstan2022
Lacticaseibacillus,loco_test_ling2020,lgbm,0.0,0.0,0.0,0.0,328,zhuang2018+shanghai2022+kazakhstan2022
Lacibacter,loco_test_ling2020,lgbm,0.0,0.0,0.0,0.0,329,zhuang2018+shanghai2022+kazakhstan2022
Lachnospiraceae UCG-006,loco_test_ling2020,lgbm,0.0,0.0,0.0,0.0,330,zhuang2018+shanghai2022+kazakhstan2022
Lachnospiraceae UCG-003,loco_test_ling2020,lgbm,0.0,0.0,0.0,0.0,331,zhuang2018+shanghai2022+kazakhstan2022
Lachnospiraceae UCG-001,loco_test_ling2020,lgbm,0.0,0.0,0.0,0.0,332,zhuang2018+shanghai2022+kazakhstan2022
Lachnospiraceae NK3A20 group,loco_test_ling2020,lgbm,0.0,0.0,0.0,0.0,333,zhuang2018+shanghai2022+kazakhstan2022
Lachnospiraceae FCS020 group,loco_test_ling2020,lgbm,0.0,0.0,0.0,0.0,334,zhuang2018+shanghai2022+kazakhstan2022
Ligilactobacillus,loco_test_ling2020,lgbm,0.0,0.0,0.0,0.0,335,zhuang2018+shanghai2022+kazakhstan2022
Limosilactobacillus,loco_test_ling2020,lgbm,0.0,0.0,0.0,0.0,336,zhuang2018+shanghai2022+kazakhstan2022
Longimicrobium,loco_test_ling2020,lgbm,0.0,0.0,0.0,0.0,337,zhuang2018+shanghai2022+kazakhstan2022
Mesorhizobium,loco_test_ling2020,lgbm,0.0,0.0,0.0,0.0,338,zhuang2018+shanghai2022+kazakhstan2022
Mitsuokella,loco_test_ling2020,lgbm,0.0,0.0,0.0,0.0,339,zhuang2018+shanghai2022+kazakhstan2022
Microlunatus,loco_test_ling2020,lgbm,0.0,0.0,0.0,0.0,340,zhuang2018+shanghai2022+kazakhstan2022
Microbacterium,loco_test_ling2020,lgbm,0.0,0.0,0.0,0.0,341,zhuang2018+shanghai2022+kazakhstan2022
Methyloversatilis,loco_test_ling2020,lgbm,0.0,0.0,0.0,0.0,342,zhuang2018+shanghai2022+kazakhstan2022
Methylotenera,loco_test_ling2020,lgbm,0.0,0.0,0.0,0.0,343,zhuang2018+shanghai2022+kazakhstan2022
Methyloceanibacter,loco_test_ling2020,lgbm,0.0,0.0,0.0,0.0,344,zhuang2018+shanghai2022+kazakhstan2022
Methanobrevibacter,loco_test_ling2020,lgbm,0.0,0.0,0.0,0.0,345,zhuang2018+shanghai2022+kazakhstan2022
Merdibacter,loco_test_ling2020,lgbm,0.0,0.0,0.0,0.0,346,zhuang2018+shanghai2022+kazakhstan2022
Luedemannella,loco_test_ling2020,lgbm,0.0,0.0,0.0,0.0,347,zhuang2018+shanghai2022+kazakhstan2022
Megamonas,loco_test_ling2020,lgbm,0.0,0.0,0.0,0.0,348,zhuang2018+shanghai2022+kazakhstan2022
Massilia,loco_test_ling2020,lgbm,0.0,0.0,0.0,0.0,349,zhuang2018+shanghai2022+kazakhstan2022
Marmoricola,loco_test_ling2020,lgbm,0.0,0.0,0.0,0.0,350,zhuang2018+shanghai2022+kazakhstan2022
MND1,loco_test_ling2020,lgbm,0.0,0.0,0.0,0.0,351,zhuang2018+shanghai2022+kazakhstan2022
Lysobacter,loco_test_ling2020,lgbm,0.0,0.0,0.0,0.0,352,zhuang2018+shanghai2022+kazakhstan2022
Lysinibacillus,loco_test_ling2020,lgbm,0.0,0.0,0.0,0.0,353,zhuang2018+shanghai2022+kazakhstan2022
Luteolibacter,loco_test_ling2020,lgbm,0.0,0.0,0.0,0.0,354,zhuang2018+shanghai2022+kazakhstan2022
Lachnospira,loco_test_ling2020,lgbm,0.0,0.0,0.0,0.0,355,zhuang2018+shanghai2022+kazakhstan2022
JGI 0001001-H03,loco_test_ling2020,lgbm,0.0,0.0,0.0,0.0,356,zhuang2018+shanghai2022+kazakhstan2022
Elusimicrobium,loco_test_ling2020,lgbm,0.0,0.0,0.0,0.0,357,zhuang2018+shanghai2022+kazakhstan2022
Incertae Sedis,loco_test_ling2020,lgbm,0.0,0.0,0.0,0.0,358,zhuang2018+shanghai2022+kazakhstan2022
Flavonifractor,loco_test_ling2020,lgbm,0.0,0.0,0.0,0.0,359,zhuang2018+shanghai2022+kazakhstan2022
Flavobacterium,loco_test_ling2020,lgbm,0.0,0.0,0.0,0.0,360,zhuang2018+shanghai2022+kazakhstan2022
Flavitalea,loco_test_ling2020,lgbm,0.0,0.0,0.0,0.0,361,zhuang2018+shanghai2022+kazakhstan2022
Flavisolibacter,loco_test_ling2020,lgbm,0.0,0.0,0.0,0.0,362,zhuang2018+shanghai2022+kazakhstan2022
Ferruginibacter,loco_test_ling2020,lgbm,0.0,0.0,0.0,0.0,363,zhuang2018+shanghai2022+kazakhstan2022
Fenollaria,loco_test_ling2020,lgbm,0.0,0.0,0.0,0.0,364,zhuang2018+shanghai2022+kazakhstan2022
Family XIII AD3011 group,loco_test_ling2020,lgbm,0.0,0.0,0.0,0.0,365,zhuang2018+shanghai2022+kazakhstan2022
Faecalitalea,loco_test_ling2020,lgbm,0.0,0.0,0.0,0.0,366,zhuang2018+shanghai2022+kazakhstan2022
Faecalibaculum,loco_test_ling2020,lgbm,0.0,0.0,0.0,0.0,367,zhuang2018+shanghai2022+kazakhstan2022
Ezakiella,loco_test_ling2020,lgbm,0.0,0.0,0.0,0.0,368,zhuang2018+shanghai2022+kazakhstan2022
Eubacterium oxidoreducens group,loco_test_ling2020,lgbm,0.0,0.0,0.0,0.0,369,zhuang2018+shanghai2022+kazakhstan2022
Eubacterium hallii group,loco_test_ling2020,lgbm,0.0,0.0,0.0,0.0,370,zhuang2018+shanghai2022+kazakhstan2022
Eubacterium eligens group,loco_test_ling2020,lgbm,0.0,0.0,0.0,0.0,371,zhuang2018+shanghai2022+kazakhstan2022
Erysipelotrichaceae UCG-006,loco_test_ling2020,lgbm,0.0,0.0,0.0,0.0,372,zhuang2018+shanghai2022+kazakhstan2022
Enteroscipio,loco_test_ling2020,lgbm,0.0,0.0,0.0,0.0,373,zhuang2018+shanghai2022+kazakhstan2022
Enterococcus,loco_test_ling2020,lgbm,0.0,0.0,0.0,0.0,374,zhuang2018+shanghai2022+kazakhstan2022
Enhydrobacter,loco_test_ling2020,lgbm,0.0,0.0,0.0,0.0,375,zhuang2018+shanghai2022+kazakhstan2022
Fluviicola,loco_test_ling2020,lgbm,0.0,0.0,0.0,0.0,376,zhuang2018+shanghai2022+kazakhstan2022
Fournierella,loco_test_ling2020,lgbm,0.0,0.0,0.0,0.0,377,zhuang2018+shanghai2022+kazakhstan2022
Fusobacterium,loco_test_ling2020,lgbm,0.0,0.0,0.0,0.0,378,zhuang2018+shanghai2022+kazakhstan2022
Hassallia,loco_test_ling2020,lgbm,0.0,0.0,0.0,0.0,379,zhuang2018+shanghai2022+kazakhstan2022
Ilumatobacter,loco_test_ling2020,lgbm,0.0,0.0,0.0,0.0,380,zhuang2018+shanghai2022+kazakhstan2022
Iamia,loco_test_ling2020,lgbm,0.0,0.0,0.0,0.0,381,zhuang2018+shanghai2022+kazakhstan2022
Hyphomicrobium,loco_test_ling2020,lgbm,0.0,0.0,0.0,0.0,382,zhuang2018+shanghai2022+kazakhstan2022
Howardella,loco_test_ling2020,lgbm,0.0,0.0,0.0,0.0,383,zhuang2018+shanghai2022+kazakhstan2022
Holdemanella,loco_test_ling2020,lgbm,0.0,0.0,0.0,0.0,384,zhuang2018+shanghai2022+kazakhstan2022
Hirschia,loco_test_ling2020,lgbm,0.0,0.0,0.0,0.0,385,zhuang2018+shanghai2022+kazakhstan2022
Helicobacter,loco_test_ling2020,lgbm,0.0,0.0,0.0,0.0,386,zhuang2018+shanghai2022+kazakhstan2022
Harryflintia,loco_test_ling2020,lgbm,0.0,0.0,0.0,0.0,387,zhuang2018+shanghai2022+kazakhstan2022
GCA-900066755,loco_test_ling2020,lgbm,0.0,0.0,0.0,0.0,388,zhuang2018+shanghai2022+kazakhstan2022
Halomonas,loco_test_ling2020,lgbm,0.0,0.0,0.0,0.0,389,zhuang2018+shanghai2022+kazakhstan2022
Haliangium,loco_test_ling2020,lgbm,0.0,0.0,0.0,0.0,390,zhuang2018+shanghai2022+kazakhstan2022
Haemophilus,loco_test_ling2020,lgbm,0.0,0.0,0.0,0.0,391,zhuang2018+shanghai2022+kazakhstan2022
Granulicatella,loco_test_ling2020,lgbm,0.0,0.0,0.0,0.0,392,zhuang2018+shanghai2022+kazakhstan2022
Gemmatimonas,loco_test_ling2020,lgbm,0.0,0.0,0.0,0.0,393,zhuang2018+shanghai2022+kazakhstan2022
Gemella,loco_test_ling2020,lgbm,0.0,0.0,0.0,0.0,394,zhuang2018+shanghai2022+kazakhstan2022
Gaiella,loco_test_ling2020,lgbm,0.0,0.0,0.0,0.0,395,zhuang2018+shanghai2022+kazakhstan2022
wb1-P19,loco_test_ling2020,lgbm,0.0,0.0,0.0,0.0,396,zhuang2018+shanghai2022+kazakhstan2022
Akkermansia,loco_test_shanghai2022,logreg,0.35492289622660605,-1.850371707708594e-17,0.10200307583514522,-0.10200307583514524,1,zhuang2018+ling2020+kazakhstan2022
Romboutsia,loco_test_shanghai2022,logreg,0.24909131647563226,-1.8503717077085942e-18,0.010802472637771673,-0.010802472637771674,2,zhuang2018+ling2020+kazakhstan2022
[Eubacterium] xylanophilum group,loco_test_shanghai2022,logreg,0.2143500424825163,2.7755575615628914e-17,0.11990136068007648,-0.11990136068007642,3,zhuang2018+ling2020+kazakhstan2022
Lachnospira,loco_test_shanghai2022,logreg,0.2075501951102032,-3.353798720221827e-17,0.08018551619425154,-0.08018551619425161,4,zhuang2018+ling2020+kazakhstan2022
Sutterella,loco_test_shanghai2022,logreg,0.206418043158627,3.469446951953614e-17,-0.1265837339159023,0.12658373391590236,5,zhuang2018+ling2020+kazakhstan2022
Christensenellaceae R-7 group,loco_test_shanghai2022,logreg,0.2002742055233662,-7.864079757761525e-18,-0.0011038629630266258,0.0011038629630266204,6,zhuang2018+ling2020+kazakhstan2022
Subdoligranulum,loco_test_shanghai2022,logreg,0.19097496140393452,-2.960594732333751e-17,-0.004124848116465668,0.00412484811646561,7,zhuang2018+ling2020+kazakhstan2022
Parasutterella,loco_test_shanghai2022,logreg,0.17342960647423758,4.625929269271486e-19,0.05734291873693698,-0.057342918736936976,8,zhuang2018+ling2020+kazakhstan2022
Agathobacter,loco_test_shanghai2022,logreg,0.17137263144505954,-4.0245584642661923e-17,0.0447202226428064,-0.044720222642806486,9,zhuang2018+ling2020+kazakhstan2022
Butyricimonas,loco_test_shanghai2022,logreg,0.16414313171043302,1.9891495857867388e-17,0.09616240695920815,-0.09616240695920814,10,zhuang2018+ling2020+kazakhstan2022
Eisenbergiella,loco_test_shanghai2022,logreg,0.16269832482188756,-3.23815048849004e-18,0.09141243732680054,-0.09141243732680056,11,zhuang2018+ling2020+kazakhstan2022
Faecalibacterium,loco_test_shanghai2022,logreg,0.14220511004417988,5.736152293896643e-17,0.02377124602421072,-0.023771246024210605,12,zhuang2018+ling2020+kazakhstan2022
Bifidobacterium,loco_test_shanghai2022,logreg,0.13688392803886407,1.8850661772281305e-17,0.06525057441686845,-0.06525057441686839,13,zhuang2018+ling2020+kazakhstan2022
Family XIII AD3011 group,loco_test_shanghai2022,logreg,0.13263775318096901,-5.088522196198634e-18,-0.02204565244798414,0.022045652447984124,14,zhuang2018+ling2020+kazakhstan2022
[Eubacterium] siraeum group,loco_test_shanghai2022,logreg,0.12742449074140194,6.938893903907228e-18,0.04459728389174271,-0.04459728389174269,15,zhuang2018+ling2020+kazakhstan2022
Eubacterium hallii group,loco_test_shanghai2022,logreg,0.12714429186255152,1.896631000401309e-17,0.02874722912829441,-0.028747229128294374,16,zhuang2018+ling2020+kazakhstan2022
Tyzzerella,loco_test_shanghai2022,logreg,0.12657047290653395,-2.544261098099317e-18,0.016584946653311537,-0.016584946653311537,17,zhuang2018+ling2020+kazakhstan2022
Hungatella,loco_test_shanghai2022,logreg,0.1265026867666472,-3.932039878880763e-18,0.013423041069114556,-0.01342304106911456,18,zhuang2018+ling2020+kazakhstan2022
Odoribacter,loco_test_shanghai2022,logreg,0.12439105291042833,3.215020842143683e-17,0.05816136704827334,-0.05816136704827327,19,zhuang2018+ling2020+kazakhstan2022
Klebsiella,loco_test_shanghai2022,logreg,0.12392399180527579,-5.782411586589357e-18,-0.0192017505624803,0.01920175056248029,20,zhuang2018+ling2020+kazakhstan2022
Lactobacillus,loco_test_shanghai2022,logreg,0.11816217480370765,0.0,0.05836875177931687,-0.058368751779316864,21,zhuang2018+ling2020+kazakhstan2022
Fusobacterium,loco_test_shanghai2022,logreg,0.11593417445723825,-1.520774247273001e-17,-0.029659536407894857,0.02965953640789483,22,zhuang2018+ling2020+kazakhstan2022
Prevotella_9,loco_test_shanghai2022,logreg,0.11146741394745144,-4.163336342344337e-18,-0.037077159368055376,0.03707715936805536,23,zhuang2018+ling2020+kazakhstan2022
Lachnospiraceae UCG-004,loco_test_shanghai2022,logreg,0.11132351237672114,-1.295260195396016e-17,-0.07450406662811408,0.07450406662811408,24,zhuang2018+ling2020+kazakhstan2022
[Clostridium] innocuum group,loco_test_shanghai2022,logreg,0.09516400736114977,-2.312964634635743e-19,-0.023168824821716817,0.023168824821716814,25,zhuang2018+ling2020+kazakhstan2022
Prevotella,loco_test_shanghai2022,logreg,0.092855114095408,-3.122502256758253e-18,-0.015185766335098164,0.01518576633509816,26,zhuang2018+ling2020+kazakhstan2022
Lachnospiraceae NK4A136 group,loco_test_shanghai2022,logreg,0.09161783326340149,1.8041124150158794e-17,-0.022393250533530883,0.022393250533530914,27,zhuang2018+ling2020+kazakhstan2022
Enterococcus,loco_test_shanghai2022,logreg,0.08976527357087206,9.251858538542971e-19,0.04564468257299323,-0.04564468257299323,28,zhuang2018+ling2020+kazakhstan2022
Anaerotruncus,loco_test_shanghai2022,logreg,0.08931850550261529,-3.585095183685402e-18,-0.003182733362138776,0.0031827333621387696,29,zhuang2018+ling2020+kazakhstan2022
Bilophila,loco_test_shanghai2022,logreg,0.08330708917095396,-7.170190367370803e-18,0.0329296160853811,-0.032929616085381114,30,zhuang2018+ling2020+kazakhstan2022
Eggerthella,loco_test_shanghai2022,logreg,0.07827219010184229,-8.326672684688674e-18,-0.053679052975161255,0.05367905297516126,31,zhuang2018+ling2020+kazakhstan2022
Clostridium sensu stricto 1,loco_test_shanghai2022,logreg,0.07800111239160738,1.3415194880887308e-17,-0.0022455148044670885,0.0022455148044671124,32,zhuang2018+ling2020+kazakhstan2022
Dialister,loco_test_shanghai2022,logreg,0.07220585584726816,-1.0177044392397268e-17,0.0029765450284096415,-0.0029765450284096654,33,zhuang2018+ling2020+kazakhstan2022
Incertae Sedis,loco_test_shanghai2022,logreg,0.06975434065038809,-2.42861286636753e-17,0.043281590095282936,-0.04328159009528298,34,zhuang2018+ling2020+kazakhstan2022
Barnesiella,loco_test_shanghai2022,logreg,0.06924267155910382,5.319818659662209e-18,0.020560063315442762,-0.020560063315442762,35,zhuang2018+ling2020+kazakhstan2022
Allisonella,loco_test_shanghai2022,logreg,0.06699634876328044,1.61907524424502e-18,0.007758388734451772,-0.007758388734451767,36,zhuang2018+ling2020+kazakhstan2022
DTU089,loco_test_shanghai2022,logreg,0.06519952068950267,-7.517135062566164e-19,-0.016743819477637298,0.016743819477637305,37,zhuang2018+ling2020+kazakhstan2022
Lachnospiraceae UCG-010,loco_test_shanghai2022,logreg,0.06351815777275623,4.625929269271486e-19,0.022483288376499048,-0.022483288376499044,38,zhuang2018+ling2020+kazakhstan2022
Terrisporobacter,loco_test_shanghai2022,logreg,0.06274324916457963,3.0068540250264657e-18,-0.0010163412169222484,0.0010163412169222493,39,zhuang2018+ling2020+kazakhstan2022
[Ruminococcus] gauvreauii group,loco_test_shanghai2022,logreg,0.06108527512047327,9.251858538542971e-19,-0.018579159786241937,0.01857915978624194,40,zhuang2018+ling2020+kazakhstan2022
[Eubacterium] ruminantium group,loco_test_shanghai2022,logreg,0.060225152106556525,2.8912057932946786e-18,0.00754950176402003,-0.007549501764020026,41,zhuang2018+ling2020+kazakhstan2022
Haemophilus,loco_test_shanghai2022,logreg,0.05793414881949499,-6.707597440443654e-18,0.025579776178357615,-0.025579776178357626,42,zhuang2018+ling2020+kazakhstan2022
Oxalobacter,loco_test_shanghai2022,logreg,0.05707462804693795,-6.129356281784718e-18,-0.016501398990995057,0.016501398990995047,43,zhuang2018+ling2020+kazakhstan2022
Sellimonas,loco_test_shanghai2022,logreg,0.05689851227014545,-2.544261098099317e-18,0.032963970990427,-0.032963970990427034,44,zhuang2018+ling2020+kazakhstan2022
Granulicatella,loco_test_shanghai2022,logreg,0.05515048033705907,-4.625929269271486e-19,-0.01894452288622076,0.018944522886220748,45,zhuang2018+ling2020+kazakhstan2022
Veillonella,loco_test_shanghai2022,logreg,0.052511153176094526,1.0263780566196109e-18,0.011982612967342926,-0.01198261296734292,46,zhuang2018+ling2020+kazakhstan2022
Ruminococcus gnavus group,loco_test_shanghai2022,logreg,0.05089472952873329,-1.9891495857867388e-17,0.026986532258073476,-0.026986532258073515,47,zhuang2018+ling2020+kazakhstan2022
Lachnospiraceae ND3007 group,loco_test_shanghai2022,logreg,0.049910898373243126,-2.544261098099317e-18,0.02298547281240842,-0.02298547281240841,48,zhuang2018+ling2020+kazakhstan2022
CAG-56,loco_test_shanghai2022,logreg,0.04984456343880233,7.979727989493312e-18,0.004093996691700711,-0.004093996691700697,49,zhuang2018+ling2020+kazakhstan2022
Atopobium,loco_test_shanghai2022,logreg,0.047756257683228644,-1.0408340855860842e-18,0.030164287791320514,-0.03016428779132052,50,zhuang2018+ling2020+kazakhstan2022
Colidextribacter,loco_test_shanghai2022,logreg,0.04767231548135963,-9.020562075079397e-18,-0.029782777910985585,0.029782777910985565,51,zhuang2018+ling2020+kazakhstan2022
Limosilactobacillus,loco_test_shanghai2022,logreg,0.04735875880257411,1.2143064331837649e-18,0.018918015464696052,-0.01891801546469604,52,zhuang2018+ling2020+kazakhstan2022
[Eubacterium] fissicatena group,loco_test_shanghai2022,logreg,0.04681409941280766,-5.782411586589357e-20,-0.01532229765514618,0.01532229765514618,53,zhuang2018+ling2020+kazakhstan2022
Slackia,loco_test_shanghai2022,logreg,0.04594566030945819,-4.163336342344337e-18,0.00886396223039236,-0.008863962230392368,54,zhuang2018+ling2020+kazakhstan2022
TM7x,loco_test_shanghai2022,logreg,0.04588071315058077,-2.312964634635743e-19,-0.031217243187495306,0.031217243187495303,55,zhuang2018+ling2020+kazakhstan2022
Turicibacter,loco_test_shanghai2022,logreg,0.04538915262148127,-2.023844055306275e-18,-0.00393708837210818,0.003937088372108178,56,zhuang2018+ling2020+kazakhstan2022
Megamonas,loco_test_shanghai2022,logreg,0.04522615653689075,2.8912057932946783e-19,0.007070884786904098,-0.007070884786904097,57,zhuang2018+ling2020+kazakhstan2022
Lachnospiraceae UCG-003,loco_test_shanghai2022,logreg,0.04499630347241519,-7.517135062566164e-19,-0.025639438442336036,0.025639438442336036,58,zhuang2018+ling2020+kazakhstan2022
Escherichia-Shigella,loco_test_shanghai2022,logreg,0.04496389422381738,-3.0068540250264654e-17,-0.015590777554175641,0.015590777554175577,59,zhuang2018+ling2020+kazakhstan2022
Erysipelatoclostridium,loco_test_shanghai2022,logreg,0.04380274262173934,-1.3877787807814458e-18,0.02183305966113578,-0.021833059661135787,60,zhuang2018+ling2020+kazakhstan2022
Oscillibacter,loco_test_shanghai2022,logreg,0.043551722814212226,-1.734723475976807e-18,0.012314183071873598,-0.012314183071873598,61,zhuang2018+ling2020+kazakhstan2022
Weissella,loco_test_shanghai2022,logreg,0.04348287584404456,-2.7755575615628915e-18,-0.01294852368106115,0.012948523681061141,62,zhuang2018+ling2020+kazakhstan2022
Blautia,loco_test_shanghai2022,logreg,0.042152095451568776,-2.6367796834847467e-17,-0.02683633529345968,0.02683633529345962,63,zhuang2018+ling2020+kazakhstan2022
Megasphaera,loco_test_shanghai2022,logreg,0.041691574690537754,1.9660199394403813e-18,0.005355757141988386,-0.005355757141988382,64,zhuang2018+ling2020+kazakhstan2022
Streptococcus,loco_test_shanghai2022,logreg,0.03929938206580819,-2.7755575615628915e-18,0.03670126420744453,-0.036701264207444566,65,zhuang2018+ling2020+kazakhstan2022
CAG-352,loco_test_shanghai2022,logreg,0.03724743881563395,-1.0408340855860842e-18,-0.005951595250498156,0.005951595250498154,66,zhuang2018+ling2020+kazakhstan2022
Pseudomonas,loco_test_shanghai2022,logreg,0.03687651565089188,1.8503717077085942e-18,-0.01708643475330133,0.017086434753301332,67,zhuang2018+ling2020+kazakhstan2022
Peptoniphilus,loco_test_shanghai2022,logreg,0.03635016053760497,-3.758567531283082e-19,0.022389215884540983,-0.022389215884540983,68,zhuang2018+ling2020+kazakhstan2022
Monoglobus,loco_test_shanghai2022,logreg,0.035762904581028335,1.5034270125132329e-18,0.0002162976310990876,-0.0002162976310990846,69,zhuang2018+ling2020+kazakhstan2022
Peptococcus,loco_test_shanghai2022,logreg,0.03561175021624788,8.0953762212251e-19,0.021023072613102847,-0.021023072613102847,70,zhuang2018+ling2020+kazakhstan2022
Family XIII UCG-001,loco_test_shanghai2022,logreg,0.034902860160437955,-1.0986582014519778e-18,0.003032688338669524,-0.0030326883386695264,71,zhuang2018+ling2020+kazakhstan2022
Senegalimassilia,loco_test_shanghai2022,logreg,0.03437421750342424,5.999252021086458e-19,-0.002927694582595289,0.0029276945825952925,72,zhuang2018+ling2020+kazakhstan2022
Ruminococcus torques group,loco_test_shanghai2022,logreg,0.034303447690488334,-1.4224732503009817e-17,0.014430959830409679,-0.014430959830409713,73,zhuang2018+ling2020+kazakhstan2022
Tuzzerella,loco_test_shanghai2022,logreg,0.03378100148499553,-2.6020852139652105e-19,-0.007265691295640456,0.007265691295640459,74,zhuang2018+ling2020+kazakhstan2022
Butyricicoccus,loco_test_shanghai2022,logreg,0.03373462307112495,1.3053794156725474e-17,-0.001703606854650169,0.0017036068546501953,75,zhuang2018+ling2020+kazakhstan2022
Pelagibacterium,loco_test_shanghai2022,logreg,0.033358792444371,2.2551405187698493e-18,0.015338753418031556,-0.015338753418031552,76,zhuang2018+ling2020+kazakhstan2022
Eubacterium eligens group,loco_test_shanghai2022,logreg,0.03165428406735875,5.319818659662209e-18,0.014416348606267415,-0.01441634860626741,77,zhuang2018+ling2020+kazakhstan2022
Lachnospiraceae UCG-001,loco_test_shanghai2022,logreg,0.03158970600145279,1.2721305490496584e-18,-0.012310460967744371,0.012310460967744371,78,zhuang2018+ling2020+kazakhstan2022
Catenibacterium,loco_test_shanghai2022,logreg,0.03126389576938396,-1.0552901145525576e-18,0.0001207776119529322,-0.00012077761195293616,79,zhuang2018+ling2020+kazakhstan2022
Mogibacterium,loco_test_shanghai2022,logreg,0.029342483006056807,2.312964634635743e-19,-0.017916288045208187,0.01791628804520818,80,zhuang2018+ling2020+kazakhstan2022
Enterobacter,loco_test_shanghai2022,logreg,0.0285177978844807,-6.360652745248292e-19,0.017455074277523176,-0.01745507427752318,81,zhuang2018+ling2020+kazakhstan2022
Erysipelotrichaceae UCG-003,loco_test_shanghai2022,logreg,0.02772687120682145,-1.5034270125132329e-18,-0.003947190541342624,0.003947190541342616,82,zhuang2018+ling2020+kazakhstan2022
Lachnoclostridium,loco_test_shanghai2022,logreg,0.027176634276784673,-1.7925475918427008e-17,0.005359946301408966,-0.005359946301409003,83,zhuang2018+ling2020+kazakhstan2022
Phocea,loco_test_shanghai2022,logreg,0.027079013023481556,8.0953762212251e-19,0.0022316424515686083,-0.0022316424515686053,84,zhuang2018+ling2020+kazakhstan2022
Eubacterium,loco_test_shanghai2022,logreg,0.025600812617509447,3.975407965780183e-18,0.015287991141641524,-0.015287991141641512,85,zhuang2018+ling2020+kazakhstan2022
Christensenella,loco_test_shanghai2022,logreg,0.025536421037850886,2.457524924300477e-18,-0.006789916037275726,0.006789916037275729,86,zhuang2018+ling2020+kazakhstan2022
Desulfovibrio,loco_test_shanghai2022,logreg,0.025331334678632886,-7.806255641895632e-19,0.00040324556623457815,-0.0004032455662345789,87,zhuang2018+ling2020+kazakhstan2022
Ligilactobacillus,loco_test_shanghai2022,logreg,0.024960517037175164,-2.8912057932946785e-20,0.0031804876596565434,-0.0031804876596565456,88,zhuang2018+ling2020+kazakhstan2022
Anaerostipes,loco_test_shanghai2022,logreg,0.024629507355658047,-9.121754277844711e-18,-0.0064182513491091225,0.006418251349109103,89,zhuang2018+ling2020+kazakhstan2022
UCG-005,loco_test_shanghai2022,logreg,0.024336901434713898,-2.6599093298311044e-18,-0.007915888780227214,0.007915888780227207,90,zhuang2018+ling2020+kazakhstan2022
Fenollaria,loco_test_shanghai2022,logreg,0.024254812299383522,4.336808689942018e-19,-0.014692456632961206,0.01469245663296121,91,zhuang2018+ling2020+kazakhstan2022
Gemella,loco_test_shanghai2022,logreg,0.02418781568124624,8.0953762212251e-19,0.01715362362503303,-0.01715362362503303,92,zhuang2018+ling2020+kazakhstan2022
Corynebacterium,loco_test_shanghai2022,logreg,0.02316053052111714,-6.794333614242494e-18,0.01019240088743629,-0.010192400887436304,93,zhuang2018+ling2020+kazakhstan2022
Cloacibacillus,loco_test_shanghai2022,logreg,0.02287319196712963,-1.1275702593849246e-18,-0.00017955224962791914,0.00017955224962791608,94,zhuang2018+ling2020+kazakhstan2022
Solobacterium,loco_test_shanghai2022,logreg,0.022590171195991195,8.673617379884035e-19,0.013187350351782786,-0.013187350351782784,95,zhuang2018+ling2020+kazakhstan2022
Pyramidobacter,loco_test_shanghai2022,logreg,0.02227010318802149,-9.54097911787244e-19,0.010749128420535133,-0.010749128420535136,96,zhuang2018+ling2020+kazakhstan2022
Fournierella,loco_test_shanghai2022,logreg,0.022205582457831784,-2.638225286381394e-19,0.002915214993507525,-0.0029152149935075247,97,zhuang2018+ling2020+kazakhstan2022
Holdemania,loco_test_shanghai2022,logreg,0.021607774050211845,7.228014483236696e-20,0.01176249593517336,-0.011762495935173355,98,zhuang2018+ling2020+kazakhstan2022
UCG-003,loco_test_shanghai2022,logreg,0.021589671698527803,-4.972873964466847e-18,0.011239246432562456,-0.011239246432562463,99,zhuang2018+ling2020+kazakhstan2022
Gordonibacter,loco_test_shanghai2022,logreg,0.021432833075469844,-9.107298248878238e-19,0.009027144558552046,-0.009027144558552042,100,zhuang2018+ling2020+kazakhstan2022
Acidaminococcus,loco_test_shanghai2022,logreg,0.020801787302660066,-1.3010426069826053e-19,0.0025610992549619277,-0.002561099254961928,101,zhuang2018+ling2020+kazakhstan2022
Bacteroides,loco_test_shanghai2022,logreg,0.020574284715665542,-1.8503717077085942e-18,0.015972691871660772,-0.01597269187166078,102,zhuang2018+ling2020+kazakhstan2022
Halomonas,loco_test_shanghai2022,logreg,0.020559271904316605,1.973247953923618e-18,0.007551197581652635,-0.0075511975816526305,103,zhuang2018+ling2020+kazakhstan2022
Citrobacter,loco_test_shanghai2022,logreg,0.020381414484759088,9.97465998686664e-19,0.00595808926733166,-0.005958089267331661,104,zhuang2018+ling2020+kazakhstan2022
Dorea,loco_test_shanghai2022,logreg,0.02018013285135643,6.129356281784718e-18,0.008222844819803586,-0.00822284481980357,105,zhuang2018+ling2020+kazakhstan2022
Phascolarctobacterium,loco_test_shanghai2022,logreg,0.020058811006048397,-4.972873964466847e-18,-0.0019084308535122886,0.0019084308535122785,106,zhuang2018+ling2020+kazakhstan2022
UBA1819,loco_test_shanghai2022,logreg,0.01982166278581277,-1.0372200783444659e-18,-0.001446241895432234,0.0014462418954322332,107,zhuang2018+ling2020+kazakhstan2022
HT002,loco_test_shanghai2022,logreg,0.01944562994365028,-2.2551405187698493e-18,0.006234753241491748,-0.006234753241491753,108,zhuang2018+ling2020+kazakhstan2022
Faecalitalea,loco_test_shanghai2022,logreg,0.018389825374262984,-2.3129646346357427e-18,-0.004303516175368828,0.004303516175368824,109,zhuang2018+ling2020+kazakhstan2022
UCG-002,loco_test_shanghai2022,logreg,0.01821829222007657,3.4116228360877204e-18,-0.0034598189694623133,0.00345981896946232,110,zhuang2018+ling2020+kazakhstan2022
Actinomyces,loco_test_shanghai2022,logreg,0.018084463886725546,4.04768811061255e-19,-0.014107998238313914,0.014107998238313919,111,zhuang2018+ling2020+kazakhstan2022
Prevotellaceae UCG-001,loco_test_shanghai2022,logreg,0.017854621673976053,4.1922484002772836e-18,0.007360699558571394,-0.007360699558571384,112,zhuang2018+ling2020+kazakhstan2022
Anaerococcus,loco_test_shanghai2022,logreg,0.01756418266646618,3.635691285068058e-18,0.009718484015362948,-0.009718484015362938,113,zhuang2018+ling2020+kazakhstan2022
Collinsella,loco_test_shanghai2022,logreg,0.01711839356142471,2.1973164029039556e-18,0.005176674141605732,-0.005176674141605729,114,zhuang2018+ling2020+kazakhstan2022
Eubacterium ventriosum group,loco_test_shanghai2022,logreg,0.01710394195492534,1.1564823173178714e-19,0.007635335505047284,-0.007635335505047285,115,zhuang2018+ling2020+kazakhstan2022
Paraprevotella,loco_test_shanghai2022,logreg,0.01692291835252176,1.4456028966473392e-19,-0.003864567749349575,0.003864567749349575,116,zhuang2018+ling2020+kazakhstan2022
Coprobacillus,loco_test_shanghai2022,logreg,0.01656144138492767,1.5540231138958898e-18,-0.0021755726940203097,0.0021755726940203115,117,zhuang2018+ling2020+kazakhstan2022
Lachnospiraceae FCS020 group,loco_test_shanghai2022,logreg,0.016091648115825172,1.8214596497756475e-18,0.0029402817805510226,-0.002940281780551017,118,zhuang2018+ling2020+kazakhstan2022
Adlercreutzia,loco_test_shanghai2022,logreg,0.01603662177986302,6.649773324577761e-19,-0.00792373871866988,0.007923738718669882,119,zhuang2018+ling2020+kazakhstan2022
Anaerofilum,loco_test_shanghai2022,logreg,0.015871712119780994,-1.951563910473908e-19,-0.0008452517660995776,0.0008452517660995759,120,zhuang2018+ling2020+kazakhstan2022
Oscillospira,loco_test_shanghai2022,logreg,0.015863262878016267,1.9353008778866256e-18,-0.0028216277200346024,0.0028216277200346076,121,zhuang2018+ling2020+kazakhstan2022
Coprococcus,loco_test_shanghai2022,logreg,0.015271616977092535,2.6237692574149207e-18,-0.0018654278740997685,0.0018654278740997735,122,zhuang2018+ling2020+kazakhstan2022
Holdemanella,loco_test_shanghai2022,logreg,0.014830894796073532,-2.8912057932946785e-20,0.00022342545364383842,-0.00022342545364383847,123,zhuang2018+ling2020+kazakhstan2022
Olsenella,loco_test_shanghai2022,logreg,0.014358941211839381,-5.637851296924623e-18,0.0041696671534965654,-0.004169667153496577,124,zhuang2018+ling2020+kazakhstan2022
GCA-900066575,loco_test_shanghai2022,logreg,0.014336352532883892,9.97465998686664e-19,-0.0003911266863440902,0.00039112668634409126,125,zhuang2018+ling2020+kazakhstan2022
Prevotellaceae NK3B31 group,loco_test_shanghai2022,logreg,0.013740874047671938,-5.204170427930421e-19,-0.006493697945472505,0.006493697945472505,126,zhuang2018+ling2020+kazakhstan2022
Alistipes,loco_test_shanghai2022,logreg,0.013116437654971601,3.064678140892359e-18,0.006981648332772406,-0.0069816483327724,127,zhuang2018+ling2020+kazakhstan2022
NK4A214 group,loco_test_shanghai2022,logreg,0.01253525125153212,-2.4864369822334235e-18,-0.0037343746076470225,0.0037343746076470177,128,zhuang2018+ling2020+kazakhstan2022
UCG-009,loco_test_shanghai2022,logreg,0.011254558857611287,-1.5034270125132329e-18,-0.0020552200473957735,0.00205522004739577,129,zhuang2018+ling2020+kazakhstan2022
Lactiplantibacillus,loco_test_shanghai2022,logreg,0.011228351918926606,1.2027416100105863e-17,-0.0002569093978053409,0.0002569093978053654,130,zhuang2018+ling2020+kazakhstan2022
Marvinbryantia,loco_test_shanghai2022,logreg,0.010906951936739913,7.228014483236697e-19,0.0017296422378144825,-0.001729642237814481,131,zhuang2018+ling2020+kazakhstan2022
Chelativorans,loco_test_shanghai2022,logreg,0.010726969972877943,2.7611015325964178e-18,0.000326827826473453,-0.00032682782647344737,132,zhuang2018+ling2020+kazakhstan2022
Castellaniella,loco_test_shanghai2022,logreg,0.0106887777025619,1.1796119636642288e-17,-0.0002445637135946526,0.000244563713594676,133,zhuang2018+ling2020+kazakhstan2022
Parvimonas,loco_test_shanghai2022,logreg,0.010450162046453536,3.859759734048396e-18,0.004849355736793808,-0.004849355736793802,134,zhuang2018+ling2020+kazakhstan2022
[Eubacterium] nodatum group,loco_test_shanghai2022,logreg,0.01040335577765908,4.192248400277284e-19,-0.003288398162672244,0.0032883981626722443,135,zhuang2018+ling2020+kazakhstan2022
Paeniclostridium,loco_test_shanghai2022,logreg,0.0100690449147822,3.585095183685402e-18,0.004058604948562476,-0.004058604948562468,136,zhuang2018+ling2020+kazakhstan2022
Coprobacter,loco_test_shanghai2022,logreg,0.009921318570433359,-7.228014483236696e-20,0.001636736518570966,-0.0016367365185709665,137,zhuang2018+ling2020+kazakhstan2022
Rothia,loco_test_shanghai2022,logreg,0.009434635793904076,1.879283765641541e-19,0.006480482943575042,-0.006480482943575041,138,zhuang2018+ling2020+kazakhstan2022
Rikenellaceae RC9 gut group,loco_test_shanghai2022,logreg,0.009155522154001157,2.023844055306275e-19,-0.002063785264887513,0.002063785264887514,139,zhuang2018+ling2020+kazakhstan2022
Ezakiella,loco_test_shanghai2022,logreg,0.008987482629158973,-1.7058114180438602e-18,-0.0028326565514946154,0.002832656551494611,140,zhuang2018+ling2020+kazakhstan2022
Ruminococcus,loco_test_shanghai2022,logreg,0.008762818280654788,3.180326372624146e-19,-0.004076863975124214,0.004076863975124216,141,zhuang2018+ling2020+kazakhstan2022
Catabacter,loco_test_shanghai2022,logreg,0.008708063837317894,1.927169361592984e-18,0.004396906539334821,-0.004396906539334818,142,zhuang2018+ling2020+kazakhstan2022
Defluviitaleaceae UCG-011,loco_test_shanghai2022,logreg,0.008658286411445977,-1.6768993601109135e-18,-6.879333847508752e-05,6.8793338475084e-05,143,zhuang2018+ling2020+kazakhstan2022
Aeromonas,loco_test_shanghai2022,logreg,0.008567317615759544,2.7466455036299444e-19,-0.0037969049482539153,0.0037969049482539153,144,zhuang2018+ling2020+kazakhstan2022
Fusicatenibacter,loco_test_shanghai2022,logreg,0.008189650470968552,6.360652745248292e-19,-0.002844230153932368,0.00284423015393237,145,zhuang2018+ling2020+kazakhstan2022
CHKCI002,loco_test_shanghai2022,logreg,0.008147853928102926,3.035766082959412e-19,-0.003638429463810813,0.0036384294638108147,146,zhuang2018+ling2020+kazakhstan2022
Sphingomonas,loco_test_shanghai2022,logreg,0.008123128131557267,-4.625929269271486e-19,0.00260322799693282,-0.0026032279969328206,147,zhuang2018+ling2020+kazakhstan2022
UCG-007,loco_test_shanghai2022,logreg,0.007862356002932083,9.540979117872439e-18,-0.0014622707698614197,0.001462270769861438,148,zhuang2018+ling2020+kazakhstan2022
Paludicola,loco_test_shanghai2022,logreg,0.007856207880593147,-3.614007241618348e-21,0.0022811216095759896,-0.0022811216095759887,149,zhuang2018+ling2020+kazakhstan2022
Alloprevotella,loco_test_shanghai2022,logreg,0.007623427263390966,7.228014483236696e-21,-0.004211383198260763,0.004211383198260764,150,zhuang2018+ling2020+kazakhstan2022
Porphyromonas,loco_test_shanghai2022,logreg,0.007589036208136593,-3.1080462277917794e-19,-0.0028439285990875837,0.0028439285990875824,151,zhuang2018+ling2020+kazakhstan2022
Candidatus Soleaferrea,loco_test_shanghai2022,logreg,0.007475241991304385,7.677506633912978e-19,0.002315070477470662,-0.0023150704774706605,152,zhuang2018+ling2020+kazakhstan2022
Frisingicoccus,loco_test_shanghai2022,logreg,0.007303026195470622,-2.8912057932946785e-20,-0.00029831151178649556,0.00029831151178649485,153,zhuang2018+ling2020+kazakhstan2022
Intestinimonas,loco_test_shanghai2022,logreg,0.007145468187793292,6.505213034913027e-19,0.0008977361844817654,-0.000897736184481764,154,zhuang2018+ling2020+kazakhstan2022
Salipaludibacillus,loco_test_shanghai2022,logreg,0.006668517826410022,7.54604712049911e-18,-0.00015257848270229114,0.00015257848270230567,155,zhuang2018+ling2020+kazakhstan2022
Aliihoeflea,loco_test_shanghai2022,logreg,0.006560224507254826,-1.7347234759768072e-19,0.0011714805109017707,-0.0011714805109017718,156,zhuang2018+ling2020+kazakhstan2022
Mitsuokella,loco_test_shanghai2022,logreg,0.006474763343617702,4.17779237131081e-18,0.002120699095419089,-0.0021206990954190795,157,zhuang2018+ling2020+kazakhstan2022
Shuttleworthia,loco_test_shanghai2022,logreg,0.0063500848312217925,-1.2323764693918568e-18,-0.0001133291072167902,0.00011332910721678918,158,zhuang2018+ling2020+kazakhstan2022
Latilactobacillus,loco_test_shanghai2022,logreg,0.006095177242639633,6.852157730108388e-18,-0.0001394602098535812,0.00013946020985359449,159,zhuang2018+ling2020+kazakhstan2022
Succinivibrio,loco_test_shanghai2022,logreg,0.00596290260639676,9.260893556647016e-19,-0.003047074729250137,0.0030470747292501393,160,zhuang2018+ling2020+kazakhstan2022
Prevotella_7,loco_test_shanghai2022,logreg,0.005716738303741773,-1.73924098502883e-19,-0.0006065521404685318,0.0006065521404685311,161,zhuang2018+ling2020+kazakhstan2022
Methanobrevibacter,loco_test_shanghai2022,logreg,0.005682992424130826,7.126822280471383e-18,0.00018923687787961963,-0.00018923687787960532,162,zhuang2018+ling2020+kazakhstan2022
Raoultibacter,loco_test_shanghai2022,logreg,0.005445960391080291,2.1141942363467336e-19,0.0020824709483824545,-0.002082470948382453,163,zhuang2018+ling2020+kazakhstan2022
Helicobacter,loco_test_shanghai2022,logreg,0.005396611929821822,5.926971876254091e-18,-0.00012347674272148948,0.00012347674272150175,164,zhuang2018+ling2020+kazakhstan2022
Acinetobacter,loco_test_shanghai2022,logreg,0.005243716276064776,-9.035018104045871e-20,-0.0009919078265391956,0.0009919078265391954,165,zhuang2018+ling2020+kazakhstan2022
Victivallis,loco_test_shanghai2022,logreg,0.005222788571387328,-6.649773324577761e-19,0.0029594257921551877,-0.0029594257921551886,166,zhuang2018+ling2020+kazakhstan2022
Levilactobacillus,loco_test_shanghai2022,logreg,0.005172411186387464,5.811323644522304e-18,-0.00011834693574722287,0.00011834693574723412,167,zhuang2018+ling2020+kazakhstan2022
Intestinibacter,loco_test_shanghai2022,logreg,0.004974420540690585,2.7466455036299444e-19,5.98742980263445e-05,-5.9874298026343976e-05,168,zhuang2018+ling2020+kazakhstan2022
Chitinophaga,loco_test_shanghai2022,logreg,0.004967223217806213,-5.551115123125783e-18,0.0001136521490300152,-0.00011365214903002607,169,zhuang2018+ling2020+kazakhstan2022
Polaromonas,loco_test_shanghai2022,logreg,0.004658653939214404,-5.059610138265687e-18,0.0001065919546117564,-0.00010659195461176675,170,zhuang2018+ling2020+kazakhstan2022
Pedobacter,loco_test_shanghai2022,logreg,0.004653910968893578,-5.088522196198634e-18,0.00010648343346299578,-0.00010648343346300569,171,zhuang2018+ling2020+kazakhstan2022
Elusimicrobium,loco_test_shanghai2022,logreg,0.004465871803927026,-4.972873964466847e-18,0.00010218101855970542,-0.00010218101855971572,172,zhuang2018+ling2020+kazakhstan2022
Catenisphaera,loco_test_shanghai2022,logreg,0.004386442142221154,-4.915049848600954e-18,0.00010036363461021055,-0.00010036363461022037,173,zhuang2018+ling2020+kazakhstan2022
Ilumatobacter,loco_test_shanghai2022,logreg,0.004329769600187311,4.712665443070326e-18,-9.906694309651929e-05,9.906694309652885e-05,174,zhuang2018+ling2020+kazakhstan2022
Oribacterium,loco_test_shanghai2022,logreg,0.004294489617261682,7.517135062566164e-19,0.001964635690626887,-0.001964635690626886,175,zhuang2018+ling2020+kazakhstan2022
Bacillus,loco_test_shanghai2022,logreg,0.0041912973075891365,3.4405348940206675e-18,-8.818264433348583e-05,8.818264433349258e-05,176,zhuang2018+ling2020+kazakhstan2022
Eubacterium brachy group,loco_test_shanghai2022,logreg,0.004122195949425339,1.0299920638612292e-19,0.002346477148808147,-0.002346477148808146,177,zhuang2018+ling2020+kazakhstan2022
Pseudonocardia,loco_test_shanghai2022,logreg,0.004109115085177588,4.654841327204432e-18,-9.401827531486338e-05,9.401827531487235e-05,178,zhuang2018+ling2020+kazakhstan2022
Dielma,loco_test_shanghai2022,logreg,0.0040465707843097285,-1.4456028966473392e-19,-8.931185863261127e-05,8.931185863261123e-05,179,zhuang2018+ling2020+kazakhstan2022
Rhizobacter,loco_test_shanghai2022,logreg,0.0040441297402410755,-4.481368979606752e-18,9.25313833867907e-05,-9.253138338679968e-05,180,zhuang2018+ling2020+kazakhstan2022
Finegoldia,loco_test_shanghai2022,logreg,0.004015022417769088,-1.5106550269964695e-18,0.0013549509326754043,-0.0013549509326754073,181,zhuang2018+ling2020+kazakhstan2022
Nitrosococcus,loco_test_shanghai2022,logreg,0.003993132656289175,4.351264718908491e-18,-9.136454873264815e-05,9.136454873265705e-05,182,zhuang2018+ling2020+kazakhstan2022
Lachnospiraceae UCG-006,loco_test_shanghai2022,logreg,0.003928277506248238,4.278984574076124e-18,-8.988063571835205e-05,8.988063571836063e-05,183,zhuang2018+ling2020+kazakhstan2022
Flavobacterium,loco_test_shanghai2022,logreg,0.0038344819796155764,-4.04768811061255e-18,8.773455475847298e-05,-8.773455475848096e-05,184,zhuang2018+ling2020+kazakhstan2022
GCA-900066755,loco_test_shanghai2022,logreg,0.003826063418665744,-7.806255641895632e-19,0.00025509413467417614,-0.0002550941346741775,185,zhuang2018+ling2020+kazakhstan2022
Haliangium,loco_test_shanghai2022,logreg,0.0037881117210332932,4.13442428441139e-18,-8.667358380793017e-05,8.667358380793837e-05,186,zhuang2018+ling2020+kazakhstan2022
Iamia,loco_test_shanghai2022,logreg,0.003783929604638012,4.250072516143178e-18,-8.657789523204455e-05,8.657789523205284e-05,187,zhuang2018+ling2020+kazakhstan2022
Coriobacteriaceae UCG-003,loco_test_shanghai2022,logreg,0.0037351834918908254,-4.0187760526796035e-18,8.546256374246756e-05,-8.546256374247595e-05,188,zhuang2018+ling2020+kazakhstan2022
Enterorhabdus,loco_test_shanghai2022,logreg,0.0036962277418536764,4.206704429243757e-18,-8.457123985492271e-05,8.457123985493084e-05,189,zhuang2018+ling2020+kazakhstan2022
Sarcina,loco_test_shanghai2022,logreg,0.0036539378103983876,-2.4864369822334235e-18,0.00053693187725957,-0.0005369318772595752,190,zhuang2018+ling2020+kazakhstan2022
Peredibacter,loco_test_shanghai2022,logreg,0.0035978067631927163,4.004320023713129e-18,-8.231932661406874e-05,8.231932661407661e-05,191,zhuang2018+ling2020+kazakhstan2022
Lacunisphaera,loco_test_shanghai2022,logreg,0.0035939215791409287,-4.004320023713129e-18,8.223043197464914e-05,-8.223043197465704e-05,192,zhuang2018+ling2020+kazakhstan2022
Brevundimonas,loco_test_shanghai2022,logreg,0.0035789164039839233,1.9587919249571447e-18,-0.0006255668334545673,0.0006255668334545716,193,zhuang2018+ling2020+kazakhstan2022
Ohtaekwangia,loco_test_shanghai2022,logreg,0.0035595866235990183,-3.932039878880763e-18,8.144483380177077e-05,-8.144483380177857e-05,194,zhuang2018+ling2020+kazakhstan2022
Papillibacter,loco_test_shanghai2022,logreg,0.0035575911596247016,1.2576745200831851e-18,0.0007473158802797327,-0.0007473158802797304,195,zhuang2018+ling2020+kazakhstan2022
Rhodoplanes,loco_test_shanghai2022,logreg,0.0035145446315925965,3.859759734048396e-18,-8.041425414717175e-05,8.041425414717941e-05,196,zhuang2018+ling2020+kazakhstan2022
Harryflintia,loco_test_shanghai2022,logreg,0.0034933627749908535,9.793959624785723e-19,0.00038021719890503163,-0.0003802171989050297,197,zhuang2018+ling2020+kazakhstan2022
Dethiobacter,loco_test_shanghai2022,logreg,0.003464064346722829,3.7441115023166084e-18,-7.925924407262358e-05,7.925924407263113e-05,198,zhuang2018+ling2020+kazakhstan2022
Candidatus Nitrososphaera,loco_test_shanghai2022,logreg,0.0034078592687243727,-3.715199444383662e-18,7.797324833198014e-05,-7.797324833198741e-05,199,zhuang2018+ling2020+kazakhstan2022
Microvirga,loco_test_shanghai2022,logreg,0.0033452427579263797,3.729655473350135e-18,-7.654055632179574e-05,7.654055632180322e-05,200,zhuang2018+ling2020+kazakhstan2022
Azoarcus,loco_test_shanghai2022,logreg,0.0032079459569790115,3.4405348940206675e-18,-7.339914797383229e-05,7.339914797383945e-05,201,zhuang2018+ling2020+kazakhstan2022
Lactococcus,loco_test_shanghai2022,logreg,0.0031739222210673905,-6.640738306473715e-19,0.0007357801380867145,-0.0007357801380867157,202,zhuang2018+ling2020+kazakhstan2022
Acidibacter,loco_test_shanghai2022,logreg,0.003138751400317844,3.469446951953614e-18,-7.181594751738191e-05,7.181594751738897e-05,203,zhuang2018+ling2020+kazakhstan2022
Bdellovibrio,loco_test_shanghai2022,logreg,0.0030923202884114587,3.28151857538946e-18,-7.075358421727954e-05,7.075358421728633e-05,204,zhuang2018+ling2020+kazakhstan2022
Lysinibacillus,loco_test_shanghai2022,logreg,0.0030645120237974277,3.2959746043559333e-18,-7.011731946822414e-05,7.011731946823091e-05,205,zhuang2018+ling2020+kazakhstan2022
Woeseia,loco_test_shanghai2022,logreg,0.0030013469248445935,-3.3682547491883004e-18,6.867207553113894e-05,-6.867207553114543e-05,206,zhuang2018+ling2020+kazakhstan2022
Solitalea,loco_test_shanghai2022,logreg,0.002996947093779713,-3.2526065174565133e-18,6.857140555236683e-05,-6.857140555237362e-05,207,zhuang2018+ling2020+kazakhstan2022
Rhodomicrobium,loco_test_shanghai2022,logreg,0.002988402752296707,3.3248866622888804e-18,-6.837590743822757e-05,6.837590743823432e-05,208,zhuang2018+ling2020+kazakhstan2022
Polycyclovorans,loco_test_shanghai2022,logreg,0.0029720754693365018,-3.28151857538946e-18,6.800233236119123e-05,-6.800233236119783e-05,209,zhuang2018+ling2020+kazakhstan2022
[Bacteroides] pectinophilus group,loco_test_shanghai2022,logreg,0.0029500796906062957,-3.3248866622888804e-18,6.749905972522132e-05,-6.749905972522776e-05,210,zhuang2018+ling2020+kazakhstan2022
mle1-7,loco_test_shanghai2022,logreg,0.002933581262532256,-3.2236944595235666e-18,6.712156877625203e-05,-6.712156877625866e-05,211,zhuang2018+ling2020+kazakhstan2022
Truepera,loco_test_shanghai2022,logreg,0.0028783297939676132,3.165870343657673e-18,-6.585739201912024e-05,6.585739201912676e-05,212,zhuang2018+ling2020+kazakhstan2022
Pseudenhygromyxa,loco_test_shanghai2022,logreg,0.0028606881743773005,-3.0502221119258858e-18,6.545374436913721e-05,-6.545374436914347e-05,213,zhuang2018+ling2020+kazakhstan2022
Niastella,loco_test_shanghai2022,logreg,0.0028451339684009837,-3.136958285724726e-18,6.509785761749555e-05,-6.509785761750177e-05,214,zhuang2018+ling2020+kazakhstan2022
Lachnospiraceae NC2004 group,loco_test_shanghai2022,logreg,0.0028138913510116267,3.0502221119258858e-18,-6.43830134375734e-05,6.438301343757941e-05,215,zhuang2018+ling2020+kazakhstan2022
Adhaeribacter,loco_test_shanghai2022,logreg,0.0027991165018455694,-3.0791341698588324e-18,6.404495869638581e-05,-6.404495869639192e-05,216,zhuang2018+ling2020+kazakhstan2022
Cupriavidus,loco_test_shanghai2022,logreg,0.0027962071135873706,3.0502221119258858e-18,-6.397839067368812e-05,6.397839067369424e-05,217,zhuang2018+ling2020+kazakhstan2022
Arenimonas,loco_test_shanghai2022,logreg,0.0027781186988442377,-3.136958285724726e-18,6.356452016335277e-05,-6.356452016335877e-05,218,zhuang2018+ling2020+kazakhstan2022
Flavisolibacter,loco_test_shanghai2022,logreg,0.0027619062539112308,-3.093590198825306e-18,6.319357262850838e-05,-6.319357262851453e-05,219,zhuang2018+ling2020+kazakhstan2022
Aquicella,loco_test_shanghai2022,logreg,0.0027462056680001203,-3.122502256758253e-18,6.283433664260949e-05,-6.283433664261563e-05,220,zhuang2018+ling2020+kazakhstan2022
Parapusillimonas,loco_test_shanghai2022,logreg,0.002673708779304707,2.9923979960599924e-18,-6.117557744517956e-05,6.117557744518552e-05,221,zhuang2018+ling2020+kazakhstan2022
[Eubacterium] tenue group,loco_test_shanghai2022,logreg,0.00267146066500764,2.949029909160572e-18,-6.112413964785843e-05,6.112413964786438e-05,222,zhuang2018+ling2020+kazakhstan2022
Catenibacillus,loco_test_shanghai2022,logreg,0.002666568352066981,2.9201178512276253e-18,-6.101220147736513e-05,6.101220147737087e-05,223,zhuang2018+ling2020+kazakhstan2022
Nonomuraea,loco_test_shanghai2022,logreg,0.00266266055790941,2.949029909160572e-18,-6.09227895092492e-05,6.092278950925508e-05,224,zhuang2018+ling2020+kazakhstan2022
Howardella,loco_test_shanghai2022,logreg,0.0026515398058400584,2.8767497643282053e-18,-6.06683420410982e-05,6.066834204110403e-05,225,zhuang2018+ling2020+kazakhstan2022
Streptomyces,loco_test_shanghai2022,logreg,0.0026469924556142567,2.8912057932946786e-18,-6.056429676209767e-05,6.056429676210342e-05,226,zhuang2018+ling2020+kazakhstan2022
Candidatus Solibacter,loco_test_shanghai2022,logreg,0.0025993705632817777,2.8767497643282053e-18,-5.947468790677979e-05,5.94746879067855e-05,227,zhuang2018+ling2020+kazakhstan2022
RB41,loco_test_shanghai2022,logreg,0.0025871344905651094,-2.9345738801940986e-18,5.919472143477745e-05,-5.9194721434783355e-05,228,zhuang2018+ling2020+kazakhstan2022
Actinocorallia,loco_test_shanghai2022,logreg,0.0025195924544771553,-2.7611015325964178e-18,5.764933134162825e-05,-5.7649331341633726e-05,229,zhuang2018+ling2020+kazakhstan2022
Lysobacter,loco_test_shanghai2022,logreg,0.0025021621669103155,-2.7177334456969978e-18,5.725051905691323e-05,-5.7250519056918705e-05,230,zhuang2018+ling2020+kazakhstan2022
Archangium,loco_test_shanghai2022,logreg,0.002490012957076892,-2.7032774167305244e-18,5.6972540044084636e-05,-5.697254004409013e-05,231,zhuang2018+ling2020+kazakhstan2022
Serratia,loco_test_shanghai2022,logreg,0.0024418201401958496,2.3491047070519264e-18,0.0003589817554779832,-0.00035898175547797854,232,zhuang2018+ling2020+kazakhstan2022
Caenimonas,loco_test_shanghai2022,logreg,0.002432383413482988,-2.732189474663471e-18,5.5653951933611375e-05,-5.565395193361691e-05,233,zhuang2018+ling2020+kazakhstan2022
Lacticaseibacillus,loco_test_shanghai2022,logreg,0.0024191561388362324,-6.866613759074861e-19,0.0012259066328441028,-0.0012259066328441043,234,zhuang2018+ling2020+kazakhstan2022
Methylotenera,loco_test_shanghai2022,logreg,0.0024181999238389053,-2.6309972718981573e-18,5.53294277461305e-05,-5.532942774613576e-05,235,zhuang2018+ling2020+kazakhstan2022
CAG-873,loco_test_shanghai2022,logreg,0.0023988049241498986,-2.6309972718981573e-18,5.4885662024632265e-05,-5.4885662024637544e-05,236,zhuang2018+ling2020+kazakhstan2022
Microlunatus,loco_test_shanghai2022,logreg,0.002387606889576355,-2.5587171270657906e-18,5.462944630039565e-05,-5.462944630040078e-05,237,zhuang2018+ling2020+kazakhstan2022
Lactonifactor,loco_test_shanghai2022,logreg,0.0023819864964740286,-4.698209414103852e-19,0.0010349116851349734,-0.001034911685134974,238,zhuang2018+ling2020+kazakhstan2022
OM27 clade,loco_test_shanghai2022,logreg,0.0023530248465471514,2.6020852139652106e-18,-5.383819466225134e-05,5.383819466225644e-05,239,zhuang2018+ling2020+kazakhstan2022
Novosphingobium,loco_test_shanghai2022,logreg,0.002335529413112288,2.5876291849987373e-18,-5.343789181277272e-05,5.343789181277801e-05,240,zhuang2018+ling2020+kazakhstan2022
Luedemannella,loco_test_shanghai2022,logreg,0.0023085699368385728,-2.5876291849987373e-18,5.2821047696678267e-05,-5.282104769668339e-05,241,zhuang2018+ling2020+kazakhstan2022
Dactylosporangium,loco_test_shanghai2022,logreg,0.002303250831472323,2.5587171270657906e-18,-5.269934433661504e-05,5.269934433662005e-05,242,zhuang2018+ling2020+kazakhstan2022
Nesterenkonia,loco_test_shanghai2022,logreg,0.0022793438932420394,7.444854917733797e-19,0.0004266066994292463,-0.0004266066994292448,243,zhuang2018+ling2020+kazakhstan2022
Sumerlaea,loco_test_shanghai2022,logreg,0.0022087772928698025,2.457524924300477e-18,-5.0537750178704754e-05,5.0537750178709667e-05,244,zhuang2018+ling2020+kazakhstan2022
Campylobacter,loco_test_shanghai2022,logreg,0.002197389766094092,3.2887465898726967e-19,-3.257394874527442e-05,3.257394874527519e-05,245,zhuang2018+ling2020+kazakhstan2022
Mycobacterium,loco_test_shanghai2022,logreg,0.002191067695921312,2.457524924300477e-18,-5.013254717827653e-05,5.013254717828154e-05,246,zhuang2018+ling2020+kazakhstan2022
Dinghuibacter,loco_test_shanghai2022,logreg,0.0021886226052585866,-2.47198095326695e-18,5.0076602479154524e-05,-5.007660247915934e-05,247,zhuang2018+ling2020+kazakhstan2022
Leuconostoc,loco_test_shanghai2022,logreg,0.002185159156112513,8.890457814381136e-19,-0.00033300304135172354,0.0003330030413517254,248,zhuang2018+ling2020+kazakhstan2022
wb1-P19,loco_test_shanghai2022,logreg,0.0021515523692083086,-2.3707887505016364e-18,4.922841994186476e-05,-4.922841994186937e-05,249,zhuang2018+ling2020+kazakhstan2022
Achromobacter,loco_test_shanghai2022,logreg,0.0021373751858283427,-1.3371826793987889e-18,0.00015961407905382895,-0.0001596140790538315,250,zhuang2018+ling2020+kazakhstan2022
Aridibacter,loco_test_shanghai2022,logreg,0.0021242120891724605,-2.399700808434583e-18,4.860286287609456e-05,-4.860286287609916e-05,251,zhuang2018+ling2020+kazakhstan2022
Lechevalieria,loco_test_shanghai2022,logreg,0.00212406600323105,-2.3707887505016364e-18,4.859952036852906e-05,-4.859952036853378e-05,252,zhuang2018+ling2020+kazakhstan2022
Cellvibrio,loco_test_shanghai2022,logreg,0.002099745146919994,-2.3418766925686897e-18,4.804304898304898e-05,-4.804304898305358e-05,253,zhuang2018+ling2020+kazakhstan2022
Altererythrobacter,loco_test_shanghai2022,logreg,0.0020741499228247645,2.284052576702796e-18,-4.745741952856831e-05,4.7457419528572875e-05,254,zhuang2018+ling2020+kazakhstan2022
Pseudorhodoplanes,loco_test_shanghai2022,logreg,0.002040690173725019,2.240684489803376e-18,-4.669184644589322e-05,4.6691846445897596e-05,255,zhuang2018+ling2020+kazakhstan2022
Luteolibacter,loco_test_shanghai2022,logreg,0.0020144303811880184,-2.2190004463536656e-18,4.609101138693831e-05,-4.6091011386942885e-05,256,zhuang2018+ling2020+kazakhstan2022
CL500-29 marine group,loco_test_shanghai2022,logreg,0.0019899546339348486,2.1973164029039556e-18,-4.553099603178648e-05,4.553099603179093e-05,257,zhuang2018+ling2020+kazakhstan2022
Nitrolancea,loco_test_shanghai2022,logreg,0.0019819342362033514,2.168404344971009e-18,-4.534748597027118e-05,4.534748597027556e-05,258,zhuang2018+ling2020+kazakhstan2022
Microbacterium,loco_test_shanghai2022,logreg,0.0019509218263927424,2.1539483160045355e-18,-4.463790903623271e-05,4.4637909036237065e-05,259,zhuang2018+ling2020+kazakhstan2022
Opitutus,loco_test_shanghai2022,logreg,0.0019331331521833992,2.1828603739374822e-18,-4.423089671493437e-05,4.42308967149386e-05,260,zhuang2018+ling2020+kazakhstan2022
Chryseobacterium,loco_test_shanghai2022,logreg,0.0019021572723908599,-2.067212142205695e-18,4.352215560301942e-05,-4.352215560302371e-05,261,zhuang2018+ling2020+kazakhstan2022
JGI 0001001-H03,loco_test_shanghai2022,logreg,0.0018577399836801787,-2.0816681711721684e-18,4.250586942164566e-05,-4.250586942164968e-05,262,zhuang2018+ling2020+kazakhstan2022
Lachnospiraceae NK3A20 group,loco_test_shanghai2022,logreg,0.001852713377438135,2.0599841277224584e-18,-4.239085856413319e-05,4.239085856413715e-05,263,zhuang2018+ling2020+kazakhstan2022
Ellin6055,loco_test_shanghai2022,logreg,0.0018383985355096444,-2.0383000842727484e-18,4.20633289813341e-05,-4.206332898133822e-05,264,zhuang2018+ling2020+kazakhstan2022
Faecalibaculum,loco_test_shanghai2022,logreg,0.0018331654082719185,2.0383000842727484e-18,-4.194359283688559e-05,4.194359283688953e-05,265,zhuang2018+ling2020+kazakhstan2022
Dongia,loco_test_shanghai2022,logreg,0.001830752754728704,-2.067212142205695e-18,4.188839031265268e-05,-4.1888390312656784e-05,266,zhuang2018+ling2020+kazakhstan2022
Marmoricola,loco_test_shanghai2022,logreg,0.001816388723015757,-1.9371078815074346e-18,4.1559735246969366e-05,-4.155973524697344e-05,267,zhuang2018+ling2020+kazakhstan2022
Sanguibacteroides,loco_test_shanghai2022,logreg,0.001800604501782154,1.9877039828900913e-18,-4.119858564983967e-05,4.1198585649843475e-05,268,zhuang2018+ling2020+kazakhstan2022
Anaerofustis,loco_test_shanghai2022,logreg,0.001778190875641616,-1.9804759684068547e-18,4.068575248999781e-05,-4.06857524900017e-05,269,zhuang2018+ling2020+kazakhstan2022
Gemmatimonas,loco_test_shanghai2022,logreg,0.0017465917126071283,1.929879867024198e-18,-3.9962750396283605e-05,3.9962750396287406e-05,270,zhuang2018+ling2020+kazakhstan2022
Edaphobaculum,loco_test_shanghai2022,logreg,0.0016933944965870878,1.9154238380577246e-18,-3.8745575798327566e-05,3.874557579833126e-05,271,zhuang2018+ling2020+kazakhstan2022
UCG-004,loco_test_shanghai2022,logreg,0.0016930292511902433,-1.835915678742121e-18,3.8737218830570186e-05,-3.873721883057377e-05,272,zhuang2018+ling2020+kazakhstan2022
Bryobacter,loco_test_shanghai2022,logreg,0.0016672246258875485,1.807003620809174e-18,-3.814679818870081e-05,3.8146798188704555e-05,273,zhuang2018+ling2020+kazakhstan2022
Puia,loco_test_shanghai2022,logreg,0.0016575423319051606,-1.835915678742121e-18,3.7925263244449846e-05,-3.792526324445358e-05,274,zhuang2018+ling2020+kazakhstan2022
Staphylococcus,loco_test_shanghai2022,logreg,0.0016067384959553477,-3.1622563364160544e-19,0.0007667202764809964,-0.0007667202764809969,275,zhuang2018+ling2020+kazakhstan2022
Citrifermentans,loco_test_shanghai2022,logreg,0.0015847337637008398,-1.7419514904600438e-18,3.625937268922854e-05,-3.6259372689231974e-05,276,zhuang2018+ling2020+kazakhstan2022
Roseburia,loco_test_shanghai2022,logreg,0.0015728348363000617,-5.800481622797448e-19,0.00018784279906096897,-0.0001878427990609701,277,zhuang2018+ling2020+kazakhstan2022
Polyangium,loco_test_shanghai2022,logreg,0.0015707599295167244,1.7419514904600438e-18,-3.593964550654013e-05,3.5939645506543626e-05,278,zhuang2018+ling2020+kazakhstan2022
Curvibacter,loco_test_shanghai2022,logreg,0.001552458594475888,-1.7708635483929904e-18,3.552090329055653e-05,-3.552090329055988e-05,279,zhuang2018+ling2020+kazakhstan2022
Alkalicoccus,loco_test_shanghai2022,logreg,0.0015487301471671245,1.7058114180438602e-18,-3.5435594853507234e-05,3.5435594853510554e-05,280,zhuang2018+ling2020+kazakhstan2022
Paracoccus,loco_test_shanghai2022,logreg,0.001542954881225198,-1.6985834035606235e-18,3.530345434829155e-05,-3.530345434829507e-05,281,zhuang2018+ling2020+kazakhstan2022
Longimicrobium,loco_test_shanghai2022,logreg,0.001525233306592942,-1.7202674470103338e-18,3.489797729343889e-05,-3.4897977293442246e-05,282,zhuang2018+ling2020+kazakhstan2022
Anaerobacillus,loco_test_shanghai2022,logreg,0.001520745626727797,1.7058114180438602e-18,-3.479529729729858e-05,3.479529729730191e-05,283,zhuang2018+ling2020+kazakhstan2022
Libanicoccus,loco_test_shanghai2022,logreg,0.0014365436258662436,-4.3006686175258344e-19,0.000524025154165737,-0.000524025154165738,284,zhuang2018+ling2020+kazakhstan2022
Ferruginibacter,loco_test_shanghai2022,logreg,0.0014343468202748983,-1.5612511283791264e-18,3.2818456395162267e-05,-3.281845639516554e-05,285,zhuang2018+ling2020+kazakhstan2022
Ahniella,loco_test_shanghai2022,logreg,0.0014302331798467611,-1.61907524424502e-18,3.272433457810387e-05,-3.2724334578107075e-05,286,zhuang2018+ling2020+kazakhstan2022
Nitrosospira,loco_test_shanghai2022,logreg,0.0014074572605983914,1.5395670849294162e-18,-3.2203212000114644e-05,3.220321200011774e-05,287,zhuang2018+ling2020+kazakhstan2022
Reyranella,loco_test_shanghai2022,logreg,0.001398217127943542,1.4961989980299962e-18,-3.199179389235149e-05,3.199179389235455e-05,288,zhuang2018+ling2020+kazakhstan2022
Gaiella,loco_test_shanghai2022,logreg,0.0013858887611249238,-1.5540231138958898e-18,3.170971569261532e-05,-3.170971569261843e-05,289,zhuang2018+ling2020+kazakhstan2022
UTCFX1,loco_test_shanghai2022,logreg,0.0013804950630453003,-1.546795099412653e-18,3.158630562000759e-05,-3.158630562001066e-05,290,zhuang2018+ling2020+kazakhstan2022
Nannocystis,loco_test_shanghai2022,logreg,0.0013265720212946137,1.4600589256138127e-18,-3.035252382513438e-05,3.0352523825137316e-05,291,zhuang2018+ling2020+kazakhstan2022
BIyi10,loco_test_shanghai2022,logreg,0.0013035757352080353,1.4094628242311558e-18,-2.9826359161529248e-05,2.982635916153215e-05,292,zhuang2018+ling2020+kazakhstan2022
Eubacterium oxidoreducens group,loco_test_shanghai2022,logreg,0.0012916517941144521,-1.4311468676808658e-18,2.955353439188027e-05,-2.9553534391883117e-05,293,zhuang2018+ling2020+kazakhstan2022
Diaphorobacter,loco_test_shanghai2022,logreg,0.0012705557919036224,1.3733227518149722e-18,-2.9070849019777827e-05,2.9070849019780588e-05,294,zhuang2018+ling2020+kazakhstan2022
Ammoniphilus,loco_test_shanghai2022,logreg,0.0012681183332188825,1.3805507662982089e-18,-2.9015078943510802e-05,2.9015078943513526e-05,295,zhuang2018+ling2020+kazakhstan2022
Pseudolabrys,loco_test_shanghai2022,logreg,0.0012050302421564255,1.3227266504323153e-18,-2.7571596979232067e-05,2.7571596979234737e-05,296,zhuang2018+ling2020+kazakhstan2022
Blastococcus,loco_test_shanghai2022,logreg,0.0011940531488518107,1.3010426069826053e-18,-2.7320436483826926e-05,2.732043648382954e-05,297,zhuang2018+ling2020+kazakhstan2022
OLB17,loco_test_shanghai2022,logreg,0.001190066755748166,-1.3516387083652622e-18,2.722922613888334e-05,-2.722922613888603e-05,298,zhuang2018+ling2020+kazakhstan2022
Nordella,loco_test_shanghai2022,logreg,0.001189153551276271,-1.3371826793987889e-18,2.720833163783443e-05,-2.720833163783709e-05,299,zhuang2018+ling2020+kazakhstan2022
V9D2013 group,loco_test_shanghai2022,logreg,0.0011815099795794875,-1.2938145924993687e-18,2.7033443513924405e-05,-2.703344351392705e-05,300,zhuang2018+ling2020+kazakhstan2022
Allorhizobium-Neorhizobium-Pararhizobium-Rhizobium,loco_test_shanghai2022,logreg,0.0011774273628225335,1.2938145924993687e-18,-2.6940031531464962e-05,2.6940031531467534e-05,301,zhuang2018+ling2020+kazakhstan2022
Burkholderia-Caballeronia-Paraburkholderia,loco_test_shanghai2022,logreg,0.0011721658612289204,4.625929269271486e-19,-8.788037434704089e-05,8.788037434704177e-05,302,zhuang2018+ling2020+kazakhstan2022
Stenotrophomonas,loco_test_shanghai2022,logreg,0.0011590711050430843,2.7466455036299444e-19,-3.919260394898754e-05,3.9192603948988e-05,303,zhuang2018+ling2020+kazakhstan2022
Dokdonella,loco_test_shanghai2022,logreg,0.0011272404724849319,1.2215344476670018e-18,-2.5791734446776814e-05,2.5791734446779304e-05,304,zhuang2018+ling2020+kazakhstan2022
Enteroscipio,loco_test_shanghai2022,logreg,0.0011164622793276814,1.2287624621502384e-18,-2.554512487010405e-05,2.554512487010653e-05,305,zhuang2018+ling2020+kazakhstan2022
Phenylobacterium,loco_test_shanghai2022,logreg,0.0010725011227201778,-1.1709383462843449e-18,2.4539275182419955e-05,-2.453927518242228e-05,306,zhuang2018+ling2020+kazakhstan2022
Muribaculum,loco_test_shanghai2022,logreg,0.0010526739081017748,1.1492543028346347e-18,-2.408562020219214e-05,2.4085620202194483e-05,307,zhuang2018+ling2020+kazakhstan2022
P3OB-42,loco_test_shanghai2022,logreg,0.0010433570993345046,1.1564823173178713e-18,-2.3872447712841133e-05,2.387244771284345e-05,308,zhuang2018+ling2020+kazakhstan2022
Parabacteroides,loco_test_shanghai2022,logreg,0.001022514815377822,4.1199682554449167e-19,-0.0006323139669190831,0.000632313966919084,309,zhuang2018+ling2020+kazakhstan2022
Erysipelotrichaceae UCG-006,loco_test_shanghai2022,logreg,0.0009865584688263016,-1.1275702593849246e-18,2.25728712420116e-05,-2.2572871242013772e-05,310,zhuang2018+ling2020+kazakhstan2022
Oceanicaulis,loco_test_shanghai2022,logreg,0.0009526408136137056,1.0661321362774128e-18,-2.1796821075562066e-05,2.1796821075564163e-05,311,zhuang2018+ling2020+kazakhstan2022
Psychrobacillus,loco_test_shanghai2022,logreg,0.0009481189514094913,-1.0263780566196109e-18,2.169335897317775e-05,-2.1693358973179782e-05,312,zhuang2018+ling2020+kazakhstan2022
Nitrospira,loco_test_shanghai2022,logreg,0.0009467632231276631,-1.0263780566196109e-18,2.166233934189196e-05,-2.1662339341894045e-05,313,zhuang2018+ling2020+kazakhstan2022
Pedomicrobium,loco_test_shanghai2022,logreg,0.0009154010627301119,-1.0155360348947559e-18,2.0944759967840795e-05,-2.0944759967842825e-05,314,zhuang2018+ling2020+kazakhstan2022
wb1-A12,loco_test_shanghai2022,logreg,0.0009152422255697812,1.0155360348947559e-18,-2.094112570704237e-05,2.0941125707044385e-05,315,zhuang2018+ling2020+kazakhstan2022
Lacibacter,loco_test_shanghai2022,logreg,0.0009123848979964881,-1.0227640493779925e-18,2.0875748854634518e-05,-2.0875748854636584e-05,316,zhuang2018+ling2020+kazakhstan2022
Hassallia,loco_test_shanghai2022,logreg,0.0008983826028338992,-1.0083080204115192e-18,2.0555370472830353e-05,-2.0555370472832278e-05,317,zhuang2018+ling2020+kazakhstan2022
Agromyces,loco_test_shanghai2022,logreg,0.0008685887419227662,9.396418828207704e-19,-1.9873674448316427e-05,1.987367444831832e-05,318,zhuang2018+ling2020+kazakhstan2022
Vicinamibacter,loco_test_shanghai2022,logreg,0.0008139584704800298,8.890457814381136e-19,-1.862371094168303e-05,1.862371094168482e-05,319,zhuang2018+ling2020+kazakhstan2022
Taibaiella,loco_test_shanghai2022,logreg,0.0008067494304182313,-9.107298248878238e-19,1.845876508369743e-05,-1.8458765083699216e-05,320,zhuang2018+ling2020+kazakhstan2022
Ramlibacter,loco_test_shanghai2022,logreg,0.0007855914516441256,-8.673617379884035e-19,1.7974661661852327e-05,-1.7974661661854082e-05,321,zhuang2018+ling2020+kazakhstan2022
MND1,loco_test_shanghai2022,logreg,0.0007780076323077133,-8.456776945386934e-19,1.7801140696990314e-05,-1.780114069699207e-05,322,zhuang2018+ling2020+kazakhstan2022
Sporosarcina,loco_test_shanghai2022,logreg,0.0007695598248120139,8.420636872970751e-19,-1.7607851320938877e-05,1.7607851320940527e-05,323,zhuang2018+ling2020+kazakhstan2022
Tumebacillus,loco_test_shanghai2022,logreg,0.0007177306232659373,-8.059236148808917e-19,1.642197746749386e-05,-1.6421977467495434e-05,324,zhuang2018+ling2020+kazakhstan2022
Candidatus Nitrocosmicus,loco_test_shanghai2022,logreg,0.000715103121561173,-7.950815931560366e-19,1.636185912727994e-05,-1.6361859127281525e-05,325,zhuang2018+ling2020+kazakhstan2022
Pontibacter,loco_test_shanghai2022,logreg,0.0006985513824272041,7.914675859144182e-19,-1.598314839891638e-05,1.598314839891795e-05,326,zhuang2018+ling2020+kazakhstan2022
Kribbella,loco_test_shanghai2022,logreg,0.0006886517773887476,7.553275134982348e-19,-1.575664128662563e-05,1.57566412866271e-05,327,zhuang2018+ling2020+kazakhstan2022
Steroidobacter,loco_test_shanghai2022,logreg,0.0006635691248768564,-7.589415207398531e-19,1.5182739684794928e-05,-1.5182739684796439e-05,328,zhuang2018+ling2020+kazakhstan2022
Subgroup 10,loco_test_shanghai2022,logreg,0.0006503909882729162,-6.975033976323412e-19,1.4881218396224718e-05,-1.4881218396226138e-05,329,zhuang2018+ling2020+kazakhstan2022
Fluviicola,loco_test_shanghai2022,logreg,0.0006183704825831107,-6.794333614242494e-19,1.4148575805968512e-05,-1.4148575805969861e-05,330,zhuang2018+ling2020+kazakhstan2022
Mesorhizobium,loco_test_shanghai2022,logreg,0.0006104069276715165,-6.469072962496843e-19,1.3966366331995862e-05,-1.3966366331997235e-05,331,zhuang2018+ling2020+kazakhstan2022
Sandaracinus,loco_test_shanghai2022,logreg,0.0006035000017580232,-6.866613759074861e-19,1.3808332972342185e-05,-1.380833297234357e-05,332,zhuang2018+ling2020+kazakhstan2022
Methylobacterium-Methylorubrum,loco_test_shanghai2022,logreg,0.0005997517038927354,2.927345865710862e-19,-4.515813598761371e-05,4.515813598761431e-05,333,zhuang2018+ling2020+kazakhstan2022
Skermanella,loco_test_shanghai2022,logreg,0.0005956261360801347,6.577493179745393e-19,-1.3628175625626273e-05,1.362817562562759e-05,334,zhuang2018+ling2020+kazakhstan2022
Chthoniobacter,loco_test_shanghai2022,logreg,0.0005895345997803005,-6.577493179745393e-19,1.348879872207002e-05,-1.3488798722071322e-05,335,zhuang2018+ling2020+kazakhstan2022
Flavonifractor,loco_test_shanghai2022,logreg,0.0005717845701658456,-9.938519914450457e-20,-9.288618257369037e-05,9.288618257369015e-05,336,zhuang2018+ling2020+kazakhstan2022
Hyphomicrobium,loco_test_shanghai2022,logreg,0.000568365505821931,6.43293289008066e-19,-1.3004440980150468e-05,1.3004440980151749e-05,337,zhuang2018+ling2020+kazakhstan2022
Angelakisella,loco_test_shanghai2022,logreg,0.0005602615963906805,6.107672238335009e-19,-1.2819020135944297e-05,1.2819020135945508e-05,338,zhuang2018+ling2020+kazakhstan2022
Caulobacter,loco_test_shanghai2022,logreg,0.0005588532962418851,-4.698209414103852e-19,4.2396764267720025e-05,-4.239676426772097e-05,339,zhuang2018+ling2020+kazakhstan2022
Ellin6067,loco_test_shanghai2022,logreg,0.0005499918297787005,5.963111948670274e-19,-1.2584043571713352e-05,1.2584043571714562e-05,340,zhuang2018+ling2020+kazakhstan2022
Pseudoxanthomonas,loco_test_shanghai2022,logreg,0.0005327540457973033,5.71013144175699e-19,-1.2189635849713248e-05,1.2189635849714401e-05,341,zhuang2018+ling2020+kazakhstan2022
Phaselicystis,loco_test_shanghai2022,logreg,0.0005208052213094962,5.854691731421724e-19,-1.1916241737575572e-05,1.1916241737576748e-05,342,zhuang2018+ling2020+kazakhstan2022
Asteroleplasma,loco_test_shanghai2022,logreg,0.0005000241324514583,5.493291007259889e-19,-1.1440761714967945e-05,1.1440761714969037e-05,343,zhuang2018+ling2020+kazakhstan2022
Candidatus Entotheonella,loco_test_shanghai2022,logreg,0.000490295117782199,5.384870790011339e-19,-1.1218157781820309e-05,1.1218157781821362e-05,344,zhuang2018+ling2020+kazakhstan2022
Ralstonia,loco_test_shanghai2022,logreg,0.0004653771331020383,-5.131890283098054e-19,1.064802384899334e-05,-1.0648023848994306e-05,345,zhuang2018+ling2020+kazakhstan2022
Enhydrobacter,loco_test_shanghai2022,logreg,0.0004592882188830603,-2.7466455036299444e-19,5.631194414354446e-05,-5.631194414354503e-05,346,zhuang2018+ling2020+kazakhstan2022
Prevotellaceae UCG-003,loco_test_shanghai2022,logreg,0.0004458936783812727,-1.6624433311444402e-19,-0.0001717298491948458,0.00017172984919484546,347,zhuang2018+ling2020+kazakhstan2022
Pseudoflavonifractor,loco_test_shanghai2022,logreg,0.0004260046429055675,2.3491047070519264e-20,-0.00010956294748200185,0.00010956294748200185,348,zhuang2018+ling2020+kazakhstan2022
Aeromicrobium,loco_test_shanghai2022,logreg,0.00042369880705755075,4.625929269271486e-19,-9.694406281345227e-06,9.69440628134614e-06,349,zhuang2018+ling2020+kazakhstan2022
Salmonella,loco_test_shanghai2022,logreg,0.000419045447723268,4.734349486520036e-19,-9.587935469513315e-06,9.587935469514216e-06,350,zhuang2018+ling2020+kazakhstan2022
Sneathia,loco_test_shanghai2022,logreg,0.0004165860072126184,4.643999305479577e-19,-9.531662439856657e-06,9.531662439857574e-06,351,zhuang2018+ling2020+kazakhstan2022
Peptostreptococcus,loco_test_shanghai2022,logreg,0.0004115903311644751,4.589789196855302e-19,-9.417359278143721e-06,9.4173592781446e-06,352,zhuang2018+ling2020+kazakhstan2022
Nocardioides,loco_test_shanghai2022,logreg,0.0004102786899764552,-4.499439015814844e-19,9.387348378041532e-06,-9.387348378042441e-06,353,zhuang2018+ling2020+kazakhstan2022
Thermus,loco_test_shanghai2022,logreg,0.00039246111948110083,-4.354878726150109e-19,8.97967489760852e-06,-8.979674897609373e-06,354,zhuang2018+ling2020+kazakhstan2022
Leucobacter,loco_test_shanghai2022,logreg,0.0003763480222346241,-4.2103184364853755e-19,8.61100047946942e-06,-8.611000479470241e-06,355,zhuang2018+ling2020+kazakhstan2022
UC5-1-2E3,loco_test_shanghai2022,logreg,0.00034618238767226994,-2.8821707751906325e-19,0.0001177159590008557,-0.00011771595900085631,356,zhuang2018+ling2020+kazakhstan2022
Pajaroellobacter,loco_test_shanghai2022,logreg,0.00033768599199690525,3.830847676115449e-19,-7.726397024036054e-06,7.726397024036804e-06,357,zhuang2018+ling2020+kazakhstan2022
Flavitalea,loco_test_shanghai2022,logreg,0.0003255567840970106,3.4694469519536144e-19,-7.448875663829565e-06,7.448875663830288e-06,358,zhuang2018+ling2020+kazakhstan2022
SWB02,loco_test_shanghai2022,logreg,0.0003247993835260034,-3.5778671692021644e-19,7.4315460213317285e-06,-7.431546021332446e-06,359,zhuang2018+ling2020+kazakhstan2022
Pannonibacter,loco_test_shanghai2022,logreg,0.00030629327651681017,3.415236843329339e-19,-7.008118536890401e-06,7.0081185368910916e-06,360,zhuang2018+ling2020+kazakhstan2022
Pseudoduganella,loco_test_shanghai2022,logreg,0.0003010234754561876,3.361026734705064e-19,-6.887543280003741e-06,6.887543280004406e-06,361,zhuang2018+ling2020+kazakhstan2022
Bauldia,loco_test_shanghai2022,logreg,0.0002899937823738476,-3.071906155375596e-19,6.635179279639155e-06,-6.635179279639787e-06,362,zhuang2018+ling2020+kazakhstan2022
Undibacterium,loco_test_shanghai2022,logreg,0.00028579070171284735,-4.924084866704999e-20,-0.00010460157115543126,0.00010460157115543112,363,zhuang2018+ling2020+kazakhstan2022
YC-ZSS-LKJ147,loco_test_shanghai2022,logreg,0.0002783768598326725,3.0538361191675044e-19,-6.369379223143418e-06,6.369379223144017e-06,364,zhuang2018+ling2020+kazakhstan2022
Bradyrhizobium,loco_test_shanghai2022,logreg,0.0002643639547130483,3.0176960467513205e-19,-6.048758081075567e-06,6.048758081076156e-06,365,zhuang2018+ling2020+kazakhstan2022
Rhodococcus,loco_test_shanghai2022,logreg,0.00026360941478787634,-2.981555974335137e-19,6.031493891353373e-06,-6.031493891353953e-06,366,zhuang2018+ling2020+kazakhstan2022
Stenotrophobacter,loco_test_shanghai2022,logreg,0.00026219363088568113,-2.927345865710862e-19,5.999100162303751e-06,-5.999100162304323e-06,367,zhuang2018+ling2020+kazakhstan2022
BD1-7 clade,loco_test_shanghai2022,logreg,0.0002601931407754173,-2.8912057932946783e-19,5.953328110158049e-06,-5.953328110158621e-06,368,zhuang2018+ling2020+kazakhstan2022
Rubrobacter,loco_test_shanghai2022,logreg,0.00025922955630132514,-2.4213848518842933e-19,1.9334412570569185e-05,-1.933441257056966e-05,369,zhuang2018+ling2020+kazakhstan2022
Sulfurifustis,loco_test_shanghai2022,logreg,0.0002584664353625768,2.8731357570865867e-19,-5.913820366634947e-06,5.913820366635507e-06,370,zhuang2018+ling2020+kazakhstan2022
Merdibacter,loco_test_shanghai2022,logreg,0.00024904235249145534,-1.5811281682080272e-19,-6.480399641168783e-05,6.480399641168753e-05,371,zhuang2018+ling2020+kazakhstan2022
Cutibacterium,loco_test_shanghai2022,logreg,0.00023617994014175691,-2.574980159653073e-19,5.403896015517899e-06,-5.403896015518416e-06,372,zhuang2018+ling2020+kazakhstan2022
Negativibacillus,loco_test_shanghai2022,logreg,0.0002350931704456552,-2.936380883814908e-21,-8.522744720521047e-06,8.52274472052104e-06,373,zhuang2018+ling2020+kazakhstan2022
Virgisporangium,loco_test_shanghai2022,logreg,0.0002104972788092451,-2.312964634635743e-19,4.816265960402482e-06,-4.816265960402945e-06,374,zhuang2018+ling2020+kazakhstan2022
Legionella,loco_test_shanghai2022,logreg,0.0002074497545938347,-2.2768245622195594e-19,4.746537329109898e-06,-4.746537329110362e-06,375,zhuang2018+ling2020+kazakhstan2022
Candidatus Udaeobacter,loco_test_shanghai2022,logreg,0.0002068135647182389,-2.294894598427651e-19,4.731981038123534e-06,-4.731981038123984e-06,376,zhuang2018+ling2020+kazakhstan2022
Terrimonas,loco_test_shanghai2022,logreg,0.00019880519718248774,-2.1864743811791005e-19,4.54874623252881e-06,-4.54874623252925e-06,377,zhuang2018+ling2020+kazakhstan2022
Paenisporosarcina,loco_test_shanghai2022,logreg,0.00019860992494088978,-2.1864743811791005e-19,4.544278321800744e-06,-4.544278321801175e-06,378,zhuang2018+ling2020+kazakhstan2022
Vibrionimonas,loco_test_shanghai2022,logreg,0.00018310667675231745,-1.9786689647860455e-19,4.1895575056995704e-06,-4.189557505699969e-06,379,zhuang2018+ling2020+kazakhstan2022
Methyloversatilis,loco_test_shanghai2022,logreg,0.00018310667675231745,-1.9786689647860455e-19,4.1895575056995704e-06,-4.189557505699969e-06,380,zhuang2018+ling2020+kazakhstan2022
Citricoccus,loco_test_shanghai2022,logreg,0.00018310667675231745,-1.9786689647860455e-19,4.1895575056995704e-06,-4.189557505699969e-06,381,zhuang2018+ling2020+kazakhstan2022
Massilia,loco_test_shanghai2022,logreg,0.00017951643988489365,1.9605989285779539e-19,-4.107411381473302e-06,4.107411381473693e-06,382,zhuang2018+ling2020+kazakhstan2022
Paenibacillus,loco_test_shanghai2022,logreg,0.000169736999049661,-1.8702487475374952e-19,3.883653676514164e-06,-3.883653676514536e-06,383,zhuang2018+ling2020+kazakhstan2022
Psychrobacter,loco_test_shanghai2022,logreg,8.937244056451748e-05,-9.125368285086329e-20,6.6589276563633435e-06,-6.658927656363527e-06,384,zhuang2018+ling2020+kazakhstan2022
Solirubrobacter,loco_test_shanghai2022,logreg,8.693143265147369e-05,-9.712644461849311e-20,1.9890276127879576e-06,-1.989027612788148e-06,385,zhuang2018+ling2020+kazakhstan2022
Chryseolinea,loco_test_shanghai2022,logreg,8.663748608820055e-05,9.441593918727935e-20,-1.982301992224697e-06,1.9823019922248907e-06,386,zhuang2018+ling2020+kazakhstan2022
Rhizocola,loco_test_shanghai2022,logreg,7.472736011789177e-05,8.176691384161512e-20,-1.7097933183862773e-06,1.7097933183864412e-06,387,zhuang2018+ling2020+kazakhstan2022
Sediminibacterium,loco_test_shanghai2022,logreg,7.233172762006428e-05,-7.860465750519907e-20,1.6549802428054908e-06,-1.65498024280565e-06,388,zhuang2018+ling2020+kazakhstan2022
Aquabacterium,loco_test_shanghai2022,logreg,6.4670127754251e-05,-7.273189573756925e-20,1.4796796268323028e-06,-1.479679626832444e-06,389,zhuang2018+ling2020+kazakhstan2022
Afipia,loco_test_shanghai2022,logreg,4.54005202827326e-05,-4.991847502485343e-20,1.0387829318232683e-06,-1.0387829318233666e-06,390,zhuang2018+ling2020+kazakhstan2022
Comamonas,loco_test_shanghai2022,logreg,3.924558731103757e-05,-4.7433845046240816e-21,-1.0825066935190249e-05,1.0825066935190237e-05,391,zhuang2018+ling2020+kazakhstan2022
IS-44,loco_test_shanghai2022,logreg,3.582651980529348e-05,3.885057784739724e-20,-8.197257883522916e-07,8.197257883523696e-07,392,zhuang2018+ling2020+kazakhstan2022
Z20,loco_test_shanghai2022,logreg,3.4750559502733936e-05,3.8172951489593805e-20,-7.951073656853741e-07,7.951073656854493e-07,393,zhuang2018+ling2020+kazakhstan2022
Methyloceanibacter,loco_test_shanghai2022,logreg,3.456786489314488e-05,3.952820420520068e-20,-7.909272364490706e-07,7.909272364491463e-07,394,zhuang2018+ling2020+kazakhstan2022
Hirschia,loco_test_shanghai2022,logreg,1.2962294298855384e-05,-1.4286622377022533e-20,2.9658272616849864e-07,-2.965827261685268e-07,395,zhuang2018+ling2020+kazakhstan2022
ADurb.Bin063-1,loco_test_shanghai2022,logreg,1.213661662788523e-05,-1.3552527156068805e-20,2.776908750079816e-07,-2.776908750080091e-07,396,zhuang2018+ling2020+kazakhstan2022
Akkermansia,loco_test_shanghai2022,lgbm,0.7888147085898239,-0.3944674773262634,-0.27621106293515835,-0.5127238917173687,1,zhuang2018+ling2020+kazakhstan2022
Faecalibacterium,loco_test_shanghai2022,lgbm,0.3467407495858763,-0.10040228440975338,0.012734210565404712,-0.21353877938491148,2,zhuang2018+ling2020+kazakhstan2022
Family XIII AD3011 group,loco_test_shanghai2022,lgbm,0.335592775319727,-0.19307496565715276,-0.24110816546006003,-0.1450417658542455,3,zhuang2018+ling2020+kazakhstan2022
Lachnospiraceae UCG-010,loco_test_shanghai2022,lgbm,0.3141084610452047,-0.08126877287622296,0.0028181107017530363,-0.165355656454199,4,zhuang2018+ling2020+kazakhstan2022
Clostridium sensu stricto 1,loco_test_shanghai2022,lgbm,0.27602473569284297,0.11216940077434652,0.10882136608172775,0.11551743546696527,5,zhuang2018+ling2020+kazakhstan2022
Agathobacter,loco_test_shanghai2022,lgbm,0.25915399091385916,0.08944455998781967,0.17376693930749548,0.005122180668143846,6,zhuang2018+ling2020+kazakhstan2022
Lachnospira,loco_test_shanghai2022,lgbm,0.21911887392327262,-0.10181963992674627,-0.07644265073904649,-0.12719662911444607,7,zhuang2018+ling2020+kazakhstan2022
Romboutsia,loco_test_shanghai2022,lgbm,0.2058576059790758,0.011961391722557486,-0.0022254501748931992,0.026148233620008166,8,zhuang2018+ling2020+kazakhstan2022
Christensenellaceae R-7 group,loco_test_shanghai2022,lgbm,0.20401678476335938,-0.07875816999293211,-0.10184703817785422,-0.05566930180801,9,zhuang2018+ling2020+kazakhstan2022
[Eubacterium] xylanophilum group,loco_test_shanghai2022,lgbm,0.19065556760541874,-0.02705326452117237,0.06321257218138249,-0.11731910122372723,10,zhuang2018+ling2020+kazakhstan2022
Coprococcus,loco_test_shanghai2022,lgbm,0.1812129022218987,-0.044490153020284064,-0.02883086980424002,-0.06014943623632813,11,zhuang2018+ling2020+kazakhstan2022
Oxalobacter,loco_test_shanghai2022,lgbm,0.18041970232476995,0.012564348980390605,-0.03928560828453698,0.0644143062453182,12,zhuang2018+ling2020+kazakhstan2022
Lachnospiraceae NK4A136 group,loco_test_shanghai2022,lgbm,0.17178784047623952,0.05256550165071747,0.008655075102801424,0.09647592819863346,13,zhuang2018+ling2020+kazakhstan2022
Limosilactobacillus,loco_test_shanghai2022,lgbm,0.16822782145775533,-0.05038042500533522,-0.005487771000604672,-0.09527307901006572,14,zhuang2018+ling2020+kazakhstan2022
Flavonifractor,loco_test_shanghai2022,lgbm,0.16466752140615784,0.065661062013491,0.06433063004247745,0.0669914939845046,15,zhuang2018+ling2020+kazakhstan2022
Dialister,loco_test_shanghai2022,lgbm,0.16411255639404748,-0.037016120209467776,-0.027044768039267305,-0.04698747237966827,16,zhuang2018+ling2020+kazakhstan2022
Eisenbergiella,loco_test_shanghai2022,lgbm,0.1604109545298257,-0.08170664747850447,-0.017787587835368258,-0.14562570712164066,17,zhuang2018+ling2020+kazakhstan2022
Tyzzerella,loco_test_shanghai2022,lgbm,0.15040096605689438,0.02625313585492667,0.06681577661275574,-0.01430950490290241,18,zhuang2018+ling2020+kazakhstan2022
Eubacterium hallii group,loco_test_shanghai2022,lgbm,0.1360358926822441,-0.09575790828146667,-0.06965078929155785,-0.12186502727137548,19,zhuang2018+ling2020+kazakhstan2022
Lachnospiraceae ND3007 group,loco_test_shanghai2022,lgbm,0.13586740603549047,0.10355383121434605,0.14784619252659753,0.05926146990209458,20,zhuang2018+ling2020+kazakhstan2022
Bifidobacterium,loco_test_shanghai2022,lgbm,0.13315910358981536,-0.07703594542313641,-0.03372443867561314,-0.1203474521706596,21,zhuang2018+ling2020+kazakhstan2022
Weissella,loco_test_shanghai2022,lgbm,0.12972556065046711,0.08911074356529927,0.07703241916889897,0.10118906796169956,22,zhuang2018+ling2020+kazakhstan2022
Erysipelotrichaceae UCG-003,loco_test_shanghai2022,lgbm,0.12255943813323512,-0.0032728386248506297,-0.017981404870115156,0.011435727620413897,23,zhuang2018+ling2020+kazakhstan2022
Butyricicoccus,loco_test_shanghai2022,lgbm,0.12199979532369629,-0.03464640945173879,-0.031536091398995866,-0.03775672750448168,24,zhuang2018+ling2020+kazakhstan2022
Parasutterella,loco_test_shanghai2022,lgbm,0.11357229124046517,-0.0722126808403924,-0.05040819795480609,-0.09401716372597876,25,zhuang2018+ling2020+kazakhstan2022
Lactobacillus,loco_test_shanghai2022,lgbm,0.10893616844619372,-0.03800540897964839,-0.0002564584095998801,-0.07575435954969688,26,zhuang2018+ling2020+kazakhstan2022
Dorea,loco_test_shanghai2022,lgbm,0.09640251101500993,0.003314471890141817,0.059476933386960494,-0.05284798960667685,27,zhuang2018+ling2020+kazakhstan2022
Lachnoclostridium,loco_test_shanghai2022,lgbm,0.09174802847205922,-0.017502131318122817,-0.035800506479452314,0.0007962438432066812,28,zhuang2018+ling2020+kazakhstan2022
Hungatella,loco_test_shanghai2022,lgbm,0.08645199069365105,-0.021238686094161623,-0.01514412504305858,-0.027333247145264684,29,zhuang2018+ling2020+kazakhstan2022
Castellaniella,loco_test_shanghai2022,lgbm,0.0839510922518179,-0.05968328490109926,-0.067649655489108,-0.05171691431309049,30,zhuang2018+ling2020+kazakhstan2022
Fusicatenibacter,loco_test_shanghai2022,lgbm,0.08098984058920176,-0.059879558811082416,-0.040676289998068264,-0.07908282762409655,31,zhuang2018+ling2020+kazakhstan2022
Ruminococcus torques group,loco_test_shanghai2022,lgbm,0.07801330979187832,-0.010210900846193555,0.017552534340197025,-0.03797433603258413,32,zhuang2018+ling2020+kazakhstan2022
Gordonibacter,loco_test_shanghai2022,lgbm,0.07764168311614819,-0.0579369000484808,-0.04370876101432465,-0.07216503908263697,33,zhuang2018+ling2020+kazakhstan2022
Sellimonas,loco_test_shanghai2022,lgbm,0.07663903203516363,-0.03892953272659521,-0.0027861364047046763,-0.07507292904848574,34,zhuang2018+ling2020+kazakhstan2022
Ligilactobacillus,loco_test_shanghai2022,lgbm,0.07473554981453631,-0.03000978673227381,-0.015332504939063293,-0.044687068525484326,35,zhuang2018+ling2020+kazakhstan2022
Bilophila,loco_test_shanghai2022,lgbm,0.06847801406949168,-0.022836034651047436,-0.042137034359857474,-0.0035350349422374016,36,zhuang2018+ling2020+kazakhstan2022
Streptococcus,loco_test_shanghai2022,lgbm,0.06808927863095612,-0.015548875045216286,0.03632562581900129,-0.06742337590943386,37,zhuang2018+ling2020+kazakhstan2022
UCG-003,loco_test_shanghai2022,lgbm,0.06157257526809904,-0.03132803862058592,-0.012383120185933865,-0.05027295705523797,38,zhuang2018+ling2020+kazakhstan2022
Ruminococcus gnavus group,loco_test_shanghai2022,lgbm,0.060585914506165066,-0.005358575138593861,0.018928298773394366,-0.02964544905058208,39,zhuang2018+ling2020+kazakhstan2022
UCG-002,loco_test_shanghai2022,lgbm,0.05922448840650332,0.025939597428016586,0.03094332316722258,0.0209358716888106,40,zhuang2018+ling2020+kazakhstan2022
Eubacterium ventriosum group,loco_test_shanghai2022,lgbm,0.058059153991689295,0.02901998065010967,0.0005060867700555791,0.05753387453016378,41,zhuang2018+ling2020+kazakhstan2022
Aquicella,loco_test_shanghai2022,lgbm,0.05413219997641569,-0.0054268988049378806,-0.006926315187617262,-0.003927482422258494,42,zhuang2018+ling2020+kazakhstan2022
[Clostridium] innocuum group,loco_test_shanghai2022,lgbm,0.05364303514658242,0.019645713514807414,0.004785065812922608,0.034506361216692226,43,zhuang2018+ling2020+kazakhstan2022
Haemophilus,loco_test_shanghai2022,lgbm,0.05180337424270048,-0.016777225132678007,0.00014770951630546392,-0.033702159781661474,44,zhuang2018+ling2020+kazakhstan2022
Enterococcus,loco_test_shanghai2022,lgbm,0.051246020759600316,-0.035249815190833166,-0.018332596695860383,-0.05216703368580599,45,zhuang2018+ling2020+kazakhstan2022
Lactiplantibacillus,loco_test_shanghai2022,lgbm,0.04963383997504875,-0.0013780143744455784,-0.01177955186216347,0.009023523113272314,46,zhuang2018+ling2020+kazakhstan2022
Allisonella,loco_test_shanghai2022,lgbm,0.04933300541699121,0.004327469440979457,0.0038443131895010735,0.00481062569245784,47,zhuang2018+ling2020+kazakhstan2022
Desulfovibrio,loco_test_shanghai2022,lgbm,0.04763244034893556,-0.020660653019522027,-0.023677721857039247,-0.017643584182004814,48,zhuang2018+ling2020+kazakhstan2022
Ezakiella,loco_test_shanghai2022,lgbm,0.04662156519175563,-0.04662156519175563,-0.04238078840143971,-0.05086234198207156,49,zhuang2018+ling2020+kazakhstan2022
Prevotella,loco_test_shanghai2022,lgbm,0.0465296724817279,0.0025049473401386347,-0.0013242511804784673,0.0063341458607557395,50,zhuang2018+ling2020+kazakhstan2022
[Eubacterium] siraeum group,loco_test_shanghai2022,lgbm,0.04540326276566062,0.0151140227792182,0.02671044285072045,0.0035176027077159517,51,zhuang2018+ling2020+kazakhstan2022
Halomonas,loco_test_shanghai2022,lgbm,0.04527868017976181,-0.02161302915665567,-0.009555831669268912,-0.03367022664404242,52,zhuang2018+ling2020+kazakhstan2022
NK4A214 group,loco_test_shanghai2022,lgbm,0.04421757374029385,-0.0008987689011821439,-0.009824050555113246,0.008026512752748962,53,zhuang2018+ling2020+kazakhstan2022
Salipaludibacillus,loco_test_shanghai2022,lgbm,0.043459982662816955,0.01862088062998776,0.0192635611788185,0.01797820008115703,54,zhuang2018+ling2020+kazakhstan2022
Monoglobus,loco_test_shanghai2022,lgbm,0.041991914880047845,-0.00592469061767785,-0.005232998371295634,-0.006616382864060066,55,zhuang2018+ling2020+kazakhstan2022
Oscillospira,loco_test_shanghai2022,lgbm,0.04198822467270982,-0.02849737851479923,-0.026429496481694844,-0.03056526054790363,56,zhuang2018+ling2020+kazakhstan2022
Oscillibacter,loco_test_shanghai2022,lgbm,0.04010509288527666,-0.0075363592095978775,0.004096417761283419,-0.019169136180479177,57,zhuang2018+ling2020+kazakhstan2022
Eggerthella,loco_test_shanghai2022,lgbm,0.038254545669127206,0.01780186848162187,-0.0081536995333498,0.043757436496593534,58,zhuang2018+ling2020+kazakhstan2022
Escherichia-Shigella,loco_test_shanghai2022,lgbm,0.0370568440900295,0.014334024239498398,0.029870923297360588,-0.0012028748183637954,59,zhuang2018+ling2020+kazakhstan2022
Pseudomonas,loco_test_shanghai2022,lgbm,0.037052463697939374,0.0056973365644950235,-0.005527088361329798,0.01692176149031984,60,zhuang2018+ling2020+kazakhstan2022
Pelagibacterium,loco_test_shanghai2022,lgbm,0.03662255955497432,0.0019365255360888594,0.01555179697301583,-0.011678745900838108,61,zhuang2018+ling2020+kazakhstan2022
Methanobrevibacter,loco_test_shanghai2022,lgbm,0.03657286475688948,0.003561119529599732,0.003334281525742757,0.0037879575334567096,62,zhuang2018+ling2020+kazakhstan2022
Anaerostipes,loco_test_shanghai2022,lgbm,0.03551315272993009,-0.013169043345541982,-0.017254701036214657,-0.009083385654869314,63,zhuang2018+ling2020+kazakhstan2022
Marvinbryantia,loco_test_shanghai2022,lgbm,0.033532962136138614,-0.023115093111456157,-0.01008073942546477,-0.03614944679744752,64,zhuang2018+ling2020+kazakhstan2022
Incertae Sedis,loco_test_shanghai2022,lgbm,0.03262955689260948,-0.0007688183492070877,0.016095646947807622,-0.017633283646221805,65,zhuang2018+ling2020+kazakhstan2022
Howardella,loco_test_shanghai2022,lgbm,0.032319106794884984,0.015387581165218886,0.01871494533750372,0.012060216992934044,66,zhuang2018+ling2020+kazakhstan2022
Coprobacillus,loco_test_shanghai2022,lgbm,0.032061150834937345,-0.013204021129193546,-0.008641641790941493,-0.017766400467445594,67,zhuang2018+ling2020+kazakhstan2022
Corynebacterium,loco_test_shanghai2022,lgbm,0.03145021674633137,-0.02097633735847719,-0.01924763441149192,-0.02270504030546246,68,zhuang2018+ling2020+kazakhstan2022
CAG-56,loco_test_shanghai2022,lgbm,0.03105275508929472,0.0014996841577718698,0.005241379659537554,-0.0022420113439938134,69,zhuang2018+ling2020+kazakhstan2022
UC5-1-2E3,loco_test_shanghai2022,lgbm,0.03098810600602833,-0.006907926014430712,-0.008766755192687992,-0.0050490968361734286,70,zhuang2018+ling2020+kazakhstan2022
Megamonas,loco_test_shanghai2022,lgbm,0.03058578731600741,-0.005985645872524241,-0.004406303269573098,-0.007564988475475386,71,zhuang2018+ling2020+kazakhstan2022
Butyricimonas,loco_test_shanghai2022,lgbm,0.02925548222217944,-0.008173469857841073,0.0014017121825434474,-0.017748651898225595,72,zhuang2018+ling2020+kazakhstan2022
Azoarcus,loco_test_shanghai2022,lgbm,0.028797623518655446,-0.005752854002579787,-0.006845146916213086,-0.004660561088946489,73,zhuang2018+ling2020+kazakhstan2022
HT002,loco_test_shanghai2022,lgbm,0.028240995007165426,-0.01260509177496903,-0.0012408466446185258,-0.023969336905319532,74,zhuang2018+ling2020+kazakhstan2022
Fenollaria,loco_test_shanghai2022,lgbm,0.028088173678285745,0.005936545750374407,-0.0024722494933119596,0.014345340994060764,75,zhuang2018+ling2020+kazakhstan2022
Odoribacter,loco_test_shanghai2022,lgbm,0.027896222747775194,-0.006779601111432635,0.006066612305155906,-0.019625814528021177,76,zhuang2018+ling2020+kazakhstan2022
Peptococcus,loco_test_shanghai2022,lgbm,0.026843100875900642,0.008811456814686609,0.017375321889525095,0.0002475917398481189,77,zhuang2018+ling2020+kazakhstan2022
Phascolarctobacterium,loco_test_shanghai2022,lgbm,0.026462721012720868,0.016033611605591674,0.006772190532781877,0.025295032678401472,78,zhuang2018+ling2020+kazakhstan2022
Chelativorans,loco_test_shanghai2022,lgbm,0.026101206684188985,-0.009027876125290862,-0.008740527432813837,-0.009315224817767894,79,zhuang2018+ling2020+kazakhstan2022
Megasphaera,loco_test_shanghai2022,lgbm,0.02587385990214155,0.007212107903973795,0.002446500435067187,0.011977715372880402,80,zhuang2018+ling2020+kazakhstan2022
Senegalimassilia,loco_test_shanghai2022,lgbm,0.025656340867403073,0.00779922395161135,0.00812754832791109,0.007470899575311608,81,zhuang2018+ling2020+kazakhstan2022
Veillonella,loco_test_shanghai2022,lgbm,0.024912450646479366,-0.001948902215940358,0.004840187957870381,-0.008737992389751096,82,zhuang2018+ling2020+kazakhstan2022
TM7x,loco_test_shanghai2022,lgbm,0.024224908595203258,0.00030415203762798615,-0.010696945585421686,0.011305249660677657,83,zhuang2018+ling2020+kazakhstan2022
Olsenella,loco_test_shanghai2022,lgbm,0.024126379780016062,-0.005258061336781603,-0.007597326771616033,-0.002918795901947167,84,zhuang2018+ling2020+kazakhstan2022
Anaerotruncus,loco_test_shanghai2022,lgbm,0.023840451717440522,-0.007853837348519766,-0.0068895135409831705,-0.008818161156056365,85,zhuang2018+ling2020+kazakhstan2022
Latilactobacillus,loco_test_shanghai2022,lgbm,0.023361884340454667,-0.017096034885654636,-0.018970139785213554,-0.015221929986095702,86,zhuang2018+ling2020+kazakhstan2022
Parvimonas,loco_test_shanghai2022,lgbm,0.023328029444952204,0.005434552537220111,0.014243661426139085,-0.0033745563516988657,87,zhuang2018+ling2020+kazakhstan2022
Fusobacterium,loco_test_shanghai2022,lgbm,0.023167886961677184,0.00487608561764896,0.0018476848048700105,0.00790448643042791,88,zhuang2018+ling2020+kazakhstan2022
Roseburia,loco_test_shanghai2022,lgbm,0.023124389738760028,-0.0010325209755606172,0.009010948304829961,-0.011075990255951192,89,zhuang2018+ling2020+kazakhstan2022
Microbacterium,loco_test_shanghai2022,lgbm,0.022758111429873485,-0.0028583067288962187,-0.005751404918008585,3.4791460216146665e-05,90,zhuang2018+ling2020+kazakhstan2022
Altererythrobacter,loco_test_shanghai2022,lgbm,0.02257830687361389,-0.0035666601604172183,-0.0016909205873977718,-0.005442399733436668,91,zhuang2018+ling2020+kazakhstan2022
Catenibacillus,loco_test_shanghai2022,lgbm,0.022434686687721885,0.014187676541300183,0.017925352653797508,0.010450000428802857,92,zhuang2018+ling2020+kazakhstan2022
Coriobacteriaceae UCG-003,loco_test_shanghai2022,lgbm,0.02228817768452647,0.017549669921683626,0.019663530525587454,0.015435809317779808,93,zhuang2018+ling2020+kazakhstan2022
Holdemania,loco_test_shanghai2022,lgbm,0.022188800142378468,-0.009091604427506093,-0.004568782411782405,-0.013614426443229783,94,zhuang2018+ling2020+kazakhstan2022
Libanicoccus,loco_test_shanghai2022,lgbm,0.021793119766119712,0.007086692937916102,0.0065500953743547604,0.007623290501477453,95,zhuang2018+ling2020+kazakhstan2022
Defluviitaleaceae UCG-011,loco_test_shanghai2022,lgbm,0.02149040285812797,-0.012643140160622122,-0.012024538526989486,-0.013261741794254754,96,zhuang2018+ling2020+kazakhstan2022
Slackia,loco_test_shanghai2022,lgbm,0.02134426523901279,-0.0055994265459904345,-0.0060753543885284315,-0.0051234987034524376,97,zhuang2018+ling2020+kazakhstan2022
Atopobium,loco_test_shanghai2022,lgbm,0.021093064302340613,-0.0003274527198541014,0.008823651512848465,-0.009478556952556666,98,zhuang2018+ling2020+kazakhstan2022
Sutterella,loco_test_shanghai2022,lgbm,0.021049229192590328,0.01182668839935889,0.005838605350051882,0.017814771448665924,99,zhuang2018+ling2020+kazakhstan2022
Sneathia,loco_test_shanghai2022,lgbm,0.020858341871961398,-0.006164295372500488,-0.008478902453602083,-0.0038496882913988967,100,zhuang2018+ling2020+kazakhstan2022
Peptoniphilus,loco_test_shanghai2022,lgbm,0.020799191695752527,0.0006219810958456737,0.0013871747311221705,-0.00014321253943082375,101,zhuang2018+ling2020+kazakhstan2022
UCG-007,loco_test_shanghai2022,lgbm,0.02073286623772204,-0.00712728100300441,-0.008468096219127457,-0.005786465786881369,102,zhuang2018+ling2020+kazakhstan2022
Subdoligranulum,loco_test_shanghai2022,lgbm,0.02032724753237342,-0.008150811680038972,-0.0020846165436047403,-0.014217006816473206,103,zhuang2018+ling2020+kazakhstan2022
Phocea,loco_test_shanghai2022,lgbm,0.02012280946513024,0.0006534613097434491,0.0017521095840159597,-0.0004451869645290609,104,zhuang2018+ling2020+kazakhstan2022
Fournierella,loco_test_shanghai2022,lgbm,0.020038404123297264,0.004137291107654354,0.0019248736861211496,0.00634970852918756,105,zhuang2018+ling2020+kazakhstan2022
Citrobacter,loco_test_shanghai2022,lgbm,0.020012685821867913,0.011185727830559006,0.012488180271196006,0.00988327538992201,106,zhuang2018+ling2020+kazakhstan2022
Cloacibacillus,loco_test_shanghai2022,lgbm,0.019994868211453173,-0.008663502973121982,-0.012505630983076685,-0.0048213749631672775,107,zhuang2018+ling2020+kazakhstan2022
Nannocystis,loco_test_shanghai2022,lgbm,0.019434157988376506,-0.007798920875636864,-0.007280509190535605,-0.008317332560738128,108,zhuang2018+ling2020+kazakhstan2022
Barnesiella,loco_test_shanghai2022,lgbm,0.01896741403901767,0.004983889351798638,0.009850838515440295,0.00011694018815698143,109,zhuang2018+ling2020+kazakhstan2022
Lactococcus,loco_test_shanghai2022,lgbm,0.01868370307772811,0.013364125606397935,0.014701843723437448,0.012026407489358414,110,zhuang2018+ling2020+kazakhstan2022
Prevotella_9,loco_test_shanghai2022,lgbm,0.0185664861008139,0.0022867167620085668,-0.0011088390252081684,0.0056822725492253,111,zhuang2018+ling2020+kazakhstan2022
Catabacter,loco_test_shanghai2022,lgbm,0.017426784774252555,-0.002218285949043599,0.008412135110438349,-0.012848707008525547,112,zhuang2018+ling2020+kazakhstan2022
Rhodococcus,loco_test_shanghai2022,lgbm,0.017418883915288834,0.005276585901038599,0.00482960025476406,0.005723571547313146,113,zhuang2018+ling2020+kazakhstan2022
Family XIII UCG-001,loco_test_shanghai2022,lgbm,0.01737279967259744,0.006181329531427127,0.006331677955855202,0.006030981106999049,114,zhuang2018+ling2020+kazakhstan2022
Eubacterium eligens group,loco_test_shanghai2022,lgbm,0.01689951459859236,-0.0007453477843940036,0.0036515062493234353,-0.005142201818111443,115,zhuang2018+ling2020+kazakhstan2022
Terrisporobacter,loco_test_shanghai2022,lgbm,0.016411689649497473,0.006667445217160459,0.006806310224435719,0.006528580209885194,116,zhuang2018+ling2020+kazakhstan2022
[Ruminococcus] gauvreauii group,loco_test_shanghai2022,lgbm,0.016313880620529506,0.008802035731569085,0.006986095815319822,0.01061797564781834,117,zhuang2018+ling2020+kazakhstan2022
Blautia,loco_test_shanghai2022,lgbm,0.016199776062522975,0.005994552712825081,0.0028159915705372684,0.009173113855112902,118,zhuang2018+ling2020+kazakhstan2022
Prevotella_7,loco_test_shanghai2022,lgbm,0.016044513602225943,-2.926002012393405e-05,-0.0007736988974443334,0.0007151788571964648,119,zhuang2018+ling2020+kazakhstan2022
Lacticaseibacillus,loco_test_shanghai2022,lgbm,0.01580510765348469,-0.009153531358285678,-0.0062612526940480214,-0.012045810022523326,120,zhuang2018+ling2020+kazakhstan2022
Rothia,loco_test_shanghai2022,lgbm,0.015800496016348156,0.0020762683765660666,-0.005688788949384462,0.009841325702516593,121,zhuang2018+ling2020+kazakhstan2022
Porphyromonas,loco_test_shanghai2022,lgbm,0.015780603197247067,0.006585546148562571,0.0046083902032471044,0.00856270209387804,122,zhuang2018+ling2020+kazakhstan2022
Lachnospiraceae UCG-004,loco_test_shanghai2022,lgbm,0.01576404729107536,0.000588393877228056,-0.005391120326381388,0.006567908080837502,123,zhuang2018+ling2020+kazakhstan2022
Frisingicoccus,loco_test_shanghai2022,lgbm,0.015632019279031416,0.011547577273970981,0.011868004639957548,0.011227149907984423,124,zhuang2018+ling2020+kazakhstan2022
Bacillus,loco_test_shanghai2022,lgbm,0.015619685966700898,-0.01046862865398121,-0.010323179136914766,-0.010614078171047652,125,zhuang2018+ling2020+kazakhstan2022
GCA-900066575,loco_test_shanghai2022,lgbm,0.015502204227242699,-0.007135438922344765,-0.008032776058631569,-0.0062381017860579585,126,zhuang2018+ling2020+kazakhstan2022
Intestinibacter,loco_test_shanghai2022,lgbm,0.015500655407120704,-0.004522119833609905,-0.0010560487361744016,-0.007988190931045407,127,zhuang2018+ling2020+kazakhstan2022
Lachnospiraceae UCG-001,loco_test_shanghai2022,lgbm,0.015105774962123876,-0.0012852947503941814,-0.005204114607339812,0.00263352510655145,128,zhuang2018+ling2020+kazakhstan2022
Lachnospiraceae NC2004 group,loco_test_shanghai2022,lgbm,0.014632267135082252,0.004957103715341245,0.0045453295423900884,0.005368877888292398,129,zhuang2018+ling2020+kazakhstan2022
Steroidobacter,loco_test_shanghai2022,lgbm,0.014608613861987082,-0.006738850690162535,-0.0020209390896707936,-0.011456762290654279,130,zhuang2018+ling2020+kazakhstan2022
Acinetobacter,loco_test_shanghai2022,lgbm,0.014384919620844311,-0.010377379266668317,-0.011321989028002367,-0.009432769505334266,131,zhuang2018+ling2020+kazakhstan2022
Oribacterium,loco_test_shanghai2022,lgbm,0.014240784327662447,0.0036033799013641616,0.005396268496827326,0.0018104913059009988,132,zhuang2018+ling2020+kazakhstan2022
Colidextribacter,loco_test_shanghai2022,lgbm,0.013936458142492236,-0.0017864731462755947,-0.008333376793640842,0.004760430501089653,133,zhuang2018+ling2020+kazakhstan2022
Paracoccus,loco_test_shanghai2022,lgbm,0.01391098784722588,0.008927511181375795,0.009849253506044807,0.008005768856706792,134,zhuang2018+ling2020+kazakhstan2022
Nitrosococcus,loco_test_shanghai2022,lgbm,0.01386288908500013,-0.01386288908500013,-0.008525948735353256,-0.019199829434646997,135,zhuang2018+ling2020+kazakhstan2022
Bacteroides,loco_test_shanghai2022,lgbm,0.013737485981324876,0.012471704647206337,0.011589119361955192,0.013354289932457483,136,zhuang2018+ling2020+kazakhstan2022
Collinsella,loco_test_shanghai2022,lgbm,0.013596494502688026,-0.008645146705389819,-0.007648788469997214,-0.009641504940782425,137,zhuang2018+ling2020+kazakhstan2022
Lachnospiraceae FCS020 group,loco_test_shanghai2022,lgbm,0.013427242868000112,-0.011396234555211637,-0.011583123947147271,-0.011209345163275998,138,zhuang2018+ling2020+kazakhstan2022
Alistipes,loco_test_shanghai2022,lgbm,0.013050184365519805,0.007843081788028339,0.007846908919957917,0.007839254656098757,139,zhuang2018+ling2020+kazakhstan2022
CAG-352,loco_test_shanghai2022,lgbm,0.012230462565496788,0.005662145660968422,0.005575641746298254,0.00574864957563859,140,zhuang2018+ling2020+kazakhstan2022
[Eubacterium] ruminantium group,loco_test_shanghai2022,lgbm,0.012175775923159533,-0.008326660276162289,-0.007954908635536037,-0.008698411916788542,141,zhuang2018+ling2020+kazakhstan2022
[Bacteroides] pectinophilus group,loco_test_shanghai2022,lgbm,0.01215072825696345,0.004475454937072215,0.004173971589842585,0.004776938284301846,142,zhuang2018+ling2020+kazakhstan2022
Chitinophaga,loco_test_shanghai2022,lgbm,0.012055321750881014,0.008733795833777626,0.005016536152548984,0.012451055515006281,143,zhuang2018+ling2020+kazakhstan2022
Rhodomicrobium,loco_test_shanghai2022,lgbm,0.01200473605599504,-0.002594899780549252,-0.0013479724562181683,-0.0038418271048803335,144,zhuang2018+ling2020+kazakhstan2022
Actinomyces,loco_test_shanghai2022,lgbm,0.011798818140088986,-0.0058072367308249625,0.0025810572871035687,-0.014195530748753507,145,zhuang2018+ling2020+kazakhstan2022
Klebsiella,loco_test_shanghai2022,lgbm,0.011778705610484885,-0.005294673467142725,-0.0028876615616943786,-0.007701685372591074,146,zhuang2018+ling2020+kazakhstan2022
Nesterenkonia,loco_test_shanghai2022,lgbm,0.011014624486251342,-0.005609125745057141,-0.004501860113795386,-0.006716391376318895,147,zhuang2018+ling2020+kazakhstan2022
Lachnospiraceae UCG-003,loco_test_shanghai2022,lgbm,0.0109384083877905,0.0006348242552442984,0.006403595306680491,-0.005133946796191895,148,zhuang2018+ling2020+kazakhstan2022
DTU089,loco_test_shanghai2022,lgbm,0.010657045244163992,-0.0013240504596599353,-0.004523768679080517,0.0018756677597606445,149,zhuang2018+ling2020+kazakhstan2022
Shuttleworthia,loco_test_shanghai2022,lgbm,0.010552272369554548,-0.010552272369554548,-0.008771941225456324,-0.012332603513652764,150,zhuang2018+ling2020+kazakhstan2022
Gemella,loco_test_shanghai2022,lgbm,0.010294978099235862,0.0018107202885385269,-0.004086605492487987,0.007708046069565044,151,zhuang2018+ling2020+kazakhstan2022
Parabacteroides,loco_test_shanghai2022,lgbm,0.009238201261804389,-0.00892294143938299,-0.01004892224642841,-0.00779696063233756,152,zhuang2018+ling2020+kazakhstan2022
OM27 clade,loco_test_shanghai2022,lgbm,0.009130444528713018,-0.0012744161796593247,-0.0004651561938629417,-0.0020836761654557073,153,zhuang2018+ling2020+kazakhstan2022
Merdibacter,loco_test_shanghai2022,lgbm,0.008893627385786248,-0.006822645514413735,-0.008014732958728269,-0.005630558070099212,154,zhuang2018+ling2020+kazakhstan2022
Alloprevotella,loco_test_shanghai2022,lgbm,0.008865611878503077,-0.002289796473933695,-0.004070528853536258,-0.0005090640943311318,155,zhuang2018+ling2020+kazakhstan2022
Erysipelotrichaceae UCG-006,loco_test_shanghai2022,lgbm,0.008706151409402367,0.0030007008569238065,0.0022138641074261898,0.0037875376064214245,156,zhuang2018+ling2020+kazakhstan2022
Truepera,loco_test_shanghai2022,lgbm,0.008621479166828878,0.004225363174672636,0.003866097956348831,0.004584628392996434,157,zhuang2018+ling2020+kazakhstan2022
Papillibacter,loco_test_shanghai2022,lgbm,0.008621437449111568,-0.008621437449111568,-0.009250495040039133,-0.007992379858184002,158,zhuang2018+ling2020+kazakhstan2022
Enterobacter,loco_test_shanghai2022,lgbm,0.008522241821983922,-0.001041893235388136,-0.006081272195166254,0.003997485724389979,159,zhuang2018+ling2020+kazakhstan2022
Anaerofustis,loco_test_shanghai2022,lgbm,0.008482458721079656,-0.008482458721079656,-0.004137841092047848,-0.012827076350111473,160,zhuang2018+ling2020+kazakhstan2022
Methylobacterium-Methylorubrum,loco_test_shanghai2022,lgbm,0.008461890165001512,0.0020272541034607483,0.0008245989679512101,0.0032299092389702863,161,zhuang2018+ling2020+kazakhstan2022
Solitalea,loco_test_shanghai2022,lgbm,0.008264046219710695,-0.0010161972380428308,0.0008044419050331188,-0.0028368363811187808,162,zhuang2018+ling2020+kazakhstan2022
Christensenella,loco_test_shanghai2022,lgbm,0.00817099443530395,-0.0008036416873465293,-0.0018124656104639466,0.00020518223577088758,163,zhuang2018+ling2020+kazakhstan2022
Eubacterium brachy group,loco_test_shanghai2022,lgbm,0.007436756858910913,-0.0033773081962418907,-0.0008122155450224459,-0.005942400847461337,164,zhuang2018+ling2020+kazakhstan2022
Rhodoplanes,loco_test_shanghai2022,lgbm,0.007017169220472374,-0.007017169220472374,-0.006799926292138225,-0.007234412148806516,165,zhuang2018+ling2020+kazakhstan2022
Prevotellaceae UCG-003,loco_test_shanghai2022,lgbm,0.006965248224661336,0.004368150810120476,0.00568796706799678,0.0030483345522441733,166,zhuang2018+ling2020+kazakhstan2022
GCA-900066755,loco_test_shanghai2022,lgbm,0.0069117754849688795,-0.0023371932357765996,-0.0011064202469919808,-0.003567966224561217,167,zhuang2018+ling2020+kazakhstan2022
Pyramidobacter,loco_test_shanghai2022,lgbm,0.006786177808465478,-0.0007882914740587125,-0.0017843265413917233,0.0002077435932742989,168,zhuang2018+ling2020+kazakhstan2022
Turicibacter,loco_test_shanghai2022,lgbm,0.0066575444857837765,-0.0026975484782255374,-0.003577731877578081,-0.0018173650788729915,169,zhuang2018+ling2020+kazakhstan2022
Catenisphaera,loco_test_shanghai2022,lgbm,0.006342516273637335,0.006342516273637335,0.00643927714433496,0.006245755402939701,170,zhuang2018+ling2020+kazakhstan2022
Parapusillimonas,loco_test_shanghai2022,lgbm,0.006205675170135716,0.006205675170135716,0.006585025850447254,0.0058263244898241855,171,zhuang2018+ling2020+kazakhstan2022
Erysipelatoclostridium,loco_test_shanghai2022,lgbm,0.005979027654658206,-0.003943089200202407,-0.0019059939828205076,-0.005980184417584306,172,zhuang2018+ling2020+kazakhstan2022
wb1-A12,loco_test_shanghai2022,lgbm,0.005829858899548338,0.005829858899548338,0.0055226714724364735,0.006137046326660203,173,zhuang2018+ling2020+kazakhstan2022
Holdemanella,loco_test_shanghai2022,lgbm,0.005577991757102276,-0.003677053701893727,-0.004688710423912372,-0.002665396979875083,174,zhuang2018+ling2020+kazakhstan2022
Acidaminococcus,loco_test_shanghai2022,lgbm,0.005118937176119882,0.0038169612076015768,0.004542187858679192,0.003091734556523959,175,zhuang2018+ling2020+kazakhstan2022
Sarcina,loco_test_shanghai2022,lgbm,0.005083158621475263,0.0004137813230600558,0.00046506652900735906,0.00036249611711275284,176,zhuang2018+ling2020+kazakhstan2022
Cupriavidus,loco_test_shanghai2022,lgbm,0.005069041548497631,-0.005069041548497631,-0.005411659629275641,-0.004726423467719615,177,zhuang2018+ling2020+kazakhstan2022
Nitrospira,loco_test_shanghai2022,lgbm,0.004760304508404817,-0.002624173128376953,-0.0037128085994699825,-0.0015355376572839228,178,zhuang2018+ling2020+kazakhstan2022
Anaerobacillus,loco_test_shanghai2022,lgbm,0.004247660111504415,-0.004247660111504415,-0.003578481770027584,-0.004916838452981251,179,zhuang2018+ling2020+kazakhstan2022
Nonomuraea,loco_test_shanghai2022,lgbm,0.004203060826954063,-0.004203060826954063,-0.004203729304530789,-0.004202392349377331,180,zhuang2018+ling2020+kazakhstan2022
Actinocorallia,loco_test_shanghai2022,lgbm,0.003959642698546995,0.003959642698546995,0.004703473081454344,0.003215812315639642,181,zhuang2018+ling2020+kazakhstan2022
Prevotellaceae NK3B31 group,loco_test_shanghai2022,lgbm,0.0034762553898115044,-0.0018176775779257131,-0.002191842457785001,-0.0014435126980664225,182,zhuang2018+ling2020+kazakhstan2022
Paludicola,loco_test_shanghai2022,lgbm,0.0034466410643798307,0.0016886987774500516,0.0021519393645438533,0.0012254581903562494,183,zhuang2018+ling2020+kazakhstan2022
Lysinibacillus,loco_test_shanghai2022,lgbm,0.003444614985583719,0.0018192682338296357,0.002590730849685218,0.001047805617974053,184,zhuang2018+ling2020+kazakhstan2022
Eubacterium,loco_test_shanghai2022,lgbm,0.0013647600943111201,0.00115436622117544,0.0012323586158133855,0.0010763738265374947,185,zhuang2018+ling2020+kazakhstan2022
Opitutus,loco_test_shanghai2022,lgbm,0.001044088605405602,0.0003285131552636728,0.0005436514085389684,0.00011337490198837757,186,zhuang2018+ling2020+kazakhstan2022
Dokdonella,loco_test_shanghai2022,lgbm,0.0009782721655456014,0.00034317850357900654,0.0005801289434549297,0.00010622806370308366,187,zhuang2018+ling2020+kazakhstan2022
ADurb.Bin063-1,loco_test_shanghai2022,lgbm,1.969109435524439e-18,8.205321679776888e-19,4.67961428804161e-19,1.1731029071512165e-18,188,zhuang2018+ling2020+kazakhstan2022
Lachnospiraceae NK3A20 group,loco_test_shanghai2022,lgbm,0.0,0.0,0.0,0.0,189,zhuang2018+ling2020+kazakhstan2022
Lachnospiraceae UCG-006,loco_test_shanghai2022,lgbm,0.0,0.0,0.0,0.0,190,zhuang2018+ling2020+kazakhstan2022
Ruminococcus,loco_test_shanghai2022,lgbm,0.0,0.0,0.0,0.0,191,zhuang2018+ling2020+kazakhstan2022
CL500-29 marine group,loco_test_shanghai2022,lgbm,0.0,0.0,0.0,0.0,192,zhuang2018+ling2020+kazakhstan2022
CHKCI002,loco_test_shanghai2022,lgbm,0.0,0.0,0.0,0.0,193,zhuang2018+ling2020+kazakhstan2022
SWB02,loco_test_shanghai2022,lgbm,0.0,0.0,0.0,0.0,194,zhuang2018+ling2020+kazakhstan2022
CAG-873,loco_test_shanghai2022,lgbm,0.0,0.0,0.0,0.0,195,zhuang2018+ling2020+kazakhstan2022
Salmonella,loco_test_shanghai2022,lgbm,0.0,0.0,0.0,0.0,196,zhuang2018+ling2020+kazakhstan2022
Sandaracinus,loco_test_shanghai2022,lgbm,0.0,0.0,0.0,0.0,197,zhuang2018+ling2020+kazakhstan2022
Sanguibacteroides,loco_test_shanghai2022,lgbm,0.0,0.0,0.0,0.0,198,zhuang2018+ling2020+kazakhstan2022
Burkholderia-Caballeronia-Paraburkholderia,loco_test_shanghai2022,lgbm,0.0,0.0,0.0,0.0,199,zhuang2018+ling2020+kazakhstan2022
Sediminibacterium,loco_test_shanghai2022,lgbm,0.0,0.0,0.0,0.0,200,zhuang2018+ling2020+kazakhstan2022
Bryobacter,loco_test_shanghai2022,lgbm,0.0,0.0,0.0,0.0,201,zhuang2018+ling2020+kazakhstan2022
Brevundimonas,loco_test_shanghai2022,lgbm,0.0,0.0,0.0,0.0,202,zhuang2018+ling2020+kazakhstan2022
Serratia,loco_test_shanghai2022,lgbm,0.0,0.0,0.0,0.0,203,zhuang2018+ling2020+kazakhstan2022
Bradyrhizobium,loco_test_shanghai2022,lgbm,0.0,0.0,0.0,0.0,204,zhuang2018+ling2020+kazakhstan2022
Skermanella,loco_test_shanghai2022,lgbm,0.0,0.0,0.0,0.0,205,zhuang2018+ling2020+kazakhstan2022
Blastococcus,loco_test_shanghai2022,lgbm,0.0,0.0,0.0,0.0,206,zhuang2018+ling2020+kazakhstan2022
Bdellovibrio,loco_test_shanghai2022,lgbm,0.0,0.0,0.0,0.0,207,zhuang2018+ling2020+kazakhstan2022
Solirubrobacter,loco_test_shanghai2022,lgbm,0.0,0.0,0.0,0.0,208,zhuang2018+ling2020+kazakhstan2022
Bauldia,loco_test_shanghai2022,lgbm,0.0,0.0,0.0,0.0,209,zhuang2018+ling2020+kazakhstan2022
Solobacterium,loco_test_shanghai2022,lgbm,0.0,0.0,0.0,0.0,210,zhuang2018+ling2020+kazakhstan2022
Sphingomonas,loco_test_shanghai2022,lgbm,0.0,0.0,0.0,0.0,211,zhuang2018+ling2020+kazakhstan2022
Sporosarcina,loco_test_shanghai2022,lgbm,0.0,0.0,0.0,0.0,212,zhuang2018+ling2020+kazakhstan2022
Staphylococcus,loco_test_shanghai2022,lgbm,0.0,0.0,0.0,0.0,213,zhuang2018+ling2020+kazakhstan2022
Rubrobacter,loco_test_shanghai2022,lgbm,0.0,0.0,0.0,0.0,214,zhuang2018+ling2020+kazakhstan2022
Caenimonas,loco_test_shanghai2022,lgbm,0.0,0.0,0.0,0.0,215,zhuang2018+ling2020+kazakhstan2022
Campylobacter,loco_test_shanghai2022,lgbm,0.0,0.0,0.0,0.0,216,zhuang2018+ling2020+kazakhstan2022
Candidatus Solibacter,loco_test_shanghai2022,lgbm,0.0,0.0,0.0,0.0,217,zhuang2018+ling2020+kazakhstan2022
Pseudoduganella,loco_test_shanghai2022,lgbm,0.0,0.0,0.0,0.0,218,zhuang2018+ling2020+kazakhstan2022
Pseudoflavonifractor,loco_test_shanghai2022,lgbm,0.0,0.0,0.0,0.0,219,zhuang2018+ling2020+kazakhstan2022
Pseudolabrys,loco_test_shanghai2022,lgbm,0.0,0.0,0.0,0.0,220,zhuang2018+ling2020+kazakhstan2022
Candidatus Udaeobacter,loco_test_shanghai2022,lgbm,0.0,0.0,0.0,0.0,221,zhuang2018+ling2020+kazakhstan2022
Pseudonocardia,loco_test_shanghai2022,lgbm,0.0,0.0,0.0,0.0,222,zhuang2018+ling2020+kazakhstan2022
Pseudorhodoplanes,loco_test_shanghai2022,lgbm,0.0,0.0,0.0,0.0,223,zhuang2018+ling2020+kazakhstan2022
Pseudoxanthomonas,loco_test_shanghai2022,lgbm,0.0,0.0,0.0,0.0,224,zhuang2018+ling2020+kazakhstan2022
Psychrobacillus,loco_test_shanghai2022,lgbm,0.0,0.0,0.0,0.0,225,zhuang2018+ling2020+kazakhstan2022
Psychrobacter,loco_test_shanghai2022,lgbm,0.0,0.0,0.0,0.0,226,zhuang2018+ling2020+kazakhstan2022
Puia,loco_test_shanghai2022,lgbm,0.0,0.0,0.0,0.0,227,zhuang2018+ling2020+kazakhstan2022
RB41,loco_test_shanghai2022,lgbm,0.0,0.0,0.0,0.0,228,zhuang2018+ling2020+kazakhstan2022
Candidatus Entotheonella,loco_test_shanghai2022,lgbm,0.0,0.0,0.0,0.0,229,zhuang2018+ling2020+kazakhstan2022
Ralstonia,loco_test_shanghai2022,lgbm,0.0,0.0,0.0,0.0,230,zhuang2018+ling2020+kazakhstan2022
Ramlibacter,loco_test_shanghai2022,lgbm,0.0,0.0,0.0,0.0,231,zhuang2018+ling2020+kazakhstan2022
Raoultibacter,loco_test_shanghai2022,lgbm,0.0,0.0,0.0,0.0,232,zhuang2018+ling2020+kazakhstan2022
Reyranella,loco_test_shanghai2022,lgbm,0.0,0.0,0.0,0.0,233,zhuang2018+ling2020+kazakhstan2022
Rhizobacter,loco_test_shanghai2022,lgbm,0.0,0.0,0.0,0.0,234,zhuang2018+ling2020+kazakhstan2022
Rhizocola,loco_test_shanghai2022,lgbm,0.0,0.0,0.0,0.0,235,zhuang2018+ling2020+kazakhstan2022
Candidatus Soleaferrea,loco_test_shanghai2022,lgbm,0.0,0.0,0.0,0.0,236,zhuang2018+ling2020+kazakhstan2022
Candidatus Nitrososphaera,loco_test_shanghai2022,lgbm,0.0,0.0,0.0,0.0,237,zhuang2018+ling2020+kazakhstan2022
Candidatus Nitrocosmicus,loco_test_shanghai2022,lgbm,0.0,0.0,0.0,0.0,238,zhuang2018+ling2020+kazakhstan2022
Rikenellaceae RC9 gut group,loco_test_shanghai2022,lgbm,0.0,0.0,0.0,0.0,239,zhuang2018+ling2020+kazakhstan2022
Stenotrophobacter,loco_test_shanghai2022,lgbm,0.0,0.0,0.0,0.0,240,zhuang2018+ling2020+kazakhstan2022
Stenotrophomonas,loco_test_shanghai2022,lgbm,0.0,0.0,0.0,0.0,241,zhuang2018+ling2020+kazakhstan2022
BIyi10,loco_test_shanghai2022,lgbm,0.0,0.0,0.0,0.0,242,zhuang2018+ling2020+kazakhstan2022
Z20,loco_test_shanghai2022,lgbm,0.0,0.0,0.0,0.0,243,zhuang2018+ling2020+kazakhstan2022
Undibacterium,loco_test_shanghai2022,lgbm,0.0,0.0,0.0,0.0,244,zhuang2018+ling2020+kazakhstan2022
V9D2013 group,loco_test_shanghai2022,lgbm,0.0,0.0,0.0,0.0,245,zhuang2018+ling2020+kazakhstan2022
Aliihoeflea,loco_test_shanghai2022,lgbm,0.0,0.0,0.0,0.0,246,zhuang2018+ling2020+kazakhstan2022
Vibrionimonas,loco_test_shanghai2022,lgbm,0.0,0.0,0.0,0.0,247,zhuang2018+ling2020+kazakhstan2022
Vicinamibacter,loco_test_shanghai2022,lgbm,0.0,0.0,0.0,0.0,248,zhuang2018+ling2020+kazakhstan2022
Victivallis,loco_test_shanghai2022,lgbm,0.0,0.0,0.0,0.0,249,zhuang2018+ling2020+kazakhstan2022
Virgisporangium,loco_test_shanghai2022,lgbm,0.0,0.0,0.0,0.0,250,zhuang2018+ling2020+kazakhstan2022
Ahniella,loco_test_shanghai2022,lgbm,0.0,0.0,0.0,0.0,251,zhuang2018+ling2020+kazakhstan2022
Woeseia,loco_test_shanghai2022,lgbm,0.0,0.0,0.0,0.0,252,zhuang2018+ling2020+kazakhstan2022
YC-ZSS-LKJ147,loco_test_shanghai2022,lgbm,0.0,0.0,0.0,0.0,253,zhuang2018+ling2020+kazakhstan2022
Agromyces,loco_test_shanghai2022,lgbm,0.0,0.0,0.0,0.0,254,zhuang2018+ling2020+kazakhstan2022
UCG-009,loco_test_shanghai2022,lgbm,0.0,0.0,0.0,0.0,255,zhuang2018+ling2020+kazakhstan2022
Afipia,loco_test_shanghai2022,lgbm,0.0,0.0,0.0,0.0,256,zhuang2018+ling2020+kazakhstan2022
[Eubacterium] fissicatena group,loco_test_shanghai2022,lgbm,0.0,0.0,0.0,0.0,257,zhuang2018+ling2020+kazakhstan2022
[Eubacterium] nodatum group,loco_test_shanghai2022,lgbm,0.0,0.0,0.0,0.0,258,zhuang2018+ling2020+kazakhstan2022
Aeromonas,loco_test_shanghai2022,lgbm,0.0,0.0,0.0,0.0,259,zhuang2018+ling2020+kazakhstan2022
Aeromicrobium,loco_test_shanghai2022,lgbm,0.0,0.0,0.0,0.0,260,zhuang2018+ling2020+kazakhstan2022
[Eubacterium] tenue group,loco_test_shanghai2022,lgbm,0.0,0.0,0.0,0.0,261,zhuang2018+ling2020+kazakhstan2022
Adlercreutzia,loco_test_shanghai2022,lgbm,0.0,0.0,0.0,0.0,262,zhuang2018+ling2020+kazakhstan2022
Adhaeribacter,loco_test_shanghai2022,lgbm,0.0,0.0,0.0,0.0,263,zhuang2018+ling2020+kazakhstan2022
mle1-7,loco_test_shanghai2022,lgbm,0.0,0.0,0.0,0.0,264,zhuang2018+ling2020+kazakhstan2022
Acidibacter,loco_test_shanghai2022,lgbm,0.0,0.0,0.0,0.0,265,zhuang2018+ling2020+kazakhstan2022
UTCFX1,loco_test_shanghai2022,lgbm,0.0,0.0,0.0,0.0,266,zhuang2018+ling2020+kazakhstan2022
Alkalicoccus,loco_test_shanghai2022,lgbm,0.0,0.0,0.0,0.0,267,zhuang2018+ling2020+kazakhstan2022
BD1-7 clade,loco_test_shanghai2022,lgbm,0.0,0.0,0.0,0.0,268,zhuang2018+ling2020+kazakhstan2022
Archangium,loco_test_shanghai2022,lgbm,0.0,0.0,0.0,0.0,269,zhuang2018+ling2020+kazakhstan2022
Streptomyces,loco_test_shanghai2022,lgbm,0.0,0.0,0.0,0.0,270,zhuang2018+ling2020+kazakhstan2022
Asteroleplasma,loco_test_shanghai2022,lgbm,0.0,0.0,0.0,0.0,271,zhuang2018+ling2020+kazakhstan2022
Subgroup 10,loco_test_shanghai2022,lgbm,0.0,0.0,0.0,0.0,272,zhuang2018+ling2020+kazakhstan2022
Succinivibrio,loco_test_shanghai2022,lgbm,0.0,0.0,0.0,0.0,273,zhuang2018+ling2020+kazakhstan2022
Sulfurifustis,loco_test_shanghai2022,lgbm,0.0,0.0,0.0,0.0,274,zhuang2018+ling2020+kazakhstan2022
Sumerlaea,loco_test_shanghai2022,lgbm,0.0,0.0,0.0,0.0,275,zhuang2018+ling2020+kazakhstan2022
Aridibacter,loco_test_shanghai2022,lgbm,0.0,0.0,0.0,0.0,276,zhuang2018+ling2020+kazakhstan2022
Arenimonas,loco_test_shanghai2022,lgbm,0.0,0.0,0.0,0.0,277,zhuang2018+ling2020+kazakhstan2022
Taibaiella,loco_test_shanghai2022,lgbm,0.0,0.0,0.0,0.0,278,zhuang2018+ling2020+kazakhstan2022
Terrimonas,loco_test_shanghai2022,lgbm,0.0,0.0,0.0,0.0,279,zhuang2018+ling2020+kazakhstan2022
Thermus,loco_test_shanghai2022,lgbm,0.0,0.0,0.0,0.0,280,zhuang2018+ling2020+kazakhstan2022
UCG-005,loco_test_shanghai2022,lgbm,0.0,0.0,0.0,0.0,281,zhuang2018+ling2020+kazakhstan2022
Aquabacterium,loco_test_shanghai2022,lgbm,0.0,0.0,0.0,0.0,282,zhuang2018+ling2020+kazakhstan2022
Tumebacillus,loco_test_shanghai2022,lgbm,0.0,0.0,0.0,0.0,283,zhuang2018+ling2020+kazakhstan2022
Angelakisella,loco_test_shanghai2022,lgbm,0.0,0.0,0.0,0.0,284,zhuang2018+ling2020+kazakhstan2022
Tuzzerella,loco_test_shanghai2022,lgbm,0.0,0.0,0.0,0.0,285,zhuang2018+ling2020+kazakhstan2022
Anaerofilum,loco_test_shanghai2022,lgbm,0.0,0.0,0.0,0.0,286,zhuang2018+ling2020+kazakhstan2022
UBA1819,loco_test_shanghai2022,lgbm,0.0,0.0,0.0,0.0,287,zhuang2018+ling2020+kazakhstan2022
Anaerococcus,loco_test_shanghai2022,lgbm,0.0,0.0,0.0,0.0,288,zhuang2018+ling2020+kazakhstan2022
Ammoniphilus,loco_test_shanghai2022,lgbm,0.0,0.0,0.0,0.0,289,zhuang2018+ling2020+kazakhstan2022
Allorhizobium-Neorhizobium-Pararhizobium-Rhizobium,loco_test_shanghai2022,lgbm,0.0,0.0,0.0,0.0,290,zhuang2018+ling2020+kazakhstan2022
UCG-004,loco_test_shanghai2022,lgbm,0.0,0.0,0.0,0.0,291,zhuang2018+ling2020+kazakhstan2022
Pseudenhygromyxa,loco_test_shanghai2022,lgbm,0.0,0.0,0.0,0.0,292,zhuang2018+ling2020+kazakhstan2022
Catenibacterium,loco_test_shanghai2022,lgbm,0.0,0.0,0.0,0.0,293,zhuang2018+ling2020+kazakhstan2022
Prevotellaceae UCG-001,loco_test_shanghai2022,lgbm,0.0,0.0,0.0,0.0,294,zhuang2018+ling2020+kazakhstan2022
Microlunatus,loco_test_shanghai2022,lgbm,0.0,0.0,0.0,0.0,295,zhuang2018+ling2020+kazakhstan2022
Harryflintia,loco_test_shanghai2022,lgbm,0.0,0.0,0.0,0.0,296,zhuang2018+ling2020+kazakhstan2022
Haliangium,loco_test_shanghai2022,lgbm,0.0,0.0,0.0,0.0,297,zhuang2018+ling2020+kazakhstan2022
Granulicatella,loco_test_shanghai2022,lgbm,0.0,0.0,0.0,0.0,298,zhuang2018+ling2020+kazakhstan2022
Mesorhizobium,loco_test_shanghai2022,lgbm,0.0,0.0,0.0,0.0,299,zhuang2018+ling2020+kazakhstan2022
Gemmatimonas,loco_test_shanghai2022,lgbm,0.0,0.0,0.0,0.0,300,zhuang2018+ling2020+kazakhstan2022
Gaiella,loco_test_shanghai2022,lgbm,0.0,0.0,0.0,0.0,301,zhuang2018+ling2020+kazakhstan2022
Methyloceanibacter,loco_test_shanghai2022,lgbm,0.0,0.0,0.0,0.0,302,zhuang2018+ling2020+kazakhstan2022
Methylotenera,loco_test_shanghai2022,lgbm,0.0,0.0,0.0,0.0,303,zhuang2018+ling2020+kazakhstan2022
Methyloversatilis,loco_test_shanghai2022,lgbm,0.0,0.0,0.0,0.0,304,zhuang2018+ling2020+kazakhstan2022
Fluviicola,loco_test_shanghai2022,lgbm,0.0,0.0,0.0,0.0,305,zhuang2018+ling2020+kazakhstan2022
Microvirga,loco_test_shanghai2022,lgbm,0.0,0.0,0.0,0.0,306,zhuang2018+ling2020+kazakhstan2022
Hassallia,loco_test_shanghai2022,lgbm,0.0,0.0,0.0,0.0,307,zhuang2018+ling2020+kazakhstan2022
Mitsuokella,loco_test_shanghai2022,lgbm,0.0,0.0,0.0,0.0,308,zhuang2018+ling2020+kazakhstan2022
Mogibacterium,loco_test_shanghai2022,lgbm,0.0,0.0,0.0,0.0,309,zhuang2018+ling2020+kazakhstan2022
Flavobacterium,loco_test_shanghai2022,lgbm,0.0,0.0,0.0,0.0,310,zhuang2018+ling2020+kazakhstan2022
Muribaculum,loco_test_shanghai2022,lgbm,0.0,0.0,0.0,0.0,311,zhuang2018+ling2020+kazakhstan2022
Mycobacterium,loco_test_shanghai2022,lgbm,0.0,0.0,0.0,0.0,312,zhuang2018+ling2020+kazakhstan2022
Flavitalea,loco_test_shanghai2022,lgbm,0.0,0.0,0.0,0.0,313,zhuang2018+ling2020+kazakhstan2022
Flavisolibacter,loco_test_shanghai2022,lgbm,0.0,0.0,0.0,0.0,314,zhuang2018+ling2020+kazakhstan2022
Negativibacillus,loco_test_shanghai2022,lgbm,0.0,0.0,0.0,0.0,315,zhuang2018+ling2020+kazakhstan2022
Finegoldia,loco_test_shanghai2022,lgbm,0.0,0.0,0.0,0.0,316,zhuang2018+ling2020+kazakhstan2022
Niastella,loco_test_shanghai2022,lgbm,0.0,0.0,0.0,0.0,317,zhuang2018+ling2020+kazakhstan2022
Massilia,loco_test_shanghai2022,lgbm,0.0,0.0,0.0,0.0,318,zhuang2018+ling2020+kazakhstan2022
Marmoricola,loco_test_shanghai2022,lgbm,0.0,0.0,0.0,0.0,319,zhuang2018+ling2020+kazakhstan2022
Ferruginibacter,loco_test_shanghai2022,lgbm,0.0,0.0,0.0,0.0,320,zhuang2018+ling2020+kazakhstan2022
Legionella,loco_test_shanghai2022,lgbm,0.0,0.0,0.0,0.0,321,zhuang2018+ling2020+kazakhstan2022
Kribbella,loco_test_shanghai2022,lgbm,0.0,0.0,0.0,0.0,322,zhuang2018+ling2020+kazakhstan2022
Lacibacter,loco_test_shanghai2022,lgbm,0.0,0.0,0.0,0.0,323,zhuang2018+ling2020+kazakhstan2022
JGI 0001001-H03,loco_test_shanghai2022,lgbm,0.0,0.0,0.0,0.0,324,zhuang2018+ling2020+kazakhstan2022
Intestinimonas,loco_test_shanghai2022,lgbm,0.0,0.0,0.0,0.0,325,zhuang2018+ling2020+kazakhstan2022
Ilumatobacter,loco_test_shanghai2022,lgbm,0.0,0.0,0.0,0.0,326,zhuang2018+ling2020+kazakhstan2022
Iamia,loco_test_shanghai2022,lgbm,0.0,0.0,0.0,0.0,327,zhuang2018+ling2020+kazakhstan2022
Lactonifactor,loco_test_shanghai2022,lgbm,0.0,0.0,0.0,0.0,328,zhuang2018+ling2020+kazakhstan2022
Lacunisphaera,loco_test_shanghai2022,lgbm,0.0,0.0,0.0,0.0,329,zhuang2018+ling2020+kazakhstan2022
Achromobacter,loco_test_shanghai2022,lgbm,0.0,0.0,0.0,0.0,330,zhuang2018+ling2020+kazakhstan2022
Lechevalieria,loco_test_shanghai2022,lgbm,0.0,0.0,0.0,0.0,331,zhuang2018+ling2020+kazakhstan2022
Leucobacter,loco_test_shanghai2022,lgbm,0.0,0.0,0.0,0.0,332,zhuang2018+ling2020+kazakhstan2022
MND1,loco_test_shanghai2022,lgbm,0.0,0.0,0.0,0.0,333,zhuang2018+ling2020+kazakhstan2022
Leuconostoc,loco_test_shanghai2022,lgbm,0.0,0.0,0.0,0.0,334,zhuang2018+ling2020+kazakhstan2022
Levilactobacillus,loco_test_shanghai2022,lgbm,0.0,0.0,0.0,0.0,335,zhuang2018+ling2020+kazakhstan2022
IS-44,loco_test_shanghai2022,lgbm,0.0,0.0,0.0,0.0,336,zhuang2018+ling2020+kazakhstan2022
Hyphomicrobium,loco_test_shanghai2022,lgbm,0.0,0.0,0.0,0.0,337,zhuang2018+ling2020+kazakhstan2022
Hirschia,loco_test_shanghai2022,lgbm,0.0,0.0,0.0,0.0,338,zhuang2018+ling2020+kazakhstan2022
Longimicrobium,loco_test_shanghai2022,lgbm,0.0,0.0,0.0,0.0,339,zhuang2018+ling2020+kazakhstan2022
Luedemannella,loco_test_shanghai2022,lgbm,0.0,0.0,0.0,0.0,340,zhuang2018+ling2020+kazakhstan2022
Luteolibacter,loco_test_shanghai2022,lgbm,0.0,0.0,0.0,0.0,341,zhuang2018+ling2020+kazakhstan2022
Helicobacter,loco_test_shanghai2022,lgbm,0.0,0.0,0.0,0.0,342,zhuang2018+ling2020+kazakhstan2022
Lysobacter,loco_test_shanghai2022,lgbm,0.0,0.0,0.0,0.0,343,zhuang2018+ling2020+kazakhstan2022
Nitrolancea,loco_test_shanghai2022,lgbm,0.0,0.0,0.0,0.0,344,zhuang2018+ling2020+kazakhstan2022
Nitrosospira,loco_test_shanghai2022,lgbm,0.0,0.0,0.0,0.0,345,zhuang2018+ling2020+kazakhstan2022
Caulobacter,loco_test_shanghai2022,lgbm,0.0,0.0,0.0,0.0,346,zhuang2018+ling2020+kazakhstan2022
Citrifermentans,loco_test_shanghai2022,lgbm,0.0,0.0,0.0,0.0,347,zhuang2018+ling2020+kazakhstan2022
Dethiobacter,loco_test_shanghai2022,lgbm,0.0,0.0,0.0,0.0,348,zhuang2018+ling2020+kazakhstan2022
Dactylosporangium,loco_test_shanghai2022,lgbm,0.0,0.0,0.0,0.0,349,zhuang2018+ling2020+kazakhstan2022
Cutibacterium,loco_test_shanghai2022,lgbm,0.0,0.0,0.0,0.0,350,zhuang2018+ling2020+kazakhstan2022
Pedobacter,loco_test_shanghai2022,lgbm,0.0,0.0,0.0,0.0,351,zhuang2018+ling2020+kazakhstan2022
Pedomicrobium,loco_test_shanghai2022,lgbm,0.0,0.0,0.0,0.0,352,zhuang2018+ling2020+kazakhstan2022
Curvibacter,loco_test_shanghai2022,lgbm,0.0,0.0,0.0,0.0,353,zhuang2018+ling2020+kazakhstan2022
Coprobacter,loco_test_shanghai2022,lgbm,0.0,0.0,0.0,0.0,354,zhuang2018+ling2020+kazakhstan2022
Comamonas,loco_test_shanghai2022,lgbm,0.0,0.0,0.0,0.0,355,zhuang2018+ling2020+kazakhstan2022
Peptostreptococcus,loco_test_shanghai2022,lgbm,0.0,0.0,0.0,0.0,356,zhuang2018+ling2020+kazakhstan2022
Peredibacter,loco_test_shanghai2022,lgbm,0.0,0.0,0.0,0.0,357,zhuang2018+ling2020+kazakhstan2022
Phaselicystis,loco_test_shanghai2022,lgbm,0.0,0.0,0.0,0.0,358,zhuang2018+ling2020+kazakhstan2022
Diaphorobacter,loco_test_shanghai2022,lgbm,0.0,0.0,0.0,0.0,359,zhuang2018+ling2020+kazakhstan2022
Phenylobacterium,loco_test_shanghai2022,lgbm,0.0,0.0,0.0,0.0,360,zhuang2018+ling2020+kazakhstan2022
Citricoccus,loco_test_shanghai2022,lgbm,0.0,0.0,0.0,0.0,361,zhuang2018+ling2020+kazakhstan2022
Polaromonas,loco_test_shanghai2022,lgbm,0.0,0.0,0.0,0.0,362,zhuang2018+ling2020+kazakhstan2022
Polyangium,loco_test_shanghai2022,lgbm,0.0,0.0,0.0,0.0,363,zhuang2018+ling2020+kazakhstan2022
Polycyclovorans,loco_test_shanghai2022,lgbm,0.0,0.0,0.0,0.0,364,zhuang2018+ling2020+kazakhstan2022
Pontibacter,loco_test_shanghai2022,lgbm,0.0,0.0,0.0,0.0,365,zhuang2018+ling2020+kazakhstan2022
Chthoniobacter,loco_test_shanghai2022,lgbm,0.0,0.0,0.0,0.0,366,zhuang2018+ling2020+kazakhstan2022
Chryseolinea,loco_test_shanghai2022,lgbm,0.0,0.0,0.0,0.0,367,zhuang2018+ling2020+kazakhstan2022
Chryseobacterium,loco_test_shanghai2022,lgbm,0.0,0.0,0.0,0.0,368,zhuang2018+ling2020+kazakhstan2022
Cellvibrio,loco_test_shanghai2022,lgbm,0.0,0.0,0.0,0.0,369,zhuang2018+ling2020+kazakhstan2022
Paraprevotella,loco_test_shanghai2022,lgbm,0.0,0.0,0.0,0.0,370,zhuang2018+ling2020+kazakhstan2022
Dielma,loco_test_shanghai2022,lgbm,0.0,0.0,0.0,0.0,371,zhuang2018+ling2020+kazakhstan2022
Faecalitalea,loco_test_shanghai2022,lgbm,0.0,0.0,0.0,0.0,372,zhuang2018+ling2020+kazakhstan2022
Enhydrobacter,loco_test_shanghai2022,lgbm,0.0,0.0,0.0,0.0,373,zhuang2018+ling2020+kazakhstan2022
Nocardioides,loco_test_shanghai2022,lgbm,0.0,0.0,0.0,0.0,374,zhuang2018+ling2020+kazakhstan2022
Faecalibaculum,loco_test_shanghai2022,lgbm,0.0,0.0,0.0,0.0,375,zhuang2018+ling2020+kazakhstan2022
Nordella,loco_test_shanghai2022,lgbm,0.0,0.0,0.0,0.0,376,zhuang2018+ling2020+kazakhstan2022
Novosphingobium,loco_test_shanghai2022,lgbm,0.0,0.0,0.0,0.0,377,zhuang2018+ling2020+kazakhstan2022
OLB17,loco_test_shanghai2022,lgbm,0.0,0.0,0.0,0.0,378,zhuang2018+ling2020+kazakhstan2022
Eubacterium oxidoreducens group,loco_test_shanghai2022,lgbm,0.0,0.0,0.0,0.0,379,zhuang2018+ling2020+kazakhstan2022
Oceanicaulis,loco_test_shanghai2022,lgbm,0.0,0.0,0.0,0.0,380,zhuang2018+ling2020+kazakhstan2022
Enteroscipio,loco_test_shanghai2022,lgbm,0.0,0.0,0.0,0.0,381,zhuang2018+ling2020+kazakhstan2022
Ohtaekwangia,loco_test_shanghai2022,lgbm,0.0,0.0,0.0,0.0,382,zhuang2018+ling2020+kazakhstan2022
Enterorhabdus,loco_test_shanghai2022,lgbm,0.0,0.0,0.0,0.0,383,zhuang2018+ling2020+kazakhstan2022
Elusimicrobium,loco_test_shanghai2022,lgbm,0.0,0.0,0.0,0.0,384,zhuang2018+ling2020+kazakhstan2022
Dinghuibacter,loco_test_shanghai2022,lgbm,0.0,0.0,0.0,0.0,385,zhuang2018+ling2020+kazakhstan2022
Ellin6067,loco_test_shanghai2022,lgbm,0.0,0.0,0.0,0.0,386,zhuang2018+ling2020+kazakhstan2022
Ellin6055,loco_test_shanghai2022,lgbm,0.0,0.0,0.0,0.0,387,zhuang2018+ling2020+kazakhstan2022
Edaphobaculum,loco_test_shanghai2022,lgbm,0.0,0.0,0.0,0.0,388,zhuang2018+ling2020+kazakhstan2022
P3OB-42,loco_test_shanghai2022,lgbm,0.0,0.0,0.0,0.0,389,zhuang2018+ling2020+kazakhstan2022
Paenibacillus,loco_test_shanghai2022,lgbm,0.0,0.0,0.0,0.0,390,zhuang2018+ling2020+kazakhstan2022
Paeniclostridium,loco_test_shanghai2022,lgbm,0.0,0.0,0.0,0.0,391,zhuang2018+ling2020+kazakhstan2022
Paenisporosarcina,loco_test_shanghai2022,lgbm,0.0,0.0,0.0,0.0,392,zhuang2018+ling2020+kazakhstan2022
Pajaroellobacter,loco_test_shanghai2022,lgbm,0.0,0.0,0.0,0.0,393,zhuang2018+ling2020+kazakhstan2022
Dongia,loco_test_shanghai2022,lgbm,0.0,0.0,0.0,0.0,394,zhuang2018+ling2020+kazakhstan2022
Pannonibacter,loco_test_shanghai2022,lgbm,0.0,0.0,0.0,0.0,395,zhuang2018+ling2020+kazakhstan2022
wb1-P19,loco_test_shanghai2022,lgbm,0.0,0.0,0.0,0.0,396,zhuang2018+ling2020+kazakhstan2022
Akkermansia,loco_test_kazakhstan2022,logreg,0.2058825263302626,-8.01277034141668e-17,0.07756141902454211,-0.07395391116293568,1,zhuang2018+ling2020+shanghai2022
Eisenbergiella,loco_test_kazakhstan2022,logreg,0.1421899404445637,-9.004040899117713e-18,0.0212743020834156,-0.020284799660931174,2,zhuang2018+ling2020+shanghai2022
Butyricimonas,loco_test_kazakhstan2022,logreg,0.13529000187225818,1.734723475976807e-18,-0.013555850389397255,0.012925345720122956,3,zhuang2018+ling2020+shanghai2022
Methanobrevibacter,loco_test_kazakhstan2022,logreg,0.13281667799922042,9.086646778926132e-18,-0.02773922413944581,0.026449027667843683,4,zhuang2018+ling2020+shanghai2022
Enterococcus,loco_test_kazakhstan2022,logreg,0.13107440919793498,1.784287003861859e-17,0.000557382258254084,-0.0005314575020561596,5,zhuang2018+ling2020+shanghai2022
Weissella,loco_test_kazakhstan2022,logreg,0.1275201789080607,-2.64338815386942e-18,0.0286497591901196,-0.027317212251044276,6,zhuang2018+ling2020+shanghai2022
Lactobacillus,loco_test_kazakhstan2022,logreg,0.12689018578182407,7.434529182757744e-18,0.025785229742644047,-0.024585916731358272,7,zhuang2018+ling2020+shanghai2022
Romboutsia,loco_test_kazakhstan2022,logreg,0.12178003211784875,-7.444854917733797e-17,-0.005821818464046311,0.005551036209904478,8,zhuang2018+ling2020+shanghai2022
Lachnospiraceae UCG-010,loco_test_kazakhstan2022,logreg,0.1206230759340583,-4.526802213501382e-17,0.0021324536087941365,-0.002033269720013105,9,zhuang2018+ling2020+shanghai2022
Catenibacterium,loco_test_kazakhstan2022,logreg,0.11565723794801357,3.0398963769498337e-17,-0.004268700511441402,0.00407015630160697,10,zhuang2018+ling2020+shanghai2022
[Clostridium] innocuum group,loco_test_kazakhstan2022,logreg,0.11414335451440548,-1.32169407693471e-18,-0.0011658229295430306,0.0011115986072386987,11,zhuang2018+ling2020+shanghai2022
Bilophila,loco_test_kazakhstan2022,logreg,0.10625179949027078,-6.6084703846735505e-18,0.010290025089402037,-0.009811419271290324,12,zhuang2018+ling2020+shanghai2022
[Eubacterium] xylanophilum group,loco_test_kazakhstan2022,logreg,0.1031925358234322,2.015583467325433e-17,0.02824574945311318,-0.02693199366459625,13,zhuang2018+ling2020+shanghai2022
Peptococcus,loco_test_kazakhstan2022,logreg,0.10298565664285768,1.742984063957649e-17,-0.005044550725292538,0.004809920458999888,14,zhuang2018+ling2020+shanghai2022
Tyzzerella,loco_test_kazakhstan2022,logreg,0.09893774155753157,-1.0903976134711359e-17,0.04208649223882338,-0.04012898097190139,15,zhuang2018+ling2020+shanghai2022
Sellimonas,loco_test_kazakhstan2022,logreg,0.097331279111641,-1.0243129096244004e-17,-0.02369419326625699,0.022592137765500838,16,zhuang2018+ling2020+shanghai2022
Erysipelatoclostridium,loco_test_kazakhstan2022,logreg,0.0951822466744846,-1.32169407693471e-18,-0.01683626254503476,0.016053180566195934,17,zhuang2018+ling2020+shanghai2022
[Eubacterium] siraeum group,loco_test_kazakhstan2022,logreg,0.09393630352348493,5.0224374923518987e-17,0.009418977656150872,-0.008980885672143762,18,zhuang2018+ling2020+shanghai2022
Odoribacter,loco_test_kazakhstan2022,logreg,0.09300708635346078,-5.2258544713801314e-17,-0.005314130709749061,0.005066961839528075,19,zhuang2018+ling2020+shanghai2022
Streptococcus,loco_test_kazakhstan2022,logreg,0.09022935063912232,-3.0729387288732013e-17,-0.021939744724456502,0.02091929148145846,20,zhuang2018+ling2020+shanghai2022
Lachnospiraceae ND3007 group,loco_test_kazakhstan2022,logreg,0.0878358917154845,1.2886517250113425e-17,0.01997211769084177,-0.019043181984290954,21,zhuang2018+ling2020+shanghai2022
Peptoniphilus,loco_test_kazakhstan2022,logreg,0.08718494333452503,-1.4869058365515489e-18,0.01882653616953974,-0.017950883324444868,22,zhuang2018+ling2020+shanghai2022
Lachnoclostridium,loco_test_kazakhstan2022,logreg,0.08673793250438441,-2.9738116731030977e-18,0.008183128875173981,-0.007802518229817064,23,zhuang2018+ling2020+shanghai2022
Lachnospira,loco_test_kazakhstan2022,logreg,0.08669627383740142,-1.486905836551549e-17,0.014435539707540353,-0.013764119256026894,24,zhuang2018+ling2020+shanghai2022
Bifidobacterium,loco_test_kazakhstan2022,logreg,0.07854894216441106,-1.094940936860599e-16,-0.026396018236863567,0.025168296458404574,25,zhuang2018+ling2020+shanghai2022
Megasphaera,loco_test_kazakhstan2022,logreg,0.07846410105653465,-2.9738116731030977e-18,0.01412169171822485,-0.013464868847609748,26,zhuang2018+ling2020+shanghai2022
Faecalibacterium,loco_test_kazakhstan2022,logreg,0.0778580794967801,-7.996249165454996e-17,0.015186324523394312,-0.01447998384788775,27,zhuang2018+ling2020+shanghai2022
Solobacterium,loco_test_kazakhstan2022,logreg,0.07394387680242234,3.1390234327199367e-18,-0.01469498799705272,0.014011500183236316,28,zhuang2018+ling2020+shanghai2022
UCG-003,loco_test_kazakhstan2022,logreg,0.07089502825849892,2.64338815386942e-18,7.563706452408494e-05,-7.211906152295664e-05,29,zhuang2018+ling2020+shanghai2022
Anaerotruncus,loco_test_kazakhstan2022,logreg,0.0693412996589026,4.956352788505163e-18,-0.004528401810055109,0.0043177784700525555,30,zhuang2018+ling2020+shanghai2022
Lactococcus,loco_test_kazakhstan2022,logreg,0.06780252766001393,1.899935235593646e-17,0.013081042261090864,-0.012472621690807529,31,zhuang2018+ling2020+shanghai2022
Eubacterium brachy group,loco_test_kazakhstan2022,logreg,0.06762532111421204,-6.195440985631454e-19,-0.0210035633442313,0.020026653421243785,32,zhuang2018+ling2020+shanghai2022
Allisonella,loco_test_kazakhstan2022,logreg,0.06372193247044308,9.086646778926132e-18,0.00423212272059215,-0.004035279803355285,33,zhuang2018+ling2020+shanghai2022
Ruminococcus gnavus group,loco_test_kazakhstan2022,logreg,0.06370643653450067,-5.121564548122002e-18,-0.010364104906744226,0.009882053515732857,34,zhuang2018+ling2020+shanghai2022
Lachnospiraceae NK4A136 group,loco_test_kazakhstan2022,logreg,0.0625214504881229,-4.625929269271485e-18,-0.014931345780874855,0.014236864581764387,35,zhuang2018+ling2020+shanghai2022
Sutterella,loco_test_kazakhstan2022,logreg,0.062341261478250184,1.4869058365515489e-18,-0.0040255360058653504,0.003838301773034397,36,zhuang2018+ling2020+shanghai2022
Succinivibrio,loco_test_kazakhstan2022,logreg,0.06225324260446941,9.912705577010326e-19,0.0034780191278159355,-0.003316250796289608,37,zhuang2018+ling2020+shanghai2022
Klebsiella,loco_test_kazakhstan2022,logreg,0.06199505702312952,8.591011500075616e-18,-0.015244600036890722,0.0145355488723842,38,zhuang2018+ling2020+shanghai2022
Prevotellaceae NK3B31 group,loco_test_kazakhstan2022,logreg,0.061141826691196596,1.6521175961683876e-18,-0.00557903997956131,0.00531954974795381,39,zhuang2018+ling2020+shanghai2022
Sphingomonas,loco_test_kazakhstan2022,logreg,0.05989982827269983,-5.038958668313582e-18,0.014799962783973062,-0.01411159242192781,40,zhuang2018+ling2020+shanghai2022
Christensenellaceae R-7 group,loco_test_kazakhstan2022,logreg,0.059729700067508495,9.020562075079397e-17,0.008332115347589087,-0.00794457509886384,41,zhuang2018+ling2020+shanghai2022
Citrobacter,loco_test_kazakhstan2022,logreg,0.05694743028217969,-1.6521175961683876e-19,0.007959616179222797,-0.007589401473212436,42,zhuang2018+ling2020+shanghai2022
Phascolarctobacterium,loco_test_kazakhstan2022,logreg,0.05482979548273238,1.7182023000151233e-17,0.003273319782873542,-0.0031210723511119432,43,zhuang2018+ling2020+shanghai2022
Senegalimassilia,loco_test_kazakhstan2022,logreg,0.05469780964573238,-1.5199481884749168e-17,-0.010639708421546382,0.010144838262404664,44,zhuang2018+ling2020+shanghai2022
Acidaminococcus,loco_test_kazakhstan2022,logreg,0.053807265033707155,2.4781763942525814e-19,6.798544976966926e-05,-6.482333582689475e-05,45,zhuang2018+ling2020+shanghai2022
Incertae Sedis,loco_test_kazakhstan2022,logreg,0.05365250635374406,8.260587980841938e-20,-0.008426938115049826,0.00803498750504751,46,zhuang2018+ling2020+shanghai2022
Agathobacter,loco_test_kazakhstan2022,logreg,0.053557310530372444,-4.2128998702293885e-17,0.0016162522359667,-0.001541077713363678,47,zhuang2018+ling2020+shanghai2022
GCA-900066575,loco_test_kazakhstan2022,logreg,0.050982231523587815,2.4781763942525816e-18,-0.009339412475120667,0.00890502119720809,48,zhuang2018+ling2020+shanghai2022
Dorea,loco_test_kazakhstan2022,logreg,0.05025777280959975,-7.434529182757744e-18,-0.02069169088763494,0.01972928666030307,49,zhuang2018+ling2020+shanghai2022
Bacillus,loco_test_kazakhstan2022,logreg,0.04983915179800024,3.96508223080413e-18,-0.010170985775129898,0.00969791666930991,50,zhuang2018+ling2020+shanghai2022
Corynebacterium,loco_test_kazakhstan2022,logreg,0.04943314918829785,9.25185853854297e-18,0.016296776052363484,-0.015538786468532604,51,zhuang2018+ling2020+shanghai2022
Pyramidobacter,loco_test_kazakhstan2022,logreg,0.04934130275762632,-4.212899870229388e-18,-0.0044901278546560916,0.004281284698625567,52,zhuang2018+ling2020+shanghai2022
Anaerostipes,loco_test_kazakhstan2022,logreg,0.049147655457446274,4.291375456047387e-17,0.009030959929595406,-0.008610915281707172,53,zhuang2018+ling2020+shanghai2022
Parasutterella,loco_test_kazakhstan2022,logreg,0.04786533697479109,-3.469446951953614e-18,0.00890197825595643,-0.0084879327556794,54,zhuang2018+ling2020+shanghai2022
Slackia,loco_test_kazakhstan2022,logreg,0.04744901079154864,-1.6521175961683876e-19,0.005644004712037675,-0.005381492864966153,55,zhuang2018+ling2020+shanghai2022
Haemophilus,loco_test_kazakhstan2022,logreg,0.04608226512519027,-5.451988067355679e-18,0.01578225113737909,-0.015048192944942855,56,zhuang2018+ling2020+shanghai2022
Butyricicoccus,loco_test_kazakhstan2022,logreg,0.04497215899420473,5.088522196198634e-17,0.005674262347508666,-0.005410343168554678,57,zhuang2018+ling2020+shanghai2022
Limosilactobacillus,loco_test_kazakhstan2022,logreg,0.0447457492601261,3.1390234327199367e-18,0.0016300417550623742,-0.0015542258594780723,58,zhuang2018+ling2020+shanghai2022
Lactiplantibacillus,loco_test_kazakhstan2022,logreg,0.04369764662939692,-5.472639537307784e-19,0.01795593578653193,-0.0171207759825072,59,zhuang2018+ling2020+shanghai2022
HT002,loco_test_kazakhstan2022,logreg,0.043494930101484176,-6.814985084194599e-19,0.003737707766248296,-0.00356386089339954,60,zhuang2018+ling2020+shanghai2022
Holdemanella,loco_test_kazakhstan2022,logreg,0.04324322446269918,1.8008081798235427e-17,-0.013097460767273715,0.012488276545540088,61,zhuang2018+ling2020+shanghai2022
Veillonella,loco_test_kazakhstan2022,logreg,0.04313482613493511,8.260587980841938e-18,0.014204435516668246,-0.013543764097288307,62,zhuang2018+ling2020+shanghai2022
Porphyromonas,loco_test_kazakhstan2022,logreg,0.0421705804447272,-3.634658711570453e-18,-0.0021314503743375224,0.002032313147624143,63,zhuang2018+ling2020+shanghai2022
Prevotellaceae UCG-003,loco_test_kazakhstan2022,logreg,0.04137174058536065,7.434529182757744e-19,0.0002727614838205313,-0.00026007490317772256,64,zhuang2018+ling2020+shanghai2022
CAG-56,loco_test_kazakhstan2022,logreg,0.04108857807344995,-1.982541115402065e-18,-0.0012095288998599733,0.0011532717417269437,65,zhuang2018+ling2020+shanghai2022
Eubacterium hallii group,loco_test_kazakhstan2022,logreg,0.04089911627728469,-1.0325734976052423e-18,-0.007912511603569526,0.007544487808054662,66,zhuang2018+ling2020+shanghai2022
Hungatella,loco_test_kazakhstan2022,logreg,0.03964946700481461,1.899935235593646e-18,0.006246372221585778,-0.0059558432810469025,67,zhuang2018+ling2020+shanghai2022
Prevotella_9,loco_test_kazakhstan2022,logreg,0.0394169290996879,9.41707029815981e-18,-0.009375974619513817,0.008939882776745749,68,zhuang2018+ling2020+shanghai2022
Prevotellaceae UCG-001,loco_test_kazakhstan2022,logreg,0.037953141019389965,-2.395570514444162e-18,0.010763802494695888,-0.01026316051819841,69,zhuang2018+ling2020+shanghai2022
Phocea,loco_test_kazakhstan2022,logreg,0.03620576729488297,-2.4781763942525814e-19,-0.002212500978021227,0.00210959395578768,70,zhuang2018+ling2020+shanghai2022
Gemella,loco_test_kazakhstan2022,logreg,0.03614492671748366,3.634658711570453e-18,0.0005755737408598976,-0.0005488028691919882,71,zhuang2018+ling2020+shanghai2022
Pseudomonas,loco_test_kazakhstan2022,logreg,0.03564228954772971,-1.5282087764557586e-18,0.0003260775747476757,-0.0003109111759222062,72,zhuang2018+ling2020+shanghai2022
Ruminococcus,loco_test_kazakhstan2022,logreg,0.03452901252781944,2.7425152096395237e-17,0.0052730061262762406,-0.005027750027379615,73,zhuang2018+ling2020+shanghai2022
Actinomyces,loco_test_kazakhstan2022,logreg,0.03435385702348494,-2.581433744013106e-18,-0.0004961885253496374,0.0004731099892868583,74,zhuang2018+ling2020+shanghai2022
Oribacterium,loco_test_kazakhstan2022,logreg,0.0342580324592826,-5.28677630773884e-18,0.007324531861607344,-0.006983855961067479,75,zhuang2018+ling2020+shanghai2022
Atopobium,loco_test_kazakhstan2022,logreg,0.03420540852151036,-9.747493817393487e-18,-0.0014602651729026747,0.0013923458625350893,76,zhuang2018+ling2020+shanghai2022
Holdemania,loco_test_kazakhstan2022,logreg,0.0338367428547133,3.304235192336775e-19,4.392699457342195e-05,-4.1883878546752456e-05,77,zhuang2018+ling2020+shanghai2022
Pelagibacterium,loco_test_kazakhstan2022,logreg,0.03366352913160366,-7.682346822183003e-18,-0.00393022087514208,0.0037474199042052273,78,zhuang2018+ling2020+shanghai2022
Roseburia,loco_test_kazakhstan2022,logreg,0.03356354930635861,-3.337277544260143e-17,-0.012798372880166673,0.012203099722949556,79,zhuang2018+ling2020+shanghai2022
Enterorhabdus,loco_test_kazakhstan2022,logreg,0.03276540807360458,-1.85346942820141e-18,-0.003348811072835134,0.003193052418284659,80,zhuang2018+ling2020+shanghai2022
Blautia,loco_test_kazakhstan2022,logreg,0.032701364553662314,-3.3703198961835107e-17,0.009397397424854225,-0.008960309172535487,81,zhuang2018+ling2020+shanghai2022
Peptostreptococcus,loco_test_kazakhstan2022,logreg,0.03262490624238863,-5.782411586589357e-19,-0.0009565068330555685,0.0009120181431460059,82,zhuang2018+ling2020+shanghai2022
Lacticaseibacillus,loco_test_kazakhstan2022,logreg,0.03260440833182856,-1.5695117163599683e-18,0.0010252306042276673,-0.0009775454598449907,83,zhuang2018+ling2020+shanghai2022
UBA1819,loco_test_kazakhstan2022,logreg,0.031406692326820015,1.734723475976807e-18,0.0021043159503244947,-0.002006440789844286,84,zhuang2018+ling2020+shanghai2022
Clostridium sensu stricto 1,loco_test_kazakhstan2022,logreg,0.03074328363208569,6.60847038467355e-19,-0.004519518648006332,0.004309308478331616,85,zhuang2018+ling2020+shanghai2022
Subdoligranulum,loco_test_kazakhstan2022,logreg,0.03066682545636242,4.3076384886346695e-17,-0.0060047720914753674,0.005725480366290552,86,zhuang2018+ling2020+shanghai2022
Negativibacillus,loco_test_kazakhstan2022,logreg,0.030536076662915457,-2.8912057932946786e-18,0.0017357492017762806,-0.0016550166807634357,87,zhuang2018+ling2020+shanghai2022
Terrisporobacter,loco_test_kazakhstan2022,logreg,0.030279609654754243,-1.594293480302494e-17,-0.0006190966370091893,0.0005903014445901253,88,zhuang2018+ling2020+shanghai2022
Merdibacter,loco_test_kazakhstan2022,logreg,0.02989254637597609,2.9738116731030977e-18,-0.004787926220345365,0.004565231977538612,89,zhuang2018+ling2020+shanghai2022
Intestinibacter,loco_test_kazakhstan2022,logreg,0.029522205255269267,-1.1069187894328198e-17,-0.0013561282081904094,0.001293052477576883,90,zhuang2018+ling2020+shanghai2022
Cloacibacillus,loco_test_kazakhstan2022,logreg,0.02870474035520601,1.5282087764557586e-18,-0.010505670392520922,0.01001703456031065,91,zhuang2018+ling2020+shanghai2022
Flavonifractor,loco_test_kazakhstan2022,logreg,0.0282546259889693,-2.932508733198888e-18,-0.004083121693560977,0.0038932090566511602,92,zhuang2018+ling2020+shanghai2022
CAG-352,loco_test_kazakhstan2022,logreg,0.02809762854554499,-2.2468799307890073e-17,-0.004893665873160575,0.004666053506967014,93,zhuang2018+ling2020+shanghai2022
Halomonas,loco_test_kazakhstan2022,logreg,0.027975648142660566,-1.3547364288580779e-17,-0.005750699732778995,0.005483225326603201,94,zhuang2018+ling2020+shanghai2022
Family XIII AD3011 group,loco_test_kazakhstan2022,logreg,0.027949701089280805,-2.3501372805495315e-17,-0.0014201623254125207,0.0013541082637653818,95,zhuang2018+ling2020+shanghai2022
Coprobacter,loco_test_kazakhstan2022,logreg,0.02793480191641226,8.260587980841938e-20,0.0006675449259670082,-0.0006364963247592402,96,zhuang2018+ling2020+shanghai2022
Fournierella,loco_test_kazakhstan2022,logreg,0.027663583222585008,-8.260587980841938e-20,0.007352964940082085,-0.0070109665707759426,97,zhuang2018+ling2020+shanghai2022
DTU089,loco_test_kazakhstan2022,logreg,0.027158671513164666,-1.4068813904871427e-19,0.006162890218208195,-0.005876244161547351,98,zhuang2018+ling2020+shanghai2022
Turicibacter,loco_test_kazakhstan2022,logreg,0.027016811938303003,-7.434529182757744e-19,-0.007893114528025082,0.00752599292207042,99,zhuang2018+ling2020+shanghai2022
Eubacterium eligens group,loco_test_kazakhstan2022,logreg,0.026634018578096986,8.0953762212251e-18,0.010211045176255455,-0.009736112842476117,100,zhuang2018+ling2020+shanghai2022
Paraprevotella,loco_test_kazakhstan2022,logreg,0.026623865169059596,2.808599913486259e-18,-0.0015780303898232878,0.001504633627505928,101,zhuang2018+ling2020+shanghai2022
Enterobacter,loco_test_kazakhstan2022,logreg,0.026323313940541295,5.782411586589357e-18,0.0030732499123185516,-0.0029303080559316304,102,zhuang2018+ling2020+shanghai2022
Paeniclostridium,loco_test_kazakhstan2022,logreg,0.026315897740775557,-1.414625691719182e-18,0.005312094148640936,-0.005065020002192522,103,zhuang2018+ling2020+shanghai2022
[Eubacterium] ruminantium group,loco_test_kazakhstan2022,logreg,0.02549315159813148,-8.673617379884035e-18,0.001080667098304411,-0.00103040351233678,104,zhuang2018+ling2020+shanghai2022
Coprococcus,loco_test_kazakhstan2022,logreg,0.025106388451757417,6.448421492544738e-18,-0.009134258328493754,0.00870940910391266,105,zhuang2018+ling2020+shanghai2022
Paludicola,loco_test_kazakhstan2022,logreg,0.02488527275570191,-2.6020852139652106e-18,-0.0008338501226387462,0.0007950663960043812,106,zhuang2018+ling2020+shanghai2022
Acinetobacter,loco_test_kazakhstan2022,logreg,0.024574079430517523,7.434529182757744e-19,0.006010339716936076,-0.0057307890324274175,107,zhuang2018+ling2020+shanghai2022
Anaerofilum,loco_test_kazakhstan2022,logreg,0.02372851903452792,1.858632295689436e-19,0.0018696678695665292,-0.0017827065733076219,108,zhuang2018+ling2020+shanghai2022
Mitsuokella,loco_test_kazakhstan2022,logreg,0.023635708937921083,5.782411586589357e-19,0.004661661010915096,-0.00444483956854695,109,zhuang2018+ling2020+shanghai2022
Colidextribacter,loco_test_kazakhstan2022,logreg,0.022848245735652552,5.3487307175951555e-18,-6.2275112910006815e-06,5.937859603059789e-06,110,zhuang2018+ling2020+shanghai2022
[Ruminococcus] gauvreauii group,loco_test_kazakhstan2022,logreg,0.022645490668154588,2.2303587548273235e-17,0.010956778514207621,-0.010447160908895598,111,zhuang2018+ling2020+shanghai2022
Family XIII UCG-001,loco_test_kazakhstan2022,logreg,0.02226265604757091,2.1890558149231136e-18,0.005717570649746414,-0.005451637131153553,112,zhuang2018+ling2020+shanghai2022
Olsenella,loco_test_kazakhstan2022,logreg,0.022217982841635637,1.6521175961683876e-18,0.004778847546649163,-0.004556575567735245,113,zhuang2018+ling2020+shanghai2022
Anaerococcus,loco_test_kazakhstan2022,logreg,0.02211018425557977,-3.3042351923367752e-18,0.005814372875405541,-0.0055439369277122666,114,zhuang2018+ling2020+shanghai2022
Lachnospiraceae NC2004 group,loco_test_kazakhstan2022,logreg,0.02177794336991869,5.28677630773884e-18,0.002794164136927697,-0.0026642030142798893,115,zhuang2018+ling2020+shanghai2022
Alistipes,loco_test_kazakhstan2022,logreg,0.021766355960750963,7.888861521704051e-18,0.00046513267553274735,-0.00044349859760097924,116,zhuang2018+ling2020+shanghai2022
CAG-873,loco_test_kazakhstan2022,logreg,0.021712086276304544,6.60847038467355e-19,-0.004168527544530317,0.0039746425424591406,117,zhuang2018+ling2020+shanghai2022
Staphylococcus,loco_test_kazakhstan2022,logreg,0.02149374563552736,3.96508223080413e-18,-0.003429954651520335,0.003270421877031021,118,zhuang2018+ling2020+shanghai2022
Eubacterium,loco_test_kazakhstan2022,logreg,0.021263718052276098,9.964334251890588e-19,0.00483694051488782,-0.004611966537451178,119,zhuang2018+ling2020+shanghai2022
Frisingicoccus,loco_test_kazakhstan2022,logreg,0.020510502544006298,0.0,0.0009702253893686134,-0.0009250986270723984,120,zhuang2018+ling2020+shanghai2022
Parvimonas,loco_test_kazakhstan2022,logreg,0.019899054075701632,5.782411586589357e-18,-0.002108392250520434,0.0020103274946822857,121,zhuang2018+ling2020+shanghai2022
Parabacteroides,loco_test_kazakhstan2022,logreg,0.019757734198211016,1.5695117163599683e-18,-0.0030007473504826,0.002861177706274112,122,zhuang2018+ling2020+shanghai2022
Coprobacillus,loco_test_kazakhstan2022,logreg,0.01967118519925435,-6.60847038467355e-19,-0.002969649943345258,0.0028315266901664062,123,zhuang2018+ling2020+shanghai2022
Salmonella,loco_test_kazakhstan2022,logreg,0.019465815727815968,-1.6521175961683876e-19,-0.0029973891649234543,0.00285797571539213,124,zhuang2018+ling2020+shanghai2022
Christensenella,loco_test_kazakhstan2022,logreg,0.019438516635379315,4.212899870229388e-18,0.005150812209414438,-0.0049112395485114355,125,zhuang2018+ling2020+shanghai2022
Dielma,loco_test_kazakhstan2022,logreg,0.01882349158839794,1.4094628242311558e-18,-0.0010692469491014281,0.0010195145328641556,126,zhuang2018+ling2020+shanghai2022
UCG-002,loco_test_kazakhstan2022,logreg,0.01807739108417699,-2.8912057932946786e-18,0.000556008585988701,-0.0005301477215241141,127,zhuang2018+ling2020+shanghai2022
Massilia,loco_test_kazakhstan2022,logreg,0.018076084459651882,4.460717509654647e-18,-0.006243532820749609,0.0059531359453659114,128,zhuang2018+ling2020+shanghai2022
UC5-1-2E3,loco_test_kazakhstan2022,logreg,0.017404904133107434,-9.29316147844718e-19,-0.0036237542294164818,0.0034552075210715267,129,zhuang2018+ling2020+shanghai2022
Methylobacterium-Methylorubrum,loco_test_kazakhstan2022,logreg,0.017187500190495447,4.171596930325179e-18,-0.0008066013749600957,0.000769085031938702,130,zhuang2018+ling2020+shanghai2022
Barnesiella,loco_test_kazakhstan2022,logreg,0.017146410574496968,-9.41707029815981e-18,-0.0036379186371457294,0.0034687131191389344,131,zhuang2018+ling2020+shanghai2022
GCA-900066755,loco_test_kazakhstan2022,logreg,0.01686353343812034,2.0651469952104845e-19,-0.00042804854792979474,0.0004081393131423607,132,zhuang2018+ling2020+shanghai2022
Marvinbryantia,loco_test_kazakhstan2022,logreg,0.01682601441448508,-1.8648277366750676e-17,-0.0014451016913434392,0.0013778876591878932,133,zhuang2018+ling2020+shanghai2022
Lachnospiraceae UCG-001,loco_test_kazakhstan2022,logreg,0.01636653620025635,-1.7760264158810166e-18,-0.0039501627878340325,0.0037664342860743057,134,zhuang2018+ling2020+shanghai2022
Nocardioides,loco_test_kazakhstan2022,logreg,0.016283346866089805,-2.106449935114694e-18,0.0015288298000802167,-0.0014577214372857932,135,zhuang2018+ling2020+shanghai2022
Arenimonas,loco_test_kazakhstan2022,logreg,0.015818857626530295,-2.147752875018904e-18,0.0026311447856824446,-0.002508765958441404,136,zhuang2018+ling2020+shanghai2022
Eggerthella,loco_test_kazakhstan2022,logreg,0.015568263581396598,-5.085424475705819e-19,0.001390386670751248,-0.0013257175232744463,137,zhuang2018+ling2020+shanghai2022
Prevotella_7,loco_test_kazakhstan2022,logreg,0.0154947606320374,4.956352788505163e-19,0.00027694164583711724,-0.00026406063905399304,138,zhuang2018+ling2020+shanghai2022
UCG-009,loco_test_kazakhstan2022,logreg,0.015458810789416385,4.130293990420969e-19,0.001008276538403364,-0.0009613799552218124,139,zhuang2018+ling2020+shanghai2022
Nitrospira,loco_test_kazakhstan2022,logreg,0.014865579186279091,5.782411586589357e-19,0.0015143258933791887,-0.0014438921308964363,140,zhuang2018+ling2020+shanghai2022
Granulicatella,loco_test_kazakhstan2022,logreg,0.014797191278655444,3.5933557716662436e-18,0.0017275737736672518,-0.0016472215051245825,141,zhuang2018+ling2020+shanghai2022
Megamonas,loco_test_kazakhstan2022,logreg,0.014629034905748458,3.304235192336775e-19,-0.003668109092411608,0.00349749936718316,142,zhuang2018+ling2020+shanghai2022
UCG-004,loco_test_kazakhstan2022,logreg,0.014276116020368022,3.717264591378872e-19,0.0007870493307386871,-0.0007504423851229336,143,zhuang2018+ling2020+shanghai2022
Lachnospiraceae FCS020 group,loco_test_kazakhstan2022,logreg,0.013642409014710335,-3.304235192336775e-19,-0.0036495745756704974,0.0034798269209881474,144,zhuang2018+ling2020+shanghai2022
Defluviitaleaceae UCG-011,loco_test_kazakhstan2022,logreg,0.013512054950874512,3.204849993192271e-18,0.0010289423396083607,-0.000981084556370756,145,zhuang2018+ling2020+shanghai2022
Fenollaria,loco_test_kazakhstan2022,logreg,0.013356588032043558,-9.086646778926133e-19,-0.0005759984747528243,0.000549207848020133,146,zhuang2018+ling2020+shanghai2022
Alloprevotella,loco_test_kazakhstan2022,logreg,0.012719566327786818,3.1390234327199367e-18,0.0016778579937886584,-0.0015998180871008068,147,zhuang2018+ling2020+shanghai2022
Dialister,loco_test_kazakhstan2022,logreg,0.012611657665389448,-3.469446951953614e-18,0.004169174591295722,-0.003975259494026161,148,zhuang2018+ling2020+shanghai2022
Sarcina,loco_test_kazakhstan2022,logreg,0.012536789572126535,4.027036640660445e-19,0.0015908408104532582,-0.0015168482146182226,149,zhuang2018+ling2020+shanghai2022
Intestinimonas,loco_test_kazakhstan2022,logreg,0.011991192414773866,-9.497094744224217e-18,-0.0026274664496394188,0.0025052587077957064,150,zhuang2018+ling2020+shanghai2022
Sanguibacteroides,loco_test_kazakhstan2022,logreg,0.011830106068424379,7.847558581799842e-19,-0.0007008199443569829,0.000668223667875263,151,zhuang2018+ling2020+shanghai2022
Chelativorans,loco_test_kazakhstan2022,logreg,0.011675331304481392,-2.519479334156791e-18,-0.0013630962647345768,0.0012996964384678477,152,zhuang2018+ling2020+shanghai2022
Faecalitalea,loco_test_kazakhstan2022,logreg,0.011548536861531192,2.9738116731030977e-18,0.0008335550107975416,-0.0007947850102953244,153,zhuang2018+ling2020+shanghai2022
Fusobacterium,loco_test_kazakhstan2022,logreg,0.011011065947111622,2.6640396238215253e-18,-0.0023987663628193675,0.0022871958343161454,154,zhuang2018+ling2020+shanghai2022
Harryflintia,loco_test_kazakhstan2022,logreg,0.010934184669964967,3.7947076036992655e-18,2.8192250021319062e-06,-2.688098257839651e-06,155,zhuang2018+ling2020+shanghai2022
Lactonifactor,loco_test_kazakhstan2022,logreg,0.010928004113899872,2.4007333819321885e-19,-0.0034957276574088007,0.0033331356733432753,156,zhuang2018+ling2020+shanghai2022
Oxalobacter,loco_test_kazakhstan2022,logreg,0.010801956337880855,-2.80085561225422e-19,-0.003811318855467018,0.0036340482110266913,157,zhuang2018+ling2020+shanghai2022
Streptomyces,loco_test_kazakhstan2022,logreg,0.010773774862001446,2.0651469952104845e-20,-0.0001106513725780521,0.00010550479710930475,158,zhuang2018+ling2020+shanghai2022
UCG-007,loco_test_kazakhstan2022,logreg,0.010543615701340927,-2.4781763942525814e-19,0.0031386525402106666,-0.0029926687011311015,159,zhuang2018+ling2020+shanghai2022
Rothia,loco_test_kazakhstan2022,logreg,0.010519280650633137,4.543323389463066e-19,-0.0008117891199727729,0.0007740314864856677,160,zhuang2018+ling2020+shanghai2022
Ruminococcus torques group,loco_test_kazakhstan2022,logreg,0.010440301930188424,-3.3868410721451947e-18,-0.002128696654909648,0.002029687508169657,161,zhuang2018+ling2020+shanghai2022
Rhodococcus,loco_test_kazakhstan2022,logreg,0.010363706687415033,3.3042351923367752e-18,-0.00032807072491173694,0.0003128116214274753,162,zhuang2018+ling2020+shanghai2022
Escherichia-Shigella,loco_test_kazakhstan2022,logreg,0.010234944748357067,3.6294958440824266e-18,0.0015938545637118665,-0.0015197217933066568,163,zhuang2018+ling2020+shanghai2022
Catabacter,loco_test_kazakhstan2022,logreg,0.010232704121422203,-2.68469109377363e-18,-0.001194669376165021,0.0011391033586689691,164,zhuang2018+ling2020+shanghai2022
Papillibacter,loco_test_kazakhstan2022,logreg,0.00989850179859587,9.912705577010326e-19,-0.0002768832470545872,0.00026400495649390955,165,zhuang2018+ling2020+shanghai2022
Comamonas,loco_test_kazakhstan2022,logreg,0.009805187620116632,4.130293990420969e-19,-0.0004185543361728001,0.0003990866926298802,166,zhuang2018+ling2020+shanghai2022
Prevotella,loco_test_kazakhstan2022,logreg,0.009566851744724382,-2.1271014050667993e-18,0.002627834014050988,-0.002505609176188155,167,zhuang2018+ling2020+shanghai2022
Raoultibacter,loco_test_kazakhstan2022,logreg,0.009389462001194051,4.956352788505163e-19,0.00033328498087476665,-0.0003177833538573354,168,zhuang2018+ling2020+shanghai2022
NK4A214 group,loco_test_kazakhstan2022,logreg,0.009387505831765598,-4.336808689942018e-18,-0.0009529649934120598,0.0009086410402300944,169,zhuang2018+ling2020+shanghai2022
Collinsella,loco_test_kazakhstan2022,logreg,0.009314381802058977,1.1564823173178714e-17,-0.002103916788538853,0.0020060601937231153,170,zhuang2018+ling2020+shanghai2022
Aliihoeflea,loco_test_kazakhstan2022,logreg,0.009044088608514453,-2.147752875018904e-18,-0.0010558983791288828,0.001006786826611255,171,zhuang2018+ling2020+shanghai2022
Rikenellaceae RC9 gut group,loco_test_kazakhstan2022,logreg,0.009039345911777491,-5.266124837786735e-19,-0.0003694455359416581,0.0003522620226420456,172,zhuang2018+ling2020+shanghai2022
Oceanicaulis,loco_test_kazakhstan2022,logreg,0.008910277446361786,-1.4249514266952343e-18,-0.0028320282524658016,0.0027003060081650637,173,zhuang2018+ling2020+shanghai2022
Oscillibacter,loco_test_kazakhstan2022,logreg,0.008887473743842736,-6.60847038467355e-19,-0.0016132198811865774,0.0015381863983406885,174,zhuang2018+ling2020+shanghai2022
Leuconostoc,loco_test_kazakhstan2022,logreg,0.008862486374720317,-3.056417552911517e-18,-0.00012274015964756308,0.00011703131501278568,175,zhuang2018+ling2020+shanghai2022
Eubacterium oxidoreducens group,loco_test_kazakhstan2022,logreg,0.008760742178136367,-3.923779290899921e-19,0.00022592801742833029,-0.00021541973754794346,176,zhuang2018+ling2020+shanghai2022
Finegoldia,loco_test_kazakhstan2022,logreg,0.008533197606757578,1.7243977410007547e-18,0.0006077110396370312,-0.0005794454098864682,177,zhuang2018+ling2020+shanghai2022
Oscillospira,loco_test_kazakhstan2022,logreg,0.00848359239544689,-3.562378566738086e-19,-0.0019015948350051578,0.0018131485636095684,178,zhuang2018+ling2020+shanghai2022
Pedobacter,loco_test_kazakhstan2022,logreg,0.008276109182317375,4.543323389463066e-18,0.002913373103506613,-0.002777867377762111,179,zhuang2018+ling2020+shanghai2022
Gordonibacter,loco_test_kazakhstan2022,logreg,0.008224901389511355,-1.0325734976052423e-19,0.00011633932309277775,-0.00011092819178613745,180,zhuang2018+ling2020+shanghai2022
Aeromonas,loco_test_kazakhstan2022,logreg,0.008168413326532606,-1.0945279074615568e-18,0.002357020204242156,-0.0022473913575332205,181,zhuang2018+ling2020+shanghai2022
Lachnospiraceae UCG-004,loco_test_kazakhstan2022,logreg,0.008080168454644798,-1.2390881971262908e-18,0.0006711925018898675,-0.0006399742459880149,182,zhuang2018+ling2020+shanghai2022
Levilactobacillus,loco_test_kazakhstan2022,logreg,0.00787038617353998,1.1358308473657666e-18,0.0028530604384918797,-0.002720359952980628,183,zhuang2018+ling2020+shanghai2022
Anaerofustis,loco_test_kazakhstan2022,logreg,0.007819674627249681,-2.0341697902823275e-18,-0.0011306692765084435,0.0010780800078336289,184,zhuang2018+ling2020+shanghai2022
Ezakiella,loco_test_kazakhstan2022,logreg,0.007196103414580299,7.434529182757744e-19,-0.002383296798418589,0.0022724457845386555,185,zhuang2018+ling2020+shanghai2022
CHKCI002,loco_test_kazakhstan2022,logreg,0.007030148989465172,2.0651469952104845e-19,0.0015027910803714856,-0.001432893820819324,186,zhuang2018+ling2020+shanghai2022
Howardella,loco_test_kazakhstan2022,logreg,0.006982352576435431,3.2009778425762514e-19,0.00028812172189666654,-0.0002747207115758911,187,zhuang2018+ling2020+shanghai2022
Cutibacterium,loco_test_kazakhstan2022,logreg,0.006879855528643102,-3.304235192336775e-19,-0.0006842124689116789,0.0006523886331483447,188,zhuang2018+ling2020+shanghai2022
Eubacterium ventriosum group,loco_test_kazakhstan2022,logreg,0.006778713033441781,-1.2803911370305005e-18,-0.0019697079364657424,0.0018780936138394263,189,zhuang2018+ling2020+shanghai2022
Mogibacterium,loco_test_kazakhstan2022,logreg,0.006218926694071112,1.755374945928912e-19,-0.0012473751453501683,0.0011893576967292308,190,zhuang2018+ling2020+shanghai2022
Fusicatenibacter,loco_test_kazakhstan2022,logreg,0.005874264767961019,6.3606527452482924e-18,-0.0030273870254059693,0.0028865783265498894,191,zhuang2018+ling2020+shanghai2022
TM7x,loco_test_kazakhstan2022,logreg,0.005545367053461287,-4.130293990420969e-20,0.0005316299330789284,-0.0005069029594473507,192,zhuang2018+ling2020+shanghai2022
Flavobacterium,loco_test_kazakhstan2022,logreg,0.005408149298586792,5.162867488026212e-19,0.0016573551440620942,-0.0015802688582917629,193,zhuang2018+ling2020+shanghai2022
Erysipelotrichaceae UCG-006,loco_test_kazakhstan2022,logreg,0.005188718453499844,5.162867488026212e-19,0.000983707167966168,-0.000937953346200299,194,zhuang2018+ling2020+shanghai2022
Victivallis,loco_test_kazakhstan2022,logreg,0.005149216319177572,1.2390881971262908e-18,0.0007319702369686686,-0.0006979251096677978,195,zhuang2018+ling2020+shanghai2022
Erysipelotrichaceae UCG-003,loco_test_kazakhstan2022,logreg,0.005035921830559752,0.0,-0.0019991445517978895,0.0019061610842724054,196,zhuang2018+ling2020+shanghai2022
Campylobacter,loco_test_kazakhstan2022,logreg,0.004960522585745387,-1.6521175961683876e-19,-0.000596981174522246,0.0005692146082653965,197,zhuang2018+ling2020+shanghai2022
Achromobacter,loco_test_kazakhstan2022,logreg,0.0049541867734687875,8.880132079405083e-19,0.0001537204127786498,-0.00014657062613778054,198,zhuang2018+ling2020+shanghai2022
Monoglobus,loco_test_kazakhstan2022,logreg,0.004918006491124206,3.96508223080413e-18,-0.002049105666149957,0.0019537984258639206,199,zhuang2018+ling2020+shanghai2022
Nesterenkonia,loco_test_kazakhstan2022,logreg,0.004798063492596243,-1.0325734976052423e-18,-0.0005601744613625585,0.0005341198352526701,200,zhuang2018+ling2020+shanghai2022
Lachnospiraceae UCG-003,loco_test_kazakhstan2022,logreg,0.0047684631727058675,-1.4456028966473392e-19,0.0003212275907796618,-0.0003062867726038637,201,zhuang2018+ling2020+shanghai2022
Brevundimonas,loco_test_kazakhstan2022,logreg,0.004738098281329678,-1.053224967557347e-18,-0.0004659616543247657,0.00044428901923989055,202,zhuang2018+ling2020+shanghai2022
Latilactobacillus,loco_test_kazakhstan2022,logreg,0.0044787070944853034,-3.510749891857824e-19,-0.0023088884939303786,0.0022014983314219876,203,zhuang2018+ling2020+shanghai2022
Curvibacter,loco_test_kazakhstan2022,logreg,0.004072749827959892,-9.602933527728754e-19,-0.00047549400808520554,0.00045337800770914733,204,zhuang2018+ling2020+shanghai2022
Adlercreutzia,loco_test_kazakhstan2022,logreg,0.00405968064282499,-4.607859233063394e-19,0.0002070975877310882,-0.00019746514179010794,205,zhuang2018+ling2020+shanghai2022
Coriobacteriaceae UCG-003,loco_test_kazakhstan2022,logreg,0.0037601977394141036,7.228014483236696e-20,-0.00020706456929849075,0.00019743365909856113,206,zhuang2018+ling2020+shanghai2022
Bacteroides,loco_test_kazakhstan2022,logreg,0.0037206957509912956,-7.124757133476171e-18,0.0001760469088574951,-0.0001678586805385558,207,zhuang2018+ling2020+shanghai2022
Microbacterium,loco_test_kazakhstan2022,logreg,0.0036809217018485075,1.2545767995903694e-18,-0.0003518063072340185,0.00033544322317662464,208,zhuang2018+ling2020+shanghai2022
Rhizobacter,loco_test_kazakhstan2022,logreg,0.003549940801847003,0.0,0.0006674935640362851,-0.0006364473517555279,209,zhuang2018+ling2020+shanghai2022
Desulfovibrio,loco_test_kazakhstan2022,logreg,0.0035037351123754753,-3.097720492815727e-19,0.0005350562038400825,-0.0005101698687777535,210,zhuang2018+ling2020+shanghai2022
Sediminibacterium,loco_test_kazakhstan2022,logreg,0.003084678129256859,-2.64338815386942e-18,-0.000739431285062595,0.0007050391322689811,211,zhuang2018+ling2020+shanghai2022
Novosphingobium,loco_test_kazakhstan2022,logreg,0.0029269172745262687,-2.68469109377363e-19,7.713786900543551e-05,-7.35500611447182e-05,212,zhuang2018+ling2020+shanghai2022
Helicobacter,loco_test_kazakhstan2022,logreg,0.0028605883880847126,4.440066039702542e-19,-0.00039239308634121277,0.00037414224511604085,213,zhuang2018+ling2020+shanghai2022
[Eubacterium] nodatum group,loco_test_kazakhstan2022,logreg,0.002791652599897502,6.556841709793289e-19,7.973942610434766e-05,-7.603061558786508e-05,214,zhuang2018+ling2020+shanghai2022
RB41,loco_test_kazakhstan2022,logreg,0.002582447991386934,-8.260587980841938e-20,-0.0004612387976565866,0.0004397858303237217,215,zhuang2018+ling2020+shanghai2022
Paracoccus,loco_test_kazakhstan2022,logreg,0.002572082826152324,1.9309124405218032e-18,-0.0005592357802686613,0.000533224813744541,216,zhuang2018+ling2020+shanghai2022
Mycobacterium,loco_test_kazakhstan2022,logreg,0.0025239276133772006,-6.711727734434075e-20,1.6035713207546872e-05,-1.5289866081614777e-05,217,zhuang2018+ling2020+shanghai2022
Lysinibacillus,loco_test_kazakhstan2022,logreg,0.0025221426891995544,6.60847038467355e-19,0.0002809983500191682,-0.0002679286593206011,218,zhuang2018+ling2020+shanghai2022
MND1,loco_test_kazakhstan2022,logreg,0.002374112429819609,7.228014483236696e-20,-0.0002541088184581332,0.0002422898036461271,219,zhuang2018+ling2020+shanghai2022
Paenisporosarcina,loco_test_kazakhstan2022,logreg,0.002345307377589164,-4.130293990420969e-20,0.00012737356002622962,-0.00012144920839710278,220,zhuang2018+ling2020+shanghai2022
Undibacterium,loco_test_kazakhstan2022,logreg,0.002321650110455528,5.472639537307784e-19,0.0002710529158489796,-0.0002584458034839097,221,zhuang2018+ling2020+shanghai2022
Lysobacter,loco_test_kazakhstan2022,logreg,0.002133606526601819,-1.5488602464078635e-19,0.0002873692255920888,-0.00027400321509943353,222,zhuang2018+ling2020+shanghai2022
Dongia,loco_test_kazakhstan2022,logreg,0.0021335992104712966,3.097720492815727e-20,-0.00031577377290046226,0.00030108662067253393,223,zhuang2018+ling2020+shanghai2022
Asteroleplasma,loco_test_kazakhstan2022,logreg,0.002089951302860695,-4.130293990420969e-20,0.0002868232637509231,-0.00027348264683227553,224,zhuang2018+ling2020+shanghai2022
Haliangium,loco_test_kazakhstan2022,logreg,0.002001870884815117,-1.5488602464078634e-20,-0.00014496487159919874,0.00013822231943179405,225,zhuang2018+ling2020+shanghai2022
Steroidobacter,loco_test_kazakhstan2022,logreg,0.0019875731042239557,6.195440985631454e-20,-0.0002780216631010835,0.0002650904229568472,226,zhuang2018+ling2020+shanghai2022
Bryobacter,loco_test_kazakhstan2022,logreg,0.001977327507629343,8.260587980841938e-20,-0.00013599918458416434,0.00012967364111513382,227,zhuang2018+ling2020+shanghai2022
Gaiella,loco_test_kazakhstan2022,logreg,0.001899546522975644,5.679154236828833e-20,-0.0002881546949697491,0.00027475215101766773,228,zhuang2018+ling2020+shanghai2022
Pseudoflavonifractor,loco_test_kazakhstan2022,logreg,0.0018763006811523912,-6.660099059553813e-19,-0.0002419105633241684,0.00023065890921606627,229,zhuang2018+ling2020+shanghai2022
Catenibacillus,loco_test_kazakhstan2022,logreg,0.0018677532366779082,2.9944631430552027e-19,-0.0006051664668737118,0.0005770191893447024,230,zhuang2018+ling2020+shanghai2022
Subgroup 10,loco_test_kazakhstan2022,logreg,0.0018627761270545403,-1.0325734976052423e-20,-0.0002581558314375378,0.00024614858346369914,231,zhuang2018+ling2020+shanghai2022
Ellin6067,loco_test_kazakhstan2022,logreg,0.0018339448155700827,-5.162867488026211e-21,-0.00022544240357954,0.00021495671038979412,232,zhuang2018+ling2020+shanghai2022
Chryseolinea,loco_test_kazakhstan2022,logreg,0.0018018748641726377,0.0,-0.00022002055811374147,0.00020978704378286973,233,zhuang2018+ling2020+shanghai2022
[Eubacterium] fissicatena group,loco_test_kazakhstan2022,logreg,0.0017555199076912799,1.9102609705696982e-19,0.00048011510588608195,-0.00045778417072858956,234,zhuang2018+ling2020+shanghai2022
Acidibacter,loco_test_kazakhstan2022,logreg,0.001743418695224461,2.5814337440131057e-20,-7.478111244074899e-05,7.130292116443518e-05,235,zhuang2018+ling2020+shanghai2022
Elusimicrobium,loco_test_kazakhstan2022,logreg,0.0016720570633811161,-5.1628674880262113e-20,3.020296345094781e-05,-2.8798174453229346e-05,236,zhuang2018+ling2020+shanghai2022
Chryseobacterium,loco_test_kazakhstan2022,logreg,0.001640302043360153,1.3320198119107627e-18,-0.00028969132619894694,0.00027621731102690555,237,zhuang2018+ling2020+shanghai2022
Catenisphaera,loco_test_kazakhstan2022,logreg,0.0016272165631480086,-5.679154236828833e-20,-0.00037689313056671163,0.00035936321751709713,238,zhuang2018+ling2020+shanghai2022
Lachnospiraceae NK3A20 group,loco_test_kazakhstan2022,logreg,0.0016043221707532068,-1.290716872006553e-19,0.0002454856603194292,-0.00023406772263015357,239,zhuang2018+ling2020+shanghai2022
Ellin6055,loco_test_kazakhstan2022,logreg,0.001597411968415163,-2.0651469952104845e-20,-0.00031123859466532537,0.00029676238095996166,240,zhuang2018+ling2020+shanghai2022
SWB02,loco_test_kazakhstan2022,logreg,0.001578220364726241,-1.0325734976052423e-19,-0.00022189656369704124,0.00021157579329252749,241,zhuang2018+ling2020+shanghai2022
[Bacteroides] pectinophilus group,loco_test_kazakhstan2022,logreg,0.0015766135296690707,5.162867488026211e-21,-0.00011568040819456584,0.00011029992409249292,242,zhuang2018+ling2020+shanghai2022
Terrimonas,loco_test_kazakhstan2022,logreg,0.0015734706295227234,-3.614007241618348e-20,-0.00026354638012181974,0.00025128840895336305,243,zhuang2018+ling2020+shanghai2022
Candidatus Soleaferrea,loco_test_kazakhstan2022,logreg,0.0015409866594567724,-1.2971704563665856e-19,0.0002830930213954735,-0.00026992590412126555,244,zhuang2018+ling2020+shanghai2022
OLB17,loco_test_kazakhstan2022,logreg,0.0015047483307989685,-8.260587980841938e-20,-0.0002696535130365781,0.0002571114891744115,245,zhuang2018+ling2020+shanghai2022
Ligilactobacillus,loco_test_kazakhstan2022,logreg,0.001497310638051795,-2.8137627809742854e-19,0.00017682966754067173,-0.00016860503184110612,246,zhuang2018+ling2020+shanghai2022
Polycyclovorans,loco_test_kazakhstan2022,logreg,0.0014909147639007695,-2.0651469952104845e-20,-0.00030994680742568254,0.00029553067684774366,247,zhuang2018+ling2020+shanghai2022
IS-44,loco_test_kazakhstan2022,logreg,0.0014889044982475338,-1.755374945928912e-19,-0.00022399630878256144,0.0002135778758159303,248,zhuang2018+ling2020+shanghai2022
Skermanella,loco_test_kazakhstan2022,logreg,0.0014875000611363233,-5.1628674880262113e-20,-0.0001967577613415044,0.00018760623755817863,249,zhuang2018+ling2020+shanghai2022
Nordella,loco_test_kazakhstan2022,logreg,0.001469782837467809,-7.744301232039318e-20,-0.0002530648564674862,0.0002412943980271379,250,zhuang2018+ling2020+shanghai2022
Libanicoccus,loco_test_kazakhstan2022,logreg,0.0014635869250089794,1.09710934120557e-19,0.00015819524721167265,-0.0001508373287367109,251,zhuang2018+ling2020+shanghai2022
Muribaculum,loco_test_kazakhstan2022,logreg,0.0014613526011550114,-5.162867488026211e-21,-5.501433378163559e-05,5.245552755923393e-05,252,zhuang2018+ling2020+shanghai2022
Solirubrobacter,loco_test_kazakhstan2022,logreg,0.0014501346443758338,5.1628674880262113e-20,-0.00022861579809519864,0.00021798250516053862,253,zhuang2018+ling2020+shanghai2022
Nitrosospira,loco_test_kazakhstan2022,logreg,0.0014382573203668507,3.097720492815727e-20,-0.000154527615244727,0.00014734028430311182,254,zhuang2018+ling2020+shanghai2022
Ramlibacter,loco_test_kazakhstan2022,logreg,0.001380525511377444,-3.614007241618348e-20,-0.00024481095371501845,0.0002334243977282734,255,zhuang2018+ling2020+shanghai2022
Pedomicrobium,loco_test_kazakhstan2022,logreg,0.001372801205355315,1.1358308473657666e-19,-0.00016064687133996488,0.00015317492383578078,256,zhuang2018+ling2020+shanghai2022
Enteroscipio,loco_test_kazakhstan2022,logreg,0.0013649563660368383,8.260587980841938e-20,0.00025143053915423463,-0.00023973609547264202,257,zhuang2018+ling2020+shanghai2022
Candidatus Solibacter,loco_test_kazakhstan2022,logreg,0.0013626126649106524,-6.195440985631454e-20,-8.990938660737268e-05,8.572755467214594e-05,258,zhuang2018+ling2020+shanghai2022
Gemmatimonas,loco_test_kazakhstan2022,logreg,0.0013558798278056844,-1.9618896454499604e-19,-9.26483609951597e-05,8.833913490236126e-05,259,zhuang2018+ling2020+shanghai2022
Faecalibaculum,loco_test_kazakhstan2022,logreg,0.0013512327497859006,-1.290716872006553e-19,4.151240260879803e-05,-3.9581593185133174e-05,260,zhuang2018+ling2020+shanghai2022
Blastococcus,loco_test_kazakhstan2022,logreg,0.0013232870659478572,1.0325734976052423e-20,-0.00015463584376457654,0.0001474434789383173,261,zhuang2018+ling2020+shanghai2022
Ohtaekwangia,loco_test_kazakhstan2022,logreg,0.001319773903777319,5.679154236828833e-20,-0.0004646181240354758,0.0004430079787315001,262,zhuang2018+ling2020+shanghai2022
mle1-7,loco_test_kazakhstan2022,logreg,0.0012781535808020293,1.0583878350453733e-19,-0.00023975487726769998,0.00022860348762734212,263,zhuang2018+ling2020+shanghai2022
Castellaniella,loco_test_kazakhstan2022,logreg,0.001274766226602658,-5.937297611230144e-20,0.0007097619276993154,-0.0006767497450156264,264,zhuang2018+ling2020+shanghai2022
Hirschia,loco_test_kazakhstan2022,logreg,0.0012627902944316914,2.0651469952104845e-20,-0.00020457181992875254,0.00019505685155997348,265,zhuang2018+ling2020+shanghai2022
Iamia,loco_test_kazakhstan2022,logreg,0.0012446195008668508,-1.0583878350453733e-19,3.595008128029342e-06,-3.4277984476561308e-06,266,zhuang2018+ling2020+shanghai2022
Altererythrobacter,loco_test_kazakhstan2022,logreg,0.0012417138733624778,-5.1628674880262113e-20,-8.787201165548618e-05,8.378494134592861e-05,267,zhuang2018+ling2020+shanghai2022
Adhaeribacter,loco_test_kazakhstan2022,logreg,0.001238039324418261,8.77687472964456e-20,-0.00033458184980674676,0.0003190199033041074,268,zhuang2018+ling2020+shanghai2022
UTCFX1,loco_test_kazakhstan2022,logreg,0.0012128482157158216,1.5488602464078635e-19,-0.00019168676836310819,0.0001827711047183128,269,zhuang2018+ling2020+shanghai2022
Sporosarcina,loco_test_kazakhstan2022,logreg,0.0011791980273434689,-1.2907168720065528e-20,-7.17201684175057e-06,6.838434663064663e-06,270,zhuang2018+ling2020+shanghai2022
Microvirga,loco_test_kazakhstan2022,logreg,0.0011755722049709174,3.614007241618348e-20,-6.710158541222086e-05,6.398058143955954e-05,271,zhuang2018+ling2020+shanghai2022
Ilumatobacter,loco_test_kazakhstan2022,logreg,0.0011624497775384122,7.486157857638007e-20,6.686427137776357e-06,-6.375430526716769e-06,272,zhuang2018+ling2020+shanghai2022
[Eubacterium] tenue group,loco_test_kazakhstan2022,logreg,0.0011599435305005197,1.858632295689436e-19,0.00019782709526250728,-0.0001886258350177391,273,zhuang2018+ling2020+shanghai2022
Salipaludibacillus,loco_test_kazakhstan2022,logreg,0.0011396937609556045,-6.453584360032764e-20,0.0003647159182199928,-0.0003477523871399934,274,zhuang2018+ling2020+shanghai2022
Niastella,loco_test_kazakhstan2022,logreg,0.0011165583656180082,-5.679154236828833e-20,-0.0003171602145433029,0.00030240857665756767,275,zhuang2018+ling2020+shanghai2022
Hyphomicrobium,loco_test_kazakhstan2022,logreg,0.0011146480298075763,-9.035018104045871e-20,-0.00011334204099053382,0.00010807031815376466,276,zhuang2018+ling2020+shanghai2022
Stenotrophobacter,loco_test_kazakhstan2022,logreg,0.001111456702708126,-3.614007241618348e-20,-0.00020014251967117702,0.00019083356526786638,277,zhuang2018+ling2020+shanghai2022
Bauldia,loco_test_kazakhstan2022,logreg,0.001099967752551723,-4.38843736482228e-20,-0.00017189953489367546,0.00016390420768931833,278,zhuang2018+ling2020+shanghai2022
Aeromicrobium,loco_test_kazakhstan2022,logreg,0.001089100572991477,1.807003620809174e-20,-0.00010786818862707326,0.00010285106357465125,279,zhuang2018+ling2020+shanghai2022
Edaphobaculum,loco_test_kazakhstan2022,logreg,0.0010865294242257458,9.809448227249802e-20,-0.00013917193631536774,0.0001326988229983741,280,zhuang2018+ling2020+shanghai2022
Enhydrobacter,loco_test_kazakhstan2022,logreg,0.0010824717170185095,-7.228014483236697e-19,-0.00030851345301632417,0.00029416399008533095,281,zhuang2018+ling2020+shanghai2022
OM27 clade,loco_test_kazakhstan2022,logreg,0.0010716194082184317,7.744301232039317e-21,-6.774395117278431e-05,6.459306972288751e-05,282,zhuang2018+ling2020+shanghai2022
Pajaroellobacter,loco_test_kazakhstan2022,logreg,0.0010669632679507562,-7.744301232039317e-21,-0.00010306608761224896,9.827231609540016e-05,283,zhuang2018+ling2020+shanghai2022
Anaerobacillus,loco_test_kazakhstan2022,logreg,0.0010539762883287171,5.162867488026211e-21,0.00018046693387866456,-0.00017207312300058708,284,zhuang2018+ling2020+shanghai2022
Alkalicoccus,loco_test_kazakhstan2022,logreg,0.0010452641444915164,6.453584360032764e-20,0.00018821037428428625,-0.00017945640338734253,285,zhuang2018+ling2020+shanghai2022
Nitrolancea,loco_test_kazakhstan2022,logreg,0.0010437698863255695,1.071295003765439e-19,0.00016141169276823517,-0.00015390417217436367,286,zhuang2018+ling2020+shanghai2022
Lechevalieria,loco_test_kazakhstan2022,logreg,0.00103418452187375,-1.0325734976052423e-19,-0.00022660680561802533,0.00021606695419393093,287,zhuang2018+ling2020+shanghai2022
Reyranella,loco_test_kazakhstan2022,logreg,0.001032245633710695,-1.0067591601651113e-19,-5.318930464919865e-05,5.0715383502724055e-05,288,zhuang2018+ling2020+shanghai2022
Sneathia,loco_test_kazakhstan2022,logreg,0.0010291228675282445,5.162867488026211e-21,8.523701364074516e-05,-8.127250137838494e-05,289,zhuang2018+ling2020+shanghai2022
Paenibacillus,loco_test_kazakhstan2022,logreg,0.0010118530721204954,-2.323290369611795e-19,-0.00014135240524814252,0.00013477787477148443,290,zhuang2018+ling2020+shanghai2022
Hassallia,loco_test_kazakhstan2022,logreg,0.0010046966083723603,-8.77687472964456e-20,-0.00024911499796342884,0.00023752825387210648,291,zhuang2018+ling2020+shanghai2022
Flavisolibacter,loco_test_kazakhstan2022,logreg,0.0010009196520771575,2.0651469952104845e-20,-0.00025756694002089666,0.0002455870823455062,292,zhuang2018+ling2020+shanghai2022
Opitutus,loco_test_kazakhstan2022,logreg,0.0010001934948405322,9.29316147844718e-20,-0.00010011737047080059,9.546074858843789e-05,293,zhuang2018+ling2020+shanghai2022
Chthoniobacter,loco_test_kazakhstan2022,logreg,0.0009891441464495328,1.290716872006553e-19,-0.00020469561734653497,0.0001951748909583244,294,zhuang2018+ling2020+shanghai2022
Pseudoxanthomonas,loco_test_kazakhstan2022,logreg,0.0009878223498670463,-1.0325734976052423e-20,-0.000154727350871368,0.00014753072990060666,295,zhuang2018+ling2020+shanghai2022
Luteolibacter,loco_test_kazakhstan2022,logreg,0.0009777159419456342,-2.8395771184144165e-20,-0.00022060579552583511,0.00021034506085021478,296,zhuang2018+ling2020+shanghai2022
Lachnospiraceae UCG-006,loco_test_kazakhstan2022,logreg,0.0009665161044756118,-7.744301232039318e-20,0.000120653321342673,-0.00011504153895464186,297,zhuang2018+ling2020+shanghai2022
Woeseia,loco_test_kazakhstan2022,logreg,0.0009498293448793325,9.551304852848491e-20,-0.00030411696983139006,0.0002899719944903954,298,zhuang2018+ling2020+shanghai2022
Ferruginibacter,loco_test_kazakhstan2022,logreg,0.0009477224635006586,5.937297611230144e-20,-0.0002542963081858463,0.00024246857292138847,299,zhuang2018+ling2020+shanghai2022
Dokdonella,loco_test_kazakhstan2022,logreg,0.000930583135515254,-2.9923455606870667e-20,-6.44910973366606e-05,6.149151141402522e-05,300,zhuang2018+ling2020+shanghai2022
Candidatus Udaeobacter,loco_test_kazakhstan2022,logreg,0.0009303493563105376,1.8844466331295673e-19,-0.0001250353229174589,0.00011921972650269359,301,zhuang2018+ling2020+shanghai2022
CL500-29 marine group,loco_test_kazakhstan2022,logreg,0.0009220516117882304,5.937297611230144e-20,7.194953802819972e-05,-6.860304788735305e-05,302,zhuang2018+ling2020+shanghai2022
Microlunatus,loco_test_kazakhstan2022,logreg,0.0009120263410261261,-1.1100165099256354e-19,-0.00019062408120674697,0.00018175784487154921,303,zhuang2018+ling2020+shanghai2022
Dethiobacter,loco_test_kazakhstan2022,logreg,0.0009113341625429486,3.097720492815727e-20,0.00024376532637964028,-0.0002324274042224475,304,zhuang2018+ling2020+shanghai2022
Agromyces,loco_test_kazakhstan2022,logreg,0.0009010447224646785,3.872150616019659e-20,-1.6230845304974965e-05,1.5475922267534268e-05,305,zhuang2018+ling2020+shanghai2022
Ahniella,loco_test_kazakhstan2022,logreg,0.0008993037526429495,1.9102609705696982e-19,-0.0002526894182761123,0.00024093642207722376,306,zhuang2018+ling2020+shanghai2022
Bdellovibrio,loco_test_kazakhstan2022,logreg,0.0008911535983116428,7.228014483236696e-20,-1.912035136262869e-05,1.823103269459964e-05,307,zhuang2018+ling2020+shanghai2022
Aquicella,loco_test_kazakhstan2022,logreg,0.0008784229868190949,6.195440985631454e-20,-0.00022984750178094005,0.00021915692030275688,308,zhuang2018+ling2020+shanghai2022
Pseudolabrys,loco_test_kazakhstan2022,logreg,0.0008768001820704195,-2.271661694731533e-19,-7.543637484952315e-05,7.192770625187047e-05,309,zhuang2018+ling2020+shanghai2022
Phenylobacterium,loco_test_kazakhstan2022,logreg,0.0008747798286683114,1.5746745838479945e-19,-0.0001934378684030272,0.0001844407582447471,310,zhuang2018+ling2020+shanghai2022
Candidatus Nitrososphaera,loco_test_kazakhstan2022,logreg,0.0008662947986161478,-1.5488602464078634e-20,-0.00032882074295191376,0.00031352675490763874,311,zhuang2018+ling2020+shanghai2022
P3OB-42,loco_test_kazakhstan2022,logreg,0.0008639491003919299,-8.77687472964456e-20,-0.00014343475525023882,0.0001367633712851112,312,zhuang2018+ling2020+shanghai2022
Fluviicola,loco_test_kazakhstan2022,logreg,0.0008578714268800379,-9.551304852848491e-20,-0.0001596939442468277,0.00015226631893302154,313,zhuang2018+ling2020+shanghai2022
Archangium,loco_test_kazakhstan2022,logreg,0.0008543841023073113,5.1628674880262113e-20,-0.00020545534637421924,0.00019589928375216258,314,zhuang2018+ling2020+shanghai2022
Azoarcus,loco_test_kazakhstan2022,logreg,0.0008536203298824806,8.002444606440628e-20,0.00014531369022496984,-0.00013855491393543616,315,zhuang2018+ling2020+shanghai2022
Pseudonocardia,loco_test_kazakhstan2022,logreg,0.0008523201233726715,-6.969871108835386e-20,6.305724596864533e-05,-6.012435080731309e-05,316,zhuang2018+ling2020+shanghai2022
Flavitalea,loco_test_kazakhstan2022,logreg,0.0008467785147064824,1.0842021724855044e-19,-0.00016154538644170402,0.000154031647537439,317,zhuang2018+ling2020+shanghai2022
Methyloceanibacter,loco_test_kazakhstan2022,logreg,0.0008382836131615049,-1.1874595222460288e-19,-9.293812045667518e-05,8.861541717962024e-05,318,zhuang2018+ling2020+shanghai2022
Thermus,loco_test_kazakhstan2022,logreg,0.0008349940938307884,2.1167756700907467e-19,9.748565592646694e-05,-9.295143937174724e-05,319,zhuang2018+ling2020+shanghai2022
Rhodoplanes,loco_test_kazakhstan2022,logreg,0.0008306809096805985,-1.3939742217670772e-19,-2.6140979305233552e-05,2.4925119802664353e-05,320,zhuang2018+ling2020+shanghai2022
Ammoniphilus,loco_test_kazakhstan2022,logreg,0.0008271111679359214,8.518731355243249e-20,7.573938938232374e-05,-7.221662708547129e-05,321,zhuang2018+ling2020+shanghai2022
Candidatus Entotheonella,loco_test_kazakhstan2022,logreg,0.0008254776530186038,-1.264902534566422e-19,-7.301979328654886e-05,6.96235238313604e-05,322,zhuang2018+ling2020+shanghai2022
Phaselicystis,loco_test_kazakhstan2022,logreg,0.0008168616261953482,2.0135183203302226e-19,-0.00012455718217566352,0.00011876382486516792,323,zhuang2018+ling2020+shanghai2022
Kribbella,loco_test_kazakhstan2022,logreg,0.0008144607949982738,7.744301232039318e-20,-8.64385404877556e-05,8.241814325576718e-05,324,zhuang2018+ling2020+shanghai2022
Pontibacter,loco_test_kazakhstan2022,logreg,0.000814197171074142,-4.130293990420969e-20,-4.04862235981542e-05,3.860314343079811e-05,325,zhuang2018+ling2020+shanghai2022
Pseudorhodoplanes,loco_test_kazakhstan2022,logreg,0.0008083062076483154,-8.260587980841938e-20,-6.445088031975657e-05,6.145316495604673e-05,326,zhuang2018+ling2020+shanghai2022
Parapusillimonas,loco_test_kazakhstan2022,logreg,0.000804003236566138,5.1628674880262113e-20,0.00037573600254852557,-0.0003582599094067336,327,zhuang2018+ling2020+shanghai2022
Truepera,loco_test_kazakhstan2022,logreg,0.0008022282298012631,2.4523620568124505e-19,8.646102106094561e-05,-8.24395782209012e-05,328,zhuang2018+ling2020+shanghai2022
Caenimonas,loco_test_kazakhstan2022,logreg,0.0007970507618701687,-2.574980159653073e-19,-0.00018016543696276077,0.0001717856491970505,329,zhuang2018+ling2020+shanghai2022
Marmoricola,loco_test_kazakhstan2022,logreg,0.0007899051257020376,-3.097720492815727e-20,-0.00019609308464025918,0.00018697247605234003,330,zhuang2018+ling2020+shanghai2022
Luedemannella,loco_test_kazakhstan2022,logreg,0.0007836513069744599,1.7037462710486498e-19,-0.00019846506532601152,0.00018923413205503456,331,zhuang2018+ling2020+shanghai2022
Chitinophaga,loco_test_kazakhstan2022,logreg,0.0007684996188909337,1.0583878350453733e-19,-0.00034843571418798964,0.00033222940190017625,332,zhuang2018+ling2020+shanghai2022
Puia,loco_test_kazakhstan2022,logreg,0.0007605641647997107,1.0583878350453733e-19,-0.00021634877987893072,0.00020628604593107375,333,zhuang2018+ling2020+shanghai2022
Dactylosporangium,loco_test_kazakhstan2022,logreg,0.0007485412165630351,1.5488602464078634e-20,-5.741164023381839e-05,5.474133138573381e-05,334,zhuang2018+ling2020+shanghai2022
Polyangium,loco_test_kazakhstan2022,logreg,0.0007414771300802176,8.518731355243249e-20,-2.1998747422376806e-05,2.097554986784787e-05,335,zhuang2018+ling2020+shanghai2022
Nitrosococcus,loco_test_kazakhstan2022,logreg,0.0007391291016289144,5.937297611230144e-20,0.0001698979751573579,-0.00016199574375468998,336,zhuang2018+ling2020+shanghai2022
Pseudenhygromyxa,loco_test_kazakhstan2022,logreg,0.0007293739972688981,-1.755374945928912e-19,-0.00019478817000556287,0.00018572825512158276,337,zhuang2018+ling2020+shanghai2022
Rhodomicrobium,loco_test_kazakhstan2022,logreg,0.0007292871689526533,2.710505431213761e-20,9.173854519053335e-05,-8.747163611190381e-05,338,zhuang2018+ling2020+shanghai2022
Methylotenera,loco_test_kazakhstan2022,logreg,0.0007290924017019562,-2.0393326577703536e-19,-0.0002428071455405508,0.0002315137899340133,339,zhuang2018+ling2020+shanghai2022
JGI 0001001-H03,loco_test_kazakhstan2022,logreg,0.0007281985738280662,5.679154236828833e-20,-0.0002338823056907913,0.00022300405891447557,340,zhuang2018+ling2020+shanghai2022
Peredibacter,loco_test_kazakhstan2022,logreg,0.0007245592371957927,2.1167756700907467e-19,0.00018169834468832543,-0.00017324725888886807,341,zhuang2018+ling2020+shanghai2022
BIyi10,loco_test_kazakhstan2022,logreg,0.0007223502933001704,4.64658073922359e-20,-5.4464025262641025e-05,5.193081478530892e-05,342,zhuang2018+ling2020+shanghai2022
Nannocystis,loco_test_kazakhstan2022,logreg,0.0007030694264356965,-9.809448227249802e-20,-3.702586892525351e-05,3.530373548686946e-05,343,zhuang2018+ling2020+shanghai2022
Psychrobacter,loco_test_kazakhstan2022,logreg,0.0007007759045943984,2.5814337440131057e-21,-8.505903801987735e-05,8.110280369337163e-05,344,zhuang2018+ling2020+shanghai2022
YC-ZSS-LKJ147,loco_test_kazakhstan2022,logreg,0.0006926716426845155,1.342345546886815e-19,-1.945829381050076e-06,1.8553256889084742e-06,345,zhuang2018+ling2020+shanghai2022
Sandaracinus,loco_test_kazakhstan2022,logreg,0.0006821519586727469,-1.264902534566422e-19,-9.876579442923494e-05,9.417203654880504e-05,346,zhuang2018+ling2020+shanghai2022
Virgisporangium,loco_test_kazakhstan2022,logreg,0.000676711999014464,-1.0325734976052423e-19,-8.967221085646288e-05,8.550141035151093e-05,347,zhuang2018+ling2020+shanghai2022
Cellvibrio,loco_test_kazakhstan2022,logreg,0.0006725720308369149,-1.2907168720065528e-20,-0.00020384709877708675,0.0001943658383688502,348,zhuang2018+ling2020+shanghai2022
Dinghuibacter,loco_test_kazakhstan2022,logreg,0.0006701413107214045,-8.518731355243249e-20,-0.00016824895903294422,0.00016042342605466765,349,zhuang2018+ling2020+shanghai2022
Polaromonas,loco_test_kazakhstan2022,logreg,0.000667201046213037,1.755374945928912e-19,-0.0003288595908865816,0.0003135637959616247,350,zhuang2018+ling2020+shanghai2022
Candidatus Nitrocosmicus,loco_test_kazakhstan2022,logreg,0.0006638196069924157,-3.0460918179354646e-19,-0.00021230704648894403,0.00020243230014062045,351,zhuang2018+ling2020+shanghai2022
wb1-A12,loco_test_kazakhstan2022,logreg,0.0006629697158574361,2.9428344681749407e-19,6.659115749007013e-05,-6.349389435099654e-05,352,zhuang2018+ling2020+shanghai2022
Lacunisphaera,loco_test_kazakhstan2022,logreg,0.000647922700127246,0.0,-0.00031378291589368183,0.00029918836166606866,353,zhuang2018+ling2020+shanghai2022
Citrifermentans,loco_test_kazakhstan2022,logreg,0.0006453816664303884,1.2132738596861597e-19,-7.021487527489247e-05,6.694906712257217e-05,354,zhuang2018+ling2020+shanghai2022
Longimicrobium,loco_test_kazakhstan2022,logreg,0.000644114678550498,4.130293990420969e-20,-0.0001797290670789913,0.00017136957558694518,355,zhuang2018+ling2020+shanghai2022
Psychrobacillus,loco_test_kazakhstan2022,logreg,0.0006410102197467947,-5.162867488026211e-21,-4.782170948934634e-05,4.559744393170237e-05,356,zhuang2018+ling2020+shanghai2022
Aridibacter,loco_test_kazakhstan2022,logreg,0.0006356184526682378,-3.304235192336775e-19,-0.0001870378536392036,0.00017833841858621682,357,zhuang2018+ling2020+shanghai2022
Mesorhizobium,loco_test_kazakhstan2022,logreg,0.0006295889837440646,1.5488602464078635e-19,-4.735164108511322e-05,4.514923917417797e-05,358,zhuang2018+ling2020+shanghai2022
BD1-7 clade,loco_test_kazakhstan2022,logreg,0.0006272395883821296,3.226792180016382e-20,-0.00014041525164832172,0.00013388430971119047,359,zhuang2018+ling2020+shanghai2022
Rhizocola,loco_test_kazakhstan2022,logreg,0.0006133758738687251,-5.899357593801045e-20,-2.1024179102401605e-05,2.0046310306940978e-05,360,zhuang2018+ling2020+shanghai2022
Solitalea,loco_test_kazakhstan2022,logreg,0.000613318927687873,1.368159884326946e-19,-0.00029327588429838616,0.0002796351454938102,361,zhuang2018+ling2020+shanghai2022
Diaphorobacter,loco_test_kazakhstan2022,logreg,0.0006003962165144504,-8.518731355243249e-20,0.00022992305998263224,-0.00021922896416948668,362,zhuang2018+ling2020+shanghai2022
Nonomuraea,loco_test_kazakhstan2022,logreg,0.0005993558073827494,-1.0067591601651113e-19,5.891590438602781e-05,-5.6175629763422044e-05,363,zhuang2018+ling2020+shanghai2022
ADurb.Bin063-1,loco_test_kazakhstan2022,logreg,0.0005973060717034248,4.904724113624901e-20,-3.288406846864016e-05,3.135457691195926e-05,364,zhuang2018+ling2020+shanghai2022
Z20,loco_test_kazakhstan2022,logreg,0.0005876505849325255,2.297476032171664e-19,5.297342137917541e-05,-5.050954131502726e-05,365,zhuang2018+ling2020+shanghai2022
Sulfurifustis,loco_test_kazakhstan2022,logreg,0.0005842860465197598,-1.2390881971262907e-19,3.365024684444946e-05,-3.208511908424279e-05,366,zhuang2018+ling2020+shanghai2022
Lacibacter,loco_test_kazakhstan2022,logreg,0.0005641515271916906,7.744301232039318e-20,-0.00012348412394969923,0.00011774067632413197,367,zhuang2018+ling2020+shanghai2022
Taibaiella,loco_test_kazakhstan2022,logreg,0.000561581565921095,-6.195440985631454e-20,-7.865579066684711e-05,7.499738179862153e-05,368,zhuang2018+ling2020+shanghai2022
Angelakisella,loco_test_kazakhstan2022,logreg,0.0005530642757767905,-2.19421868241114e-19,-7.341673609479023e-05,7.000200418340419e-05,369,zhuang2018+ling2020+shanghai2022
Tumebacillus,loco_test_kazakhstan2022,logreg,0.0005521682630493402,1.2132738596861597e-19,-2.131657991155648e-05,2.0325111078461068e-05,370,zhuang2018+ling2020+shanghai2022
UCG-005,loco_test_kazakhstan2022,logreg,0.000539577882819935,2.8395771184144164e-19,3.893586898623235e-06,-3.712489833570427e-06,371,zhuang2018+ling2020+shanghai2022
Pseudoduganella,loco_test_kazakhstan2022,logreg,0.0005299127494122484,-8.066980450040956e-21,-1.7092793142696118e-05,1.6297779508152122e-05,372,zhuang2018+ling2020+shanghai2022
Vicinamibacter,loco_test_kazakhstan2022,logreg,0.0005243486819340262,-1.4714172340874704e-19,-9.459262680480526e-05,9.019296974411638e-05,373,zhuang2018+ling2020+shanghai2022
Stenotrophomonas,loco_test_kazakhstan2022,logreg,0.0005033853107877283,-1.0325734976052423e-20,3.3734653988353915e-05,-3.2165600314477044e-05,374,zhuang2018+ling2020+shanghai2022
V9D2013 group,loco_test_kazakhstan2022,logreg,0.0004911755864078334,2.19421868241114e-19,-2.9004128896144597e-05,2.7655099645161556e-05,375,zhuang2018+ling2020+shanghai2022
Aquabacterium,loco_test_kazakhstan2022,logreg,0.00048339774784137866,1.4843244028075359e-19,5.6984259563917196e-05,-5.4333828886525385e-05,376,zhuang2018+ling2020+shanghai2022
Bradyrhizobium,loco_test_kazakhstan2022,logreg,0.000482206508415369,-1.2907168720065528e-21,5.969444293462863e-05,-5.691795721673889e-05,377,zhuang2018+ling2020+shanghai2022
Legionella,loco_test_kazakhstan2022,logreg,0.00047898796493500766,1.807003620809174e-20,2.395218814391155e-05,-2.283813288140403e-05,378,zhuang2018+ling2020+shanghai2022
Cupriavidus,loco_test_kazakhstan2022,logreg,0.0004774587903383863,1.264902534566422e-19,0.00010572129144176724,-0.0001008040220723825,379,zhuang2018+ling2020+shanghai2022
Sumerlaea,loco_test_kazakhstan2022,logreg,0.0004742948685393979,3.696895465742519e-19,7.408401227464371e-05,-7.063824426186887e-05,380,zhuang2018+ling2020+shanghai2022
Pannonibacter,loco_test_kazakhstan2022,logreg,0.0004645871016085827,2.7234125999338266e-19,7.674071847325789e-05,-7.317138273031509e-05,381,zhuang2018+ling2020+shanghai2022
wb1-P19,loco_test_kazakhstan2022,logreg,0.00045443663003667557,5.343567850107129e-19,-0.00016490293713158116,0.00015723303307895055,382,zhuang2018+ling2020+shanghai2022
Leucobacter,loco_test_kazakhstan2022,logreg,0.0004465848294025043,1.8715394644095018e-19,1.6717662107475278e-05,-1.594009642805742e-05,383,zhuang2018+ling2020+shanghai2022
Citricoccus,loco_test_kazakhstan2022,logreg,0.00044381615896808927,9.938519914450457e-20,5.181558730466552e-05,-4.940555998816927e-05,384,zhuang2018+ling2020+shanghai2022
Methyloversatilis,loco_test_kazakhstan2022,logreg,0.00044381615896808927,9.938519914450457e-20,5.181558730466552e-05,-4.940555998816927e-05,385,zhuang2018+ling2020+shanghai2022
Vibrionimonas,loco_test_kazakhstan2022,logreg,0.00044381615896808927,9.938519914450457e-20,5.181558730466552e-05,-4.940555998816927e-05,386,zhuang2018+ling2020+shanghai2022
Ralstonia,loco_test_kazakhstan2022,logreg,0.00044301437436531537,-1.561767415127929e-19,3.7393226953504905e-05,-3.565400709520263e-05,387,zhuang2018+ling2020+shanghai2022
Allorhizobium-Neorhizobium-Pararhizobium-Rhizobium,loco_test_kazakhstan2022,logreg,0.00044227201417176387,7.873372919239972e-20,1.2057706969135884e-05,-1.1496883389175898e-05,388,zhuang2018+ling2020+shanghai2022
Afipia,loco_test_kazakhstan2022,logreg,0.0004354942906172337,1.8457251269693706e-19,3.6799912131013025e-05,-3.508828831096556e-05,389,zhuang2018+ling2020+shanghai2022
Caulobacter,loco_test_kazakhstan2022,logreg,0.0004155760911191071,-7.228014483236696e-20,-6.077700858177794e-05,5.7950170973322975e-05,390,zhuang2018+ling2020+shanghai2022
Actinocorallia,loco_test_kazakhstan2022,logreg,0.00039137585137172,2.0651469952104845e-20,-4.7858970461651965e-05,4.5632971835528636e-05,391,zhuang2018+ling2020+shanghai2022
Serratia,loco_test_kazakhstan2022,logreg,0.000364756563606563,-3.226792180016382e-20,6.503548762354708e-05,-6.201058122245203e-05,392,zhuang2018+ling2020+shanghai2022
Shuttleworthia,loco_test_kazakhstan2022,logreg,0.0003244220371598142,3.097720492815727e-20,6.40924870703608e-05,-6.111144116011144e-05,393,zhuang2018+ling2020+shanghai2022
Rubrobacter,loco_test_kazakhstan2022,logreg,0.00021831121688839448,3.2913280236167096e-20,-5.006245672181502e-05,4.77339703626609e-05,394,zhuang2018+ling2020+shanghai2022
Burkholderia-Caballeronia-Paraburkholderia,loco_test_kazakhstan2022,logreg,0.0001715238637022904,5.614618393228506e-20,1.9471108002088013e-05,-1.856547507175825e-05,395,zhuang2018+ling2020+shanghai2022
Tuzzerella,loco_test_kazakhstan2022,logreg,1.1140120908867572e-05,4.0334902250204776e-22,-3.982557164215077e-06,3.7973219472748416e-06,396,zhuang2018+ling2020+shanghai2022
[Eubacterium] xylanophilum group,loco_test_kazakhstan2022,lgbm,0.5209275897403215,-0.4517085207740587,-0.3757552851993436,-0.524129047717392,1,zhuang2018+ling2020+shanghai2022
Faecalibacterium,loco_test_kazakhstan2022,lgbm,0.3624196232005408,-0.24488294242184416,-0.19703605977889707,-0.2905043886627937,2,zhuang2018+ling2020+shanghai2022
Streptococcus,loco_test_kazakhstan2022,lgbm,0.29616703195340366,0.1464637612033369,0.10924019146684294,0.18195600211487759,3,zhuang2018+ling2020+shanghai2022
Akkermansia,loco_test_kazakhstan2022,lgbm,0.27810962950481277,0.14711881763425635,0.23124583814713293,0.0669046817963974,4,zhuang2018+ling2020+shanghai2022
Lachnospiraceae ND3007 group,loco_test_kazakhstan2022,lgbm,0.27759903342461434,-0.12914843823965927,-0.0947390536025035,-0.16195738638206372,5,zhuang2018+ling2020+shanghai2022
Lachnospira,loco_test_kazakhstan2022,lgbm,0.2758248526974236,-0.2185636512949865,-0.19290281780071802,-0.24303095764998653,6,zhuang2018+ling2020+shanghai2022
Tyzzerella,loco_test_kazakhstan2022,lgbm,0.21419382900683862,-0.16481556946988438,-0.12884966088359498,-0.1991086450986719,7,zhuang2018+ling2020+shanghai2022
Agathobacter,loco_test_kazakhstan2022,lgbm,0.20308764483409134,-0.20308764483409134,-0.20303199758811413,-0.20314070383606966,8,zhuang2018+ling2020+shanghai2022
Incertae Sedis,loco_test_kazakhstan2022,lgbm,0.18702707830679732,0.041785088827113466,-0.0007321590745044052,0.08232479031470258,9,zhuang2018+ling2020+shanghai2022
Lachnospiraceae UCG-010,loco_test_kazakhstan2022,lgbm,0.13679435666863698,-0.10287282310111234,-0.07656324469109575,-0.12795870018973282,10,zhuang2018+ling2020+shanghai2022
Peptoniphilus,loco_test_kazakhstan2022,lgbm,0.13577149513928438,0.08110526354799248,0.10989906629706661,0.05365070743841016,11,zhuang2018+ling2020+shanghai2022
Gemella,loco_test_kazakhstan2022,lgbm,0.1193821016087874,-0.07629851942841563,-0.08775503079132675,-0.06537486905912826,12,zhuang2018+ling2020+shanghai2022
Anaerotruncus,loco_test_kazakhstan2022,lgbm,0.10821712399119125,0.06344032548815266,0.05625567109799632,0.07029080990667383,13,zhuang2018+ling2020+shanghai2022
Bacteroides,loco_test_kazakhstan2022,lgbm,0.10764877008371065,0.0983096410002615,0.09241500379549383,0.10393010903271437,14,zhuang2018+ling2020+shanghai2022
[Eubacterium] siraeum group,loco_test_kazakhstan2022,lgbm,0.09889743664355419,-0.09889743664355419,-0.0913589908350885,-0.10608525706557956,15,zhuang2018+ling2020+shanghai2022
Dorea,loco_test_kazakhstan2022,lgbm,0.09109852110673598,0.050546882229901155,0.026687608202013276,0.07329642258207333,16,zhuang2018+ling2020+shanghai2022
Rhodococcus,loco_test_kazakhstan2022,lgbm,0.08893213320378686,0.07560434013774475,0.07059518130362218,0.08038051484004764,17,zhuang2018+ling2020+shanghai2022
Ruminococcus gnavus group,loco_test_kazakhstan2022,lgbm,0.08455796835818427,-0.008870339073374534,-0.010019398849278681,-0.007774723938210107,18,zhuang2018+ling2020+shanghai2022
Eubacterium brachy group,loco_test_kazakhstan2022,lgbm,0.08270905573755233,0.07015279086825979,0.05088436236620718,0.0885250133934727,19,zhuang2018+ling2020+shanghai2022
Slackia,loco_test_kazakhstan2022,lgbm,0.07884657090302119,-0.006176512889750859,-0.006528629940799732,-0.005840773375960073,20,zhuang2018+ling2020+shanghai2022
Lactobacillus,loco_test_kazakhstan2022,lgbm,0.076873278896323,0.03424310215235175,0.0504782469279778,0.018763080389545533,21,zhuang2018+ling2020+shanghai2022
Romboutsia,loco_test_kazakhstan2022,lgbm,0.07615873913182905,-0.06971423717067127,-0.07159917589091076,-0.06791697001881501,22,zhuang2018+ling2020+shanghai2022
HT002,loco_test_kazakhstan2022,lgbm,0.06929351154438501,0.020195856938185392,0.028643683541276995,0.012140952502679459,23,zhuang2018+ling2020+shanghai2022
Sellimonas,loco_test_kazakhstan2022,lgbm,0.06837147817495562,-0.028670032360036696,-0.041506765560215826,-0.01643035651800545,24,zhuang2018+ling2020+shanghai2022
Coprococcus,loco_test_kazakhstan2022,lgbm,0.06574507441501705,-0.05739338747537716,-0.05223118330525186,-0.06231548912596171,25,zhuang2018+ling2020+shanghai2022
Family XIII AD3011 group,loco_test_kazakhstan2022,lgbm,0.06112523016225032,0.06112523016225032,0.06486835081391044,0.05755620814555115,26,zhuang2018+ling2020+shanghai2022
Christensenellaceae R-7 group,loco_test_kazakhstan2022,lgbm,0.0610720601508722,0.0610720601508722,0.061989826991241705,0.06019698014028732,27,zhuang2018+ling2020+shanghai2022
Enterobacter,loco_test_kazakhstan2022,lgbm,0.0601661958991998,0.0601661958991998,0.05988565360219903,0.06043368971727028,28,zhuang2018+ling2020+shanghai2022
Dialister,loco_test_kazakhstan2022,lgbm,0.059970219671252684,-0.059970219671252684,-0.057022494660613945,-0.06278084119302446,29,zhuang2018+ling2020+shanghai2022
Lachnoclostridium,loco_test_kazakhstan2022,lgbm,0.05905382242615379,0.05905382242615379,0.05841531897150396,0.059662628045703596,30,zhuang2018+ling2020+shanghai2022
Atopobium,loco_test_kazakhstan2022,lgbm,0.05665950525450193,-0.043046310215645076,-0.04740338724459149,-0.03889188793223104,31,zhuang2018+ling2020+shanghai2022
Citrobacter,loco_test_kazakhstan2022,lgbm,0.05244890065988999,-0.020993810956646534,-0.013115252307212295,-0.028505925017734995,32,zhuang2018+ling2020+shanghai2022
Enterococcus,loco_test_kazakhstan2022,lgbm,0.05107278727340173,0.041161658401894036,0.040233316010308114,0.042046822077592236,33,zhuang2018+ling2020+shanghai2022
Catabacter,loco_test_kazakhstan2022,lgbm,0.05038510556211182,-0.05038510556211182,-0.049268455789809235,-0.05144981813570268,34,zhuang2018+ling2020+shanghai2022
Hungatella,loco_test_kazakhstan2022,lgbm,0.05012980547459059,0.03105401370728756,0.043057823667814826,0.01960852048911038,35,zhuang2018+ling2020+shanghai2022
Bifidobacterium,loco_test_kazakhstan2022,lgbm,0.04813304496014351,0.018327030821870274,0.012175426338638598,0.024192514166346983,36,zhuang2018+ling2020+shanghai2022
Bilophila,loco_test_kazakhstan2022,lgbm,0.04725625279808884,0.02208706897565337,0.031741772597554306,0.012881421336166444,37,zhuang2018+ling2020+shanghai2022
Eisenbergiella,loco_test_kazakhstan2022,lgbm,0.04159452587700198,0.014727386286331098,0.021573267235715052,0.00819991840436034,38,zhuang2018+ling2020+shanghai2022
Coprobacter,loco_test_kazakhstan2022,lgbm,0.04116347244807369,0.004621928852051464,0.002608082379255098,0.00654210804704335,39,zhuang2018+ling2020+shanghai2022
Senegalimassilia,loco_test_kazakhstan2022,lgbm,0.04071133939601821,-0.03929370682680326,-0.03761669779473389,-0.04089271543877642,40,zhuang2018+ling2020+shanghai2022
Collinsella,loco_test_kazakhstan2022,lgbm,0.04020677766749309,0.006031699016848638,0.011857480993649432,0.0004768836436199727,41,zhuang2018+ling2020+shanghai2022
Erysipelotrichaceae UCG-003,loco_test_kazakhstan2022,lgbm,0.03788087285657325,0.009894160616956913,0.0025622495643410964,0.016885052550846408,42,zhuang2018+ling2020+shanghai2022
Anaerostipes,loco_test_kazakhstan2022,lgbm,0.035506212282807384,-0.03127549419469993,-0.041549900828254174,-0.02147896693945055,43,zhuang2018+ling2020+shanghai2022
NK4A214 group,loco_test_kazakhstan2022,lgbm,0.03501846003057031,0.017391699024320795,0.01918094042023259,0.015685678158451427,44,zhuang2018+ling2020+shanghai2022
Butyricicoccus,loco_test_kazakhstan2022,lgbm,0.03388639998237321,-0.00750622157776936,0.000473011599137941,-0.015114327630169351,45,zhuang2018+ling2020+shanghai2022
Butyricimonas,loco_test_kazakhstan2022,lgbm,0.0338553242183655,-0.021761913910321774,-0.02226365319221131,-0.0212835113392178,46,zhuang2018+ling2020+shanghai2022
Gordonibacter,loco_test_kazakhstan2022,lgbm,0.033466441949293116,-0.0036379840624070534,-0.003968094402866343,-0.0033232276912714526,47,zhuang2018+ling2020+shanghai2022
Weissella,loco_test_kazakhstan2022,lgbm,0.033360497644476815,0.005527358445113494,0.01262481351831421,-0.0012399824386360257,48,zhuang2018+ling2020+shanghai2022
Oscillibacter,loco_test_kazakhstan2022,lgbm,0.032517562020082394,0.0016806827725175857,-0.00553103808333128,0.008556974751350222,49,zhuang2018+ling2020+shanghai2022
Ruminococcus torques group,loco_test_kazakhstan2022,lgbm,0.031416541428095045,0.014902955529370163,0.0071089223496478525,0.02233447553794259,50,zhuang2018+ling2020+shanghai2022
Clostridium sensu stricto 1,loco_test_kazakhstan2022,lgbm,0.03134052173636922,-0.031057703970473974,-0.030936571380426776,-0.031173202486565476,51,zhuang2018+ling2020+shanghai2022
Lachnospiraceae UCG-004,loco_test_kazakhstan2022,lgbm,0.030616202226010285,0.02366908686624412,0.022470802002824863,0.024811637549969474,52,zhuang2018+ling2020+shanghai2022
Parasutterella,loco_test_kazakhstan2022,lgbm,0.030001386633462752,-0.02549184501766361,-0.02181019795025314,-0.029002252686589847,53,zhuang2018+ling2020+shanghai2022
Holdemanella,loco_test_kazakhstan2022,lgbm,0.029907676829079,0.02954442406859827,0.024001517819519303,0.03482952072469683,54,zhuang2018+ling2020+shanghai2022
Parabacteroides,loco_test_kazakhstan2022,lgbm,0.029612487756811853,0.02023863173590402,0.01633518614693431,0.02396052171608445,55,zhuang2018+ling2020+shanghai2022
Blautia,loco_test_kazakhstan2022,lgbm,0.02886619073980274,0.026114310902275954,0.028638663190688723,0.023707370348207968,56,zhuang2018+ling2020+shanghai2022
Eubacterium eligens group,loco_test_kazakhstan2022,lgbm,0.02854548766209145,-0.024932640536726138,-0.02299947282930942,-0.026775893467053682,57,zhuang2018+ling2020+shanghai2022
Paludicola,loco_test_kazakhstan2022,lgbm,0.028073510748774337,0.014542919901393572,0.012210140877948951,0.01676719757491052,58,zhuang2018+ling2020+shanghai2022
Acinetobacter,loco_test_kazakhstan2022,lgbm,0.028037586233844267,0.01867821380156626,0.011148765289120668,0.025857455406456224,59,zhuang2018+ling2020+shanghai2022
Peptococcus,loco_test_kazakhstan2022,lgbm,0.02760750203031173,-0.02180973892260073,-0.02159815804602596,-0.02201147882817203,60,zhuang2018+ling2020+shanghai2022
Terrisporobacter,loco_test_kazakhstan2022,lgbm,0.02717894016341708,-0.025826949458522368,-0.026948259341639757,-0.02475779352345696,61,zhuang2018+ling2020+shanghai2022
Subdoligranulum,loco_test_kazakhstan2022,lgbm,0.026969234217512374,-0.0208575172607479,-0.02546418304149514,-0.016465115004686573,62,zhuang2018+ling2020+shanghai2022
Haemophilus,loco_test_kazakhstan2022,lgbm,0.026474834909847617,-0.007094119887774957,0.00022041173487710408,-0.014068440737280408,63,zhuang2018+ling2020+shanghai2022
Cloacibacillus,loco_test_kazakhstan2022,lgbm,0.02557088331825406,0.004331591567816263,-0.002992546464065974,0.011315072016820242,64,zhuang2018+ling2020+shanghai2022
Alistipes,loco_test_kazakhstan2022,lgbm,0.023949920536235982,-0.002429805481412434,-0.005053632797551848,7.198335490654354e-05,65,zhuang2018+ling2020+shanghai2022
Holdemania,loco_test_kazakhstan2022,lgbm,0.022570632523543264,0.009848877263162435,0.013472183707010048,0.0063940967004240115,66,zhuang2018+ling2020+shanghai2022
Flavonifractor,loco_test_kazakhstan2022,lgbm,0.021804635818605676,-0.014042076374911177,-0.011866969552453269,-0.016116015438184996,67,zhuang2018+ling2020+shanghai2022
Lachnospiraceae UCG-001,loco_test_kazakhstan2022,lgbm,0.021787414241707725,0.02092335966538151,0.02225076817928825,0.019657691082354156,68,zhuang2018+ling2020+shanghai2022
Pelagibacterium,loco_test_kazakhstan2022,lgbm,0.021700239406610672,-0.021700239406610672,-0.021837028440667688,-0.02156981265320748,69,zhuang2018+ling2020+shanghai2022
Ligilactobacillus,loco_test_kazakhstan2022,lgbm,0.02160708660372563,0.018187435125233107,0.01974827713386001,0.01669919041933304,70,zhuang2018+ling2020+shanghai2022
Fusobacterium,loco_test_kazakhstan2022,lgbm,0.02116476848957411,0.017626915776673625,0.013867895358078863,0.02121109803626398,71,zhuang2018+ling2020+shanghai2022
Rothia,loco_test_kazakhstan2022,lgbm,0.02112221477859864,0.013771168279780628,0.012224282508588001,0.015246105875568943,72,zhuang2018+ling2020+shanghai2022
Fusicatenibacter,loco_test_kazakhstan2022,lgbm,0.02069975181863528,-0.012762617510646864,-0.015705181494211056,-0.00995691696817867,73,zhuang2018+ling2020+shanghai2022
[Clostridium] innocuum group,loco_test_kazakhstan2022,lgbm,0.020406485725948647,0.008142202999212388,0.008197005158001544,0.008089949778041337,74,zhuang2018+ling2020+shanghai2022
Halomonas,loco_test_kazakhstan2022,lgbm,0.019940536755711252,-0.014162373387965069,-0.017031825809953483,-0.011426383869324956,75,zhuang2018+ling2020+shanghai2022
Eubacterium hallii group,loco_test_kazakhstan2022,lgbm,0.019252340762666735,0.018430776391444272,0.019979741924114114,0.016953855767270695,76,zhuang2018+ling2020+shanghai2022
Intestinibacter,loco_test_kazakhstan2022,lgbm,0.01633472659354072,-0.012190313618193551,-0.009991546371763851,-0.014286812620603247,77,zhuang2018+ling2020+shanghai2022
Prevotellaceae NK3B31 group,loco_test_kazakhstan2022,lgbm,0.015571900243409523,0.006128682540853369,0.003250440046326435,0.008873053291448817,78,zhuang2018+ling2020+shanghai2022
Coprobacillus,loco_test_kazakhstan2022,lgbm,0.014735228901316138,0.007269092595890309,0.005605771000203086,0.008855050396429283,79,zhuang2018+ling2020+shanghai2022
Desulfovibrio,loco_test_kazakhstan2022,lgbm,0.013204010892359078,-0.012025726429613078,-0.013396305242981913,-0.01071889546802885,80,zhuang2018+ling2020+shanghai2022
[Ruminococcus] gauvreauii group,loco_test_kazakhstan2022,lgbm,0.013095427736509947,-0.013095427736509947,-0.012614714614757218,-0.013553782108413714,81,zhuang2018+ling2020+shanghai2022
Negativibacillus,loco_test_kazakhstan2022,lgbm,0.01231931007996633,0.01083762359247536,0.010789481133061326,0.010883526867730612,82,zhuang2018+ling2020+shanghai2022
Lachnospiraceae NK4A136 group,loco_test_kazakhstan2022,lgbm,0.01214391742411606,0.003784623050617555,0.0024913689418832774,0.005017725805457215,83,zhuang2018+ling2020+shanghai2022
Turicibacter,loco_test_kazakhstan2022,lgbm,0.012110630134567493,-0.010606980337896187,-0.011630951971512435,-0.009630635291889972,84,zhuang2018+ling2020+shanghai2022
UCG-005,loco_test_kazakhstan2022,lgbm,0.011827105423941173,-0.01073524002297054,-0.010157088757506604,-0.011286500531901287,85,zhuang2018+ling2020+shanghai2022
Megamonas,loco_test_kazakhstan2022,lgbm,0.011311275862236295,-0.004062458718153601,-0.005874083271872109,-0.002335095771584791,86,zhuang2018+ling2020+shanghai2022
Veillonella,loco_test_kazakhstan2022,lgbm,0.01100708105500809,-0.004729506251161232,-0.007208015424448109,-0.002366276574306305,87,zhuang2018+ling2020+shanghai2022
Limosilactobacillus,loco_test_kazakhstan2022,lgbm,0.010738313853987153,-0.005472595833407308,-0.0062989677980646395,-0.004684659774082873,88,zhuang2018+ling2020+shanghai2022
Peptostreptococcus,loco_test_kazakhstan2022,lgbm,0.010650481066147984,0.006487218015553525,0.0051473228889117985,0.00776479243863052,89,zhuang2018+ling2020+shanghai2022
Prevotella_9,loco_test_kazakhstan2022,lgbm,0.010485429642780049,-0.0066953163611396275,-0.0068110258439245935,-0.006584988714763265,90,zhuang2018+ling2020+shanghai2022
Eubacterium,loco_test_kazakhstan2022,lgbm,0.010304648783560511,0.004194562968812325,0.0037824791795361295,0.004587480070215208,91,zhuang2018+ling2020+shanghai2022
Pseudomonas,loco_test_kazakhstan2022,lgbm,0.00957475642523521,0.006200084536240363,0.007815452958483507,0.004659849528985273,92,zhuang2018+ling2020+shanghai2022
Paraprevotella,loco_test_kazakhstan2022,lgbm,0.009508255568512673,-0.0070366650028573915,-0.00945225280521895,-0.0047334301215358945,93,zhuang2018+ling2020+shanghai2022
UBA1819,loco_test_kazakhstan2022,lgbm,0.009486159474510323,0.004469576051397127,0.005557545843001225,0.0034322095059141525,94,zhuang2018+ling2020+shanghai2022
Monoglobus,loco_test_kazakhstan2022,lgbm,0.00931915320222801,-0.0042269659384892655,-0.0004524631905256415,-0.007825910419105752,95,zhuang2018+ling2020+shanghai2022
Lactococcus,loco_test_kazakhstan2022,lgbm,0.009260376116946611,-0.007585712781899431,-0.006201942089090241,-0.00890512204713611,96,zhuang2018+ling2020+shanghai2022
Oxalobacter,loco_test_kazakhstan2022,lgbm,0.009038422017057091,0.0018740004016443788,0.005226017407287357,-0.0013221088362942756,97,zhuang2018+ling2020+shanghai2022
Barnesiella,loco_test_kazakhstan2022,lgbm,0.008955624122682183,-0.008955624122682183,-0.009205192639225507,-0.008717663444117608,98,zhuang2018+ling2020+shanghai2022
Dielma,loco_test_kazakhstan2022,lgbm,0.008596585929895631,-0.004177986037224226,-0.0024886035011285447,-0.005788792641408475,99,zhuang2018+ling2020+shanghai2022
Lachnospiraceae FCS020 group,loco_test_kazakhstan2022,lgbm,0.00807889518060005,0.007946514089507393,0.006773421117232471,0.009065044597955586,100,zhuang2018+ling2020+shanghai2022
Colidextribacter,loco_test_kazakhstan2022,lgbm,0.007823582997673396,-0.006579202111430692,-0.00586565232120483,-0.007259563539320477,101,zhuang2018+ling2020+shanghai2022
Catenibacillus,loco_test_kazakhstan2022,lgbm,0.00764580974675611,0.0013302007978048423,0.002427492314616327,0.0002839460957287746,102,zhuang2018+ling2020+shanghai2022
Bacillus,loco_test_kazakhstan2022,lgbm,0.007148512514405832,0.004906428574984273,0.004376118233112904,0.005412073319559293,103,zhuang2018+ling2020+shanghai2022
Ruminococcus,loco_test_kazakhstan2022,lgbm,0.007096268059247669,0.002699904066831168,0.0022750901760780094,0.003104959171967908,104,zhuang2018+ling2020+shanghai2022
Family XIII UCG-001,loco_test_kazakhstan2022,lgbm,0.006615371206121001,-0.003482056271842122,-0.0024992079496025874,-0.004419190718628658,105,zhuang2018+ling2020+shanghai2022
Methylobacterium-Methylorubrum,loco_test_kazakhstan2022,lgbm,0.005927538387219855,0.0031657651282480646,0.0015430087755993313,0.004713044441238715,106,zhuang2018+ling2020+shanghai2022
CAG-352,loco_test_kazakhstan2022,lgbm,0.005832121084315739,-0.005832121084315739,-0.006186807849290309,-0.005493931378177196,107,zhuang2018+ling2020+shanghai2022
GCA-900066575,loco_test_kazakhstan2022,lgbm,0.005759547539636862,0.0037969536261116947,0.0028079451227283098,0.004739961733988877,108,zhuang2018+ling2020+shanghai2022
ADurb.Bin063-1,loco_test_kazakhstan2022,lgbm,0.00547274873815023,0.004762082865070359,0.0036798897551916414,0.005793941411698902,109,zhuang2018+ling2020+shanghai2022
Lachnospiraceae NC2004 group,loco_test_kazakhstan2022,lgbm,0.005393067965716096,0.003462163284051322,0.005089306172195794,0.0019107014604717077,110,zhuang2018+ling2020+shanghai2022
Salmonella,loco_test_kazakhstan2022,lgbm,0.005363049312474626,-0.0021645554417047555,-0.0021025352926548804,-0.002223690932659288,111,zhuang2018+ling2020+shanghai2022
Eggerthella,loco_test_kazakhstan2022,lgbm,0.005339115941150489,4.232403317817303e-05,0.0008870913739746669,-0.0007631518033952288,112,zhuang2018+ling2020+shanghai2022
Eubacterium ventriosum group,loco_test_kazakhstan2022,lgbm,0.005225856045450176,-0.00268015063197292,-0.000945391063667575,-0.00433422370872918,113,zhuang2018+ling2020+shanghai2022
Lachnospiraceae UCG-003,loco_test_kazakhstan2022,lgbm,0.005093477645185628,0.0020705400566411064,0.0026325450335517716,0.0015346748460983782,114,zhuang2018+ling2020+shanghai2022
CAG-56,loco_test_kazakhstan2022,lgbm,0.0049850195926338286,-0.001542212642662925,-0.0009926380826717986,-0.002066225595212606,115,zhuang2018+ling2020+shanghai2022
Christensenella,loco_test_kazakhstan2022,lgbm,0.004946406467754886,0.0016646330661454407,0.0019424543814475152,0.0013997336724853265,116,zhuang2018+ling2020+shanghai2022
Leuconostoc,loco_test_kazakhstan2022,lgbm,0.004925603440373352,0.002105964121357211,0.002296261454151887,0.001924517827297172,117,zhuang2018+ling2020+shanghai2022
Megasphaera,loco_test_kazakhstan2022,lgbm,0.004923609300970842,0.00026431865909623656,-0.0012455377066479013,0.0017039491473639023,118,zhuang2018+ling2020+shanghai2022
Phocea,loco_test_kazakhstan2022,lgbm,0.004903996000703569,-0.002484079658033566,-0.0015228280443868826,-0.0034006218943013334,119,zhuang2018+ling2020+shanghai2022
Adlercreutzia,loco_test_kazakhstan2022,lgbm,0.004612368361961936,-0.0028908438219020496,-0.0021995491138975397,-0.0035499852876737896,120,zhuang2018+ling2020+shanghai2022
Odoribacter,loco_test_kazakhstan2022,lgbm,0.004580112494854499,-0.003777461644322338,-0.004384930988957178,-0.0031982466878100455,121,zhuang2018+ling2020+shanghai2022
[Eubacterium] nodatum group,loco_test_kazakhstan2022,lgbm,0.004576557859452746,-0.00236143057816585,-0.002523001550233099,-0.002207374535031958,122,zhuang2018+ling2020+shanghai2022
Allisonella,loco_test_kazakhstan2022,lgbm,0.00447699688279447,-0.003064646749426661,-0.002924068095848443,-0.003198686860977985,123,zhuang2018+ling2020+shanghai2022
Klebsiella,loco_test_kazakhstan2022,lgbm,0.0041743695642678215,0.0035017744928802284,0.00438396866371756,0.0026606126090585836,124,zhuang2018+ling2020+shanghai2022
Escherichia-Shigella,loco_test_kazakhstan2022,lgbm,0.004070952200461725,0.0021901147225421693,0.0031011417655525614,0.0013214610303694677,125,zhuang2018+ling2020+shanghai2022
Parvimonas,loco_test_kazakhstan2022,lgbm,0.003618207584703847,-0.0033295157536664616,-0.003346588600465784,-0.003313236992764781,126,zhuang2018+ling2020+shanghai2022
[Eubacterium] ruminantium group,loco_test_kazakhstan2022,lgbm,0.00361148466202567,-0.00361148466202567,-0.0044617007493598735,-0.0028008135089860804,127,zhuang2018+ling2020+shanghai2022
TM7x,loco_test_kazakhstan2022,lgbm,0.003549520034726887,-0.0005717581594922477,-0.00012659744227072235,-0.000996213727075562,128,zhuang2018+ling2020+shanghai2022
Roseburia,loco_test_kazakhstan2022,lgbm,0.003273611614805546,-0.003046924667344971,-0.003475744012379137,-0.002638050408126347,129,zhuang2018+ling2020+shanghai2022
Marvinbryantia,loco_test_kazakhstan2022,lgbm,0.003172366085193088,-0.0030422108701993553,-0.0030819241769227197,-0.00300434469402126,130,zhuang2018+ling2020+shanghai2022
Pyramidobacter,loco_test_kazakhstan2022,lgbm,0.002928686214911534,0.00040572257764535084,-8.986413072864356e-05,0.0008782587414438109,131,zhuang2018+ling2020+shanghai2022
Catenibacterium,loco_test_kazakhstan2022,lgbm,0.0024240329409960493,0.0019988298590647197,0.001955139340069444,0.002040488260897431,132,zhuang2018+ling2020+shanghai2022
Erysipelatoclostridium,loco_test_kazakhstan2022,lgbm,0.002313296723495654,5.090686239398899e-05,-0.00011027517768198283,0.00020459206339666,133,zhuang2018+ling2020+shanghai2022
Howardella,loco_test_kazakhstan2022,lgbm,0.0019673427034028463,-0.0004206312154427196,-3.090538513826133e-05,-0.0007922302629423194,134,zhuang2018+ling2020+shanghai2022
Phascolarctobacterium,loco_test_kazakhstan2022,lgbm,0.0019208331818540004,0.0007439699136528338,0.0006873658436293826,0.0007979412362333336,135,zhuang2018+ling2020+shanghai2022
Massilia,loco_test_kazakhstan2022,lgbm,0.0017339526621387971,0.0012745163089002709,0.0010099491494018843,0.0015267780191196645,136,zhuang2018+ling2020+shanghai2022
Mogibacterium,loco_test_kazakhstan2022,lgbm,0.001679689972574481,8.1215464960631e-06,-0.000378703497473454,0.00037695472795537034,137,zhuang2018+ling2020+shanghai2022
Oribacterium,loco_test_kazakhstan2022,lgbm,0.0016761289575473737,-0.0009063969300341979,-0.000553622996833527,-0.001242762773318557,138,zhuang2018+ling2020+shanghai2022
Thermus,loco_test_kazakhstan2022,lgbm,0.001258965554967615,0.001258965554967615,0.0012838382093606877,0.0012352497682207287,139,zhuang2018+ling2020+shanghai2022
Intestinimonas,loco_test_kazakhstan2022,lgbm,0.0010291337256291525,0.0008463521259592635,0.0011548907723252467,0.0005521641143079773,140,zhuang2018+ling2020+shanghai2022
Acidaminococcus,loco_test_kazakhstan2022,lgbm,0.0004167522245986024,-0.00011261113783520623,-0.00012915373200696707,-9.683796664817849e-05,141,zhuang2018+ling2020+shanghai2022
Lactonifactor,loco_test_kazakhstan2022,lgbm,0.00039753844578044615,0.00034122353802843244,0.00031942399970176516,0.00036200914433990493,142,zhuang2018+ling2020+shanghai2022
DTU089,loco_test_kazakhstan2022,lgbm,0.0003057747717598851,0.00010223183883782276,0.0001926364924573585,1.6032052828498007e-05,143,zhuang2018+ling2020+shanghai2022
UCG-007,loco_test_kazakhstan2022,lgbm,0.0,0.0,0.0,0.0,144,zhuang2018+ling2020+shanghai2022
Pedomicrobium,loco_test_kazakhstan2022,lgbm,0.0,0.0,0.0,0.0,145,zhuang2018+ling2020+shanghai2022
UCG-009,loco_test_kazakhstan2022,lgbm,0.0,0.0,0.0,0.0,146,zhuang2018+ling2020+shanghai2022
UTCFX1,loco_test_kazakhstan2022,lgbm,0.0,0.0,0.0,0.0,147,zhuang2018+ling2020+shanghai2022
Pedobacter,loco_test_kazakhstan2022,lgbm,0.0,0.0,0.0,0.0,148,zhuang2018+ling2020+shanghai2022
Undibacterium,loco_test_kazakhstan2022,lgbm,0.0,0.0,0.0,0.0,149,zhuang2018+ling2020+shanghai2022
V9D2013 group,loco_test_kazakhstan2022,lgbm,0.0,0.0,0.0,0.0,150,zhuang2018+ling2020+shanghai2022
UCG-004,loco_test_kazakhstan2022,lgbm,0.0,0.0,0.0,0.0,151,zhuang2018+ling2020+shanghai2022
Peredibacter,loco_test_kazakhstan2022,lgbm,0.0,0.0,0.0,0.0,152,zhuang2018+ling2020+shanghai2022
UCG-003,loco_test_kazakhstan2022,lgbm,0.0,0.0,0.0,0.0,153,zhuang2018+ling2020+shanghai2022
UCG-002,loco_test_kazakhstan2022,lgbm,0.0,0.0,0.0,0.0,154,zhuang2018+ling2020+shanghai2022
UC5-1-2E3,loco_test_kazakhstan2022,lgbm,0.0,0.0,0.0,0.0,155,zhuang2018+ling2020+shanghai2022
Phaselicystis,loco_test_kazakhstan2022,lgbm,0.0,0.0,0.0,0.0,156,zhuang2018+ling2020+shanghai2022
Phenylobacterium,loco_test_kazakhstan2022,lgbm,0.0,0.0,0.0,0.0,157,zhuang2018+ling2020+shanghai2022
Tuzzerella,loco_test_kazakhstan2022,lgbm,0.0,0.0,0.0,0.0,158,zhuang2018+ling2020+shanghai2022
Polaromonas,loco_test_kazakhstan2022,lgbm,0.0,0.0,0.0,0.0,159,zhuang2018+ling2020+shanghai2022
Tumebacillus,loco_test_kazakhstan2022,lgbm,0.0,0.0,0.0,0.0,160,zhuang2018+ling2020+shanghai2022
Truepera,loco_test_kazakhstan2022,lgbm,0.0,0.0,0.0,0.0,161,zhuang2018+ling2020+shanghai2022
Polyangium,loco_test_kazakhstan2022,lgbm,0.0,0.0,0.0,0.0,162,zhuang2018+ling2020+shanghai2022
Polycyclovorans,loco_test_kazakhstan2022,lgbm,0.0,0.0,0.0,0.0,163,zhuang2018+ling2020+shanghai2022
Vibrionimonas,loco_test_kazakhstan2022,lgbm,0.0,0.0,0.0,0.0,164,zhuang2018+ling2020+shanghai2022
Rhodoplanes,loco_test_kazakhstan2022,lgbm,0.0,0.0,0.0,0.0,165,zhuang2018+ling2020+shanghai2022
Vicinamibacter,loco_test_kazakhstan2022,lgbm,0.0,0.0,0.0,0.0,166,zhuang2018+ling2020+shanghai2022
Pontibacter,loco_test_kazakhstan2022,lgbm,0.0,0.0,0.0,0.0,167,zhuang2018+ling2020+shanghai2022
Oceanicaulis,loco_test_kazakhstan2022,lgbm,0.0,0.0,0.0,0.0,168,zhuang2018+ling2020+shanghai2022
Ohtaekwangia,loco_test_kazakhstan2022,lgbm,0.0,0.0,0.0,0.0,169,zhuang2018+ling2020+shanghai2022
Olsenella,loco_test_kazakhstan2022,lgbm,0.0,0.0,0.0,0.0,170,zhuang2018+ling2020+shanghai2022
Opitutus,loco_test_kazakhstan2022,lgbm,0.0,0.0,0.0,0.0,171,zhuang2018+ling2020+shanghai2022
wb1-A12,loco_test_kazakhstan2022,lgbm,0.0,0.0,0.0,0.0,172,zhuang2018+ling2020+shanghai2022
Oscillospira,loco_test_kazakhstan2022,lgbm,0.0,0.0,0.0,0.0,173,zhuang2018+ling2020+shanghai2022
mle1-7,loco_test_kazakhstan2022,lgbm,0.0,0.0,0.0,0.0,174,zhuang2018+ling2020+shanghai2022
[Eubacterium] tenue group,loco_test_kazakhstan2022,lgbm,0.0,0.0,0.0,0.0,175,zhuang2018+ling2020+shanghai2022
[Eubacterium] fissicatena group,loco_test_kazakhstan2022,lgbm,0.0,0.0,0.0,0.0,176,zhuang2018+ling2020+shanghai2022
P3OB-42,loco_test_kazakhstan2022,lgbm,0.0,0.0,0.0,0.0,177,zhuang2018+ling2020+shanghai2022
Paenibacillus,loco_test_kazakhstan2022,lgbm,0.0,0.0,0.0,0.0,178,zhuang2018+ling2020+shanghai2022
[Bacteroides] pectinophilus group,loco_test_kazakhstan2022,lgbm,0.0,0.0,0.0,0.0,179,zhuang2018+ling2020+shanghai2022
Paeniclostridium,loco_test_kazakhstan2022,lgbm,0.0,0.0,0.0,0.0,180,zhuang2018+ling2020+shanghai2022
Paenisporosarcina,loco_test_kazakhstan2022,lgbm,0.0,0.0,0.0,0.0,181,zhuang2018+ling2020+shanghai2022
Pajaroellobacter,loco_test_kazakhstan2022,lgbm,0.0,0.0,0.0,0.0,182,zhuang2018+ling2020+shanghai2022
Z20,loco_test_kazakhstan2022,lgbm,0.0,0.0,0.0,0.0,183,zhuang2018+ling2020+shanghai2022
Pannonibacter,loco_test_kazakhstan2022,lgbm,0.0,0.0,0.0,0.0,184,zhuang2018+ling2020+shanghai2022
Papillibacter,loco_test_kazakhstan2022,lgbm,0.0,0.0,0.0,0.0,185,zhuang2018+ling2020+shanghai2022
YC-ZSS-LKJ147,loco_test_kazakhstan2022,lgbm,0.0,0.0,0.0,0.0,186,zhuang2018+ling2020+shanghai2022
Woeseia,loco_test_kazakhstan2022,lgbm,0.0,0.0,0.0,0.0,187,zhuang2018+ling2020+shanghai2022
Paracoccus,loco_test_kazakhstan2022,lgbm,0.0,0.0,0.0,0.0,188,zhuang2018+ling2020+shanghai2022
Virgisporangium,loco_test_kazakhstan2022,lgbm,0.0,0.0,0.0,0.0,189,zhuang2018+ling2020+shanghai2022
Parapusillimonas,loco_test_kazakhstan2022,lgbm,0.0,0.0,0.0,0.0,190,zhuang2018+ling2020+shanghai2022
Victivallis,loco_test_kazakhstan2022,lgbm,0.0,0.0,0.0,0.0,191,zhuang2018+ling2020+shanghai2022
Porphyromonas,loco_test_kazakhstan2022,lgbm,0.0,0.0,0.0,0.0,192,zhuang2018+ling2020+shanghai2022
Rhodomicrobium,loco_test_kazakhstan2022,lgbm,0.0,0.0,0.0,0.0,193,zhuang2018+ling2020+shanghai2022
Skermanella,loco_test_kazakhstan2022,lgbm,0.0,0.0,0.0,0.0,194,zhuang2018+ling2020+shanghai2022
Shuttleworthia,loco_test_kazakhstan2022,lgbm,0.0,0.0,0.0,0.0,195,zhuang2018+ling2020+shanghai2022
Serratia,loco_test_kazakhstan2022,lgbm,0.0,0.0,0.0,0.0,196,zhuang2018+ling2020+shanghai2022
Pseudorhodoplanes,loco_test_kazakhstan2022,lgbm,0.0,0.0,0.0,0.0,197,zhuang2018+ling2020+shanghai2022
Pseudoxanthomonas,loco_test_kazakhstan2022,lgbm,0.0,0.0,0.0,0.0,198,zhuang2018+ling2020+shanghai2022
Sediminibacterium,loco_test_kazakhstan2022,lgbm,0.0,0.0,0.0,0.0,199,zhuang2018+ling2020+shanghai2022
Psychrobacillus,loco_test_kazakhstan2022,lgbm,0.0,0.0,0.0,0.0,200,zhuang2018+ling2020+shanghai2022
Psychrobacter,loco_test_kazakhstan2022,lgbm,0.0,0.0,0.0,0.0,201,zhuang2018+ling2020+shanghai2022
Sarcina,loco_test_kazakhstan2022,lgbm,0.0,0.0,0.0,0.0,202,zhuang2018+ling2020+shanghai2022
Sanguibacteroides,loco_test_kazakhstan2022,lgbm,0.0,0.0,0.0,0.0,203,zhuang2018+ling2020+shanghai2022
Sandaracinus,loco_test_kazakhstan2022,lgbm,0.0,0.0,0.0,0.0,204,zhuang2018+ling2020+shanghai2022
Puia,loco_test_kazakhstan2022,lgbm,0.0,0.0,0.0,0.0,205,zhuang2018+ling2020+shanghai2022
Salipaludibacillus,loco_test_kazakhstan2022,lgbm,0.0,0.0,0.0,0.0,206,zhuang2018+ling2020+shanghai2022
RB41,loco_test_kazakhstan2022,lgbm,0.0,0.0,0.0,0.0,207,zhuang2018+ling2020+shanghai2022
SWB02,loco_test_kazakhstan2022,lgbm,0.0,0.0,0.0,0.0,208,zhuang2018+ling2020+shanghai2022
Ralstonia,loco_test_kazakhstan2022,lgbm,0.0,0.0,0.0,0.0,209,zhuang2018+ling2020+shanghai2022
Ramlibacter,loco_test_kazakhstan2022,lgbm,0.0,0.0,0.0,0.0,210,zhuang2018+ling2020+shanghai2022
Raoultibacter,loco_test_kazakhstan2022,lgbm,0.0,0.0,0.0,0.0,211,zhuang2018+ling2020+shanghai2022
Reyranella,loco_test_kazakhstan2022,lgbm,0.0,0.0,0.0,0.0,212,zhuang2018+ling2020+shanghai2022
Rhizobacter,loco_test_kazakhstan2022,lgbm,0.0,0.0,0.0,0.0,213,zhuang2018+ling2020+shanghai2022
Rhizocola,loco_test_kazakhstan2022,lgbm,0.0,0.0,0.0,0.0,214,zhuang2018+ling2020+shanghai2022
Rubrobacter,loco_test_kazakhstan2022,lgbm,0.0,0.0,0.0,0.0,215,zhuang2018+ling2020+shanghai2022
OLB17,loco_test_kazakhstan2022,lgbm,0.0,0.0,0.0,0.0,216,zhuang2018+ling2020+shanghai2022
Rikenellaceae RC9 gut group,loco_test_kazakhstan2022,lgbm,0.0,0.0,0.0,0.0,217,zhuang2018+ling2020+shanghai2022
Pseudonocardia,loco_test_kazakhstan2022,lgbm,0.0,0.0,0.0,0.0,218,zhuang2018+ling2020+shanghai2022
Sneathia,loco_test_kazakhstan2022,lgbm,0.0,0.0,0.0,0.0,219,zhuang2018+ling2020+shanghai2022
Terrimonas,loco_test_kazakhstan2022,lgbm,0.0,0.0,0.0,0.0,220,zhuang2018+ling2020+shanghai2022
Pseudolabrys,loco_test_kazakhstan2022,lgbm,0.0,0.0,0.0,0.0,221,zhuang2018+ling2020+shanghai2022
Taibaiella,loco_test_kazakhstan2022,lgbm,0.0,0.0,0.0,0.0,222,zhuang2018+ling2020+shanghai2022
Sutterella,loco_test_kazakhstan2022,lgbm,0.0,0.0,0.0,0.0,223,zhuang2018+ling2020+shanghai2022
Sumerlaea,loco_test_kazakhstan2022,lgbm,0.0,0.0,0.0,0.0,224,zhuang2018+ling2020+shanghai2022
Prevotella,loco_test_kazakhstan2022,lgbm,0.0,0.0,0.0,0.0,225,zhuang2018+ling2020+shanghai2022
Sulfurifustis,loco_test_kazakhstan2022,lgbm,0.0,0.0,0.0,0.0,226,zhuang2018+ling2020+shanghai2022
Succinivibrio,loco_test_kazakhstan2022,lgbm,0.0,0.0,0.0,0.0,227,zhuang2018+ling2020+shanghai2022
Subgroup 10,loco_test_kazakhstan2022,lgbm,0.0,0.0,0.0,0.0,228,zhuang2018+ling2020+shanghai2022
Streptomyces,loco_test_kazakhstan2022,lgbm,0.0,0.0,0.0,0.0,229,zhuang2018+ling2020+shanghai2022
Steroidobacter,loco_test_kazakhstan2022,lgbm,0.0,0.0,0.0,0.0,230,zhuang2018+ling2020+shanghai2022
Prevotella_7,loco_test_kazakhstan2022,lgbm,0.0,0.0,0.0,0.0,231,zhuang2018+ling2020+shanghai2022
Stenotrophomonas,loco_test_kazakhstan2022,lgbm,0.0,0.0,0.0,0.0,232,zhuang2018+ling2020+shanghai2022
Stenotrophobacter,loco_test_kazakhstan2022,lgbm,0.0,0.0,0.0,0.0,233,zhuang2018+ling2020+shanghai2022
Staphylococcus,loco_test_kazakhstan2022,lgbm,0.0,0.0,0.0,0.0,234,zhuang2018+ling2020+shanghai2022
Sporosarcina,loco_test_kazakhstan2022,lgbm,0.0,0.0,0.0,0.0,235,zhuang2018+ling2020+shanghai2022
Sphingomonas,loco_test_kazakhstan2022,lgbm,0.0,0.0,0.0,0.0,236,zhuang2018+ling2020+shanghai2022
Prevotellaceae UCG-001,loco_test_kazakhstan2022,lgbm,0.0,0.0,0.0,0.0,237,zhuang2018+ling2020+shanghai2022
Prevotellaceae UCG-003,loco_test_kazakhstan2022,lgbm,0.0,0.0,0.0,0.0,238,zhuang2018+ling2020+shanghai2022
Pseudenhygromyxa,loco_test_kazakhstan2022,lgbm,0.0,0.0,0.0,0.0,239,zhuang2018+ling2020+shanghai2022
Solobacterium,loco_test_kazakhstan2022,lgbm,0.0,0.0,0.0,0.0,240,zhuang2018+ling2020+shanghai2022
Solitalea,loco_test_kazakhstan2022,lgbm,0.0,0.0,0.0,0.0,241,zhuang2018+ling2020+shanghai2022
Solirubrobacter,loco_test_kazakhstan2022,lgbm,0.0,0.0,0.0,0.0,242,zhuang2018+ling2020+shanghai2022
Pseudoduganella,loco_test_kazakhstan2022,lgbm,0.0,0.0,0.0,0.0,243,zhuang2018+ling2020+shanghai2022
Pseudoflavonifractor,loco_test_kazakhstan2022,lgbm,0.0,0.0,0.0,0.0,244,zhuang2018+ling2020+shanghai2022
OM27 clade,loco_test_kazakhstan2022,lgbm,0.0,0.0,0.0,0.0,245,zhuang2018+ling2020+shanghai2022
Latilactobacillus,loco_test_kazakhstan2022,lgbm,0.0,0.0,0.0,0.0,246,zhuang2018+ling2020+shanghai2022
Novosphingobium,loco_test_kazakhstan2022,lgbm,0.0,0.0,0.0,0.0,247,zhuang2018+ling2020+shanghai2022
Chryseolinea,loco_test_kazakhstan2022,lgbm,0.0,0.0,0.0,0.0,248,zhuang2018+ling2020+shanghai2022
Chitinophaga,loco_test_kazakhstan2022,lgbm,0.0,0.0,0.0,0.0,249,zhuang2018+ling2020+shanghai2022
Chelativorans,loco_test_kazakhstan2022,lgbm,0.0,0.0,0.0,0.0,250,zhuang2018+ling2020+shanghai2022
Cellvibrio,loco_test_kazakhstan2022,lgbm,0.0,0.0,0.0,0.0,251,zhuang2018+ling2020+shanghai2022
Caulobacter,loco_test_kazakhstan2022,lgbm,0.0,0.0,0.0,0.0,252,zhuang2018+ling2020+shanghai2022
Catenisphaera,loco_test_kazakhstan2022,lgbm,0.0,0.0,0.0,0.0,253,zhuang2018+ling2020+shanghai2022
Castellaniella,loco_test_kazakhstan2022,lgbm,0.0,0.0,0.0,0.0,254,zhuang2018+ling2020+shanghai2022
Candidatus Udaeobacter,loco_test_kazakhstan2022,lgbm,0.0,0.0,0.0,0.0,255,zhuang2018+ling2020+shanghai2022
Candidatus Solibacter,loco_test_kazakhstan2022,lgbm,0.0,0.0,0.0,0.0,256,zhuang2018+ling2020+shanghai2022
Candidatus Soleaferrea,loco_test_kazakhstan2022,lgbm,0.0,0.0,0.0,0.0,257,zhuang2018+ling2020+shanghai2022
Candidatus Nitrososphaera,loco_test_kazakhstan2022,lgbm,0.0,0.0,0.0,0.0,258,zhuang2018+ling2020+shanghai2022
Candidatus Nitrocosmicus,loco_test_kazakhstan2022,lgbm,0.0,0.0,0.0,0.0,259,zhuang2018+ling2020+shanghai2022
Candidatus Entotheonella,loco_test_kazakhstan2022,lgbm,0.0,0.0,0.0,0.0,260,zhuang2018+ling2020+shanghai2022
Campylobacter,loco_test_kazakhstan2022,lgbm,0.0,0.0,0.0,0.0,261,zhuang2018+ling2020+shanghai2022
Caenimonas,loco_test_kazakhstan2022,lgbm,0.0,0.0,0.0,0.0,262,zhuang2018+ling2020+shanghai2022
CL500-29 marine group,loco_test_kazakhstan2022,lgbm,0.0,0.0,0.0,0.0,263,zhuang2018+ling2020+shanghai2022
Chryseobacterium,loco_test_kazakhstan2022,lgbm,0.0,0.0,0.0,0.0,264,zhuang2018+ling2020+shanghai2022
Chthoniobacter,loco_test_kazakhstan2022,lgbm,0.0,0.0,0.0,0.0,265,zhuang2018+ling2020+shanghai2022
CAG-873,loco_test_kazakhstan2022,lgbm,0.0,0.0,0.0,0.0,266,zhuang2018+ling2020+shanghai2022
Citricoccus,loco_test_kazakhstan2022,lgbm,0.0,0.0,0.0,0.0,267,zhuang2018+ling2020+shanghai2022
Edaphobaculum,loco_test_kazakhstan2022,lgbm,0.0,0.0,0.0,0.0,268,zhuang2018+ling2020+shanghai2022
Dongia,loco_test_kazakhstan2022,lgbm,0.0,0.0,0.0,0.0,269,zhuang2018+ling2020+shanghai2022
Dokdonella,loco_test_kazakhstan2022,lgbm,0.0,0.0,0.0,0.0,270,zhuang2018+ling2020+shanghai2022
Dinghuibacter,loco_test_kazakhstan2022,lgbm,0.0,0.0,0.0,0.0,271,zhuang2018+ling2020+shanghai2022
Diaphorobacter,loco_test_kazakhstan2022,lgbm,0.0,0.0,0.0,0.0,272,zhuang2018+ling2020+shanghai2022
Dethiobacter,loco_test_kazakhstan2022,lgbm,0.0,0.0,0.0,0.0,273,zhuang2018+ling2020+shanghai2022
Defluviitaleaceae UCG-011,loco_test_kazakhstan2022,lgbm,0.0,0.0,0.0,0.0,274,zhuang2018+ling2020+shanghai2022
Dactylosporangium,loco_test_kazakhstan2022,lgbm,0.0,0.0,0.0,0.0,275,zhuang2018+ling2020+shanghai2022
Cutibacterium,loco_test_kazakhstan2022,lgbm,0.0,0.0,0.0,0.0,276,zhuang2018+ling2020+shanghai2022
Curvibacter,loco_test_kazakhstan2022,lgbm,0.0,0.0,0.0,0.0,277,zhuang2018+ling2020+shanghai2022
Cupriavidus,loco_test_kazakhstan2022,lgbm,0.0,0.0,0.0,0.0,278,zhuang2018+ling2020+shanghai2022
Corynebacterium,loco_test_kazakhstan2022,lgbm,0.0,0.0,0.0,0.0,279,zhuang2018+ling2020+shanghai2022
Coriobacteriaceae UCG-003,loco_test_kazakhstan2022,lgbm,0.0,0.0,0.0,0.0,280,zhuang2018+ling2020+shanghai2022
Comamonas,loco_test_kazakhstan2022,lgbm,0.0,0.0,0.0,0.0,281,zhuang2018+ling2020+shanghai2022
Citrifermentans,loco_test_kazakhstan2022,lgbm,0.0,0.0,0.0,0.0,282,zhuang2018+ling2020+shanghai2022
CHKCI002,loco_test_kazakhstan2022,lgbm,0.0,0.0,0.0,0.0,283,zhuang2018+ling2020+shanghai2022
Burkholderia-Caballeronia-Paraburkholderia,loco_test_kazakhstan2022,lgbm,0.0,0.0,0.0,0.0,284,zhuang2018+ling2020+shanghai2022
Nordella,loco_test_kazakhstan2022,lgbm,0.0,0.0,0.0,0.0,285,zhuang2018+ling2020+shanghai2022
Anaerococcus,loco_test_kazakhstan2022,lgbm,0.0,0.0,0.0,0.0,286,zhuang2018+ling2020+shanghai2022
Ammoniphilus,loco_test_kazakhstan2022,lgbm,0.0,0.0,0.0,0.0,287,zhuang2018+ling2020+shanghai2022
Altererythrobacter,loco_test_kazakhstan2022,lgbm,0.0,0.0,0.0,0.0,288,zhuang2018+ling2020+shanghai2022
Allorhizobium-Neorhizobium-Pararhizobium-Rhizobium,loco_test_kazakhstan2022,lgbm,0.0,0.0,0.0,0.0,289,zhuang2018+ling2020+shanghai2022
Alloprevotella,loco_test_kazakhstan2022,lgbm,0.0,0.0,0.0,0.0,290,zhuang2018+ling2020+shanghai2022
Alkalicoccus,loco_test_kazakhstan2022,lgbm,0.0,0.0,0.0,0.0,291,zhuang2018+ling2020+shanghai2022
Aliihoeflea,loco_test_kazakhstan2022,lgbm,0.0,0.0,0.0,0.0,292,zhuang2018+ling2020+shanghai2022
Ahniella,loco_test_kazakhstan2022,lgbm,0.0,0.0,0.0,0.0,293,zhuang2018+ling2020+shanghai2022
Agromyces,loco_test_kazakhstan2022,lgbm,0.0,0.0,0.0,0.0,294,zhuang2018+ling2020+shanghai2022
Afipia,loco_test_kazakhstan2022,lgbm,0.0,0.0,0.0,0.0,295,zhuang2018+ling2020+shanghai2022
Aeromonas,loco_test_kazakhstan2022,lgbm,0.0,0.0,0.0,0.0,296,zhuang2018+ling2020+shanghai2022
Aeromicrobium,loco_test_kazakhstan2022,lgbm,0.0,0.0,0.0,0.0,297,zhuang2018+ling2020+shanghai2022
Adhaeribacter,loco_test_kazakhstan2022,lgbm,0.0,0.0,0.0,0.0,298,zhuang2018+ling2020+shanghai2022
Actinomyces,loco_test_kazakhstan2022,lgbm,0.0,0.0,0.0,0.0,299,zhuang2018+ling2020+shanghai2022
Actinocorallia,loco_test_kazakhstan2022,lgbm,0.0,0.0,0.0,0.0,300,zhuang2018+ling2020+shanghai2022
Acidibacter,loco_test_kazakhstan2022,lgbm,0.0,0.0,0.0,0.0,301,zhuang2018+ling2020+shanghai2022
Anaerobacillus,loco_test_kazakhstan2022,lgbm,0.0,0.0,0.0,0.0,302,zhuang2018+ling2020+shanghai2022
Anaerofilum,loco_test_kazakhstan2022,lgbm,0.0,0.0,0.0,0.0,303,zhuang2018+ling2020+shanghai2022
Bryobacter,loco_test_kazakhstan2022,lgbm,0.0,0.0,0.0,0.0,304,zhuang2018+ling2020+shanghai2022
Anaerofustis,loco_test_kazakhstan2022,lgbm,0.0,0.0,0.0,0.0,305,zhuang2018+ling2020+shanghai2022
Brevundimonas,loco_test_kazakhstan2022,lgbm,0.0,0.0,0.0,0.0,306,zhuang2018+ling2020+shanghai2022
Bradyrhizobium,loco_test_kazakhstan2022,lgbm,0.0,0.0,0.0,0.0,307,zhuang2018+ling2020+shanghai2022
Blastococcus,loco_test_kazakhstan2022,lgbm,0.0,0.0,0.0,0.0,308,zhuang2018+ling2020+shanghai2022
Bdellovibrio,loco_test_kazakhstan2022,lgbm,0.0,0.0,0.0,0.0,309,zhuang2018+ling2020+shanghai2022
Bauldia,loco_test_kazakhstan2022,lgbm,0.0,0.0,0.0,0.0,310,zhuang2018+ling2020+shanghai2022
BIyi10,loco_test_kazakhstan2022,lgbm,0.0,0.0,0.0,0.0,311,zhuang2018+ling2020+shanghai2022
BD1-7 clade,loco_test_kazakhstan2022,lgbm,0.0,0.0,0.0,0.0,312,zhuang2018+ling2020+shanghai2022
Azoarcus,loco_test_kazakhstan2022,lgbm,0.0,0.0,0.0,0.0,313,zhuang2018+ling2020+shanghai2022
Asteroleplasma,loco_test_kazakhstan2022,lgbm,0.0,0.0,0.0,0.0,314,zhuang2018+ling2020+shanghai2022
Aridibacter,loco_test_kazakhstan2022,lgbm,0.0,0.0,0.0,0.0,315,zhuang2018+ling2020+shanghai2022
Arenimonas,loco_test_kazakhstan2022,lgbm,0.0,0.0,0.0,0.0,316,zhuang2018+ling2020+shanghai2022
Archangium,loco_test_kazakhstan2022,lgbm,0.0,0.0,0.0,0.0,317,zhuang2018+ling2020+shanghai2022
Aquicella,loco_test_kazakhstan2022,lgbm,0.0,0.0,0.0,0.0,318,zhuang2018+ling2020+shanghai2022
Aquabacterium,loco_test_kazakhstan2022,lgbm,0.0,0.0,0.0,0.0,319,zhuang2018+ling2020+shanghai2022
Angelakisella,loco_test_kazakhstan2022,lgbm,0.0,0.0,0.0,0.0,320,zhuang2018+ling2020+shanghai2022
Ellin6055,loco_test_kazakhstan2022,lgbm,0.0,0.0,0.0,0.0,321,zhuang2018+ling2020+shanghai2022
Ellin6067,loco_test_kazakhstan2022,lgbm,0.0,0.0,0.0,0.0,322,zhuang2018+ling2020+shanghai2022
Elusimicrobium,loco_test_kazakhstan2022,lgbm,0.0,0.0,0.0,0.0,323,zhuang2018+ling2020+shanghai2022
Methyloceanibacter,loco_test_kazakhstan2022,lgbm,0.0,0.0,0.0,0.0,324,zhuang2018+ling2020+shanghai2022
Mesorhizobium,loco_test_kazakhstan2022,lgbm,0.0,0.0,0.0,0.0,325,zhuang2018+ling2020+shanghai2022
Merdibacter,loco_test_kazakhstan2022,lgbm,0.0,0.0,0.0,0.0,326,zhuang2018+ling2020+shanghai2022
Marmoricola,loco_test_kazakhstan2022,lgbm,0.0,0.0,0.0,0.0,327,zhuang2018+ling2020+shanghai2022
MND1,loco_test_kazakhstan2022,lgbm,0.0,0.0,0.0,0.0,328,zhuang2018+ling2020+shanghai2022
Lysobacter,loco_test_kazakhstan2022,lgbm,0.0,0.0,0.0,0.0,329,zhuang2018+ling2020+shanghai2022
Lysinibacillus,loco_test_kazakhstan2022,lgbm,0.0,0.0,0.0,0.0,330,zhuang2018+ling2020+shanghai2022
Luteolibacter,loco_test_kazakhstan2022,lgbm,0.0,0.0,0.0,0.0,331,zhuang2018+ling2020+shanghai2022
Luedemannella,loco_test_kazakhstan2022,lgbm,0.0,0.0,0.0,0.0,332,zhuang2018+ling2020+shanghai2022
Longimicrobium,loco_test_kazakhstan2022,lgbm,0.0,0.0,0.0,0.0,333,zhuang2018+ling2020+shanghai2022
Libanicoccus,loco_test_kazakhstan2022,lgbm,0.0,0.0,0.0,0.0,334,zhuang2018+ling2020+shanghai2022
Levilactobacillus,loco_test_kazakhstan2022,lgbm,0.0,0.0,0.0,0.0,335,zhuang2018+ling2020+shanghai2022
Leucobacter,loco_test_kazakhstan2022,lgbm,0.0,0.0,0.0,0.0,336,zhuang2018+ling2020+shanghai2022
Legionella,loco_test_kazakhstan2022,lgbm,0.0,0.0,0.0,0.0,337,zhuang2018+ling2020+shanghai2022
Lechevalieria,loco_test_kazakhstan2022,lgbm,0.0,0.0,0.0,0.0,338,zhuang2018+ling2020+shanghai2022
Achromobacter,loco_test_kazakhstan2022,lgbm,0.0,0.0,0.0,0.0,339,zhuang2018+ling2020+shanghai2022
Methanobrevibacter,loco_test_kazakhstan2022,lgbm,0.0,0.0,0.0,0.0,340,zhuang2018+ling2020+shanghai2022
Methylotenera,loco_test_kazakhstan2022,lgbm,0.0,0.0,0.0,0.0,341,zhuang2018+ling2020+shanghai2022
Enhydrobacter,loco_test_kazakhstan2022,lgbm,0.0,0.0,0.0,0.0,342,zhuang2018+ling2020+shanghai2022
Methyloversatilis,loco_test_kazakhstan2022,lgbm,0.0,0.0,0.0,0.0,343,zhuang2018+ling2020+shanghai2022
Nonomuraea,loco_test_kazakhstan2022,lgbm,0.0,0.0,0.0,0.0,344,zhuang2018+ling2020+shanghai2022
Nocardioides,loco_test_kazakhstan2022,lgbm,0.0,0.0,0.0,0.0,345,zhuang2018+ling2020+shanghai2022
Nitrospira,loco_test_kazakhstan2022,lgbm,0.0,0.0,0.0,0.0,346,zhuang2018+ling2020+shanghai2022
Nitrosospira,loco_test_kazakhstan2022,lgbm,0.0,0.0,0.0,0.0,347,zhuang2018+ling2020+shanghai2022
Nitrosococcus,loco_test_kazakhstan2022,lgbm,0.0,0.0,0.0,0.0,348,zhuang2018+ling2020+shanghai2022
Nitrolancea,loco_test_kazakhstan2022,lgbm,0.0,0.0,0.0,0.0,349,zhuang2018+ling2020+shanghai2022
Niastella,loco_test_kazakhstan2022,lgbm,0.0,0.0,0.0,0.0,350,zhuang2018+ling2020+shanghai2022
Nesterenkonia,loco_test_kazakhstan2022,lgbm,0.0,0.0,0.0,0.0,351,zhuang2018+ling2020+shanghai2022
Nannocystis,loco_test_kazakhstan2022,lgbm,0.0,0.0,0.0,0.0,352,zhuang2018+ling2020+shanghai2022
Mycobacterium,loco_test_kazakhstan2022,lgbm,0.0,0.0,0.0,0.0,353,zhuang2018+ling2020+shanghai2022
Muribaculum,loco_test_kazakhstan2022,lgbm,0.0,0.0,0.0,0.0,354,zhuang2018+ling2020+shanghai2022
Mitsuokella,loco_test_kazakhstan2022,lgbm,0.0,0.0,0.0,0.0,355,zhuang2018+ling2020+shanghai2022
Microvirga,loco_test_kazakhstan2022,lgbm,0.0,0.0,0.0,0.0,356,zhuang2018+ling2020+shanghai2022
Microlunatus,loco_test_kazakhstan2022,lgbm,0.0,0.0,0.0,0.0,357,zhuang2018+ling2020+shanghai2022
Microbacterium,loco_test_kazakhstan2022,lgbm,0.0,0.0,0.0,0.0,358,zhuang2018+ling2020+shanghai2022
Lacunisphaera,loco_test_kazakhstan2022,lgbm,0.0,0.0,0.0,0.0,359,zhuang2018+ling2020+shanghai2022
Lactiplantibacillus,loco_test_kazakhstan2022,lgbm,0.0,0.0,0.0,0.0,360,zhuang2018+ling2020+shanghai2022
Lacticaseibacillus,loco_test_kazakhstan2022,lgbm,0.0,0.0,0.0,0.0,361,zhuang2018+ling2020+shanghai2022
Lacibacter,loco_test_kazakhstan2022,lgbm,0.0,0.0,0.0,0.0,362,zhuang2018+ling2020+shanghai2022
Fournierella,loco_test_kazakhstan2022,lgbm,0.0,0.0,0.0,0.0,363,zhuang2018+ling2020+shanghai2022
Fluviicola,loco_test_kazakhstan2022,lgbm,0.0,0.0,0.0,0.0,364,zhuang2018+ling2020+shanghai2022
Flavobacterium,loco_test_kazakhstan2022,lgbm,0.0,0.0,0.0,0.0,365,zhuang2018+ling2020+shanghai2022
Flavitalea,loco_test_kazakhstan2022,lgbm,0.0,0.0,0.0,0.0,366,zhuang2018+ling2020+shanghai2022
Flavisolibacter,loco_test_kazakhstan2022,lgbm,0.0,0.0,0.0,0.0,367,zhuang2018+ling2020+shanghai2022
Finegoldia,loco_test_kazakhstan2022,lgbm,0.0,0.0,0.0,0.0,368,zhuang2018+ling2020+shanghai2022
Ferruginibacter,loco_test_kazakhstan2022,lgbm,0.0,0.0,0.0,0.0,369,zhuang2018+ling2020+shanghai2022
Fenollaria,loco_test_kazakhstan2022,lgbm,0.0,0.0,0.0,0.0,370,zhuang2018+ling2020+shanghai2022
Faecalitalea,loco_test_kazakhstan2022,lgbm,0.0,0.0,0.0,0.0,371,zhuang2018+ling2020+shanghai2022
Faecalibaculum,loco_test_kazakhstan2022,lgbm,0.0,0.0,0.0,0.0,372,zhuang2018+ling2020+shanghai2022
Ezakiella,loco_test_kazakhstan2022,lgbm,0.0,0.0,0.0,0.0,373,zhuang2018+ling2020+shanghai2022
Eubacterium oxidoreducens group,loco_test_kazakhstan2022,lgbm,0.0,0.0,0.0,0.0,374,zhuang2018+ling2020+shanghai2022
Erysipelotrichaceae UCG-006,loco_test_kazakhstan2022,lgbm,0.0,0.0,0.0,0.0,375,zhuang2018+ling2020+shanghai2022
Enteroscipio,loco_test_kazakhstan2022,lgbm,0.0,0.0,0.0,0.0,376,zhuang2018+ling2020+shanghai2022
Enterorhabdus,loco_test_kazakhstan2022,lgbm,0.0,0.0,0.0,0.0,377,zhuang2018+ling2020+shanghai2022
Frisingicoccus,loco_test_kazakhstan2022,lgbm,0.0,0.0,0.0,0.0,378,zhuang2018+ling2020+shanghai2022
GCA-900066755,loco_test_kazakhstan2022,lgbm,0.0,0.0,0.0,0.0,379,zhuang2018+ling2020+shanghai2022
Gaiella,loco_test_kazakhstan2022,lgbm,0.0,0.0,0.0,0.0,380,zhuang2018+ling2020+shanghai2022
IS-44,loco_test_kazakhstan2022,lgbm,0.0,0.0,0.0,0.0,381,zhuang2018+ling2020+shanghai2022
Lachnospiraceae UCG-006,loco_test_kazakhstan2022,lgbm,0.0,0.0,0.0,0.0,382,zhuang2018+ling2020+shanghai2022
Lachnospiraceae NK3A20 group,loco_test_kazakhstan2022,lgbm,0.0,0.0,0.0,0.0,383,zhuang2018+ling2020+shanghai2022
Kribbella,loco_test_kazakhstan2022,lgbm,0.0,0.0,0.0,0.0,384,zhuang2018+ling2020+shanghai2022
JGI 0001001-H03,loco_test_kazakhstan2022,lgbm,0.0,0.0,0.0,0.0,385,zhuang2018+ling2020+shanghai2022
Ilumatobacter,loco_test_kazakhstan2022,lgbm,0.0,0.0,0.0,0.0,386,zhuang2018+ling2020+shanghai2022
Iamia,loco_test_kazakhstan2022,lgbm,0.0,0.0,0.0,0.0,387,zhuang2018+ling2020+shanghai2022
Hyphomicrobium,loco_test_kazakhstan2022,lgbm,0.0,0.0,0.0,0.0,388,zhuang2018+ling2020+shanghai2022
Gemmatimonas,loco_test_kazakhstan2022,lgbm,0.0,0.0,0.0,0.0,389,zhuang2018+ling2020+shanghai2022
Hirschia,loco_test_kazakhstan2022,lgbm,0.0,0.0,0.0,0.0,390,zhuang2018+ling2020+shanghai2022
Helicobacter,loco_test_kazakhstan2022,lgbm,0.0,0.0,0.0,0.0,391,zhuang2018+ling2020+shanghai2022
Hassallia,loco_test_kazakhstan2022,lgbm,0.0,0.0,0.0,0.0,392,zhuang2018+ling2020+shanghai2022
Harryflintia,loco_test_kazakhstan2022,lgbm,0.0,0.0,0.0,0.0,393,zhuang2018+ling2020+shanghai2022
Haliangium,loco_test_kazakhstan2022,lgbm,0.0,0.0,0.0,0.0,394,zhuang2018+ling2020+shanghai2022
Granulicatella,loco_test_kazakhstan2022,lgbm,0.0,0.0,0.0,0.0,395,zhuang2018+ling2020+shanghai2022
wb1-P19,loco_test_kazakhstan2022,lgbm,0.0,0.0,0.0,0.0,396,zhuang2018+ling2020+shanghai2022
