taxon,cohort,model,mean_abs_shap,mean_shap,mean_shap_AD,mean_shap_CN,rank
Subdoligranulum,zhuang2018,logreg,0.13931783770869077,2.259174759411656e-18,0.061193884324448826,-0.06119388432444886,1
Ruminococcus gnavus group,zhuang2018,logreg,0.067783447949378,6.616154652562706e-18,0.034246685214606026,-0.03424668521460601,2
Coprococcus,zhuang2018,logreg,0.06645985192375835,-6.616154652562706e-18,0.029699608218544647,-0.029699608218544653,3
Eisenbergiella,zhuang2018,logreg,0.06244562779735693,3.872871016134267e-18,0.01638593118333375,-0.016385931183333743,4
Christensenellaceae R-7 group,zhuang2018,logreg,0.049671612868565,-5.163828021512356e-18,0.016756388800211623,-0.01675638880021164,5
Lachnoclostridium,zhuang2018,logreg,0.04964045462766914,-1.8557506952310028e-18,0.025508288729528393,-0.025508288729528407,6
Agathobacter,zhuang2018,logreg,0.046826014725717256,3.6308165776258756e-18,-0.007747379282413542,0.007747379282413542,7
[Eubacterium] siraeum group,zhuang2018,logreg,0.043391351685232706,2.4608867915019823e-18,0.009816141840939298,-0.009816141840939294,8
NK4A214 group,zhuang2018,logreg,0.04258698955820086,2.864310855682635e-18,0.01232349581580389,-0.012323495815803888,9
Bifidobacterium,zhuang2018,logreg,0.04242473638179905,5.365540053602683e-18,0.006622821547707066,-0.006622821547707058,10
Ligilactobacillus,zhuang2018,logreg,0.04116406377307626,4.014069438597496e-18,-0.0020718994678869717,0.0020718994678869816,11
Lachnospiraceae ND3007 group,zhuang2018,logreg,0.03961574928864196,4.96211598942203e-18,-0.004476725472558428,0.0044767254725584325,12
Akkermansia,zhuang2018,logreg,0.038172314985154686,2.8239684492645697e-18,0.004608182142336367,-0.004608182142336362,13
Parasutterella,zhuang2018,logreg,0.036558110749520645,8.068481283613056e-20,-0.0009089101955070918,0.0009089101955070887,14
Lachnospiraceae UCG-010,zhuang2018,logreg,0.03537337100520797,-8.471905347793709e-19,-0.0008147159631768546,0.0008147159631768527,15
Megasphaera,zhuang2018,logreg,0.03526500839220545,1.7246378743722908e-18,0.010738185358615614,-0.010738185358615614,16
Fusicatenibacter,zhuang2018,logreg,0.035217482667697135,4.437664705987181e-19,0.00966348213557018,-0.00966348213557018,17
Fusobacterium,zhuang2018,logreg,0.03382050804355324,2.803797246055537e-18,0.012195458060967283,-0.012195458060967277,18
Romboutsia,zhuang2018,logreg,0.03379530899316696,4.195610267478789e-18,0.008033941448998584,-0.008033941448998577,19
Roseburia,zhuang2018,logreg,0.03309752966521942,-1.290957005378089e-18,0.006557835950267586,-0.006557835950267583,20
Phascolarctobacterium,zhuang2018,logreg,0.03250126062688525,-1.9364355080671335e-18,-0.0016060277102403415,0.0016060277102403389,21
Prevotella_9,zhuang2018,logreg,0.03225624303099235,-6.454785026890445e-19,-0.0006652659995992017,0.0006652659995992013,22
Tyzzerella,zhuang2018,logreg,0.031810657122567004,2.8844820588916677e-18,-0.0013786288698808204,0.0013786288698808243,23
Enterococcus,zhuang2018,logreg,0.03108842533022556,-2.2188323529935906e-18,-0.009072123404942435,0.009072123404942433,24
Erysipelatoclostridium,zhuang2018,logreg,0.030841171757764203,1.2102721925419585e-18,0.006146972818792539,-0.006146972818792533,25
Oscillibacter,zhuang2018,logreg,0.02975916336145323,-7.56420120338724e-19,-0.0033998073363374405,0.003399807336337439,26
Lachnospira,zhuang2018,logreg,0.029739924842598044,-5.244512834348486e-19,0.0014823451452920468,-0.0014823451452920487,27
Colidextribacter,zhuang2018,logreg,0.029614031627068323,4.034240641806528e-19,0.004612828465716364,-0.004612828465716364,28
Parabacteroides,zhuang2018,logreg,0.029242620597134394,-3.7115013904620055e-18,0.004594535048153463,-0.004594535048153471,29
[Eubacterium] xylanophilum group,zhuang2018,logreg,0.028570004189333063,-2.017120320903264e-18,0.007639512881774626,-0.007639512881774629,30
Weissella,zhuang2018,logreg,0.02656533837217796,-1.1169803777001825e-18,0.006094256505981044,-0.006094256505981047,31
Family XIII UCG-001,zhuang2018,logreg,0.025952327942636928,-1.5229258422819644e-18,0.0003194102008513279,-0.00031941020085132825,32
Klebsiella,zhuang2018,logreg,0.024580854803802874,1.2153149933442166e-18,-0.0069264623466496434,0.006926462346649642,33
UBA1819,zhuang2018,logreg,0.02338931490201632,-4.034240641806528e-19,0.0014024547354660917,-0.0014024547354660928,34
Dialister,zhuang2018,logreg,0.022707535540997685,-2.017120320903264e-19,-0.009436060070017861,0.009436060070017864,35
Lachnospiraceae NK4A136 group,zhuang2018,logreg,0.022543908436320637,-1.290957005378089e-18,0.0060483748240352155,-0.006048374824035221,36
UCG-005,zhuang2018,logreg,0.022082305782265024,-4.2359526738968544e-19,0.004879494933598295,-0.004879494933598293,37
Escherichia-Shigella,zhuang2018,logreg,0.020580192280667823,-1.1497585829148604e-18,-0.013900965866294069,0.013900965866294067,38
Turicibacter,zhuang2018,logreg,0.020443422528424737,-6.656497058980772e-19,-0.003614147328431232,0.003614147328431233,39
Megamonas,zhuang2018,logreg,0.02033280960426496,1.3766846190164777e-18,-0.007078360782933797,0.0070783607829338,40
Faecalibacterium,zhuang2018,logreg,0.02031535204612828,-5.849648930619466e-18,0.001942025860292724,-0.0019420258602927377,41
Allisonella,zhuang2018,logreg,0.019737078536465957,6.757353075025935e-19,-0.0006852242300796183,0.0006852242300796202,42
Family XIII AD3011 group,zhuang2018,logreg,0.01880616064963215,0.0,0.00464608772772352,-0.004646087727723522,43
Lachnospiraceae FCS020 group,zhuang2018,logreg,0.01876361354048666,-2.82396844926457e-19,0.005443306781530192,-0.005443306781530194,44
Alistipes,zhuang2018,logreg,0.01868494408383436,-1.4119842246322848e-18,-0.0022833377600107434,0.0022833377600107387,45
Veillonella,zhuang2018,logreg,0.01863143874600167,3.7316725936710384e-19,-0.004240272806596853,0.004240272806596853,46
Ruminococcus torques group,zhuang2018,logreg,0.018365476240302374,2.2692603610161723e-18,-0.007618070685141661,0.0076180706851416684,47
Odoribacter,zhuang2018,logreg,0.017870193255333,4.941944786212997e-19,0.0006197297345923625,-0.0006197297345923625,48
CAG-352,zhuang2018,logreg,0.017321091309286524,-1.0262099632595357e-18,-0.001065657741799011,0.0010656577417990094,49
Lachnospiraceae UCG-004,zhuang2018,logreg,0.01716231880303165,-7.362489171296913e-19,-0.0012543346100531434,0.0012543346100531412,50
Desulfovibrio,zhuang2018,logreg,0.017043842552623905,4.841088770167834e-19,0.0021215622683070355,-0.002121562268307037,51
Enterobacter,zhuang2018,logreg,0.016579350627705526,1.389291621022123e-18,0.0048613359469575615,-0.004861335946957558,52
Holdemanella,zhuang2018,logreg,0.015304165965190391,8.976185428019526e-19,-0.0050582793030990135,0.0050582793030990135,53
Lachnospiraceae UCG-001,zhuang2018,logreg,0.014982569347218434,-5.34536885039365e-19,0.0015088268320952506,-0.00150882683209525,54
Collinsella,zhuang2018,logreg,0.014902765349777065,5.244512834348486e-19,-0.0005435070177497992,0.0005435070177497999,55
Bacteroides,zhuang2018,logreg,0.014591101690689185,1.8456650936264864e-18,0.0008254677540575767,-0.000825467754057573,56
Intestinibacter,zhuang2018,logreg,0.01428045262455598,2.089610582435725e-18,-0.001292613801025133,0.0012926138010251344,57
Sellimonas,zhuang2018,logreg,0.013889133266099555,-8.068481283613056e-19,-0.0017122187775409949,0.0017122187775409955,58
Streptococcus,zhuang2018,logreg,0.01375393057169064,2.808840046857795e-18,0.0001638850226598695,-0.00016388502265986382,59
Prevotella,zhuang2018,logreg,0.013715381595022929,-4.034240641806528e-20,0.0024322503928528136,-0.0024322503928528153,60
Hungatella,zhuang2018,logreg,0.013509377737175438,4.841088770167834e-19,-0.006065860004758659,0.0060658600047586615,61
Anaerotruncus,zhuang2018,logreg,0.013412291844456801,3.025680481354896e-19,0.0017720347162995863,-0.001772034716299586,62
Anaerostipes,zhuang2018,logreg,0.013354481280500303,-1.704466671163258e-18,-0.0009626169747429131,0.0009626169747429098,63
Bilophila,zhuang2018,logreg,0.013145046242133957,3.4291045455355487e-19,0.0006552947318026202,-0.0006552947318026192,64
Gemella,zhuang2018,logreg,0.012690366000364496,4.639376738077507e-19,0.0035166416508464102,-0.00351664165084641,65
Solobacterium,zhuang2018,logreg,0.012322874565773138,-3.2273925134452225e-19,0.0013266396867694951,-0.0013266396867694956,66
Terrisporobacter,zhuang2018,logreg,0.012162421138959295,-9.530893516267922e-19,-0.0031785606841003055,0.0031785606841003055,67
Slackia,zhuang2018,logreg,0.012057747748286465,2.420544385083917e-19,0.0012228556439330832,-0.0012228556439330834,68
CAG-56,zhuang2018,logreg,0.011787178023045568,2.622256417174243e-19,-0.0036534602306594823,0.0036534602306594836,69
Eubacterium ventriosum group,zhuang2018,logreg,0.011746197973410371,9.68848104133849e-19,-0.005875900402509574,0.005875900402509573,70
Ruminococcus,zhuang2018,logreg,0.010830151916693532,1.1548013837171186e-18,-0.0055999514736267166,0.005599951473626717,71
Dorea,zhuang2018,logreg,0.010614821991652893,1.129587379705828e-18,-0.006409338656217788,0.006409338656217792,72
UCG-002,zhuang2018,logreg,0.010371108991541112,-1.411984224632285e-19,-0.003890208483589138,0.0038902084835891375,73
Limosilactobacillus,zhuang2018,logreg,0.010199353567215321,7.211205147229169e-19,-0.003104884678854877,0.0031048846788548803,74
Adlercreutzia,zhuang2018,logreg,0.010188896458513641,-1.3918130214232522e-18,-0.004748045409951919,0.004748045409951917,75
Corynebacterium,zhuang2018,logreg,0.009817472226769326,-3.2273925134452225e-19,-0.0004336080392418307,0.0004336080392418315,76
Butyricimonas,zhuang2018,logreg,0.009701180740513788,-1.0589881684742136e-19,-0.0016307256008047837,0.0016307256008047846,77
Sutterella,zhuang2018,logreg,0.009510283760260621,-5.294940842371068e-19,0.003353578580466922,-0.003353578580466921,78
Erysipelotrichaceae UCG-003,zhuang2018,logreg,0.009361170718038247,1.3716418182142195e-18,1.2380412311885036e-06,-1.2380412311860023e-06,79
Oxalobacter,zhuang2018,logreg,0.009275885706119865,4.689804746100089e-19,0.00229528019628564,-0.0022952801962856386,80
[Eubacterium] fissicatena group,zhuang2018,logreg,0.009138524627515044,5.64793689852914e-19,0.0018266085657572713,-0.0018266085657572706,81
Barnesiella,zhuang2018,logreg,0.009082166721209919,-4.5385207220323445e-19,-0.0013041058816227258,0.0013041058816227263,82
Eggerthella,zhuang2018,logreg,0.009035964032243125,4.185524665874273e-19,1.7932826167422032e-05,-1.7932826167421354e-05,83
[Eubacterium] ruminantium group,zhuang2018,logreg,0.00900665341795587,-5.244512834348486e-19,-0.004951977647118204,0.004951977647118203,84
Lactobacillus,zhuang2018,logreg,0.009005230574429089,9.581321524290504e-20,-0.0006555915277653084,0.0006555915277653086,85
Coprobacillus,zhuang2018,logreg,0.008430147925539555,8.068481283613056e-20,0.0005769078154341668,-0.000576907815434167,86
Eubacterium eligens group,zhuang2018,logreg,0.00816569890584114,1.6136962567226112e-19,0.0004171153869561949,-0.0004171153869561947,87
Paraprevotella,zhuang2018,logreg,0.008048704289587016,-8.068481283613056e-20,-0.0009143587893368873,0.000914358789336887,88
Peptococcus,zhuang2018,logreg,0.007962766972329819,-9.581321524290504e-20,-0.0010988464183287903,0.00109884641832879,89
[Ruminococcus] gauvreauii group,zhuang2018,logreg,0.00791477995802795,1.664124264745193e-19,-0.00302598836844786,0.0030259883684478598,90
Marvinbryantia,zhuang2018,logreg,0.007858321882488218,-1.0337741644629229e-19,-0.0007900887683215419,0.0007900887683215416,91
Clostridium sensu stricto 1,zhuang2018,logreg,0.007848576119085541,2.924824465309733e-19,-0.000639021578735117,0.0006390215787351179,92
[Eubacterium] nodatum group,zhuang2018,logreg,0.007785243113591645,-2.3196883690387535e-19,0.00025352599355944896,-0.0002535259935594496,93
Massilia,zhuang2018,logreg,0.007777324701062901,-8.068481283613056e-20,0.0006283115157082384,-0.0006283115157082386,94
Lacticaseibacillus,zhuang2018,logreg,0.007720919135857479,5.219298830337195e-19,-0.0036542561787395204,0.0036542561787395217,95
Actinomyces,zhuang2018,logreg,0.007625008936442315,2.571828409151662e-19,-0.001847318551945042,0.0018473185519450425,96
Gordonibacter,zhuang2018,logreg,0.007470910586082757,-1.8154082888129378e-19,0.0018538937899350235,-0.0018538937899350235,97
Butyricicoccus,zhuang2018,logreg,0.007424883326341273,-2.2440463570048814e-19,-0.004427549854045929,0.004427549854045927,98
Catenibacterium,zhuang2018,logreg,0.0071493012982255764,6.297197501819878e-19,0.0022999304497102195,-0.0022999304497102182,99
Acidaminococcus,zhuang2018,logreg,0.007062987087063958,4.790660762145252e-19,-0.0017224904542536862,0.0017224904542536867,100
Blautia,zhuang2018,logreg,0.007061327943142453,2.8844820588916677e-18,-0.000921013831743257,0.0009210138317432633,101
UCG-009,zhuang2018,logreg,0.006835693440003834,4.5385207220323444e-20,-0.0005432070544394685,0.0005432070544394683,102
Flavonifractor,zhuang2018,logreg,0.006577858634997565,2.874396457287151e-19,3.93385634002489e-05,-3.9338563400248e-05,103
DTU089,zhuang2018,logreg,0.0065429385700987224,2.3385988720472216e-19,-0.0014511668854195825,0.0014511668854195825,104
HT002,zhuang2018,logreg,0.006437231784532995,-1.4277429771393417e-18,-0.004068057720054206,0.004068057720054205,105
Christensenella,zhuang2018,logreg,0.006357222032134847,2.0927623329371366e-19,0.0008685561304966285,-0.000868556130496628,106
Eubacterium hallii group,zhuang2018,logreg,0.006287732269065698,1.0589881684742136e-19,-0.0019455722766902835,0.001945572276690283,107
Monoglobus,zhuang2018,logreg,0.006108172369516424,-1.159056246894024e-19,0.00014841599828619147,-0.00014841599828619136,108
TM7x,zhuang2018,logreg,0.006064692631736754,-3.7316725936710384e-19,-0.002157748504815754,0.002157748504815753,109
[Clostridium] innocuum group,zhuang2018,logreg,0.005978516454390672,2.017120320903264e-20,-0.001954496348943781,0.001954496348943782,110
GCA-900066575,zhuang2018,logreg,0.0057572396735743785,-5.04280080225816e-19,-0.002039561577535498,0.002039561577535497,111
Pseudomonas,zhuang2018,logreg,0.004980744001573974,-5.04280080225816e-20,-0.0005519148880767249,0.0005519148880767248,112
Raoultibacter,zhuang2018,logreg,0.004685051207327687,-2.3133848680359307e-19,-0.0012302064688696833,0.0012302064688696828,113
Catenibacillus,zhuang2018,logreg,0.004566988060303201,-8.761866393923553e-20,-0.001603937191072978,0.001603937191072978,114
Negativibacillus,zhuang2018,logreg,0.004536001776578675,-2.672684425196825e-19,-0.0010856458129463586,0.0010856458129463583,115
Intestinimonas,zhuang2018,logreg,0.004505170653553203,-2.8491824532758603e-19,-0.002792778374770069,0.002792778374770069,116
Lactococcus,zhuang2018,logreg,0.0045001372796371055,1.008560160451632e-20,-0.0006410865591178623,0.0006410865591178623,117
Rothia,zhuang2018,logreg,0.004372269642597592,-3.15175050141135e-20,-0.0015991519107998347,0.0015991519107998347,118
Rhodococcus,zhuang2018,logreg,0.003837499584749331,1.008560160451632e-19,-0.0029285517821611763,0.0029285517821611763,119
Staphylococcus,zhuang2018,logreg,0.003788987081928824,-4.639376738077507e-19,-0.00270046816679265,0.0027004681667926497,120
UCG-003,zhuang2018,logreg,0.0036901677398517943,5.547080882483976e-20,-0.0015072493102153564,0.0015072493102153564,121
Incertae Sedis,zhuang2018,logreg,0.0035775942674523224,5.629026395520671e-19,-0.0014984845839284093,0.00149848458392841,122
Holdemania,zhuang2018,logreg,0.003445906196766439,-1.5506612466943844e-19,2.3425912065877982e-05,-2.3425912065877915e-05,123
Coprobacter,zhuang2018,logreg,0.003327511640399783,2.5907389121601296e-19,-0.0005616401403305536,0.0005616401403305538,124
Leuconostoc,zhuang2018,logreg,0.003277492671503331,1.3111282085871216e-19,0.00037354730448061916,-0.00037354730448061895,125
Pyramidobacter,zhuang2018,logreg,0.0031768303986382633,0.0,-0.0006412428125536585,0.000641242812553658,126
Howardella,zhuang2018,logreg,0.0031731535529116468,-2.245622232255587e-20,0.00046594803800474263,-0.0004659480380047425,127
Eubacterium brachy group,zhuang2018,logreg,0.0031731309557278082,4.0216336398008826e-19,-0.0008064035596056338,0.0008064035596056339,128
Catabacter,zhuang2018,logreg,0.0031186197424479087,-2.420544385083917e-19,0.0001915561836873312,-0.00019155618368733168,129
Citrobacter,zhuang2018,logreg,0.003053505841764965,-4.615344640504246e-20,-0.0013504161876082956,0.001350416187608296,130
Sarcina,zhuang2018,logreg,0.0028922767726737054,6.004084705188622e-20,-1.3184601150865303e-05,1.3184601150865586e-05,131
Defluviitaleaceae UCG-011,zhuang2018,logreg,0.0028549615733218796,-2.434727262340268e-19,-0.00012520071430064005,0.00012520071430063978,132
Paludicola,zhuang2018,logreg,0.002819438617548714,-6.555641042935608e-20,-0.0010419687441252717,0.0010419687441252721,133
Tuzzerella,zhuang2018,logreg,0.0027171097533180625,2.017120320903264e-20,-0.0007479451994353063,0.000747945199435306,134
Granulicatella,zhuang2018,logreg,0.002591221109841785,7.816341243500148e-20,0.00030566314789971,-0.0003056631478997102,135
Eubacterium,zhuang2018,logreg,0.0024517013498615704,9.329181484177596e-20,-0.00057817098262255,0.0005781709826225501,136
Lactiplantibacillus,zhuang2018,logreg,0.002405832298914476,-1.7649802807903562e-20,0.001261968089511812,-0.0012619680895118127,137
Alloprevotella,zhuang2018,logreg,0.0023331163277845648,-2.1368868399568953e-19,0.000504393520752455,-0.0005043935207524553,138
Methylobacterium-Methylorubrum,zhuang2018,logreg,0.002210126493008915,3.78210060169362e-21,8.841886248226042e-06,-8.841886248226155e-06,139
Faecalitalea,zhuang2018,logreg,0.0021685250663213526,-8.824901403951781e-21,-0.00074087603414494,0.00074087603414494,140
Senegalimassilia,zhuang2018,logreg,0.0021391694926975666,-9.077041444064689e-20,-0.0012291424210184268,0.0012291424210184268,141
Fenollaria,zhuang2018,logreg,0.002119960616343851,-2.0837010502455788e-19,0.0006188006307818864,-0.0006188006307818867,142
Acinetobacter,zhuang2018,logreg,0.0020856729377797204,-8.068481283613056e-20,-0.000628716181845549,0.000628716181845549,143
Bacillus,zhuang2018,logreg,0.0020770274092692708,4.291108307671553e-19,-0.00014402564538574153,0.00014402564538574232,144
Atopobium,zhuang2018,logreg,0.002047624240042083,2.622256417174243e-19,-0.00079372533187824,0.0007937253318782402,145
Anaerofustis,zhuang2018,logreg,0.0020274637300792112,-8.320621323725965e-20,0.00029182988880347685,-0.0002918298888034772,146
Cloacibacillus,zhuang2018,logreg,0.0019457426144355828,3.15175050141135e-21,-0.00031449324515931396,0.0003144932451593142,147
Olsenella,zhuang2018,logreg,0.0018937406326826915,-1.3615562166097033e-19,0.00025230819131092963,-0.0002523081913109299,148
Latilactobacillus,zhuang2018,logreg,0.0017961922283505913,1.3300387115955897e-19,-0.00048012841737638884,0.00048012841737638906,149
UC5-1-2E3,zhuang2018,logreg,0.0016529195097805956,-8.036963778598943e-21,0.00039293258340576036,-0.0003929325834057603,150
Candidatus Soleaferrea,zhuang2018,logreg,0.0016113544672955575,-4.916730782201706e-20,-2.9476124382153113e-05,2.9476124382153022e-05,151
Mogibacterium,zhuang2018,logreg,0.0015897391158561794,-3.025680481354896e-20,3.7332618135851958e-06,-3.733261813584974e-06,152
Phocea,zhuang2018,logreg,0.0015187616452684474,-5.570719011244561e-20,-0.00011569356552534414,0.00011569356552534394,153
Peptostreptococcus,zhuang2018,logreg,0.0014990593445699497,1.0022566594488093e-19,-0.0005268077754119884,0.0005268077754119889,154
Haemophilus,zhuang2018,logreg,0.0014920300618792802,-3.025680481354896e-20,-0.00027710484344105416,0.0002771048434410542,155
Fournierella,zhuang2018,logreg,0.0014806689674414463,-1.8839588622186344e-19,0.0005940028872447577,-0.000594002887244758,156
Lactonifactor,zhuang2018,logreg,0.0013808954504769063,-5.04280080225816e-20,-0.00035567744169523674,0.00035567744169523674,157
Frisingicoccus,zhuang2018,logreg,0.0012190305262099947,-1.1492070265771134e-19,-8.190505467303415e-05,8.190505467303414e-05,158
Lachnospiraceae UCG-003,zhuang2018,logreg,0.0011601663673213149,1.638910260733902e-20,-0.0008402878576353999,0.0008402878576353993,159
Paracoccus,zhuang2018,logreg,0.0011467441156159264,1.008560160451632e-20,-0.0005388731740250563,0.0005388731740250565,160
Oscillospira,zhuang2018,logreg,0.001131302126186883,2.0328790734103208e-20,6.456952258780696e-05,-6.456952258780689e-05,161
Anaerofilum,zhuang2018,logreg,0.001075150633116277,-4.790660762145252e-20,0.00016065773394690846,-0.0001606577339469085,162
CHKCI002,zhuang2018,logreg,0.0010157536359820798,1.3146739279012095e-19,6.125876995354199e-05,-6.125876995354175e-05,163
Peptoniphilus,zhuang2018,logreg,0.0009788764199729924,-1.411984224632285e-19,-3.9448859173969775e-05,3.944885917396961e-05,164
GCA-900066755,zhuang2018,logreg,0.0008994135999199626,7.879376253528375e-20,-0.00013453560254940756,0.00013453560254940764,165
Prevotellaceae NK3B31 group,zhuang2018,logreg,0.0008962106139882006,6.366536012850928e-20,-0.00024235571699015256,0.0002423557169901527,166
Methanobrevibacter,zhuang2018,logreg,0.000867784716603908,1.0223490688953067e-19,0.00021980917598899137,-0.00021980917598899105,167
Paeniclostridium,zhuang2018,logreg,0.0007696441632440061,-2.6789879261996475e-21,0.00028026722003548886,-0.00028026722003548875,168
Thermus,zhuang2018,logreg,0.000731244294989094,-4.349415691947663e-20,-0.0002141393846086948,0.0002141393846086948,169
Papillibacter,zhuang2018,logreg,0.0006958621426162352,-4.999464232863754e-20,-0.0001660215912669183,0.0001660215912669182,170
Finegoldia,zhuang2018,logreg,0.000668477088317775,3.5299605615807124e-20,-0.0001273256611632815,0.0001273256611632815,171
Shuttleworthia,zhuang2018,logreg,0.0006674733767986943,-6.114395972738019e-20,0.00024872081896589013,-0.00024872081896589035,172
Oribacterium,zhuang2018,logreg,0.0005966102625920675,1.575875250705675e-20,-0.00037620647743942157,0.0003762064774394216,173
UCG-004,zhuang2018,logreg,0.0005626948979904878,-3.2423633283269265e-20,0.0002470260304537574,-0.0002470260304537574,174
Parvimonas,zhuang2018,logreg,0.0005561632933557501,1.5632682487000295e-19,-0.0002307575296995254,0.00023075752969952567,175
Dielma,zhuang2018,logreg,0.0005305623874861391,3.585116195355411e-21,-0.00023761246611394345,0.00023761246611394353,176
Lysobacter,zhuang2018,logreg,0.0005186862302064438,2.4229081979599756e-21,-0.000295274577229887,0.00029527457722988714,177
Nocardioides,zhuang2018,logreg,0.0004850034251585268,-8.470329472543003e-22,-0.00011902277228326978,0.00011902277228326978,178
Mitsuokella,zhuang2018,logreg,0.00047500043814262445,-3.1300822167141474e-20,-0.0002200926840746018,0.00022009268407460186,179
Arenimonas,zhuang2018,logreg,0.00046149789661533976,-4.5503397864126365e-21,-0.00014456246806245573,0.0001445624680624557,180
Anaerococcus,zhuang2018,logreg,0.00045648146373115846,1.008560160451632e-20,-3.32322893380553e-05,3.3232289338055254e-05,181
Aeromonas,zhuang2018,logreg,0.00043670270092042085,2.430787574213504e-20,-0.00011409212279581985,0.00011409212279581992,182
Pedobacter,zhuang2018,logreg,0.0003883740046494112,-2.8759723325378568e-21,-0.000155923196655447,0.00015592319665544698,183
Enterorhabdus,zhuang2018,logreg,0.00037135881594535926,3.419649294031315e-20,-0.00013348852406421018,0.00013348852406421026,184
Brevundimonas,zhuang2018,logreg,0.0003691653308449239,-6.272968419840278e-20,-0.000250753518834454,0.0002507535188344539,185
Sphingomonas,zhuang2018,logreg,0.0003235807967330246,8.293043506838615e-21,-0.00012179938628927486,0.00012179938628927486,186
Microbacterium,zhuang2018,logreg,0.00031860422687899747,5.988325952681565e-21,-0.00013905153319516378,0.00013905153319516378,187
Achromobacter,zhuang2018,logreg,0.00030194606836491755,-8.076360659866584e-21,-0.00011463852338009997,0.0001146385233800999,188
Streptomyces,zhuang2018,logreg,0.00026967900474662675,-1.2882780174518894e-20,-0.00010402270042323792,0.00010402270042323792,189
Mycobacterium,zhuang2018,logreg,0.00026631508092787073,-2.810967478446248e-20,-9.092022497876585e-05,9.092022497876586e-05,190
Allorhizobium-Neorhizobium-Pararhizobium-Rhizobium,zhuang2018,logreg,0.00026626664516939813,-3.5595082225314437e-20,-0.000115649506692636,0.00011564950669263596,191
Enhydrobacter,zhuang2018,logreg,0.0002643528879916687,-1.6054229116564065e-21,-0.00012964928200893605,0.0001296492820089361,192
Harryflintia,zhuang2018,logreg,0.00026361092951031063,8.238872795095607e-21,-0.00013690442086047535,0.00013690442086047538,193
Nitrospira,zhuang2018,logreg,0.0002484263224532295,-2.6110283060129654e-20,-9.692957277712027e-05,9.692957277712024e-05,194
Psychrobacter,zhuang2018,logreg,0.0002389396545367281,-1.512840240677448e-20,-9.873486363026432e-05,9.873486363026432e-05,195
Chryseobacterium,zhuang2018,logreg,0.00022727305615360437,-1.0735650145432411e-20,6.40654656941268e-05,-6.40654656941268e-05,196
Rhizobacter,zhuang2018,logreg,0.0002111127093147255,-8.81505218363487e-21,-8.456950728616273e-05,8.456950728616277e-05,197
Cutibacterium,zhuang2018,logreg,0.00018053643695853887,2.1555018663558563e-20,-9.127280518102334e-05,9.127280518102331e-05,198
Ezakiella,zhuang2018,logreg,0.00017951824747679205,-1.34540349528997e-20,-4.78386926770237e-05,4.783869267702366e-05,199
Porphyromonas,zhuang2018,logreg,0.00017951824747679205,-1.34540349528997e-20,-4.78386926770237e-05,4.783869267702366e-05,200
Curvibacter,zhuang2018,logreg,0.00017667063777439607,1.9639345311919476e-20,-7.316710373895574e-05,7.316710373895577e-05,201
Paenisporosarcina,zhuang2018,logreg,0.00016267204345035236,6.008024393315386e-21,-6.826553928449309e-05,6.826553928449308e-05,202
Erysipelotrichaceae UCG-006,zhuang2018,logreg,0.00015544488654446926,5.614055580638967e-22,4.0096124531325265e-05,-4.0096124531325265e-05,203
Novosphingobium,zhuang2018,logreg,0.00015382915095425424,-3.900291245496546e-21,-6.560519358972154e-05,6.560519358972152e-05,204
Prevotellaceae UCG-001,zhuang2018,logreg,0.00014356396813191094,-5.796266156501811e-21,-6.250256011716912e-05,6.250256011716911e-05,205
Merdibacter,zhuang2018,logreg,0.00013511788809644296,-2.095914083438548e-20,-6.280139227114014e-05,6.280139227114011e-05,206
Flavobacterium,zhuang2018,logreg,0.00013235663094480945,-9.287814758846573e-21,-5.8096811575145725e-05,5.809681157514569e-05,207
Sanguibacteroides,zhuang2018,logreg,0.00010398955140375273,-4.254863176905323e-21,-6.352037031762414e-05,6.352037031762409e-05,208
Rikenellaceae RC9 gut group,zhuang2018,logreg,0.00010193051107363825,-1.0735650145432411e-20,-3.138920186750995e-05,3.138920186750993e-05,209
Lachnospiraceae NC2004 group,zhuang2018,logreg,9.160632426305981e-05,-2.2328182458436033e-20,1.960954413057224e-05,-1.9609544130572287e-05,210
Helicobacter,zhuang2018,logreg,8.503515019080939e-05,-7.386915237682852e-24,-4.21157552047928e-05,4.21157552047928e-05,211
Prevotellaceae UCG-003,zhuang2018,logreg,3.161346446951831e-05,-2.954766095073141e-22,-4.269761651857498e-06,4.269761651857498e-06,212
[Eubacterium] tenue group,zhuang2018,logreg,3.161346446951831e-05,-2.954766095073141e-22,-4.269761651857498e-06,4.269761651857498e-06,213
Woeseia,zhuang2018,logreg,3.161346446951831e-05,-2.954766095073141e-22,-4.269761651857498e-06,4.269761651857498e-06,214
Pseudenhygromyxa,zhuang2018,logreg,3.161346446951831e-05,-2.954766095073141e-22,-4.269761651857498e-06,4.269761651857498e-06,215
Phaselicystis,zhuang2018,logreg,3.161346446951831e-05,-2.954766095073141e-22,-4.269761651857498e-06,4.269761651857498e-06,216
Virgisporangium,zhuang2018,logreg,3.161346446951831e-05,-2.954766095073141e-22,-4.269761651857498e-06,4.269761651857498e-06,217
Pseudoduganella,zhuang2018,logreg,3.161346446951831e-05,-2.954766095073141e-22,-4.269761651857498e-06,4.269761651857498e-06,218
YC-ZSS-LKJ147,zhuang2018,logreg,3.161346446951831e-05,-2.954766095073141e-22,-4.269761651857498e-06,4.269761651857498e-06,219
Prevotella_7,zhuang2018,logreg,3.161346446951831e-05,-2.954766095073141e-22,-4.269761651857498e-06,4.269761651857498e-06,220
mle1-7,zhuang2018,logreg,3.161346446951831e-05,-2.954766095073141e-22,-4.269761651857498e-06,4.269761651857498e-06,221
wb1-A12,zhuang2018,logreg,3.161346446951831e-05,-2.954766095073141e-22,-4.269761651857498e-06,4.269761651857498e-06,222
Phenylobacterium,zhuang2018,logreg,3.161346446951831e-05,-2.954766095073141e-22,-4.269761651857498e-06,4.269761651857498e-06,223
Pontibacter,zhuang2018,logreg,3.161346446951831e-05,-2.954766095073141e-22,-4.269761651857498e-06,4.269761651857498e-06,224
Polycyclovorans,zhuang2018,logreg,3.161346446951831e-05,-2.954766095073141e-22,-4.269761651857498e-06,4.269761651857498e-06,225
Peredibacter,zhuang2018,logreg,3.161346446951831e-05,-2.954766095073141e-22,-4.269761651857498e-06,4.269761651857498e-06,226
Polyangium,zhuang2018,logreg,3.161346446951831e-05,-2.954766095073141e-22,-4.269761651857498e-06,4.269761651857498e-06,227
Sediminibacterium,zhuang2018,logreg,3.161346446951831e-05,-2.954766095073141e-22,-4.269761651857498e-06,4.269761651857498e-06,228
[Bacteroides] pectinophilus group,zhuang2018,logreg,3.161346446951831e-05,-2.954766095073141e-22,-4.269761651857498e-06,4.269761651857498e-06,229
Polaromonas,zhuang2018,logreg,3.161346446951831e-05,-2.954766095073141e-22,-4.269761651857498e-06,4.269761651857498e-06,230
Z20,zhuang2018,logreg,3.161346446951831e-05,-2.954766095073141e-22,-4.269761651857498e-06,4.269761651857498e-06,231
SWB02,zhuang2018,logreg,3.161346446951831e-05,-2.954766095073141e-22,-4.269761651857498e-06,4.269761651857498e-06,232
Pseudoflavonifractor,zhuang2018,logreg,3.161346446951831e-05,-2.954766095073141e-22,-4.269761651857498e-06,4.269761651857498e-06,233
Subgroup 10,zhuang2018,logreg,3.161346446951831e-05,-2.954766095073141e-22,-4.269761651857498e-06,4.269761651857498e-06,234
Salipaludibacillus,zhuang2018,logreg,3.161346446951831e-05,-2.954766095073141e-22,-4.269761651857498e-06,4.269761651857498e-06,235
Truepera,zhuang2018,logreg,3.161346446951831e-05,-2.954766095073141e-22,-4.269761651857498e-06,4.269761651857498e-06,236
Terrimonas,zhuang2018,logreg,3.161346446951831e-05,-2.954766095073141e-22,-4.269761651857498e-06,4.269761651857498e-06,237
Taibaiella,zhuang2018,logreg,3.161346446951831e-05,-2.954766095073141e-22,-4.269761651857498e-06,4.269761651857498e-06,238
Rhodoplanes,zhuang2018,logreg,3.161346446951831e-05,-2.954766095073141e-22,-4.269761651857498e-06,4.269761651857498e-06,239
Sumerlaea,zhuang2018,logreg,3.161346446951831e-05,-2.954766095073141e-22,-4.269761651857498e-06,4.269761651857498e-06,240
Sulfurifustis,zhuang2018,logreg,3.161346446951831e-05,-2.954766095073141e-22,-4.269761651857498e-06,4.269761651857498e-06,241
Succinivibrio,zhuang2018,logreg,3.161346446951831e-05,-2.954766095073141e-22,-4.269761651857498e-06,4.269761651857498e-06,242
Steroidobacter,zhuang2018,logreg,3.161346446951831e-05,-2.954766095073141e-22,-4.269761651857498e-06,4.269761651857498e-06,243
Victivallis,zhuang2018,logreg,3.161346446951831e-05,-2.954766095073141e-22,-4.269761651857498e-06,4.269761651857498e-06,244
Stenotrophomonas,zhuang2018,logreg,3.161346446951831e-05,-2.954766095073141e-22,-4.269761651857498e-06,4.269761651857498e-06,245
Stenotrophobacter,zhuang2018,logreg,3.161346446951831e-05,-2.954766095073141e-22,-4.269761651857498e-06,4.269761651857498e-06,246
Sporosarcina,zhuang2018,logreg,3.161346446951831e-05,-2.954766095073141e-22,-4.269761651857498e-06,4.269761651857498e-06,247
Solitalea,zhuang2018,logreg,3.161346446951831e-05,-2.954766095073141e-22,-4.269761651857498e-06,4.269761651857498e-06,248
Rubrobacter,zhuang2018,logreg,3.161346446951831e-05,-2.954766095073141e-22,-4.269761651857498e-06,4.269761651857498e-06,249
Solirubrobacter,zhuang2018,logreg,3.161346446951831e-05,-2.954766095073141e-22,-4.269761651857498e-06,4.269761651857498e-06,250
Sneathia,zhuang2018,logreg,3.161346446951831e-05,-2.954766095073141e-22,-4.269761651857498e-06,4.269761651857498e-06,251
Skermanella,zhuang2018,logreg,3.161346446951831e-05,-2.954766095073141e-22,-4.269761651857498e-06,4.269761651857498e-06,252
Rhodomicrobium,zhuang2018,logreg,3.161346446951831e-05,-2.954766095073141e-22,-4.269761651857498e-06,4.269761651857498e-06,253
Tumebacillus,zhuang2018,logreg,3.161346446951831e-05,-2.954766095073141e-22,-4.269761651857498e-06,4.269761651857498e-06,254
Rhizocola,zhuang2018,logreg,3.161346446951831e-05,-2.954766095073141e-22,-4.269761651857498e-06,4.269761651857498e-06,255
Reyranella,zhuang2018,logreg,3.161346446951831e-05,-2.954766095073141e-22,-4.269761651857498e-06,4.269761651857498e-06,256
Serratia,zhuang2018,logreg,3.161346446951831e-05,-2.954766095073141e-22,-4.269761651857498e-06,4.269761651857498e-06,257
Pseudolabrys,zhuang2018,logreg,3.161346446951831e-05,-2.954766095073141e-22,-4.269761651857498e-06,4.269761651857498e-06,258
Vicinamibacter,zhuang2018,logreg,3.161346446951831e-05,-2.954766095073141e-22,-4.269761651857498e-06,4.269761651857498e-06,259
Pseudonocardia,zhuang2018,logreg,3.161346446951831e-05,-2.954766095073141e-22,-4.269761651857498e-06,4.269761651857498e-06,260
Pseudorhodoplanes,zhuang2018,logreg,3.161346446951831e-05,-2.954766095073141e-22,-4.269761651857498e-06,4.269761651857498e-06,261
Pseudoxanthomonas,zhuang2018,logreg,3.161346446951831e-05,-2.954766095073141e-22,-4.269761651857498e-06,4.269761651857498e-06,262
Vibrionimonas,zhuang2018,logreg,3.161346446951831e-05,-2.954766095073141e-22,-4.269761651857498e-06,4.269761651857498e-06,263
V9D2013 group,zhuang2018,logreg,3.161346446951831e-05,-2.954766095073141e-22,-4.269761651857498e-06,4.269761651857498e-06,264
Undibacterium,zhuang2018,logreg,3.161346446951831e-05,-2.954766095073141e-22,-4.269761651857498e-06,4.269761651857498e-06,265
UTCFX1,zhuang2018,logreg,3.161346446951831e-05,-2.954766095073141e-22,-4.269761651857498e-06,4.269761651857498e-06,266
UCG-007,zhuang2018,logreg,3.161346446951831e-05,-2.954766095073141e-22,-4.269761651857498e-06,4.269761651857498e-06,267
Puia,zhuang2018,logreg,3.161346446951831e-05,-2.954766095073141e-22,-4.269761651857498e-06,4.269761651857498e-06,268
RB41,zhuang2018,logreg,3.161346446951831e-05,-2.954766095073141e-22,-4.269761651857498e-06,4.269761651857498e-06,269
Ralstonia,zhuang2018,logreg,3.161346446951831e-05,-2.954766095073141e-22,-4.269761651857498e-06,4.269761651857498e-06,270
Ramlibacter,zhuang2018,logreg,3.161346446951831e-05,-2.954766095073141e-22,-4.269761651857498e-06,4.269761651857498e-06,271
Sandaracinus,zhuang2018,logreg,3.161346446951831e-05,-2.954766095073141e-22,-4.269761651857498e-06,4.269761651857498e-06,272
Salmonella,zhuang2018,logreg,3.161346446951831e-05,-2.954766095073141e-22,-4.269761651857498e-06,4.269761651857498e-06,273
Psychrobacillus,zhuang2018,logreg,3.161346446951831e-05,-2.954766095073141e-22,-4.269761651857498e-06,4.269761651857498e-06,274
ADurb.Bin063-1,zhuang2018,logreg,3.161346446951831e-05,-2.954766095073141e-22,-4.269761651857498e-06,4.269761651857498e-06,275
Pelagibacterium,zhuang2018,logreg,3.161346446951831e-05,-2.954766095073141e-22,-4.269761651857498e-06,4.269761651857498e-06,276
Elusimicrobium,zhuang2018,logreg,3.161346446951831e-05,-2.954766095073141e-22,-4.269761651857498e-06,4.269761651857498e-06,277
Campylobacter,zhuang2018,logreg,3.161346446951831e-05,-2.954766095073141e-22,-4.269761651857498e-06,4.269761651857498e-06,278
Candidatus Entotheonella,zhuang2018,logreg,3.161346446951831e-05,-2.954766095073141e-22,-4.269761651857498e-06,4.269761651857498e-06,279
Candidatus Nitrocosmicus,zhuang2018,logreg,3.161346446951831e-05,-2.954766095073141e-22,-4.269761651857498e-06,4.269761651857498e-06,280
Candidatus Nitrososphaera,zhuang2018,logreg,3.161346446951831e-05,-2.954766095073141e-22,-4.269761651857498e-06,4.269761651857498e-06,281
Candidatus Solibacter,zhuang2018,logreg,3.161346446951831e-05,-2.954766095073141e-22,-4.269761651857498e-06,4.269761651857498e-06,282
Candidatus Udaeobacter,zhuang2018,logreg,3.161346446951831e-05,-2.954766095073141e-22,-4.269761651857498e-06,4.269761651857498e-06,283
Castellaniella,zhuang2018,logreg,3.161346446951831e-05,-2.954766095073141e-22,-4.269761651857498e-06,4.269761651857498e-06,284
Catenisphaera,zhuang2018,logreg,3.161346446951831e-05,-2.954766095073141e-22,-4.269761651857498e-06,4.269761651857498e-06,285
Caulobacter,zhuang2018,logreg,3.161346446951831e-05,-2.954766095073141e-22,-4.269761651857498e-06,4.269761651857498e-06,286
Cellvibrio,zhuang2018,logreg,3.161346446951831e-05,-2.954766095073141e-22,-4.269761651857498e-06,4.269761651857498e-06,287
Chelativorans,zhuang2018,logreg,3.161346446951831e-05,-2.954766095073141e-22,-4.269761651857498e-06,4.269761651857498e-06,288
Chitinophaga,zhuang2018,logreg,3.161346446951831e-05,-2.954766095073141e-22,-4.269761651857498e-06,4.269761651857498e-06,289
Chryseolinea,zhuang2018,logreg,3.161346446951831e-05,-2.954766095073141e-22,-4.269761651857498e-06,4.269761651857498e-06,290
Chthoniobacter,zhuang2018,logreg,3.161346446951831e-05,-2.954766095073141e-22,-4.269761651857498e-06,4.269761651857498e-06,291
Citricoccus,zhuang2018,logreg,3.161346446951831e-05,-2.954766095073141e-22,-4.269761651857498e-06,4.269761651857498e-06,292
Citrifermentans,zhuang2018,logreg,3.161346446951831e-05,-2.954766095073141e-22,-4.269761651857498e-06,4.269761651857498e-06,293
Comamonas,zhuang2018,logreg,3.161346446951831e-05,-2.954766095073141e-22,-4.269761651857498e-06,4.269761651857498e-06,294
Coriobacteriaceae UCG-003,zhuang2018,logreg,3.161346446951831e-05,-2.954766095073141e-22,-4.269761651857498e-06,4.269761651857498e-06,295
Cupriavidus,zhuang2018,logreg,3.161346446951831e-05,-2.954766095073141e-22,-4.269761651857498e-06,4.269761651857498e-06,296
Dactylosporangium,zhuang2018,logreg,3.161346446951831e-05,-2.954766095073141e-22,-4.269761651857498e-06,4.269761651857498e-06,297
Dethiobacter,zhuang2018,logreg,3.161346446951831e-05,-2.954766095073141e-22,-4.269761651857498e-06,4.269761651857498e-06,298
Diaphorobacter,zhuang2018,logreg,3.161346446951831e-05,-2.954766095073141e-22,-4.269761651857498e-06,4.269761651857498e-06,299
Dinghuibacter,zhuang2018,logreg,3.161346446951831e-05,-2.954766095073141e-22,-4.269761651857498e-06,4.269761651857498e-06,300
Dokdonella,zhuang2018,logreg,3.161346446951831e-05,-2.954766095073141e-22,-4.269761651857498e-06,4.269761651857498e-06,301
Dongia,zhuang2018,logreg,3.161346446951831e-05,-2.954766095073141e-22,-4.269761651857498e-06,4.269761651857498e-06,302
Edaphobaculum,zhuang2018,logreg,3.161346446951831e-05,-2.954766095073141e-22,-4.269761651857498e-06,4.269761651857498e-06,303
Ellin6055,zhuang2018,logreg,3.161346446951831e-05,-2.954766095073141e-22,-4.269761651857498e-06,4.269761651857498e-06,304
Caenimonas,zhuang2018,logreg,3.161346446951831e-05,-2.954766095073141e-22,-4.269761651857498e-06,4.269761651857498e-06,305
CL500-29 marine group,zhuang2018,logreg,3.161346446951831e-05,-2.954766095073141e-22,-4.269761651857498e-06,4.269761651857498e-06,306
CAG-873,zhuang2018,logreg,3.161346446951831e-05,-2.954766095073141e-22,-4.269761651857498e-06,4.269761651857498e-06,307
Angelakisella,zhuang2018,logreg,3.161346446951831e-05,-2.954766095073141e-22,-4.269761651857498e-06,4.269761651857498e-06,308
Acidibacter,zhuang2018,logreg,3.161346446951831e-05,-2.954766095073141e-22,-4.269761651857498e-06,4.269761651857498e-06,309
Actinocorallia,zhuang2018,logreg,3.161346446951831e-05,-2.954766095073141e-22,-4.269761651857498e-06,4.269761651857498e-06,310
Adhaeribacter,zhuang2018,logreg,3.161346446951831e-05,-2.954766095073141e-22,-4.269761651857498e-06,4.269761651857498e-06,311
Aeromicrobium,zhuang2018,logreg,3.161346446951831e-05,-2.954766095073141e-22,-4.269761651857498e-06,4.269761651857498e-06,312
Afipia,zhuang2018,logreg,3.161346446951831e-05,-2.954766095073141e-22,-4.269761651857498e-06,4.269761651857498e-06,313
Agromyces,zhuang2018,logreg,3.161346446951831e-05,-2.954766095073141e-22,-4.269761651857498e-06,4.269761651857498e-06,314
Ahniella,zhuang2018,logreg,3.161346446951831e-05,-2.954766095073141e-22,-4.269761651857498e-06,4.269761651857498e-06,315
Aliihoeflea,zhuang2018,logreg,3.161346446951831e-05,-2.954766095073141e-22,-4.269761651857498e-06,4.269761651857498e-06,316
Alkalicoccus,zhuang2018,logreg,3.161346446951831e-05,-2.954766095073141e-22,-4.269761651857498e-06,4.269761651857498e-06,317
Altererythrobacter,zhuang2018,logreg,3.161346446951831e-05,-2.954766095073141e-22,-4.269761651857498e-06,4.269761651857498e-06,318
Ammoniphilus,zhuang2018,logreg,3.161346446951831e-05,-2.954766095073141e-22,-4.269761651857498e-06,4.269761651857498e-06,319
Anaerobacillus,zhuang2018,logreg,3.161346446951831e-05,-2.954766095073141e-22,-4.269761651857498e-06,4.269761651857498e-06,320
Aquabacterium,zhuang2018,logreg,3.161346446951831e-05,-2.954766095073141e-22,-4.269761651857498e-06,4.269761651857498e-06,321
Burkholderia-Caballeronia-Paraburkholderia,zhuang2018,logreg,3.161346446951831e-05,-2.954766095073141e-22,-4.269761651857498e-06,4.269761651857498e-06,322
Aquicella,zhuang2018,logreg,3.161346446951831e-05,-2.954766095073141e-22,-4.269761651857498e-06,4.269761651857498e-06,323
Archangium,zhuang2018,logreg,3.161346446951831e-05,-2.954766095073141e-22,-4.269761651857498e-06,4.269761651857498e-06,324
Aridibacter,zhuang2018,logreg,3.161346446951831e-05,-2.954766095073141e-22,-4.269761651857498e-06,4.269761651857498e-06,325
Asteroleplasma,zhuang2018,logreg,3.161346446951831e-05,-2.954766095073141e-22,-4.269761651857498e-06,4.269761651857498e-06,326
Azoarcus,zhuang2018,logreg,3.161346446951831e-05,-2.954766095073141e-22,-4.269761651857498e-06,4.269761651857498e-06,327
BD1-7 clade,zhuang2018,logreg,3.161346446951831e-05,-2.954766095073141e-22,-4.269761651857498e-06,4.269761651857498e-06,328
BIyi10,zhuang2018,logreg,3.161346446951831e-05,-2.954766095073141e-22,-4.269761651857498e-06,4.269761651857498e-06,329
Bauldia,zhuang2018,logreg,3.161346446951831e-05,-2.954766095073141e-22,-4.269761651857498e-06,4.269761651857498e-06,330
Bdellovibrio,zhuang2018,logreg,3.161346446951831e-05,-2.954766095073141e-22,-4.269761651857498e-06,4.269761651857498e-06,331
Blastococcus,zhuang2018,logreg,3.161346446951831e-05,-2.954766095073141e-22,-4.269761651857498e-06,4.269761651857498e-06,332
Bradyrhizobium,zhuang2018,logreg,3.161346446951831e-05,-2.954766095073141e-22,-4.269761651857498e-06,4.269761651857498e-06,333
Bryobacter,zhuang2018,logreg,3.161346446951831e-05,-2.954766095073141e-22,-4.269761651857498e-06,4.269761651857498e-06,334
Ellin6067,zhuang2018,logreg,3.161346446951831e-05,-2.954766095073141e-22,-4.269761651857498e-06,4.269761651857498e-06,335
Enteroscipio,zhuang2018,logreg,3.161346446951831e-05,-2.954766095073141e-22,-4.269761651857498e-06,4.269761651857498e-06,336
Pedomicrobium,zhuang2018,logreg,3.161346446951831e-05,-2.954766095073141e-22,-4.269761651857498e-06,4.269761651857498e-06,337
Eubacterium oxidoreducens group,zhuang2018,logreg,3.161346446951831e-05,-2.954766095073141e-22,-4.269761651857498e-06,4.269761651857498e-06,338
MND1,zhuang2018,logreg,3.161346446951831e-05,-2.954766095073141e-22,-4.269761651857498e-06,4.269761651857498e-06,339
Marmoricola,zhuang2018,logreg,3.161346446951831e-05,-2.954766095073141e-22,-4.269761651857498e-06,4.269761651857498e-06,340
Mesorhizobium,zhuang2018,logreg,3.161346446951831e-05,-2.954766095073141e-22,-4.269761651857498e-06,4.269761651857498e-06,341
Methyloceanibacter,zhuang2018,logreg,3.161346446951831e-05,-2.954766095073141e-22,-4.269761651857498e-06,4.269761651857498e-06,342
Methylotenera,zhuang2018,logreg,3.161346446951831e-05,-2.954766095073141e-22,-4.269761651857498e-06,4.269761651857498e-06,343
Methyloversatilis,zhuang2018,logreg,3.161346446951831e-05,-2.954766095073141e-22,-4.269761651857498e-06,4.269761651857498e-06,344
Microlunatus,zhuang2018,logreg,3.161346446951831e-05,-2.954766095073141e-22,-4.269761651857498e-06,4.269761651857498e-06,345
Microvirga,zhuang2018,logreg,3.161346446951831e-05,-2.954766095073141e-22,-4.269761651857498e-06,4.269761651857498e-06,346
Muribaculum,zhuang2018,logreg,3.161346446951831e-05,-2.954766095073141e-22,-4.269761651857498e-06,4.269761651857498e-06,347
Nannocystis,zhuang2018,logreg,3.161346446951831e-05,-2.954766095073141e-22,-4.269761651857498e-06,4.269761651857498e-06,348
Nesterenkonia,zhuang2018,logreg,3.161346446951831e-05,-2.954766095073141e-22,-4.269761651857498e-06,4.269761651857498e-06,349
Niastella,zhuang2018,logreg,3.161346446951831e-05,-2.954766095073141e-22,-4.269761651857498e-06,4.269761651857498e-06,350
Nitrolancea,zhuang2018,logreg,3.161346446951831e-05,-2.954766095073141e-22,-4.269761651857498e-06,4.269761651857498e-06,351
Nitrosococcus,zhuang2018,logreg,3.161346446951831e-05,-2.954766095073141e-22,-4.269761651857498e-06,4.269761651857498e-06,352
Nitrosospira,zhuang2018,logreg,3.161346446951831e-05,-2.954766095073141e-22,-4.269761651857498e-06,4.269761651857498e-06,353
Nonomuraea,zhuang2018,logreg,3.161346446951831e-05,-2.954766095073141e-22,-4.269761651857498e-06,4.269761651857498e-06,354
Nordella,zhuang2018,logreg,3.161346446951831e-05,-2.954766095073141e-22,-4.269761651857498e-06,4.269761651857498e-06,355
OLB17,zhuang2018,logreg,3.161346446951831e-05,-2.954766095073141e-22,-4.269761651857498e-06,4.269761651857498e-06,356
OM27 clade,zhuang2018,logreg,3.161346446951831e-05,-2.954766095073141e-22,-4.269761651857498e-06,4.269761651857498e-06,357
Oceanicaulis,zhuang2018,logreg,3.161346446951831e-05,-2.954766095073141e-22,-4.269761651857498e-06,4.269761651857498e-06,358
Ohtaekwangia,zhuang2018,logreg,3.161346446951831e-05,-2.954766095073141e-22,-4.269761651857498e-06,4.269761651857498e-06,359
Opitutus,zhuang2018,logreg,3.161346446951831e-05,-2.954766095073141e-22,-4.269761651857498e-06,4.269761651857498e-06,360
P3OB-42,zhuang2018,logreg,3.161346446951831e-05,-2.954766095073141e-22,-4.269761651857498e-06,4.269761651857498e-06,361
Paenibacillus,zhuang2018,logreg,3.161346446951831e-05,-2.954766095073141e-22,-4.269761651857498e-06,4.269761651857498e-06,362
Pajaroellobacter,zhuang2018,logreg,3.161346446951831e-05,-2.954766095073141e-22,-4.269761651857498e-06,4.269761651857498e-06,363
Pannonibacter,zhuang2018,logreg,3.161346446951831e-05,-2.954766095073141e-22,-4.269761651857498e-06,4.269761651857498e-06,364
Parapusillimonas,zhuang2018,logreg,3.161346446951831e-05,-2.954766095073141e-22,-4.269761651857498e-06,4.269761651857498e-06,365
Lysinibacillus,zhuang2018,logreg,3.161346446951831e-05,-2.954766095073141e-22,-4.269761651857498e-06,4.269761651857498e-06,366
Luteolibacter,zhuang2018,logreg,3.161346446951831e-05,-2.954766095073141e-22,-4.269761651857498e-06,4.269761651857498e-06,367
Luedemannella,zhuang2018,logreg,3.161346446951831e-05,-2.954766095073141e-22,-4.269761651857498e-06,4.269761651857498e-06,368
IS-44,zhuang2018,logreg,3.161346446951831e-05,-2.954766095073141e-22,-4.269761651857498e-06,4.269761651857498e-06,369
Faecalibaculum,zhuang2018,logreg,3.161346446951831e-05,-2.954766095073141e-22,-4.269761651857498e-06,4.269761651857498e-06,370
Ferruginibacter,zhuang2018,logreg,3.161346446951831e-05,-2.954766095073141e-22,-4.269761651857498e-06,4.269761651857498e-06,371
Flavisolibacter,zhuang2018,logreg,3.161346446951831e-05,-2.954766095073141e-22,-4.269761651857498e-06,4.269761651857498e-06,372
Flavitalea,zhuang2018,logreg,3.161346446951831e-05,-2.954766095073141e-22,-4.269761651857498e-06,4.269761651857498e-06,373
Fluviicola,zhuang2018,logreg,3.161346446951831e-05,-2.954766095073141e-22,-4.269761651857498e-06,4.269761651857498e-06,374
Gaiella,zhuang2018,logreg,3.161346446951831e-05,-2.954766095073141e-22,-4.269761651857498e-06,4.269761651857498e-06,375
Gemmatimonas,zhuang2018,logreg,3.161346446951831e-05,-2.954766095073141e-22,-4.269761651857498e-06,4.269761651857498e-06,376
Haliangium,zhuang2018,logreg,3.161346446951831e-05,-2.954766095073141e-22,-4.269761651857498e-06,4.269761651857498e-06,377
Halomonas,zhuang2018,logreg,3.161346446951831e-05,-2.954766095073141e-22,-4.269761651857498e-06,4.269761651857498e-06,378
Hassallia,zhuang2018,logreg,3.161346446951831e-05,-2.954766095073141e-22,-4.269761651857498e-06,4.269761651857498e-06,379
Hirschia,zhuang2018,logreg,3.161346446951831e-05,-2.954766095073141e-22,-4.269761651857498e-06,4.269761651857498e-06,380
Hyphomicrobium,zhuang2018,logreg,3.161346446951831e-05,-2.954766095073141e-22,-4.269761651857498e-06,4.269761651857498e-06,381
Iamia,zhuang2018,logreg,3.161346446951831e-05,-2.954766095073141e-22,-4.269761651857498e-06,4.269761651857498e-06,382
Longimicrobium,zhuang2018,logreg,3.161346446951831e-05,-2.954766095073141e-22,-4.269761651857498e-06,4.269761651857498e-06,383
Ilumatobacter,zhuang2018,logreg,3.161346446951831e-05,-2.954766095073141e-22,-4.269761651857498e-06,4.269761651857498e-06,384
JGI 0001001-H03,zhuang2018,logreg,3.161346446951831e-05,-2.954766095073141e-22,-4.269761651857498e-06,4.269761651857498e-06,385
Kribbella,zhuang2018,logreg,3.161346446951831e-05,-2.954766095073141e-22,-4.269761651857498e-06,4.269761651857498e-06,386
Lachnospiraceae NK3A20 group,zhuang2018,logreg,3.161346446951831e-05,-2.954766095073141e-22,-4.269761651857498e-06,4.269761651857498e-06,387
Lachnospiraceae UCG-006,zhuang2018,logreg,3.161346446951831e-05,-2.954766095073141e-22,-4.269761651857498e-06,4.269761651857498e-06,388
Lacibacter,zhuang2018,logreg,3.161346446951831e-05,-2.954766095073141e-22,-4.269761651857498e-06,4.269761651857498e-06,389
Lacunisphaera,zhuang2018,logreg,3.161346446951831e-05,-2.954766095073141e-22,-4.269761651857498e-06,4.269761651857498e-06,390
Lechevalieria,zhuang2018,logreg,3.161346446951831e-05,-2.954766095073141e-22,-4.269761651857498e-06,4.269761651857498e-06,391
Legionella,zhuang2018,logreg,3.161346446951831e-05,-2.954766095073141e-22,-4.269761651857498e-06,4.269761651857498e-06,392
Leucobacter,zhuang2018,logreg,3.161346446951831e-05,-2.954766095073141e-22,-4.269761651857498e-06,4.269761651857498e-06,393
Levilactobacillus,zhuang2018,logreg,3.161346446951831e-05,-2.954766095073141e-22,-4.269761651857498e-06,4.269761651857498e-06,394
Libanicoccus,zhuang2018,logreg,3.161346446951831e-05,-2.954766095073141e-22,-4.269761651857498e-06,4.269761651857498e-06,395
wb1-P19,zhuang2018,logreg,3.161346446951831e-05,-2.954766095073141e-22,-4.269761651857498e-06,4.269761651857498e-06,396
Lachnoclostridium,zhuang2018,lgbm,0.5595766230851648,-0.021255561305346938,0.19897719351317683,-0.24148831612387067,1
Oscillibacter,zhuang2018,lgbm,0.5571259027838558,0.003652410299399135,0.07104494051061297,-0.06374011991181468,2
Rhodococcus,zhuang2018,lgbm,0.43221235524126317,0.04153216764886191,0.07019551832109104,0.012868816976632778,3
Ruminococcus gnavus group,zhuang2018,lgbm,0.37226394884513053,0.05450676044727202,0.137436513654313,-0.02842299275976896,4
[Eubacterium] siraeum group,zhuang2018,lgbm,0.32148373891755777,-0.010339313152115092,0.08050403146314548,-0.10118265776737576,5
Lachnospiraceae ND3007 group,zhuang2018,lgbm,0.2583280801796863,0.001830032370805148,0.028308547135213805,-0.024648482393603496,6
Peptococcus,zhuang2018,lgbm,0.23476760854674728,0.03194194482295451,0.061762885709118115,0.0021210039367909285,7
Gordonibacter,zhuang2018,lgbm,0.22176488221900797,-0.004848471068243091,0.02530537468129352,-0.03500231681777971,8
Family XIII AD3011 group,zhuang2018,lgbm,0.21440336411210154,-0.014583077955730038,0.06228973054682539,-0.09145588645828545,9
Eisenbergiella,zhuang2018,lgbm,0.20361042979607386,0.0013353960390738262,0.03161672103329002,-0.028945928955142343,10
Subdoligranulum,zhuang2018,lgbm,0.2020777069225345,-0.005261891358963464,0.006319237336837116,-0.016843020054764044,11
Slackia,zhuang2018,lgbm,0.18316044344744817,-0.025602088139888485,-0.021678613054715936,-0.029525563225061002,12
Weissella,zhuang2018,lgbm,0.17057806967962857,0.004610261454166112,0.02793104279105893,-0.0187105198827267,13
Lachnospiraceae UCG-010,zhuang2018,lgbm,0.16284601408681806,-0.04935553781131248,-0.01641403621842599,-0.08229703940419895,14
Colidextribacter,zhuang2018,lgbm,0.15076844473674667,0.004770016265442506,0.010745763452373968,-0.0012057309214889489,15
Bacteroides,zhuang2018,lgbm,0.1495171949903774,0.016072793973957705,0.009172858023818046,0.022972729924097365,16
Gemella,zhuang2018,lgbm,0.13579853594125532,-0.0018120491726396103,0.024589141250012946,-0.02821323959529217,17
Christensenellaceae R-7 group,zhuang2018,lgbm,0.12562480685366398,-0.000543261307595767,0.025581132282450934,-0.02666765489764247,18
Romboutsia,zhuang2018,lgbm,0.10824515704072166,0.001322543950223462,-0.021726844619024573,0.024371932519471496,19
Oxalobacter,zhuang2018,lgbm,0.10693381289146646,0.00851379928556062,0.02556061460626335,-0.008533016035142116,20
Solobacterium,zhuang2018,lgbm,0.09413815860017262,-0.01253887182391259,-0.032354585484921095,0.00727684183709591,21
Coprobacter,zhuang2018,lgbm,0.09402217933893478,-0.0035221977957111566,0.015185673520996465,-0.02223006911241877,22
Fusicatenibacter,zhuang2018,lgbm,0.08561690077489131,-0.022190401632795596,-0.033061807490155457,-0.011318995775435731,23
Terrisporobacter,zhuang2018,lgbm,0.08430936057227732,-0.017652475004810902,-0.04172568717634433,0.006420737166722531,24
Negativibacillus,zhuang2018,lgbm,0.07066694324576704,-0.015615064886478383,-0.03700324836673552,0.0057731185937787595,25
Ruminococcus,zhuang2018,lgbm,0.0697137390962447,-0.0021884349996554144,-0.006326974212544364,0.001950104213233531,26
Akkermansia,zhuang2018,lgbm,0.0666068527310668,0.014409592204627066,0.018297552917268377,0.01052163149198575,27
Turicibacter,zhuang2018,lgbm,0.05677065439657276,-0.004002668509896956,-0.0014013483874054885,-0.0066039886323884245,28
Leuconostoc,zhuang2018,lgbm,0.05615260964592428,-0.00746476873920622,-0.014780163117697111,-0.00014937436071533076,29
Alistipes,zhuang2018,lgbm,0.05536385863616961,0.0013228679779093387,0.00416920821802896,-0.0015234722622102825,30
Bifidobacterium,zhuang2018,lgbm,0.053426722093166776,0.016396493872753617,0.014573215528806822,0.018219772216700413,31
Holdemanella,zhuang2018,lgbm,0.05242113198609803,-0.007521275645262583,-0.01018661299768865,-0.004855938292836518,32
Coprobacillus,zhuang2018,lgbm,0.05041850209245154,0.0038572129346800383,-0.0004454962336263883,0.008159922102986467,33
Family XIII UCG-001,zhuang2018,lgbm,0.05019696384238409,0.00019097872522435617,-0.00562595994507869,0.006007917395527399,34
Lachnospira,zhuang2018,lgbm,0.04587832683806069,0.0059750102779010964,-0.00038989405988109585,0.012339914615683296,35
[Eubacterium] xylanophilum group,zhuang2018,lgbm,0.04514506717560134,-0.009701043897414533,-0.009633918088089416,-0.009768169706739643,36
Odoribacter,zhuang2018,lgbm,0.04379544798363041,0.001949078371896893,-0.012118054184813843,0.016016210928607624,37
Ligilactobacillus,zhuang2018,lgbm,0.041741113022606725,0.003257527794685425,0.004068636023785198,0.002446419565585652,38
Adlercreutzia,zhuang2018,lgbm,0.04153732411633057,-0.00436923169851661,-0.016799286475956555,0.008060823078923335,39
Rothia,zhuang2018,lgbm,0.04152703208436367,0.017216915641713067,0.0022230592551139537,0.03221077202831219,40
Paludicola,zhuang2018,lgbm,0.04113110789852783,-0.013377413826708573,-0.008085900318666368,-0.01866892733475078,41
Limosilactobacillus,zhuang2018,lgbm,0.040008038207022784,0.005082928001550455,-0.0039751019688773395,0.014140957971978247,42
Barnesiella,zhuang2018,lgbm,0.03977320676563477,-0.009360908442819064,-0.012190723230235897,-0.006531093655402234,43
Lachnospiraceae NK4A136 group,zhuang2018,lgbm,0.03968194502009502,0.002615794016594759,-0.0003409801700066736,0.0055725682031961925,44
Holdemania,zhuang2018,lgbm,0.039270082811848024,0.0009449358395640545,0.002794356265397521,-0.0009044845862694116,45
Parabacteroides,zhuang2018,lgbm,0.0379483154751113,0.002339360029829921,-0.0038263143466866173,0.008505034406346462,46
Eubacterium brachy group,zhuang2018,lgbm,0.033722932522743804,0.0001193573487068169,-0.014514796696016576,0.014753511393430207,47
Atopobium,zhuang2018,lgbm,0.03298621998841895,0.002820980686311422,-0.005650883910671589,0.011292845283294434,48
Anaerostipes,zhuang2018,lgbm,0.03210540373381932,-0.0015119335457378052,9.336465177822419e-05,-0.0031172317432538337,49
Veillonella,zhuang2018,lgbm,0.03186860766925915,0.015224154498617757,0.01671057064018898,0.013737738357046544,50
Cloacibacillus,zhuang2018,lgbm,0.030746498382893984,-0.00310911413640943,-0.014121699546010107,0.007903471273191248,51
Lactiplantibacillus,zhuang2018,lgbm,0.030719770949881813,-0.002441683709376971,0.003193362528579287,-0.008076729947333229,52
Howardella,zhuang2018,lgbm,0.030590396396588594,0.0018151888368950996,0.0045665083051092065,-0.0009361306313190073,53
Streptococcus,zhuang2018,lgbm,0.030035322888532855,-0.0031491928345911153,-0.008347830307593802,0.0020494446384115702,54
Faecalitalea,zhuang2018,lgbm,0.028393013063855145,-0.010739947737563078,-0.001695917477478559,-0.0197839779976476,55
Clostridium sensu stricto 1,zhuang2018,lgbm,0.027465619804963065,-0.0037913318231683007,-0.018437340462979495,0.010854676816642891,56
Tyzzerella,zhuang2018,lgbm,0.02463632017528382,-0.0021389390776615502,-0.007769400059180042,0.0034915219038569403,57
Lachnospiraceae FCS020 group,zhuang2018,lgbm,0.02423233750176996,-0.013566955006222719,-0.0197654382452993,-0.007368471767146136,58
Coprococcus,zhuang2018,lgbm,0.023227031952657736,-0.005903121146050374,-0.00398257176883503,-0.00782367052326572,59
Flavonifractor,zhuang2018,lgbm,0.02269905239526388,-0.01384059353894694,-0.02084655695259226,-0.006834630125301617,60
Fenollaria,zhuang2018,lgbm,0.022058686997949564,-0.006333979779277898,-0.009452996398510159,-0.0032149631600456364,61
Enterobacter,zhuang2018,lgbm,0.022029502377266533,-0.00848064420462147,-0.016214856402205446,-0.0007464320070374895,62
Methylobacterium-Methylorubrum,zhuang2018,lgbm,0.02201838863247771,0.0036377175516913167,-0.003550406788649234,0.010825841892031866,63
[Eubacterium] fissicatena group,zhuang2018,lgbm,0.02130612612419815,0.002809914931464022,0.004162966809456789,0.0014568630534712566,64
Hungatella,zhuang2018,lgbm,0.020532860287084446,-0.0028133470604999374,-0.01279623560415451,0.007169541483154634,65
Actinomyces,zhuang2018,lgbm,0.01984258507529467,-0.0003924935368640318,-0.008083988499775641,0.007299001426047579,66
Ruminococcus torques group,zhuang2018,lgbm,0.01847442021443742,0.0025409147117526035,0.002884066292958047,0.00219776313054716,67
Parasutterella,zhuang2018,lgbm,0.017414937242432926,0.0026496916340542766,-0.00026731324442637766,0.005566696512534931,68
Phocea,zhuang2018,lgbm,0.017231729185801157,-0.004014795856782719,-0.012585666226934413,0.0045560745133689734,69
Megamonas,zhuang2018,lgbm,0.016709539092272296,0.005972454118193866,0.0007521142841549012,0.011192793952232829,70
Intestinimonas,zhuang2018,lgbm,0.016379469692795443,0.004339928278641809,0.0029777448031815716,0.005702111754102041,71
Peptostreptococcus,zhuang2018,lgbm,0.01570014448892359,-0.006274360457171539,-0.011607413865186786,-0.0009413070491562952,72
Phascolarctobacterium,zhuang2018,lgbm,0.01476945704846517,0.0024507972020352156,-0.0039594040607941515,0.008860998464864583,73
UCG-009,zhuang2018,lgbm,0.014592527308302522,-0.007286645646606445,-0.013154917279002937,-0.001418374014209954,74
Anaerotruncus,zhuang2018,lgbm,0.014502444846598241,-0.002877304076624148,-0.0025429693645799777,-0.003211638788668317,75
Oribacterium,zhuang2018,lgbm,0.014359156308600523,-0.00822262718273142,-0.01393485608669821,-0.0025103982787646317,76
Monoglobus,zhuang2018,lgbm,0.013042296826713316,0.002259347873409859,-0.0009967224098769505,0.005515418156696668,77
CAG-56,zhuang2018,lgbm,0.012885843583754563,0.0048807554658397865,0.006080994900841468,0.003680516030838104,78
Acinetobacter,zhuang2018,lgbm,0.011498485811454757,0.0006828796421875957,-0.0002520378534297641,0.001617797137804955,79
Catabacter,zhuang2018,lgbm,0.011401844455638318,-0.001816326501884082,-0.004839511741509238,0.0012068587377410745,80
Bacillus,zhuang2018,lgbm,0.011286782728059599,-0.0033785569647486547,-0.004526581570782988,-0.002230532358714321,81
Raoultibacter,zhuang2018,lgbm,0.010429859273449527,-0.005158016408502719,-0.0041214208525629705,-0.006194611964442469,82
Collinsella,zhuang2018,lgbm,0.010303466280164432,-0.003922544497677103,-0.0030934248947894283,-0.004751664100564779,83
[Clostridium] innocuum group,zhuang2018,lgbm,0.010160896554740917,-0.004715961764101207,-0.005761890070729829,-0.003670033457472586,84
Erysipelatoclostridium,zhuang2018,lgbm,0.010119510518339191,0.004120133754575177,0.007280768573781053,0.0009594989353693004,85
Lactococcus,zhuang2018,lgbm,0.009497582518410043,-0.0006022250325849251,3.6545612048407984e-05,-0.0012409956772182584,86
[Eubacterium] nodatum group,zhuang2018,lgbm,0.008675976804853299,0.0007294263395898215,0.0004912111411792522,0.0009676415380003905,87
Bilophila,zhuang2018,lgbm,0.008671986489948385,-0.0029988474706537783,0.0010584651663628935,-0.007056160107670451,88
Paraprevotella,zhuang2018,lgbm,0.008641795462342039,-0.002080329600415502,-0.0048756517879581145,0.00071499258712711,89
HT002,zhuang2018,lgbm,0.008440804957618675,-0.0002120805265733341,-0.00421333312792356,0.003789172074776892,90
Massilia,zhuang2018,lgbm,0.0078846969180854,-0.0013409860869730147,-0.0021191663424781726,-0.0005628058314678564,91
Paeniclostridium,zhuang2018,lgbm,0.007541223983227829,-0.00010123163890588919,-0.003542121130835672,0.0033396578530238944,92
Latilactobacillus,zhuang2018,lgbm,0.0072328086960195175,-0.002350687884123032,-0.003420189136798309,-0.0012811866314477536,93
Lachnospiraceae UCG-004,zhuang2018,lgbm,0.006961480657403707,0.001435649368674092,0.0008302989297975517,0.002040999807550632,94
Frisingicoccus,zhuang2018,lgbm,0.00676412852304867,0.001005214738152004,-0.0032252363603106006,0.005235665836614609,95
Sutterella,zhuang2018,lgbm,0.006709921837588649,-0.0016331256488808165,-0.0035922653288058323,0.00032601403104419864,96
UCG-003,zhuang2018,lgbm,0.006619109072819498,8.630733996655275e-05,-0.0023634933098533014,0.0025361079897864066,97
Incertae Sedis,zhuang2018,lgbm,0.0065020920593004995,-0.003171532034051627,-0.0059819524723715165,-0.00036111159573173803,98
Eubacterium,zhuang2018,lgbm,0.006395896989932922,0.0007110044116576686,-0.0008136227971235682,0.002235631620438906,99
Defluviitaleaceae UCG-011,zhuang2018,lgbm,0.005654438979973784,-0.002114594349140663,-0.0017318944740672185,-0.002497294224214108,100
Prevotella,zhuang2018,lgbm,0.00564377632569614,0.0005048745242008223,0.0010537378364813567,-4.398878807971209e-05,101
Marvinbryantia,zhuang2018,lgbm,0.005590813530053202,-0.0003926346262668159,-0.000498217893922688,-0.00028705135861094397,102
Lactobacillus,zhuang2018,lgbm,0.005501630539964468,-5.0394944855356416e-05,-0.0029263379136477232,0.0028255480239370106,103
Fusobacterium,zhuang2018,lgbm,0.005466703484121532,0.0030363789058361823,0.0026717583643931374,0.003400999447279229,104
Agathobacter,zhuang2018,lgbm,0.00546388854388292,0.0020588071149906097,0.00346919167898932,0.000648422550991899,105
Eubacterium eligens group,zhuang2018,lgbm,0.005364617700970188,0.002534718524688315,0.0006980964890402005,0.004371340560336431,106
Eubacterium hallii group,zhuang2018,lgbm,0.005356590550615436,-0.004270088404285879,-0.006346927134304022,-0.002193249674267737,107
Faecalibacterium,zhuang2018,lgbm,0.005303518076653536,0.0021315723934134598,0.0025765575791917438,0.0016865872076351756,108
Peptoniphilus,zhuang2018,lgbm,0.004948405746116084,-0.0007435036926552912,-0.0006538357215813272,-0.0008331716637292551,109
Klebsiella,zhuang2018,lgbm,0.0047000594470729745,-0.0004456232470891631,0.0010868284644145489,-0.001978074958592875,110
CHKCI002,zhuang2018,lgbm,0.004677862855110469,-0.00038343138156643177,0.0013408400448268853,-0.002107702807959749,111
Olsenella,zhuang2018,lgbm,0.004396556298000181,-0.00018880916617178715,-0.003056910309447979,0.0026792919771044046,112
Lactonifactor,zhuang2018,lgbm,0.003359922953515012,-0.001118692882692069,-0.003629408764775198,0.0013920229993910594,113
Prevotellaceae NK3B31 group,zhuang2018,lgbm,0.0031489192428654144,0.0005846887607847683,0.00018863304695765714,0.0009807444746118797,114
Allisonella,zhuang2018,lgbm,0.002951091501282604,9.373984502369673e-05,-0.0009112901354707479,0.0010987698255181416,115
Eggerthella,zhuang2018,lgbm,0.002925583460971363,0.00014153390184733726,-0.0012923333586684995,0.001575401162363174,116
GCA-900066575,zhuang2018,lgbm,0.0028764670243041635,-0.00022372478430492652,-0.002196096009637646,0.0017486464410277928,117
Intestinibacter,zhuang2018,lgbm,0.002852632874311797,-0.0011431342784501153,-0.0016188208442551048,-0.0006674477126451258,118
Lachnospiraceae NC2004 group,zhuang2018,lgbm,0.0028138140279335617,-0.0005289970372515096,-0.0013559273245195137,0.0002979332500164947,119
DTU089,zhuang2018,lgbm,0.0027535953104633553,-0.0003278170705867486,-0.00047532907881200773,-0.00018030506236148947,120
Harryflintia,zhuang2018,lgbm,0.002724062647450659,-0.0005121237777207239,-0.001312677718112694,0.0002884301626712463,121
Enterococcus,zhuang2018,lgbm,0.0026093598197351573,0.0017782752321335827,0.0012285598251501532,0.0023279906391170118,122
Lacticaseibacillus,zhuang2018,lgbm,0.0025207763755492386,-0.0004739059586032568,-0.0012147176510881976,0.0002669057338816841,123
Butyricicoccus,zhuang2018,lgbm,0.002478428491218549,-0.00137141594546205,-0.00038537130289103893,-0.00235746058803306,124
Escherichia-Shigella,zhuang2018,lgbm,0.0023992013749235207,-0.000975760327689889,-0.0015636352095319728,-0.0003878854458478053,125
Acidaminococcus,zhuang2018,lgbm,0.002385539175544924,4.6567114481659724e-05,-0.0013275246833061773,0.0014206589122694967,126
Mogibacterium,zhuang2018,lgbm,0.0022646094576966925,-5.043624086011496e-05,-0.0003301069627914925,0.0002292344810712626,127
Anaerococcus,zhuang2018,lgbm,0.0021737451664360823,-0.0005026624917415509,-0.0011853985475665642,0.00018007356408346247,128
UCG-005,zhuang2018,lgbm,0.001876444576187709,0.0003387669033061548,0.0017624709794663287,-0.0010849371728540189,129
UBA1819,zhuang2018,lgbm,0.001837161323787028,0.0006123871079290093,-0.00040825807195267265,0.0016330322878106913,130
Senegalimassilia,zhuang2018,lgbm,0.0015502372725372665,-2.2313904361154968e-05,-0.0008476195227569537,0.0008029917140346436,131
Sanguibacteroides,zhuang2018,lgbm,0.0014105110461323073,-0.0005804208801102209,3.2111805261975684e-07,-0.0011611628782730616,132
Prevotella_7,zhuang2018,lgbm,0.0,0.0,0.0,0.0,133
Pedobacter,zhuang2018,lgbm,0.0,0.0,0.0,0.0,134
Phaselicystis,zhuang2018,lgbm,0.0,0.0,0.0,0.0,135
Nonomuraea,zhuang2018,lgbm,0.0,0.0,0.0,0.0,136
Nordella,zhuang2018,lgbm,0.0,0.0,0.0,0.0,137
Novosphingobium,zhuang2018,lgbm,0.0,0.0,0.0,0.0,138
OLB17,zhuang2018,lgbm,0.0,0.0,0.0,0.0,139
OM27 clade,zhuang2018,lgbm,0.0,0.0,0.0,0.0,140
Oceanicaulis,zhuang2018,lgbm,0.0,0.0,0.0,0.0,141
Ohtaekwangia,zhuang2018,lgbm,0.0,0.0,0.0,0.0,142
Peredibacter,zhuang2018,lgbm,0.0,0.0,0.0,0.0,143
Porphyromonas,zhuang2018,lgbm,0.0,0.0,0.0,0.0,144
Opitutus,zhuang2018,lgbm,0.0,0.0,0.0,0.0,145
Oscillospira,zhuang2018,lgbm,0.0,0.0,0.0,0.0,146
Pontibacter,zhuang2018,lgbm,0.0,0.0,0.0,0.0,147
Polycyclovorans,zhuang2018,lgbm,0.0,0.0,0.0,0.0,148
P3OB-42,zhuang2018,lgbm,0.0,0.0,0.0,0.0,149
Polyangium,zhuang2018,lgbm,0.0,0.0,0.0,0.0,150
Paenibacillus,zhuang2018,lgbm,0.0,0.0,0.0,0.0,151
Phenylobacterium,zhuang2018,lgbm,0.0,0.0,0.0,0.0,152
Paenisporosarcina,zhuang2018,lgbm,0.0,0.0,0.0,0.0,153
Polaromonas,zhuang2018,lgbm,0.0,0.0,0.0,0.0,154
Pelagibacterium,zhuang2018,lgbm,0.0,0.0,0.0,0.0,155
Pajaroellobacter,zhuang2018,lgbm,0.0,0.0,0.0,0.0,156
Pannonibacter,zhuang2018,lgbm,0.0,0.0,0.0,0.0,157
Papillibacter,zhuang2018,lgbm,0.0,0.0,0.0,0.0,158
Paracoccus,zhuang2018,lgbm,0.0,0.0,0.0,0.0,159
Parapusillimonas,zhuang2018,lgbm,0.0,0.0,0.0,0.0,160
Parvimonas,zhuang2018,lgbm,0.0,0.0,0.0,0.0,161
Pedomicrobium,zhuang2018,lgbm,0.0,0.0,0.0,0.0,162
Rhizocola,zhuang2018,lgbm,0.0,0.0,0.0,0.0,163
Prevotella_9,zhuang2018,lgbm,0.0,0.0,0.0,0.0,164
Sumerlaea,zhuang2018,lgbm,0.0,0.0,0.0,0.0,165
Tuzzerella,zhuang2018,lgbm,0.0,0.0,0.0,0.0,166
Tumebacillus,zhuang2018,lgbm,0.0,0.0,0.0,0.0,167
Truepera,zhuang2018,lgbm,0.0,0.0,0.0,0.0,168
Thermus,zhuang2018,lgbm,0.0,0.0,0.0,0.0,169
Terrimonas,zhuang2018,lgbm,0.0,0.0,0.0,0.0,170
Taibaiella,zhuang2018,lgbm,0.0,0.0,0.0,0.0,171
TM7x,zhuang2018,lgbm,0.0,0.0,0.0,0.0,172
Sulfurifustis,zhuang2018,lgbm,0.0,0.0,0.0,0.0,173
UCG-002,zhuang2018,lgbm,0.0,0.0,0.0,0.0,174
Succinivibrio,zhuang2018,lgbm,0.0,0.0,0.0,0.0,175
Subgroup 10,zhuang2018,lgbm,0.0,0.0,0.0,0.0,176
Streptomyces,zhuang2018,lgbm,0.0,0.0,0.0,0.0,177
Steroidobacter,zhuang2018,lgbm,0.0,0.0,0.0,0.0,178
Stenotrophomonas,zhuang2018,lgbm,0.0,0.0,0.0,0.0,179
Stenotrophobacter,zhuang2018,lgbm,0.0,0.0,0.0,0.0,180
Staphylococcus,zhuang2018,lgbm,0.0,0.0,0.0,0.0,181
UC5-1-2E3,zhuang2018,lgbm,0.0,0.0,0.0,0.0,182
UCG-004,zhuang2018,lgbm,0.0,0.0,0.0,0.0,183
Prevotellaceae UCG-001,zhuang2018,lgbm,0.0,0.0,0.0,0.0,184
YC-ZSS-LKJ147,zhuang2018,lgbm,0.0,0.0,0.0,0.0,185
wb1-A12,zhuang2018,lgbm,0.0,0.0,0.0,0.0,186
mle1-7,zhuang2018,lgbm,0.0,0.0,0.0,0.0,187
[Ruminococcus] gauvreauii group,zhuang2018,lgbm,0.0,0.0,0.0,0.0,188
[Eubacterium] tenue group,zhuang2018,lgbm,0.0,0.0,0.0,0.0,189
[Eubacterium] ruminantium group,zhuang2018,lgbm,0.0,0.0,0.0,0.0,190
[Bacteroides] pectinophilus group,zhuang2018,lgbm,0.0,0.0,0.0,0.0,191
Z20,zhuang2018,lgbm,0.0,0.0,0.0,0.0,192
Woeseia,zhuang2018,lgbm,0.0,0.0,0.0,0.0,193
UCG-007,zhuang2018,lgbm,0.0,0.0,0.0,0.0,194
Virgisporangium,zhuang2018,lgbm,0.0,0.0,0.0,0.0,195
Victivallis,zhuang2018,lgbm,0.0,0.0,0.0,0.0,196
Vicinamibacter,zhuang2018,lgbm,0.0,0.0,0.0,0.0,197
Vibrionimonas,zhuang2018,lgbm,0.0,0.0,0.0,0.0,198
V9D2013 group,zhuang2018,lgbm,0.0,0.0,0.0,0.0,199
Undibacterium,zhuang2018,lgbm,0.0,0.0,0.0,0.0,200
UTCFX1,zhuang2018,lgbm,0.0,0.0,0.0,0.0,201
Sporosarcina,zhuang2018,lgbm,0.0,0.0,0.0,0.0,202
Sphingomonas,zhuang2018,lgbm,0.0,0.0,0.0,0.0,203
Solitalea,zhuang2018,lgbm,0.0,0.0,0.0,0.0,204
Pseudoxanthomonas,zhuang2018,lgbm,0.0,0.0,0.0,0.0,205
Ramlibacter,zhuang2018,lgbm,0.0,0.0,0.0,0.0,206
Ralstonia,zhuang2018,lgbm,0.0,0.0,0.0,0.0,207
RB41,zhuang2018,lgbm,0.0,0.0,0.0,0.0,208
Pyramidobacter,zhuang2018,lgbm,0.0,0.0,0.0,0.0,209
Puia,zhuang2018,lgbm,0.0,0.0,0.0,0.0,210
Psychrobacter,zhuang2018,lgbm,0.0,0.0,0.0,0.0,211
Psychrobacillus,zhuang2018,lgbm,0.0,0.0,0.0,0.0,212
Pseudorhodoplanes,zhuang2018,lgbm,0.0,0.0,0.0,0.0,213
Solirubrobacter,zhuang2018,lgbm,0.0,0.0,0.0,0.0,214
Pseudonocardia,zhuang2018,lgbm,0.0,0.0,0.0,0.0,215
Pseudomonas,zhuang2018,lgbm,0.0,0.0,0.0,0.0,216
Pseudolabrys,zhuang2018,lgbm,0.0,0.0,0.0,0.0,217
Pseudoflavonifractor,zhuang2018,lgbm,0.0,0.0,0.0,0.0,218
Pseudoduganella,zhuang2018,lgbm,0.0,0.0,0.0,0.0,219
Pseudenhygromyxa,zhuang2018,lgbm,0.0,0.0,0.0,0.0,220
Prevotellaceae UCG-003,zhuang2018,lgbm,0.0,0.0,0.0,0.0,221
Reyranella,zhuang2018,lgbm,0.0,0.0,0.0,0.0,222
Rhizobacter,zhuang2018,lgbm,0.0,0.0,0.0,0.0,223
Nitrospira,zhuang2018,lgbm,0.0,0.0,0.0,0.0,224
Rhodomicrobium,zhuang2018,lgbm,0.0,0.0,0.0,0.0,225
Sneathia,zhuang2018,lgbm,0.0,0.0,0.0,0.0,226
Skermanella,zhuang2018,lgbm,0.0,0.0,0.0,0.0,227
Shuttleworthia,zhuang2018,lgbm,0.0,0.0,0.0,0.0,228
Serratia,zhuang2018,lgbm,0.0,0.0,0.0,0.0,229
Sellimonas,zhuang2018,lgbm,0.0,0.0,0.0,0.0,230
Sediminibacterium,zhuang2018,lgbm,0.0,0.0,0.0,0.0,231
Sarcina,zhuang2018,lgbm,0.0,0.0,0.0,0.0,232
Sandaracinus,zhuang2018,lgbm,0.0,0.0,0.0,0.0,233
Salmonella,zhuang2018,lgbm,0.0,0.0,0.0,0.0,234
Salipaludibacillus,zhuang2018,lgbm,0.0,0.0,0.0,0.0,235
SWB02,zhuang2018,lgbm,0.0,0.0,0.0,0.0,236
Rubrobacter,zhuang2018,lgbm,0.0,0.0,0.0,0.0,237
Roseburia,zhuang2018,lgbm,0.0,0.0,0.0,0.0,238
Rikenellaceae RC9 gut group,zhuang2018,lgbm,0.0,0.0,0.0,0.0,239
Rhodoplanes,zhuang2018,lgbm,0.0,0.0,0.0,0.0,240
Nocardioides,zhuang2018,lgbm,0.0,0.0,0.0,0.0,241
ADurb.Bin063-1,zhuang2018,lgbm,0.0,0.0,0.0,0.0,242
Nitrosospira,zhuang2018,lgbm,0.0,0.0,0.0,0.0,243
Castellaniella,zhuang2018,lgbm,0.0,0.0,0.0,0.0,244
Chitinophaga,zhuang2018,lgbm,0.0,0.0,0.0,0.0,245
Chelativorans,zhuang2018,lgbm,0.0,0.0,0.0,0.0,246
Cellvibrio,zhuang2018,lgbm,0.0,0.0,0.0,0.0,247
Caulobacter,zhuang2018,lgbm,0.0,0.0,0.0,0.0,248
Catenisphaera,zhuang2018,lgbm,0.0,0.0,0.0,0.0,249
Catenibacterium,zhuang2018,lgbm,0.0,0.0,0.0,0.0,250
Catenibacillus,zhuang2018,lgbm,0.0,0.0,0.0,0.0,251
Candidatus Udaeobacter,zhuang2018,lgbm,0.0,0.0,0.0,0.0,252
CAG-873,zhuang2018,lgbm,0.0,0.0,0.0,0.0,253
Candidatus Solibacter,zhuang2018,lgbm,0.0,0.0,0.0,0.0,254
Candidatus Soleaferrea,zhuang2018,lgbm,0.0,0.0,0.0,0.0,255
Candidatus Nitrososphaera,zhuang2018,lgbm,0.0,0.0,0.0,0.0,256
Candidatus Nitrocosmicus,zhuang2018,lgbm,0.0,0.0,0.0,0.0,257
Candidatus Entotheonella,zhuang2018,lgbm,0.0,0.0,0.0,0.0,258
Campylobacter,zhuang2018,lgbm,0.0,0.0,0.0,0.0,259
Caenimonas,zhuang2018,lgbm,0.0,0.0,0.0,0.0,260
Christensenella,zhuang2018,lgbm,0.0,0.0,0.0,0.0,261
Chryseobacterium,zhuang2018,lgbm,0.0,0.0,0.0,0.0,262
Chryseolinea,zhuang2018,lgbm,0.0,0.0,0.0,0.0,263
Chthoniobacter,zhuang2018,lgbm,0.0,0.0,0.0,0.0,264
Dielma,zhuang2018,lgbm,0.0,0.0,0.0,0.0,265
Diaphorobacter,zhuang2018,lgbm,0.0,0.0,0.0,0.0,266
Dialister,zhuang2018,lgbm,0.0,0.0,0.0,0.0,267
Dethiobacter,zhuang2018,lgbm,0.0,0.0,0.0,0.0,268
Desulfovibrio,zhuang2018,lgbm,0.0,0.0,0.0,0.0,269
Dactylosporangium,zhuang2018,lgbm,0.0,0.0,0.0,0.0,270
Cutibacterium,zhuang2018,lgbm,0.0,0.0,0.0,0.0,271
Curvibacter,zhuang2018,lgbm,0.0,0.0,0.0,0.0,272
Cupriavidus,zhuang2018,lgbm,0.0,0.0,0.0,0.0,273
Corynebacterium,zhuang2018,lgbm,0.0,0.0,0.0,0.0,274
Coriobacteriaceae UCG-003,zhuang2018,lgbm,0.0,0.0,0.0,0.0,275
Comamonas,zhuang2018,lgbm,0.0,0.0,0.0,0.0,276
Citrobacter,zhuang2018,lgbm,0.0,0.0,0.0,0.0,277
Citrifermentans,zhuang2018,lgbm,0.0,0.0,0.0,0.0,278
Citricoccus,zhuang2018,lgbm,0.0,0.0,0.0,0.0,279
CL500-29 marine group,zhuang2018,lgbm,0.0,0.0,0.0,0.0,280
CAG-352,zhuang2018,lgbm,0.0,0.0,0.0,0.0,281
Nitrosococcus,zhuang2018,lgbm,0.0,0.0,0.0,0.0,282
Aliihoeflea,zhuang2018,lgbm,0.0,0.0,0.0,0.0,283
Anaerofilum,zhuang2018,lgbm,0.0,0.0,0.0,0.0,284
Anaerobacillus,zhuang2018,lgbm,0.0,0.0,0.0,0.0,285
Ammoniphilus,zhuang2018,lgbm,0.0,0.0,0.0,0.0,286
Altererythrobacter,zhuang2018,lgbm,0.0,0.0,0.0,0.0,287
Allorhizobium-Neorhizobium-Pararhizobium-Rhizobium,zhuang2018,lgbm,0.0,0.0,0.0,0.0,288
Alloprevotella,zhuang2018,lgbm,0.0,0.0,0.0,0.0,289
Alkalicoccus,zhuang2018,lgbm,0.0,0.0,0.0,0.0,290
Ahniella,zhuang2018,lgbm,0.0,0.0,0.0,0.0,291
Butyricimonas,zhuang2018,lgbm,0.0,0.0,0.0,0.0,292
Agromyces,zhuang2018,lgbm,0.0,0.0,0.0,0.0,293
Afipia,zhuang2018,lgbm,0.0,0.0,0.0,0.0,294
Aeromonas,zhuang2018,lgbm,0.0,0.0,0.0,0.0,295
Aeromicrobium,zhuang2018,lgbm,0.0,0.0,0.0,0.0,296
Adhaeribacter,zhuang2018,lgbm,0.0,0.0,0.0,0.0,297
Actinocorallia,zhuang2018,lgbm,0.0,0.0,0.0,0.0,298
Acidibacter,zhuang2018,lgbm,0.0,0.0,0.0,0.0,299
Anaerofustis,zhuang2018,lgbm,0.0,0.0,0.0,0.0,300
Angelakisella,zhuang2018,lgbm,0.0,0.0,0.0,0.0,301
Aquabacterium,zhuang2018,lgbm,0.0,0.0,0.0,0.0,302
Aquicella,zhuang2018,lgbm,0.0,0.0,0.0,0.0,303
Burkholderia-Caballeronia-Paraburkholderia,zhuang2018,lgbm,0.0,0.0,0.0,0.0,304
Bryobacter,zhuang2018,lgbm,0.0,0.0,0.0,0.0,305
Brevundimonas,zhuang2018,lgbm,0.0,0.0,0.0,0.0,306
Bradyrhizobium,zhuang2018,lgbm,0.0,0.0,0.0,0.0,307
Blautia,zhuang2018,lgbm,0.0,0.0,0.0,0.0,308
Blastococcus,zhuang2018,lgbm,0.0,0.0,0.0,0.0,309
Bdellovibrio,zhuang2018,lgbm,0.0,0.0,0.0,0.0,310
Bauldia,zhuang2018,lgbm,0.0,0.0,0.0,0.0,311
BIyi10,zhuang2018,lgbm,0.0,0.0,0.0,0.0,312
BD1-7 clade,zhuang2018,lgbm,0.0,0.0,0.0,0.0,313
Azoarcus,zhuang2018,lgbm,0.0,0.0,0.0,0.0,314
Asteroleplasma,zhuang2018,lgbm,0.0,0.0,0.0,0.0,315
Aridibacter,zhuang2018,lgbm,0.0,0.0,0.0,0.0,316
Arenimonas,zhuang2018,lgbm,0.0,0.0,0.0,0.0,317
Archangium,zhuang2018,lgbm,0.0,0.0,0.0,0.0,318
Dinghuibacter,zhuang2018,lgbm,0.0,0.0,0.0,0.0,319
Dokdonella,zhuang2018,lgbm,0.0,0.0,0.0,0.0,320
Dongia,zhuang2018,lgbm,0.0,0.0,0.0,0.0,321
Levilactobacillus,zhuang2018,lgbm,0.0,0.0,0.0,0.0,322
MND1,zhuang2018,lgbm,0.0,0.0,0.0,0.0,323
Lysobacter,zhuang2018,lgbm,0.0,0.0,0.0,0.0,324
Lysinibacillus,zhuang2018,lgbm,0.0,0.0,0.0,0.0,325
Luteolibacter,zhuang2018,lgbm,0.0,0.0,0.0,0.0,326
Luedemannella,zhuang2018,lgbm,0.0,0.0,0.0,0.0,327
Longimicrobium,zhuang2018,lgbm,0.0,0.0,0.0,0.0,328
Libanicoccus,zhuang2018,lgbm,0.0,0.0,0.0,0.0,329
Leucobacter,zhuang2018,lgbm,0.0,0.0,0.0,0.0,330
Dorea,zhuang2018,lgbm,0.0,0.0,0.0,0.0,331
Legionella,zhuang2018,lgbm,0.0,0.0,0.0,0.0,332
Lechevalieria,zhuang2018,lgbm,0.0,0.0,0.0,0.0,333
Achromobacter,zhuang2018,lgbm,0.0,0.0,0.0,0.0,334
Lacunisphaera,zhuang2018,lgbm,0.0,0.0,0.0,0.0,335
Lacibacter,zhuang2018,lgbm,0.0,0.0,0.0,0.0,336
Lachnospiraceae UCG-006,zhuang2018,lgbm,0.0,0.0,0.0,0.0,337
Lachnospiraceae UCG-003,zhuang2018,lgbm,0.0,0.0,0.0,0.0,338
Marmoricola,zhuang2018,lgbm,0.0,0.0,0.0,0.0,339
Megasphaera,zhuang2018,lgbm,0.0,0.0,0.0,0.0,340
Merdibacter,zhuang2018,lgbm,0.0,0.0,0.0,0.0,341
Mesorhizobium,zhuang2018,lgbm,0.0,0.0,0.0,0.0,342
Nitrolancea,zhuang2018,lgbm,0.0,0.0,0.0,0.0,343
Niastella,zhuang2018,lgbm,0.0,0.0,0.0,0.0,344
Nesterenkonia,zhuang2018,lgbm,0.0,0.0,0.0,0.0,345
Nannocystis,zhuang2018,lgbm,0.0,0.0,0.0,0.0,346
NK4A214 group,zhuang2018,lgbm,0.0,0.0,0.0,0.0,347
Mycobacterium,zhuang2018,lgbm,0.0,0.0,0.0,0.0,348
Muribaculum,zhuang2018,lgbm,0.0,0.0,0.0,0.0,349
Mitsuokella,zhuang2018,lgbm,0.0,0.0,0.0,0.0,350
Microvirga,zhuang2018,lgbm,0.0,0.0,0.0,0.0,351
Microlunatus,zhuang2018,lgbm,0.0,0.0,0.0,0.0,352
Microbacterium,zhuang2018,lgbm,0.0,0.0,0.0,0.0,353
Methyloversatilis,zhuang2018,lgbm,0.0,0.0,0.0,0.0,354
Methylotenera,zhuang2018,lgbm,0.0,0.0,0.0,0.0,355
Methyloceanibacter,zhuang2018,lgbm,0.0,0.0,0.0,0.0,356
Methanobrevibacter,zhuang2018,lgbm,0.0,0.0,0.0,0.0,357
Lachnospiraceae UCG-001,zhuang2018,lgbm,0.0,0.0,0.0,0.0,358
Lachnospiraceae NK3A20 group,zhuang2018,lgbm,0.0,0.0,0.0,0.0,359
Kribbella,zhuang2018,lgbm,0.0,0.0,0.0,0.0,360
Flavitalea,zhuang2018,lgbm,0.0,0.0,0.0,0.0,361
Finegoldia,zhuang2018,lgbm,0.0,0.0,0.0,0.0,362
Ferruginibacter,zhuang2018,lgbm,0.0,0.0,0.0,0.0,363
Faecalibaculum,zhuang2018,lgbm,0.0,0.0,0.0,0.0,364
Ezakiella,zhuang2018,lgbm,0.0,0.0,0.0,0.0,365
Eubacterium ventriosum group,zhuang2018,lgbm,0.0,0.0,0.0,0.0,366
Eubacterium oxidoreducens group,zhuang2018,lgbm,0.0,0.0,0.0,0.0,367
Erysipelotrichaceae UCG-006,zhuang2018,lgbm,0.0,0.0,0.0,0.0,368
Erysipelotrichaceae UCG-003,zhuang2018,lgbm,0.0,0.0,0.0,0.0,369
Enteroscipio,zhuang2018,lgbm,0.0,0.0,0.0,0.0,370
Enterorhabdus,zhuang2018,lgbm,0.0,0.0,0.0,0.0,371
Enhydrobacter,zhuang2018,lgbm,0.0,0.0,0.0,0.0,372
Elusimicrobium,zhuang2018,lgbm,0.0,0.0,0.0,0.0,373
Ellin6067,zhuang2018,lgbm,0.0,0.0,0.0,0.0,374
Ellin6055,zhuang2018,lgbm,0.0,0.0,0.0,0.0,375
Edaphobaculum,zhuang2018,lgbm,0.0,0.0,0.0,0.0,376
Flavisolibacter,zhuang2018,lgbm,0.0,0.0,0.0,0.0,377
Flavobacterium,zhuang2018,lgbm,0.0,0.0,0.0,0.0,378
JGI 0001001-H03,zhuang2018,lgbm,0.0,0.0,0.0,0.0,379
Fluviicola,zhuang2018,lgbm,0.0,0.0,0.0,0.0,380
Ilumatobacter,zhuang2018,lgbm,0.0,0.0,0.0,0.0,381
Iamia,zhuang2018,lgbm,0.0,0.0,0.0,0.0,382
IS-44,zhuang2018,lgbm,0.0,0.0,0.0,0.0,383
Hyphomicrobium,zhuang2018,lgbm,0.0,0.0,0.0,0.0,384
Hirschia,zhuang2018,lgbm,0.0,0.0,0.0,0.0,385
Helicobacter,zhuang2018,lgbm,0.0,0.0,0.0,0.0,386
Hassallia,zhuang2018,lgbm,0.0,0.0,0.0,0.0,387
Halomonas,zhuang2018,lgbm,0.0,0.0,0.0,0.0,388
Haliangium,zhuang2018,lgbm,0.0,0.0,0.0,0.0,389
Haemophilus,zhuang2018,lgbm,0.0,0.0,0.0,0.0,390
Granulicatella,zhuang2018,lgbm,0.0,0.0,0.0,0.0,391
Gemmatimonas,zhuang2018,lgbm,0.0,0.0,0.0,0.0,392
Gaiella,zhuang2018,lgbm,0.0,0.0,0.0,0.0,393
GCA-900066755,zhuang2018,lgbm,0.0,0.0,0.0,0.0,394
Fournierella,zhuang2018,lgbm,0.0,0.0,0.0,0.0,395
wb1-P19,zhuang2018,lgbm,0.0,0.0,0.0,0.0,396
Akkermansia,ling2020,logreg,0.2423785839561673,-5.721544096204206e-18,0.11019774380075276,-0.15520808986021511,1
Faecalibacterium,ling2020,logreg,0.20586679622509632,-1.80979338078516e-17,0.10881959537629933,-0.15326703574126674,2
Romboutsia,ling2020,logreg,0.1634613486418111,-3.2462661538747265e-19,0.04095823463165346,-0.05768765441077959,3
Erysipelatoclostridium,ling2020,logreg,0.12989497077237813,8.633039052960602e-18,0.052283776277323495,-0.07363912151735699,4
Agathobacter,ling2020,logreg,0.123429612254788,-8.115665384686816e-18,0.04477876649603827,-0.06306868520568773,5
Lachnospira,ling2020,logreg,0.12081637446692375,1.2437257202032547e-17,0.05728669278085761,-0.08068548278994031,6
Lactobacillus,ling2020,logreg,0.11219333771799338,3.2056878269512925e-18,0.028465225803471158,-0.04009186732883263,7
Ruminococcus gnavus group,ling2020,logreg,0.10326039714005412,-2.394121288482611e-18,0.03230427774813813,-0.045498982743856504,8
Coprococcus,ling2020,logreg,0.1032059009041118,-6.7360022692900576e-18,0.029454535514780625,-0.041485261288423406,9
Christensenellaceae R-7 group,ling2020,logreg,0.09531176051147609,-5.9650140577448104e-18,0.002426856184291504,-0.0034181073018190343,10
Dialister,ling2020,logreg,0.09082031333483676,3.489736115415331e-18,0.01333849817478422,-0.018786617147583402,11
Butyricicoccus,ling2020,logreg,0.08492304124265264,-1.590670415398616e-17,0.03172807377837237,-0.04468742785686254,12
Bifidobacterium,ling2020,logreg,0.08322376890235801,-2.434699615406045e-19,0.022525880099587732,-0.03172659168956018,13
Family XIII AD3011 group,ling2020,logreg,0.07850889656947985,1.0956148269327202e-18,0.02522292640493498,-0.035525248457654916,14
Clostridium sensu stricto 1,ling2020,logreg,0.078127491531929,-1.5419764230904951e-18,0.017042709231139434,-0.02400381581850625,15
Enterococcus,ling2020,logreg,0.0773597835711008,3.3274228077215947e-18,0.028886980923179956,-0.040685888624197114,16
Limosilactobacillus,ling2020,logreg,0.0751489327153071,9.130123557772668e-19,0.013269821917812459,-0.018689890025087974,17
NK4A214 group,ling2020,logreg,0.0686443708329531,4.565061778886334e-19,-0.0008504982640859779,0.0011978848789943374,18
Ruminococcus torques group,ling2020,logreg,0.06502354044863275,5.5592307885104696e-18,-0.0050445394907851085,0.007104985198288899,19
Dorea,ling2020,logreg,0.06462890209199983,-1.998482600979129e-18,-0.015580260245195258,0.021944028514359518,20
Halomonas,ling2020,logreg,0.05794146366455099,5.0925800288909775e-18,0.017858717423881728,-0.02515312313222779,21
Gordonibacter,ling2020,logreg,0.054592089063769604,-3.449157788491897e-18,0.013709359032452413,-0.01930895638373581,22
Sellimonas,ling2020,logreg,0.05448152615133475,1.6434222403990803e-18,0.023832213375006236,-0.033566497711276386,23
[Eubacterium] ruminantium group,ling2020,logreg,0.053748973574069596,-5.701254932742489e-18,0.01706889602594082,-0.02404069862808566,24
Parabacteroides,ling2020,logreg,0.05361420980408808,5.254893336584714e-18,-0.0016958566139655992,0.002388530442205076,25
Roseburia,ling2020,logreg,0.05224001821678827,-4.38753159859631e-18,0.017844363606022227,-0.025132906487355253,26
Eubacterium hallii group,ling2020,logreg,0.050289118530630006,1.85138616588168e-19,-0.00754346926157521,0.0106246045937679,27
Hungatella,ling2020,logreg,0.04997691058236103,6.4519539808260194e-18,0.014933926883162802,-0.021033699835440553,28
Incertae Sedis,ling2020,logreg,0.04981889279986127,-1.0043135913549936e-18,0.011645780903434117,-0.016402508314695946,29
Ruminococcus,ling2020,logreg,0.049802352663338656,5.103992683338194e-18,-0.008920319561905102,0.01256383036888044,30
Erysipelotrichaceae UCG-003,ling2020,logreg,0.04931880003273288,-1.6231330769373633e-19,0.015154036585912509,-0.021343713501285225,31
Fusicatenibacter,ling2020,logreg,0.048289990601288496,-4.565061778886335e-18,0.01372338729477051,-0.019328714499676783,32
Parasutterella,ling2020,logreg,0.04679381508106877,-4.86939923081209e-19,0.009296361643722323,-0.01309346710383426,33
Klebsiella,ling2020,logreg,0.04528625391774097,-1.1361931538561543e-17,0.002699195042180943,-0.003801683158001346,34
Lachnospiraceae ND3007 group,ling2020,logreg,0.04413272303306331,-3.905663966380531e-18,0.012999965554356065,-0.018309810639938126,35
Streptococcus,ling2020,logreg,0.042227608071202204,1.1564823173178713e-18,0.00229832765432421,-0.003237081203273531,36
Lachnospiraceae NK4A136 group,ling2020,logreg,0.042213333420896185,3.717989204359648e-18,-0.009390671535141048,0.013226297936818388,37
Megasphaera,ling2020,logreg,0.04219598501237503,2.028916346171704e-20,0.0020474392044714765,-0.002883717189396442,38
Fusobacterium,ling2020,logreg,0.04177367680042428,1.4963258053016318e-18,0.007357580373950294,-0.010362789259084923,39
Butyricimonas,ling2020,logreg,0.041039638891422446,3.2868444807981606e-18,0.0042406858275396515,-0.005972796940196688,40
CAG-352,ling2020,logreg,0.038680679030875444,4.684260614223922e-18,-0.013747238993656721,0.01936230844177003,41
Escherichia-Shigella,ling2020,logreg,0.03834942438415545,-3.043374519257556e-18,-0.0034898834019942344,0.004915328735203135,42
Senegalimassilia,ling2020,logreg,0.038275022185602726,2.732696703750014e-18,0.0063166002469546055,-0.008896620066133242,43
Turicibacter,ling2020,logreg,0.037819923923616994,2.378904415886323e-18,0.0026638822066812427,-0.00375194676997358,44
Oscillibacter,ling2020,logreg,0.03696874959598516,2.556434596176347e-18,0.006353637314204725,-0.008948784949584121,45
[Ruminococcus] gauvreauii group,ling2020,logreg,0.036629108974700064,3.449157788491897e-18,0.009215331141128552,-0.012979339635392323,46
Alistipes,ling2020,logreg,0.035243997572032615,-1.6408860949663658e-18,-0.0003620334175684977,0.0005099062219274545,47
TM7x,ling2020,logreg,0.03426458293483337,-2.2318079807888745e-19,0.0014793727073563012,-0.0020836235314877507,48
Atopobium,ling2020,logreg,0.033112856008189875,4.270868908691437e-18,0.0057303142854194635,-0.008070865190731639,49
UCG-002,ling2020,logreg,0.0328783866342901,2.3877809249008245e-18,-0.005950217938301687,0.008380588645495348,50
UBA1819,ling2020,logreg,0.03155707312797694,4.2607243269605786e-19,0.0012218636350786215,-0.0017209346972938294,51
Tyzzerella,ling2020,logreg,0.0309707299925447,-1.1564823173178713e-18,0.011671945820252548,-0.016439360310214847,52
Collinsella,ling2020,logreg,0.03038088967612129,-1.014458173085852e-20,-0.0010633390517779402,0.0014976606363069618,53
Bilophila,ling2020,logreg,0.02963258972845365,1.8412415841508215e-18,0.0032825372789588355,-0.004623291942195542,54
Olsenella,ling2020,logreg,0.02924975063525359,1.3086510432807492e-18,0.006195465740946605,-0.008726008085840285,55
Pelagibacterium,ling2020,logreg,0.02848471330204519,1.0753256634710032e-18,0.00902036704707035,-0.0127047423198174,56
[Clostridium] innocuum group,ling2020,logreg,0.028376594250904365,1.3441570793387541e-18,-0.005840118016014961,0.008225518332415435,57
Citrobacter,ling2020,logreg,0.02731879991863278,-6.340363581786575e-20,0.0005902293551080197,-0.0008313089508563653,58
Desulfovibrio,ling2020,logreg,0.026464792999399366,9.890967187587058e-19,-0.001401258385354892,0.0019736033596547786,59
Odoribacter,ling2020,logreg,0.026283770958441484,-1.331476352175181e-18,-0.0008170256229867773,0.0011507403140658809,60
Enterobacter,ling2020,logreg,0.02539546612892942,9.890967187587057e-20,-0.002111728488986671,0.0029742654774460144,61
Terrisporobacter,ling2020,logreg,0.025214596799994382,1.1006871177981496e-18,-0.0007408159591998413,0.001043402759436397,62
Anaerotruncus,ling2020,logreg,0.02506128700147275,-2.140506745211148e-18,0.006044560003550944,-0.008513464793733723,63
Anaerostipes,ling2020,logreg,0.0247268500718676,-9.73879846162418e-19,0.0009082275155136277,-0.0012791936838220123,64
Holdemanella,ling2020,logreg,0.02469648146990093,-2.6426635408886447e-18,-0.005796241579195064,0.008163720534077547,65
Eisenbergiella,ling2020,logreg,0.024165280926579717,5.07229086542926e-19,0.005713441797823433,-0.008047101123694977,66
UCG-003,ling2020,logreg,0.02372301331174624,-7.101207211600964e-19,0.005005208288840677,-0.007049589139212225,67
Allisonella,ling2020,logreg,0.023651448685782225,-3.3477119711833118e-19,0.004398845475593242,-0.006195557007877807,68
Monoglobus,ling2020,logreg,0.023468098743563898,-2.292675471174026e-18,0.0016697511669407537,-0.0023517622069588093,69
Tuzzerella,ling2020,logreg,0.02280061840248566,1.1057594086635788e-18,0.00426006886907532,-0.006000096998697633,70
Eggerthella,ling2020,logreg,0.022191401711545357,1.1767714807795884e-18,0.00014481126215530818,-0.00020395952416240267,71
[Eubacterium] xylanophilum group,ling2020,logreg,0.02203410336671556,-8.115665384686816e-19,0.005868403996909206,-0.008265357742125647,72
HT002,ling2020,logreg,0.02123505874258343,1.0857872633809511e-18,0.0068286940801644,-0.009617878986147039,73
Acidaminococcus,ling2020,logreg,0.020711465663083115,-2.789759975986093e-20,0.003358767000948959,-0.004730657747815434,74
CAG-56,ling2020,logreg,0.019431870485789666,-1.014458173085852e-20,-0.0012645119379654257,0.0017810027295287706,75
Intestinibacter,ling2020,logreg,0.018843024026185026,-1.0334792638312117e-18,-0.004769327220765356,0.006717362282768104,76
Methanobrevibacter,ling2020,logreg,0.01878178056497592,-3.4055677888671145e-19,-0.002360274026670752,0.0033243296150292294,77
Coprobacillus,ling2020,logreg,0.01877938502664934,1.1260485721252959e-18,0.0034724272935571774,-0.004890742666981939,78
Haemophilus,ling2020,logreg,0.018717335187480182,1.227494389433881e-18,0.004658503824360526,-0.0065612729920570805,79
Eubacterium eligens group,ling2020,logreg,0.01845007282593152,-6.898315576983794e-19,-0.00013243569971477625,0.00018652915452785175,80
Chelativorans,ling2020,logreg,0.01786721400017011,1.44053060578191e-18,0.005942835263606168,-0.008370190512121359,81
Veillonella,ling2020,logreg,0.017791123519286012,-3.804218149071945e-19,-0.0007570868524102723,0.0010663195104370013,82
Ligilactobacillus,ling2020,logreg,0.017761682691458735,1.8158801298236753e-18,-0.002116472534583961,0.0029809472318083983,83
Lachnospiraceae UCG-010,ling2020,logreg,0.017445119547726692,-8.711659561374754e-19,0.0016214220398887626,-0.0022836930139278366,84
Prevotella_9,ling2020,logreg,0.01743307151331199,9.53590682700701e-19,-0.0024854783096781865,0.0035006736756030823,85
Granulicatella,ling2020,logreg,0.017062570062911786,-1.2883618798190322e-18,0.00323155272373786,-0.004551482709489945,86
Eubacterium,ling2020,logreg,0.016223069940417993,1.4151691514547637e-18,0.005684629220669159,-0.008006520029111492,87
[Eubacterium] nodatum group,ling2020,logreg,0.016174762619309148,2.916567247621825e-19,-0.003985456327895847,0.005613318771684286,88
Adlercreutzia,ling2020,logreg,0.016141978064134754,-6.403767217604442e-20,-0.00594982780803496,0.008380039166246423,89
Barnesiella,ling2020,logreg,0.016042102870230134,1.0227006457421746e-18,-0.0032044400316951953,0.00451329581928901,90
Eubacterium ventriosum group,ling2020,logreg,0.015935615130891062,2.028916346171704e-19,-0.0011940196901208027,0.0016817178734095817,91
Lachnoclostridium,ling2020,logreg,0.01559160891893724,3.2209046995475805e-19,-0.0037922984465022795,0.005341265417608847,92
Gemella,ling2020,logreg,0.015367072743492386,-1.070253372605574e-18,-0.0002970136681797892,0.00041832911011237945,93
Corynebacterium,ling2020,logreg,0.015201137636441717,-1.227494389433881e-18,0.0054965586836080785,-0.007741631948743773,94
Rothia,ling2020,logreg,0.0145803526705092,5.275182500046431e-19,0.0003475154200347525,-0.000489458338077116,95
Peptoniphilus,ling2020,logreg,0.014177637800741378,1.4709643509744856e-18,0.0023046788365320217,-0.0032460265303267894,96
Christensenella,ling2020,logreg,0.014160746564914894,8.166388293341109e-19,-0.0030465593260499465,0.004290928628239361,97
Bacteroides,ling2020,logreg,0.013683276858569321,1.0169943185185667e-18,-0.0043400307220769554,0.006112719326868953,98
Actinomyces,ling2020,logreg,0.01359229958114721,5.883857403897942e-19,-0.0011940878040366026,0.0016818138085022576,99
[Eubacterium] siraeum group,ling2020,logreg,0.013458632582438292,1.1830325898166026e-18,-0.0002638906102255591,0.0003716769158106478,100
UCG-005,ling2020,logreg,0.01291035785679258,-1.3847354062621882e-18,-0.001472180021959751,0.002073492988675702,101
Eubacterium brachy group,ling2020,logreg,0.012880950587359953,1.0471110455320529e-18,0.0035749376450561125,-0.005035123443741002,102
Slackia,ling2020,logreg,0.012316242296460746,5.528797043317894e-19,0.0005260342974573036,-0.0007408933767004284,103
Prevotella_7,ling2020,logreg,0.011923906845417918,3.823239239817305e-19,-0.002125076329785321,0.0029930652532187633,104
Lactococcus,ling2020,logreg,0.011886672787330684,-4.362170144269164e-19,-0.0014392423654673448,0.002027101923193444,105
Faecalitalea,ling2020,logreg,0.011738015750011654,-6.822231214002356e-19,-0.000687240055695194,0.0009679437404157665,106
Leuconostoc,ling2020,logreg,0.011455008992267226,2.764398521658947e-19,-0.0002637289685615142,0.0003714492514950908,107
Subdoligranulum,ling2020,logreg,0.0114104408392387,-6.31500212745943e-19,-0.0013550843698535255,0.0019085695350049632,108
Paraprevotella,ling2020,logreg,0.011212366103613949,-7.291418119054562e-20,0.002015483998022843,-0.002838709856370203,109
Lachnospiraceae UCG-001,ling2020,logreg,0.011168651771728709,4.86939923081209e-19,0.0018930523333717682,-0.002666270892072916,110
Megamonas,ling2020,logreg,0.010946469444604144,7.101207211600964e-20,-0.0009256545201563985,0.0013037387607836605,111
Lachnospiraceae FCS020 group,ling2020,logreg,0.010535650222399882,4.1339170553248473e-19,0.00143446732931284,-0.0020203765201589298,112
DTU089,ling2020,logreg,0.010507713632121959,-1.3187956250116077e-19,-0.0024821647721621704,0.003496006721355169,113
Prevotellaceae NK3B31 group,ling2020,logreg,0.01017960564655574,6.855518122806735e-19,0.0006655177486134078,-0.0009373489417090226,114
Blautia,ling2020,logreg,0.00964811352143887,-1.2186178804193798e-18,0.00042581030611299703,-0.0005997328255112657,115
[Eubacterium] fissicatena group,ling2020,logreg,0.00930500449580654,6.3879163086499745e-19,-0.002458980460930222,0.0034633527618735524,116
Colidextribacter,ling2020,logreg,0.009282042422273496,-1.521687259628778e-19,-0.0005477968818995029,0.0007715449040838065,117
Fenollaria,ling2020,logreg,0.008938392788226907,3.7534952404176526e-19,-0.00041544037998186774,0.0005851272957491094,118
CHKCI002,ling2020,logreg,0.008440574313051764,6.847592668329501e-20,-0.00013199741898094035,0.0001859118577196337,119
Raoultibacter,ling2020,logreg,0.007880697974150109,-2.53614543271463e-21,0.0012124564101622449,-0.0017076850847355554,120
Prevotella,ling2020,logreg,0.007746396367683258,4.140257418906634e-19,-0.0011389013025527779,0.0016040863416236302,121
Intestinimonas,ling2020,logreg,0.0076056703169560674,-1.491570532615292e-19,-0.0011277138041766287,0.0015883293016572236,122
Lactonifactor,ling2020,logreg,0.007551321422667101,1.134925081139797e-19,0.002201554697088507,-0.0031007812635049405,123
Cloacibacillus,ling2020,logreg,0.006844275781423626,-3.778856694744799e-19,0.001761178854516446,-0.0024805335979104872,124
Marvinbryantia,ling2020,logreg,0.006797321675506769,-4.83135704932137e-19,-0.00030212069663550017,0.0004255221079373244,125
Parvimonas,ling2020,logreg,0.006722665105612595,2.269850162279594e-19,0.001717141740697882,-0.0024185094939406793,126
Defluviitaleaceae UCG-011,ling2020,logreg,0.006706652507211334,1.4265818059019794e-20,-0.0015082090981798904,0.002124238166450549,127
Catenibacterium,ling2020,logreg,0.006532471347622147,3.379413789092245e-19,0.0013654577995277249,-0.0019231799993348214,128
Phascolarctobacterium,ling2020,logreg,0.006526807254262937,1.3695185336659003e-19,-0.000420010994577296,0.0005915647810947837,129
Lachnospiraceae UCG-004,ling2020,logreg,0.006161641119755756,-8.115665384686816e-20,-0.0017767486864788409,0.0025024629387025927,130
Holdemania,ling2020,logreg,0.006026647235924453,3.7408145132540795e-19,-0.0009105650015393323,0.001282485917661032,131
Frisingicoccus,ling2020,logreg,0.0056326847747103686,-1.9667015285254235e-19,-0.0015991174621495757,0.0022522781157036276,132
Flavonifractor,ling2020,logreg,0.005618993728289189,9.637352644315594e-20,-0.0004334364600802621,0.0006104738874369889,133
Finegoldia,ling2020,logreg,0.005586005165372568,2.301551980188527e-19,0.0007264303352161376,-0.0010231413172058273,134
Candidatus Soleaferrea,ling2020,logreg,0.005530719681287644,-1.9655127103538385e-19,-0.00025674487806791844,0.000361612504321012,135
Weissella,ling2020,logreg,0.005341314332369212,2.789759975986093e-19,-0.0007830195939628391,0.0011028444985392088,136
Shuttleworthia,ling2020,logreg,0.005284729193059604,-2.789759975986093e-20,0.00022630676116995748,-0.00031874191714078486,137
Howardella,ling2020,logreg,0.005270978122451484,-1.807003620809174e-20,-0.0008414180734705176,0.0011850958781274908,138
Peptostreptococcus,ling2020,logreg,0.005067055412740003,4.1957356002472663e-19,-0.00036692997881757045,0.0005168027870670011,139
Oceanicaulis,ling2020,logreg,0.004998989866153815,7.862050841415353e-20,0.001131694454957918,-0.0015939358520534056,140
Negativibacillus,ling2020,logreg,0.004913758414447043,1.2082355350542042e-19,-0.00015198730276355855,0.00021406662361064596,141
Ezakiella,ling2020,logreg,0.004707713439530696,7.094866848019179e-19,0.0002728826907110467,-0.0003843418179028811,142
Family XIII UCG-001,ling2020,logreg,0.004466079654358666,1.5375381685832447e-20,-0.0014038777728513077,0.0019772926378187447,143
Oxalobacter,ling2020,logreg,0.004393681725810814,-1.8323650751363204e-19,0.0008967319702432315,-0.0012630027749904681,144
Nesterenkonia,ling2020,logreg,0.004387150856716541,-7.113887938764538e-19,0.0011042471546240595,-0.0015552776825690986,145
Paludicola,ling2020,logreg,0.004134632769145815,5.674625405698985e-20,-0.0006916434637383635,0.0009741457235751604,146
Solobacterium,ling2020,logreg,0.0038416833903320937,-4.0071097836891156e-19,-0.0003869589371887396,0.000545012587589774,147
Porphyromonas,ling2020,logreg,0.0037926120743040363,5.61122176988112e-20,-0.00026486912194484895,0.00037305510133077327,148
Rikenellaceae RC9 gut group,ling2020,logreg,0.0035343645246828097,-3.4998806971461896e-19,-0.00040558029634316756,0.0005712398540044607,149
Sutterella,ling2020,logreg,0.0035223812802836645,4.565061778886334e-20,0.00027740115331889126,-0.00039070584974491677,150
Catabacter,ling2020,logreg,0.003215520084168135,-6.593978125058038e-20,0.001060408858522893,-0.0014935336035533703,151
Enterorhabdus,ling2020,logreg,0.0031806949777833816,1.5660698047012842e-19,0.00040291031501377014,-0.0005674793169208027,152
Anaerococcus,ling2020,logreg,0.00313476606160255,-3.5284123332642295e-19,-0.0006819081423893548,0.0009604340033652889,153
Alloprevotella,ling2020,logreg,0.0029954840002041814,-1.7435999849913082e-21,-0.0006094008226739187,0.0008583110178505892,154
UC5-1-2E3,ling2020,logreg,0.002860251067847555,-3.2244711540623355e-19,-0.0010258686296825464,0.0014448853939190791,155
Peptococcus,ling2020,logreg,0.002675906146364866,-1.5280276232105648e-19,0.00029127997349524923,-0.00041025348379612617,156
Pyramidobacter,ling2020,logreg,0.0025166108877557264,-7.109132666078198e-20,-0.00029805515558574316,0.0004197959937827368,157
GCA-900066575,ling2020,logreg,0.0024832291050164873,3.4079454252102845e-19,-0.00013733526243369474,0.0001934299470897109,158
Anaerofilum,ling2020,logreg,0.002481105312324093,9.906818096541524e-20,-0.00010457070080739154,0.00014728267719350943,159
Lachnospiraceae UCG-003,ling2020,logreg,0.0024556039186352328,-8.844807196592273e-20,-0.0009407192925925084,0.0013249567501302942,160
Merdibacter,ling2020,logreg,0.002220205415569224,-5.928239948970448e-20,0.0007570591617296014,-0.0010662805094783121,161
Mogibacterium,ling2020,logreg,0.002124999487317014,-2.8705996116538723e-19,-0.0002095592212414996,0.000295153832734506,162
Lacticaseibacillus,ling2020,logreg,0.002105734059321458,1.6199628951464701e-19,0.000644320510917886,-0.0009074936773491341,163
Pseudomonas,ling2020,logreg,0.001975516394074284,-1.883087983790613e-19,-8.212813622002934e-05,0.0001156734312958155,164
Phocea,ling2020,logreg,0.0018844110090160768,-2.9926516106032635e-19,-0.00047073655497790584,0.0006630092323632478,165
Sanguibacteroides,ling2020,logreg,0.0017796707801140932,3.7408145132540794e-20,0.0001431768778103229,-0.00020165757438073622,166
Lachnospiraceae NC2004 group,ling2020,logreg,0.001753488234798272,2.181085072134582e-19,-0.0002659799312335601,0.0003746196214557186,167
GCA-900066755,ling2020,logreg,0.0016785064976284735,-1.1246219903193938e-19,0.00047233081472076955,-0.0006652546686208023,168
Prevotellaceae UCG-001,ling2020,logreg,0.00167030650266259,-3.392094516255818e-20,0.00022820317436690466,-0.0003214129216435276,169
Salmonella,ling2020,logreg,0.0015952596576499938,5.498284043580546e-22,0.00027506133263012993,-0.0003874103276480706,170
Dielma,ling2020,logreg,0.0015167536901930787,-3.6266879687819213e-19,-0.00023465710761229897,0.000330502968468026,171
Anaerofustis,ling2020,logreg,0.001451082366645017,1.3726887154567936e-19,0.00034319893315842213,-0.00048337877909636866,172
CAG-873,ling2020,logreg,0.0014415996262758786,-1.5061830893076906e-19,-0.0005382706552954307,0.0007581276835146913,173
Mitsuokella,ling2020,logreg,0.001250088973763701,-1.1919883533758762e-19,2.8766496564127343e-05,-4.0516192343841595e-05,174
Fournierella,ling2020,logreg,0.001171533525591198,-3.296989062529019e-20,-0.00015099312711484345,0.00021266637621808932,175
Coprobacter,ling2020,logreg,0.0010987891042287888,1.0223836275630853e-20,-0.00044554929854595223,0.0006275342233041582,176
Prevotellaceae UCG-003,ling2020,logreg,0.0010924249134762606,-8.876509014501205e-20,-2.0209464225868113e-05,2.8464034120940676e-05,177
Eubacterium oxidoreducens group,ling2020,logreg,0.0010715171639079097,-1.2458814438210621e-19,3.357191325469725e-05,-4.728438486577097e-05,178
Papillibacter,ling2020,logreg,0.0010423339301142526,2.0764690730351036e-20,-0.0002853929414360862,0.00040196188934660005,179
Sphingomonas,ling2020,logreg,0.0009566000243203126,1.1285847175580105e-19,2.4110023952392066e-05,-3.395778021463648e-05,180
Oribacterium,ling2020,logreg,0.0009240503397272351,-3.5189017878915496e-20,-3.5040175377195225e-05,4.935235968619046e-05,181
Catenibacillus,ling2020,logreg,0.0008872979680781318,1.1182816267376073e-19,0.00012722919764515477,-0.00017919605302134457,182
Aliihoeflea,ling2020,logreg,0.0007929630727672887,1.3473272611296472e-20,0.0001013702017673923,-0.00014277493206674987,183
Harryflintia,ling2020,logreg,0.0007435090025338197,6.435469035513374e-20,-6.603415342178471e-05,9.300584988983774e-05,184
UCG-007,ling2020,logreg,0.0007256110259936032,1.299774534266248e-20,-1.626915519100151e-05,2.291430308591761e-05,185
Curvibacter,ling2020,logreg,0.0007149024352454238,2.203276344670835e-20,0.0001274171524292483,-0.00017946077806936387,186
Comamonas,ling2020,logreg,0.0007106988119133544,-9.79586173386026e-20,-6.470337110372267e-06,9.11315085967902e-06,187
UCG-009,ling2020,logreg,0.0006948458746463595,-1.332665170346766e-19,-0.00013296274767663212,0.00018727147560089024,188
Sarcina,ling2020,logreg,0.0005981257907532401,2.4727417968967644e-20,-0.00013445459493062242,0.00018937266891636968,189
Chryseobacterium,ling2020,logreg,0.0005917564477848547,1.735674530514075e-20,2.2933924407059738e-05,-3.230130198177422e-05,190
Levilactobacillus,ling2020,logreg,0.0005750679311248965,-4.1687890550246734e-20,-1.0012173781187635e-05,1.410165321294024e-05,191
Brevundimonas,ling2020,logreg,0.0005113950712231232,-4.485807234114002e-20,-4.747857981663887e-05,6.687123917836455e-05,192
Stenotrophomonas,ling2020,logreg,0.0004320404086196341,-2.7263563401682274e-20,-6.078570942914633e-06,8.561367525231795e-06,193
Sediminibacterium,ling2020,logreg,0.0004286704024979323,5.199098137064992e-20,-9.591869069638655e-07,1.3509674745970913e-06,194
Acinetobacter,ling2020,logreg,0.0004278644842729386,-1.3589677723930837e-20,-2.4807078397077023e-05,3.49395470381366e-05,195
Succinivibrio,ling2020,logreg,0.00039473046043996023,4.7869745042488646e-20,-6.049639460866453e-06,8.520618958966947e-06,196
Coriobacteriaceae UCG-003,ling2020,logreg,0.00035308106369910853,-1.014458173085852e-20,8.629801397771337e-07,-1.2154649856016303e-06,197
Lysinibacillus,ling2020,logreg,0.00035079077354162357,-4.2480435997970054e-20,-5.963986684407606e-06,8.39998124564443e-06,198
Lactiplantibacillus,ling2020,logreg,0.00032174236486538316,7.766945387688556e-20,3.3034329292651885e-05,-4.652722435584745e-05,199
Paeniclostridium,ling2020,logreg,0.00030607731627200823,1.9338108924449055e-20,1.4703679826092984e-05,-2.0709408205764764e-05,200
Staphylococcus,ling2020,logreg,0.00029580376343595863,2.203276344670835e-20,-6.481176055520107e-06,9.128416979605886e-06,201
Oscillospira,ling2020,logreg,0.000274825868913455,-4.565061778886334e-20,-9.575576911460243e-05,0.00013486728044310198,202
Pseudoflavonifractor,ling2020,logreg,0.00020642715548844462,-3.9627272386166096e-22,-8.567636896002159e-06,1.2067094219721365e-05,203
Victivallis,ling2020,logreg,0.0001955215258133896,-2.53614543271463e-20,-6.258291620908518e-05,8.814495240716212e-05,204
Serratia,ling2020,logreg,0.00017712603018816205,2.6312508864414287e-20,1.3394354620657506e-05,-1.8865288198109132e-05,205
Ralstonia,ling2020,logreg,0.00012877077208502076,3.9627272386166096e-22,-5.648397459869652e-06,7.955489380098107e-06,206
UTCFX1,ling2020,logreg,0.00012877077208502076,3.9627272386166096e-22,-5.648397459869652e-06,7.955489380098107e-06,207
Pontibacter,ling2020,logreg,0.00012877077208502076,3.9627272386166096e-22,-5.648397459869652e-06,7.955489380098107e-06,208
Polycyclovorans,ling2020,logreg,0.00012877077208502076,3.9627272386166096e-22,-5.648397459869652e-06,7.955489380098107e-06,209
Polyangium,ling2020,logreg,0.00012877077208502076,3.9627272386166096e-22,-5.648397459869652e-06,7.955489380098107e-06,210
Polaromonas,ling2020,logreg,0.00012877077208502076,3.9627272386166096e-22,-5.648397459869652e-06,7.955489380098107e-06,211
Taibaiella,ling2020,logreg,0.00012877077208502076,3.9627272386166096e-22,-5.648397459869652e-06,7.955489380098107e-06,212
Phenylobacterium,ling2020,logreg,0.00012877077208502076,3.9627272386166096e-22,-5.648397459869652e-06,7.955489380098107e-06,213
Phaselicystis,ling2020,logreg,0.00012877077208502076,3.9627272386166096e-22,-5.648397459869652e-06,7.955489380098107e-06,214
Terrimonas,ling2020,logreg,0.00012877077208502076,3.9627272386166096e-22,-5.648397459869652e-06,7.955489380098107e-06,215
Peredibacter,ling2020,logreg,0.00012877077208502076,3.9627272386166096e-22,-5.648397459869652e-06,7.955489380098107e-06,216
Thermus,ling2020,logreg,0.00012877077208502076,3.9627272386166096e-22,-5.648397459869652e-06,7.955489380098107e-06,217
Truepera,ling2020,logreg,0.00012877077208502076,3.9627272386166096e-22,-5.648397459869652e-06,7.955489380098107e-06,218
Tumebacillus,ling2020,logreg,0.00012877077208502076,3.9627272386166096e-22,-5.648397459869652e-06,7.955489380098107e-06,219
UCG-004,ling2020,logreg,0.00012877077208502076,3.9627272386166096e-22,-5.648397459869652e-06,7.955489380098107e-06,220
Undibacterium,ling2020,logreg,0.00012877077208502076,3.9627272386166096e-22,-5.648397459869652e-06,7.955489380098107e-06,221
Sulfurifustis,ling2020,logreg,0.00012877077208502076,3.9627272386166096e-22,-5.648397459869652e-06,7.955489380098107e-06,222
V9D2013 group,ling2020,logreg,0.00012877077208502076,3.9627272386166096e-22,-5.648397459869652e-06,7.955489380098107e-06,223
Vibrionimonas,ling2020,logreg,0.00012877077208502076,3.9627272386166096e-22,-5.648397459869652e-06,7.955489380098107e-06,224
Vicinamibacter,ling2020,logreg,0.00012877077208502076,3.9627272386166096e-22,-5.648397459869652e-06,7.955489380098107e-06,225
Virgisporangium,ling2020,logreg,0.00012877077208502076,3.9627272386166096e-22,-5.648397459869652e-06,7.955489380098107e-06,226
Woeseia,ling2020,logreg,0.00012877077208502076,3.9627272386166096e-22,-5.648397459869652e-06,7.955489380098107e-06,227
YC-ZSS-LKJ147,ling2020,logreg,0.00012877077208502076,3.9627272386166096e-22,-5.648397459869652e-06,7.955489380098107e-06,228
Pedomicrobium,ling2020,logreg,0.00012877077208502076,3.9627272386166096e-22,-5.648397459869652e-06,7.955489380098107e-06,229
Pedobacter,ling2020,logreg,0.00012877077208502076,3.9627272386166096e-22,-5.648397459869652e-06,7.955489380098107e-06,230
Z20,ling2020,logreg,0.00012877077208502076,3.9627272386166096e-22,-5.648397459869652e-06,7.955489380098107e-06,231
[Bacteroides] pectinophilus group,ling2020,logreg,0.00012877077208502076,3.9627272386166096e-22,-5.648397459869652e-06,7.955489380098107e-06,232
[Eubacterium] tenue group,ling2020,logreg,0.00012877077208502076,3.9627272386166096e-22,-5.648397459869652e-06,7.955489380098107e-06,233
mle1-7,ling2020,logreg,0.00012877077208502076,3.9627272386166096e-22,-5.648397459869652e-06,7.955489380098107e-06,234
wb1-A12,ling2020,logreg,0.00012877077208502076,3.9627272386166096e-22,-5.648397459869652e-06,7.955489380098107e-06,235
Sumerlaea,ling2020,logreg,0.00012877077208502076,3.9627272386166096e-22,-5.648397459869652e-06,7.955489380098107e-06,236
Subgroup 10,ling2020,logreg,0.00012877077208502076,3.9627272386166096e-22,-5.648397459869652e-06,7.955489380098107e-06,237
Ramlibacter,ling2020,logreg,0.00012877077208502076,3.9627272386166096e-22,-5.648397459869652e-06,7.955489380098107e-06,238
Rubrobacter,ling2020,logreg,0.00012877077208502076,3.9627272386166096e-22,-5.648397459869652e-06,7.955489380098107e-06,239
RB41,ling2020,logreg,0.00012877077208502076,3.9627272386166096e-22,-5.648397459869652e-06,7.955489380098107e-06,240
Reyranella,ling2020,logreg,0.00012877077208502076,3.9627272386166096e-22,-5.648397459869652e-06,7.955489380098107e-06,241
Puia,ling2020,logreg,0.00012877077208502076,3.9627272386166096e-22,-5.648397459869652e-06,7.955489380098107e-06,242
Rhizobacter,ling2020,logreg,0.00012877077208502076,3.9627272386166096e-22,-5.648397459869652e-06,7.955489380098107e-06,243
Psychrobacter,ling2020,logreg,0.00012877077208502076,3.9627272386166096e-22,-5.648397459869652e-06,7.955489380098107e-06,244
Psychrobacillus,ling2020,logreg,0.00012877077208502076,3.9627272386166096e-22,-5.648397459869652e-06,7.955489380098107e-06,245
Pseudoxanthomonas,ling2020,logreg,0.00012877077208502076,3.9627272386166096e-22,-5.648397459869652e-06,7.955489380098107e-06,246
Rhizocola,ling2020,logreg,0.00012877077208502076,3.9627272386166096e-22,-5.648397459869652e-06,7.955489380098107e-06,247
Pseudorhodoplanes,ling2020,logreg,0.00012877077208502076,3.9627272386166096e-22,-5.648397459869652e-06,7.955489380098107e-06,248
Rhodococcus,ling2020,logreg,0.00012877077208502076,3.9627272386166096e-22,-5.648397459869652e-06,7.955489380098107e-06,249
Rhodomicrobium,ling2020,logreg,0.00012877077208502076,3.9627272386166096e-22,-5.648397459869652e-06,7.955489380098107e-06,250
Rhodoplanes,ling2020,logreg,0.00012877077208502076,3.9627272386166096e-22,-5.648397459869652e-06,7.955489380098107e-06,251
Pseudonocardia,ling2020,logreg,0.00012877077208502076,3.9627272386166096e-22,-5.648397459869652e-06,7.955489380098107e-06,252
SWB02,ling2020,logreg,0.00012877077208502076,3.9627272386166096e-22,-5.648397459869652e-06,7.955489380098107e-06,253
Streptomyces,ling2020,logreg,0.00012877077208502076,3.9627272386166096e-22,-5.648397459869652e-06,7.955489380098107e-06,254
Pseudolabrys,ling2020,logreg,0.00012877077208502076,3.9627272386166096e-22,-5.648397459869652e-06,7.955489380098107e-06,255
Salipaludibacillus,ling2020,logreg,0.00012877077208502076,3.9627272386166096e-22,-5.648397459869652e-06,7.955489380098107e-06,256
Pseudoduganella,ling2020,logreg,0.00012877077208502076,3.9627272386166096e-22,-5.648397459869652e-06,7.955489380098107e-06,257
Pseudenhygromyxa,ling2020,logreg,0.00012877077208502076,3.9627272386166096e-22,-5.648397459869652e-06,7.955489380098107e-06,258
Sandaracinus,ling2020,logreg,0.00012877077208502076,3.9627272386166096e-22,-5.648397459869652e-06,7.955489380098107e-06,259
Parapusillimonas,ling2020,logreg,0.00012877077208502076,3.9627272386166096e-22,-5.648397459869652e-06,7.955489380098107e-06,260
Skermanella,ling2020,logreg,0.00012877077208502076,3.9627272386166096e-22,-5.648397459869652e-06,7.955489380098107e-06,261
Sneathia,ling2020,logreg,0.00012877077208502076,3.9627272386166096e-22,-5.648397459869652e-06,7.955489380098107e-06,262
Solirubrobacter,ling2020,logreg,0.00012877077208502076,3.9627272386166096e-22,-5.648397459869652e-06,7.955489380098107e-06,263
Solitalea,ling2020,logreg,0.00012877077208502076,3.9627272386166096e-22,-5.648397459869652e-06,7.955489380098107e-06,264
Sporosarcina,ling2020,logreg,0.00012877077208502076,3.9627272386166096e-22,-5.648397459869652e-06,7.955489380098107e-06,265
Stenotrophobacter,ling2020,logreg,0.00012877077208502076,3.9627272386166096e-22,-5.648397459869652e-06,7.955489380098107e-06,266
Steroidobacter,ling2020,logreg,0.00012877077208502076,3.9627272386166096e-22,-5.648397459869652e-06,7.955489380098107e-06,267
ADurb.Bin063-1,ling2020,logreg,0.00012877077208502076,3.9627272386166096e-22,-5.648397459869652e-06,7.955489380098107e-06,268
Latilactobacillus,ling2020,logreg,0.00012877077208502076,3.9627272386166096e-22,-5.648397459869652e-06,7.955489380098107e-06,269
Faecalibaculum,ling2020,logreg,0.00012877077208502076,3.9627272386166096e-22,-5.648397459869652e-06,7.955489380098107e-06,270
Cupriavidus,ling2020,logreg,0.00012877077208502076,3.9627272386166096e-22,-5.648397459869652e-06,7.955489380098107e-06,271
Candidatus Nitrocosmicus,ling2020,logreg,0.00012877077208502076,3.9627272386166096e-22,-5.648397459869652e-06,7.955489380098107e-06,272
Candidatus Nitrososphaera,ling2020,logreg,0.00012877077208502076,3.9627272386166096e-22,-5.648397459869652e-06,7.955489380098107e-06,273
Candidatus Solibacter,ling2020,logreg,0.00012877077208502076,3.9627272386166096e-22,-5.648397459869652e-06,7.955489380098107e-06,274
Candidatus Udaeobacter,ling2020,logreg,0.00012877077208502076,3.9627272386166096e-22,-5.648397459869652e-06,7.955489380098107e-06,275
Castellaniella,ling2020,logreg,0.00012877077208502076,3.9627272386166096e-22,-5.648397459869652e-06,7.955489380098107e-06,276
Catenisphaera,ling2020,logreg,0.00012877077208502076,3.9627272386166096e-22,-5.648397459869652e-06,7.955489380098107e-06,277
Caulobacter,ling2020,logreg,0.00012877077208502076,3.9627272386166096e-22,-5.648397459869652e-06,7.955489380098107e-06,278
Cellvibrio,ling2020,logreg,0.00012877077208502076,3.9627272386166096e-22,-5.648397459869652e-06,7.955489380098107e-06,279
Chitinophaga,ling2020,logreg,0.00012877077208502076,3.9627272386166096e-22,-5.648397459869652e-06,7.955489380098107e-06,280
Chryseolinea,ling2020,logreg,0.00012877077208502076,3.9627272386166096e-22,-5.648397459869652e-06,7.955489380098107e-06,281
Chthoniobacter,ling2020,logreg,0.00012877077208502076,3.9627272386166096e-22,-5.648397459869652e-06,7.955489380098107e-06,282
Citricoccus,ling2020,logreg,0.00012877077208502076,3.9627272386166096e-22,-5.648397459869652e-06,7.955489380098107e-06,283
Citrifermentans,ling2020,logreg,0.00012877077208502076,3.9627272386166096e-22,-5.648397459869652e-06,7.955489380098107e-06,284
Cutibacterium,ling2020,logreg,0.00012877077208502076,3.9627272386166096e-22,-5.648397459869652e-06,7.955489380098107e-06,285
Ferruginibacter,ling2020,logreg,0.00012877077208502076,3.9627272386166096e-22,-5.648397459869652e-06,7.955489380098107e-06,286
Dactylosporangium,ling2020,logreg,0.00012877077208502076,3.9627272386166096e-22,-5.648397459869652e-06,7.955489380098107e-06,287
Dethiobacter,ling2020,logreg,0.00012877077208502076,3.9627272386166096e-22,-5.648397459869652e-06,7.955489380098107e-06,288
Diaphorobacter,ling2020,logreg,0.00012877077208502076,3.9627272386166096e-22,-5.648397459869652e-06,7.955489380098107e-06,289
Dinghuibacter,ling2020,logreg,0.00012877077208502076,3.9627272386166096e-22,-5.648397459869652e-06,7.955489380098107e-06,290
Dokdonella,ling2020,logreg,0.00012877077208502076,3.9627272386166096e-22,-5.648397459869652e-06,7.955489380098107e-06,291
Dongia,ling2020,logreg,0.00012877077208502076,3.9627272386166096e-22,-5.648397459869652e-06,7.955489380098107e-06,292
Edaphobaculum,ling2020,logreg,0.00012877077208502076,3.9627272386166096e-22,-5.648397459869652e-06,7.955489380098107e-06,293
Ellin6055,ling2020,logreg,0.00012877077208502076,3.9627272386166096e-22,-5.648397459869652e-06,7.955489380098107e-06,294
Ellin6067,ling2020,logreg,0.00012877077208502076,3.9627272386166096e-22,-5.648397459869652e-06,7.955489380098107e-06,295
Elusimicrobium,ling2020,logreg,0.00012877077208502076,3.9627272386166096e-22,-5.648397459869652e-06,7.955489380098107e-06,296
Enhydrobacter,ling2020,logreg,0.00012877077208502076,3.9627272386166096e-22,-5.648397459869652e-06,7.955489380098107e-06,297
Enteroscipio,ling2020,logreg,0.00012877077208502076,3.9627272386166096e-22,-5.648397459869652e-06,7.955489380098107e-06,298
Erysipelotrichaceae UCG-006,ling2020,logreg,0.00012877077208502076,3.9627272386166096e-22,-5.648397459869652e-06,7.955489380098107e-06,299
Candidatus Entotheonella,ling2020,logreg,0.00012877077208502076,3.9627272386166096e-22,-5.648397459869652e-06,7.955489380098107e-06,300
Caenimonas,ling2020,logreg,0.00012877077208502076,3.9627272386166096e-22,-5.648397459869652e-06,7.955489380098107e-06,301
CL500-29 marine group,ling2020,logreg,0.00012877077208502076,3.9627272386166096e-22,-5.648397459869652e-06,7.955489380098107e-06,302
Burkholderia-Caballeronia-Paraburkholderia,ling2020,logreg,0.00012877077208502076,3.9627272386166096e-22,-5.648397459869652e-06,7.955489380098107e-06,303
Acidibacter,ling2020,logreg,0.00012877077208502076,3.9627272386166096e-22,-5.648397459869652e-06,7.955489380098107e-06,304
Actinocorallia,ling2020,logreg,0.00012877077208502076,3.9627272386166096e-22,-5.648397459869652e-06,7.955489380098107e-06,305
Adhaeribacter,ling2020,logreg,0.00012877077208502076,3.9627272386166096e-22,-5.648397459869652e-06,7.955489380098107e-06,306
Aeromicrobium,ling2020,logreg,0.00012877077208502076,3.9627272386166096e-22,-5.648397459869652e-06,7.955489380098107e-06,307
Aeromonas,ling2020,logreg,0.00012877077208502076,3.9627272386166096e-22,-5.648397459869652e-06,7.955489380098107e-06,308
Afipia,ling2020,logreg,0.00012877077208502076,3.9627272386166096e-22,-5.648397459869652e-06,7.955489380098107e-06,309
Agromyces,ling2020,logreg,0.00012877077208502076,3.9627272386166096e-22,-5.648397459869652e-06,7.955489380098107e-06,310
Ahniella,ling2020,logreg,0.00012877077208502076,3.9627272386166096e-22,-5.648397459869652e-06,7.955489380098107e-06,311
Alkalicoccus,ling2020,logreg,0.00012877077208502076,3.9627272386166096e-22,-5.648397459869652e-06,7.955489380098107e-06,312
Allorhizobium-Neorhizobium-Pararhizobium-Rhizobium,ling2020,logreg,0.00012877077208502076,3.9627272386166096e-22,-5.648397459869652e-06,7.955489380098107e-06,313
Altererythrobacter,ling2020,logreg,0.00012877077208502076,3.9627272386166096e-22,-5.648397459869652e-06,7.955489380098107e-06,314
Ammoniphilus,ling2020,logreg,0.00012877077208502076,3.9627272386166096e-22,-5.648397459869652e-06,7.955489380098107e-06,315
Anaerobacillus,ling2020,logreg,0.00012877077208502076,3.9627272386166096e-22,-5.648397459869652e-06,7.955489380098107e-06,316
Aquabacterium,ling2020,logreg,0.00012877077208502076,3.9627272386166096e-22,-5.648397459869652e-06,7.955489380098107e-06,317
Aquicella,ling2020,logreg,0.00012877077208502076,3.9627272386166096e-22,-5.648397459869652e-06,7.955489380098107e-06,318
Archangium,ling2020,logreg,0.00012877077208502076,3.9627272386166096e-22,-5.648397459869652e-06,7.955489380098107e-06,319
Arenimonas,ling2020,logreg,0.00012877077208502076,3.9627272386166096e-22,-5.648397459869652e-06,7.955489380098107e-06,320
Aridibacter,ling2020,logreg,0.00012877077208502076,3.9627272386166096e-22,-5.648397459869652e-06,7.955489380098107e-06,321
Asteroleplasma,ling2020,logreg,0.00012877077208502076,3.9627272386166096e-22,-5.648397459869652e-06,7.955489380098107e-06,322
Azoarcus,ling2020,logreg,0.00012877077208502076,3.9627272386166096e-22,-5.648397459869652e-06,7.955489380098107e-06,323
BD1-7 clade,ling2020,logreg,0.00012877077208502076,3.9627272386166096e-22,-5.648397459869652e-06,7.955489380098107e-06,324
BIyi10,ling2020,logreg,0.00012877077208502076,3.9627272386166096e-22,-5.648397459869652e-06,7.955489380098107e-06,325
Bauldia,ling2020,logreg,0.00012877077208502076,3.9627272386166096e-22,-5.648397459869652e-06,7.955489380098107e-06,326
Bdellovibrio,ling2020,logreg,0.00012877077208502076,3.9627272386166096e-22,-5.648397459869652e-06,7.955489380098107e-06,327
Blastococcus,ling2020,logreg,0.00012877077208502076,3.9627272386166096e-22,-5.648397459869652e-06,7.955489380098107e-06,328
Bradyrhizobium,ling2020,logreg,0.00012877077208502076,3.9627272386166096e-22,-5.648397459869652e-06,7.955489380098107e-06,329
Bryobacter,ling2020,logreg,0.00012877077208502076,3.9627272386166096e-22,-5.648397459869652e-06,7.955489380098107e-06,330
Pannonibacter,ling2020,logreg,0.00012877077208502076,3.9627272386166096e-22,-5.648397459869652e-06,7.955489380098107e-06,331
wb1-P19,ling2020,logreg,0.00012877077208502076,3.9627272386166096e-22,-5.648397459869652e-06,7.955489380098107e-06,332
Flavisolibacter,ling2020,logreg,0.00012877077208502076,3.9627272386166096e-22,-5.648397459869652e-06,7.955489380098107e-06,333
Nitrosococcus,ling2020,logreg,0.00012877077208502076,3.9627272386166096e-22,-5.648397459869652e-06,7.955489380098107e-06,334
Mesorhizobium,ling2020,logreg,0.00012877077208502076,3.9627272386166096e-22,-5.648397459869652e-06,7.955489380098107e-06,335
Methylobacterium-Methylorubrum,ling2020,logreg,0.00012877077208502076,3.9627272386166096e-22,-5.648397459869652e-06,7.955489380098107e-06,336
Methyloceanibacter,ling2020,logreg,0.00012877077208502076,3.9627272386166096e-22,-5.648397459869652e-06,7.955489380098107e-06,337
Methylotenera,ling2020,logreg,0.00012877077208502076,3.9627272386166096e-22,-5.648397459869652e-06,7.955489380098107e-06,338
Methyloversatilis,ling2020,logreg,0.00012877077208502076,3.9627272386166096e-22,-5.648397459869652e-06,7.955489380098107e-06,339
Microbacterium,ling2020,logreg,0.00012877077208502076,3.9627272386166096e-22,-5.648397459869652e-06,7.955489380098107e-06,340
Microlunatus,ling2020,logreg,0.00012877077208502076,3.9627272386166096e-22,-5.648397459869652e-06,7.955489380098107e-06,341
Microvirga,ling2020,logreg,0.00012877077208502076,3.9627272386166096e-22,-5.648397459869652e-06,7.955489380098107e-06,342
Muribaculum,ling2020,logreg,0.00012877077208502076,3.9627272386166096e-22,-5.648397459869652e-06,7.955489380098107e-06,343
Mycobacterium,ling2020,logreg,0.00012877077208502076,3.9627272386166096e-22,-5.648397459869652e-06,7.955489380098107e-06,344
Nannocystis,ling2020,logreg,0.00012877077208502076,3.9627272386166096e-22,-5.648397459869652e-06,7.955489380098107e-06,345
Niastella,ling2020,logreg,0.00012877077208502076,3.9627272386166096e-22,-5.648397459869652e-06,7.955489380098107e-06,346
Nitrolancea,ling2020,logreg,0.00012877077208502076,3.9627272386166096e-22,-5.648397459869652e-06,7.955489380098107e-06,347
Nitrosospira,ling2020,logreg,0.00012877077208502076,3.9627272386166096e-22,-5.648397459869652e-06,7.955489380098107e-06,348
Marmoricola,ling2020,logreg,0.00012877077208502076,3.9627272386166096e-22,-5.648397459869652e-06,7.955489380098107e-06,349
Nitrospira,ling2020,logreg,0.00012877077208502076,3.9627272386166096e-22,-5.648397459869652e-06,7.955489380098107e-06,350
Nocardioides,ling2020,logreg,0.00012877077208502076,3.9627272386166096e-22,-5.648397459869652e-06,7.955489380098107e-06,351
Nonomuraea,ling2020,logreg,0.00012877077208502076,3.9627272386166096e-22,-5.648397459869652e-06,7.955489380098107e-06,352
Nordella,ling2020,logreg,0.00012877077208502076,3.9627272386166096e-22,-5.648397459869652e-06,7.955489380098107e-06,353
Novosphingobium,ling2020,logreg,0.00012877077208502076,3.9627272386166096e-22,-5.648397459869652e-06,7.955489380098107e-06,354
OLB17,ling2020,logreg,0.00012877077208502076,3.9627272386166096e-22,-5.648397459869652e-06,7.955489380098107e-06,355
OM27 clade,ling2020,logreg,0.00012877077208502076,3.9627272386166096e-22,-5.648397459869652e-06,7.955489380098107e-06,356
Ohtaekwangia,ling2020,logreg,0.00012877077208502076,3.9627272386166096e-22,-5.648397459869652e-06,7.955489380098107e-06,357
Opitutus,ling2020,logreg,0.00012877077208502076,3.9627272386166096e-22,-5.648397459869652e-06,7.955489380098107e-06,358
P3OB-42,ling2020,logreg,0.00012877077208502076,3.9627272386166096e-22,-5.648397459869652e-06,7.955489380098107e-06,359
Paenibacillus,ling2020,logreg,0.00012877077208502076,3.9627272386166096e-22,-5.648397459869652e-06,7.955489380098107e-06,360
Paenisporosarcina,ling2020,logreg,0.00012877077208502076,3.9627272386166096e-22,-5.648397459869652e-06,7.955489380098107e-06,361
Pajaroellobacter,ling2020,logreg,0.00012877077208502076,3.9627272386166096e-22,-5.648397459869652e-06,7.955489380098107e-06,362
Flavitalea,ling2020,logreg,0.00012877077208502076,3.9627272386166096e-22,-5.648397459869652e-06,7.955489380098107e-06,363
Massilia,ling2020,logreg,0.00012877077208502076,3.9627272386166096e-22,-5.648397459869652e-06,7.955489380098107e-06,364
Kribbella,ling2020,logreg,0.00012877077208502076,3.9627272386166096e-22,-5.648397459869652e-06,7.955489380098107e-06,365
Gaiella,ling2020,logreg,0.00012877077208502076,3.9627272386166096e-22,-5.648397459869652e-06,7.955489380098107e-06,366
Haliangium,ling2020,logreg,0.00012877077208502076,3.9627272386166096e-22,-5.648397459869652e-06,7.955489380098107e-06,367
Hassallia,ling2020,logreg,0.00012877077208502076,3.9627272386166096e-22,-5.648397459869652e-06,7.955489380098107e-06,368
Helicobacter,ling2020,logreg,0.00012877077208502076,3.9627272386166096e-22,-5.648397459869652e-06,7.955489380098107e-06,369
Hirschia,ling2020,logreg,0.00012877077208502076,3.9627272386166096e-22,-5.648397459869652e-06,7.955489380098107e-06,370
Hyphomicrobium,ling2020,logreg,0.00012877077208502076,3.9627272386166096e-22,-5.648397459869652e-06,7.955489380098107e-06,371
IS-44,ling2020,logreg,0.00012877077208502076,3.9627272386166096e-22,-5.648397459869652e-06,7.955489380098107e-06,372
Iamia,ling2020,logreg,0.00012877077208502076,3.9627272386166096e-22,-5.648397459869652e-06,7.955489380098107e-06,373
Ilumatobacter,ling2020,logreg,0.00012877077208502076,3.9627272386166096e-22,-5.648397459869652e-06,7.955489380098107e-06,374
JGI 0001001-H03,ling2020,logreg,0.00012877077208502076,3.9627272386166096e-22,-5.648397459869652e-06,7.955489380098107e-06,375
Fluviicola,ling2020,logreg,0.00012877077208502076,3.9627272386166096e-22,-5.648397459869652e-06,7.955489380098107e-06,376
MND1,ling2020,logreg,0.00012877077208502076,3.9627272386166096e-22,-5.648397459869652e-06,7.955489380098107e-06,377
Lachnospiraceae NK3A20 group,ling2020,logreg,0.00012877077208502076,3.9627272386166096e-22,-5.648397459869652e-06,7.955489380098107e-06,378
Lachnospiraceae UCG-006,ling2020,logreg,0.00012877077208502076,3.9627272386166096e-22,-5.648397459869652e-06,7.955489380098107e-06,379
Lacibacter,ling2020,logreg,0.00012877077208502076,3.9627272386166096e-22,-5.648397459869652e-06,7.955489380098107e-06,380
Lacunisphaera,ling2020,logreg,0.00012877077208502076,3.9627272386166096e-22,-5.648397459869652e-06,7.955489380098107e-06,381
Achromobacter,ling2020,logreg,0.00012877077208502076,3.9627272386166096e-22,-5.648397459869652e-06,7.955489380098107e-06,382
Lechevalieria,ling2020,logreg,0.00012877077208502076,3.9627272386166096e-22,-5.648397459869652e-06,7.955489380098107e-06,383
Legionella,ling2020,logreg,0.00012877077208502076,3.9627272386166096e-22,-5.648397459869652e-06,7.955489380098107e-06,384
Leucobacter,ling2020,logreg,0.00012877077208502076,3.9627272386166096e-22,-5.648397459869652e-06,7.955489380098107e-06,385
Flavobacterium,ling2020,logreg,0.00012877077208502076,3.9627272386166096e-22,-5.648397459869652e-06,7.955489380098107e-06,386
Libanicoccus,ling2020,logreg,0.00012877077208502076,3.9627272386166096e-22,-5.648397459869652e-06,7.955489380098107e-06,387
Longimicrobium,ling2020,logreg,0.00012877077208502076,3.9627272386166096e-22,-5.648397459869652e-06,7.955489380098107e-06,388
Luedemannella,ling2020,logreg,0.00012877077208502076,3.9627272386166096e-22,-5.648397459869652e-06,7.955489380098107e-06,389
Luteolibacter,ling2020,logreg,0.00012877077208502076,3.9627272386166096e-22,-5.648397459869652e-06,7.955489380098107e-06,390
Lysobacter,ling2020,logreg,0.00012877077208502076,3.9627272386166096e-22,-5.648397459869652e-06,7.955489380098107e-06,391
Gemmatimonas,ling2020,logreg,0.00012877077208502076,3.9627272386166096e-22,-5.648397459869652e-06,7.955489380098107e-06,392
Paracoccus,ling2020,logreg,0.00010249125659640709,1.2106131713973742e-20,-5.489346730823581e-06,7.731474268765639e-06,393
Bacillus,ling2020,logreg,9.613719165394458e-05,-3.0057286104906985e-20,-1.9402648909489068e-05,2.732767452040706e-05,394
Angelakisella,ling2020,logreg,8.183144198591478e-05,-2.2587545260114674e-21,-8.572971223253573e-06,1.2074607356695173e-05,395
Campylobacter,ling2020,logreg,5.1397503527506314e-05,8.32172720109488e-22,-1.629966590606582e-06,2.2957275924036396e-06,396
Akkermansia,ling2020,lgbm,0.9474462769265003,-0.002179609204548816,0.35748186183984926,-0.5087450613797574,1
Faecalibacterium,ling2020,lgbm,0.6326564830807375,0.009153618191998631,0.29331117459759015,-0.39106829223841194,2
Romboutsia,ling2020,lgbm,0.6018942109085774,-0.020450513093979557,0.14307982177447676,-0.25077492840166443,3
Lachnospira,ling2020,lgbm,0.49047566828384226,-0.0005166794486685706,0.149879142402935,-0.21234178064811043,4
Erysipelatoclostridium,ling2020,lgbm,0.3922171675144719,-0.036734915355838026,0.05675087433218609,-0.16840504167699874,5
Limosilactobacillus,ling2020,lgbm,0.39087678281041094,-0.01038365553453721,0.036806934929994144,-0.07684927590711656,6
Lactobacillus,ling2020,lgbm,0.30957188238708877,-0.005830048085972433,0.08562906099492547,-0.13464569467878634,7
Butyricicoccus,ling2020,lgbm,0.29459144915551494,0.026829709110386946,0.09682872225717708,-0.07176045025128927,8
Halomonas,ling2020,lgbm,0.29107163440604544,-0.015318069272586138,0.06070070661271971,-0.12238676770259438,9
Agathobacter,ling2020,lgbm,0.2647215399449827,0.0018621560610872238,0.08006721142664111,-0.10828580924250984,10
Clostridium sensu stricto 1,ling2020,lgbm,0.2529427880033826,0.011156995810571424,0.016673476106825878,0.0033873052524665682,11
Incertae Sedis,ling2020,lgbm,0.24461869050486265,-0.024181726820602108,0.031754259437279476,-0.10296480605705507,12
Atopobium,ling2020,lgbm,0.24193085327185485,-0.007697127786532642,0.04795145482138285,-0.08607541314979389,13
Coprococcus,ling2020,lgbm,0.22818292401833182,0.003283455247455852,0.047455407729131455,-0.05893056233236903,14
Hungatella,ling2020,lgbm,0.2116512257279524,-0.009253859527408145,0.022341570223308297,-0.053754464810107386,15
CAG-56,ling2020,lgbm,0.21080914973106904,0.01729651813623581,0.08397068271101248,-0.07661075591274541,16
Sellimonas,ling2020,lgbm,0.19040509244376394,-0.005470173686307157,0.04875759493495353,-0.0818473125894913,17
[Eubacterium] xylanophilum group,ling2020,lgbm,0.16357627144585338,0.017572338633281996,0.019637087195009978,0.014664242067467961,18
Bifidobacterium,ling2020,lgbm,0.16219912832924516,0.023065745521238464,0.037875595637723594,0.0022068016952030956,19
Parasutterella,ling2020,lgbm,0.15896449020208586,0.009470328583579345,0.015558293697867152,0.0008957298310613098,20
Dorea,ling2020,lgbm,0.15514948920359742,-0.008922205136312856,0.009076750083872955,-0.034272846291504136,21
Eubacterium brachy group,ling2020,lgbm,0.15427147877743036,0.000630002314190915,0.04690779728508386,-0.06454999060255973,22
Parabacteroides,ling2020,lgbm,0.1479130164061964,0.01112794717802584,0.01721387559776617,0.002556217009377493,23
Dialister,ling2020,lgbm,0.13219829530884078,0.006194342001084272,0.011791532441228809,-0.001689024816020716,24
Lachnospiraceae UCG-010,ling2020,lgbm,0.12223740273678403,-0.009312329117469202,0.0065598395520452615,-0.031667496257630434,25
Ruminococcus gnavus group,ling2020,lgbm,0.11922954067753959,-0.010991720489105577,0.023634903746879342,-0.05976161377922517,26
Gordonibacter,ling2020,lgbm,0.11878263465778924,0.0058027026074243555,0.01781709905997992,-0.011118982537020101,27
Family XIII AD3011 group,ling2020,lgbm,0.11639098515665572,0.007952566812571773,0.03587095762640888,-0.03136911039001567,28
Eubacterium hallii group,ling2020,lgbm,0.10661370809962727,0.0001745507097429832,0.02642336690213268,-0.03679561294151009,29
Anaerotruncus,ling2020,lgbm,0.10331220116699195,-0.0046198099426702395,0.0043300702231963166,-0.01722527496501747,30
Eubacterium,ling2020,lgbm,0.10173367106094061,0.013932748091323886,0.048055207094101264,-0.03412705332103867,31
Tyzzerella,ling2020,lgbm,0.09363494084007491,0.012693875026611201,0.008805998657425582,0.0181697572367318,32
Bilophila,ling2020,lgbm,0.09290922373787107,-0.006885638206770332,-0.0041561714846987344,-0.010729957533631729,33
Ruminococcus torques group,ling2020,lgbm,0.09145353169279163,0.0044007388287236405,0.011114564565708408,-0.005055353758578852,34
Erysipelotrichaceae UCG-003,ling2020,lgbm,0.08222915772519596,0.0006062921228621569,0.021691983326695502,-0.02909186450225523,35
Lachnospiraceae UCG-001,ling2020,lgbm,0.07995162995760988,-0.0007806734762317613,0.007176043185228695,-0.011987316661387339,36
Ligilactobacillus,ling2020,lgbm,0.07815983477619273,-0.0030201375648587023,-0.005647123318917913,0.0006798423704359533,37
[Ruminococcus] gauvreauii group,ling2020,lgbm,0.07810736972412623,-0.0007921770743958118,0.020666324230874174,-0.03101541834942396,38
Enterococcus,ling2020,lgbm,0.07354319016285638,-0.019187312749821182,0.002766885545333249,-0.050108718799334456,39
Christensenella,ling2020,lgbm,0.07178645191688325,0.002204740171229088,-0.011402438723879109,0.021369780868564583,40
TM7x,ling2020,lgbm,0.06898994710281041,0.008013313891700817,-0.001975562537174149,0.022082153932369782,41
Eisenbergiella,ling2020,lgbm,0.06762421701833723,0.0030768750132908313,0.014802935266450656,-0.013438702808061045,42
Lachnospiraceae NK4A136 group,ling2020,lgbm,0.061679874305522,-0.004209637874143161,-0.01849563022844611,0.01591147811783281,43
Rothia,ling2020,lgbm,0.05927575246889632,0.0030426973549170927,0.0032616465370807366,0.0027343182251091474,44
UCG-003,ling2020,lgbm,0.05406417255071237,-0.00254856342850774,0.0019677869793484704,-0.008909620340981275,45
Haemophilus,ling2020,lgbm,0.050736895721987176,0.008706033142791166,0.01755774406152721,-0.0037611653343018457,46
Collinsella,ling2020,lgbm,0.048633047529031345,-0.007056977193695314,-0.018877873473037043,0.00959217249551839,47
Paraprevotella,ling2020,lgbm,0.04709328112543158,-0.0015907530172070943,0.0008808513682743171,-0.005071885954504865,48
Senegalimassilia,ling2020,lgbm,0.046483907357042345,-0.0017356887437271745,0.005847858223758422,-0.012416740810608298,49
Lachnospiraceae ND3007 group,ling2020,lgbm,0.04345566592544663,0.00844819379134361,0.006626133412878131,0.011014476014534423,50
Monoglobus,ling2020,lgbm,0.042246441449048155,0.004764616661317877,0.015188401282315135,-0.009916770128819103,51
[Eubacterium] ruminantium group,ling2020,lgbm,0.04050569676120052,-0.008743661292533565,0.00040516505791285157,-0.021629332208655278,52
Candidatus Soleaferrea,ling2020,lgbm,0.03860413241064382,0.0016714501556525654,-0.002250835422563226,0.0071957960404635405,53
Cloacibacillus,ling2020,lgbm,0.036597476443084635,-0.009083833831834623,-0.005789564693869809,-0.013723649519109005,54
Christensenellaceae R-7 group,ling2020,lgbm,0.03627283563221174,0.0005188718245930364,-0.0008375974604252147,0.0024293919443370542,55
Lactococcus,ling2020,lgbm,0.03564360516787124,0.0003667207559581354,0.0017880342635582607,-0.0016351292547462659,56
Bacteroides,ling2020,lgbm,0.034848943675633674,-0.006238759134286587,-0.01919242721938229,0.012005843802467924,57
Lachnospiraceae UCG-004,ling2020,lgbm,0.03437946331270296,0.01492566953865447,0.024245503548002235,0.0017991427649252402,58
Streptococcus,ling2020,lgbm,0.034047935518909986,0.0008818569261394023,-0.0020427122161400892,0.00500096839413869,59
Megamonas,ling2020,lgbm,0.0339445056190749,-0.003783180564802786,-0.006574944772547748,0.0001488816996267407,60
Enterobacter,ling2020,lgbm,0.0329879752258903,-0.011186552140348124,-0.020809507353817334,0.0023669059067916126,61
Turicibacter,ling2020,lgbm,0.032156754212191746,0.003235374254447158,-0.0001208866609973111,0.007962502304368943,62
Eubacterium eligens group,ling2020,lgbm,0.029305256814365403,-0.008600207783832876,-0.005520458334677383,-0.012937883064333562,63
Actinomyces,ling2020,lgbm,0.028809924432405508,-0.0012510768934113426,0.0013889468711488404,-0.004969420223777796,64
UBA1819,ling2020,lgbm,0.027569610007562084,0.0035577229335822195,-0.005746859495028409,0.01666276860768169,65
Escherichia-Shigella,ling2020,lgbm,0.026885306809665815,-0.005662269400080338,-0.004161261804126824,-0.007776364605648664,66
Methanobrevibacter,ling2020,lgbm,0.02620594911823759,0.0012578051793906862,-0.00011220688597129953,0.0031873996376470025,67
NK4A214 group,ling2020,lgbm,0.025333119529293634,0.001626103372693522,0.000605229311167582,0.0030639541635751268,68
Fusobacterium,ling2020,lgbm,0.02482711852991565,-0.000981465719480891,0.0015947686001539785,-0.00460996476122014,69
Barnesiella,ling2020,lgbm,0.023276862468042746,0.0018613545858271574,-0.00032045092220700825,0.004934320090100629,70
Oscillibacter,ling2020,lgbm,0.023076821153919506,0.0005663934927842817,-0.00028444291016036996,0.001764754623692243,71
Tuzzerella,ling2020,lgbm,0.022829918579842307,-0.003270978380124672,0.0015215578166405269,-0.010021029361484104,72
Blautia,ling2020,lgbm,0.02237582898703895,-0.0008496736242416898,-0.0016002053197504199,0.00020741327084103391,73
Fusicatenibacter,ling2020,lgbm,0.02194632621092102,-0.0034751503685818783,-7.350993222959094e-05,-0.008266193236683705,74
Coprobacillus,ling2020,lgbm,0.021466063347644417,-0.005587171392849497,-0.005379215646676665,-0.005880066809994338,75
CAG-352,ling2020,lgbm,0.021397261625121355,0.0010409328456109617,-0.0001591210871722095,0.002731149652347822,76
Chelativorans,ling2020,lgbm,0.019954425213781463,-0.010502589033692757,-0.01115566852171337,-0.00958275876887499,77
Nesterenkonia,ling2020,lgbm,0.019675965338361724,0.0014102737975727176,0.0024776210608943782,-9.303220710567918e-05,78
Citrobacter,ling2020,lgbm,0.019276458107414827,-0.0008019963900705947,0.0030037341321115167,-0.006162180224129906,79
Solobacterium,ling2020,lgbm,0.01880864303814932,0.0004336273933087291,2.6800831525157497e-05,0.0010066225507503808,80
Flavonifractor,ling2020,lgbm,0.018695392750503536,-0.0007665120684337293,0.0013939432138838997,-0.003809406832261376,81
Fenollaria,ling2020,lgbm,0.018653436838344,0.0003191497226514669,-0.002003236333874969,0.0035901159994492613,82
Leuconostoc,ling2020,lgbm,0.01854137814567298,0.0009090463275817854,-0.0009280381336597509,0.0034964892307388835,83
Paludicola,ling2020,lgbm,0.018476136678090938,-0.0029293288711538194,-0.0049135517150914725,-0.00013464880926980104,84
Family XIII UCG-001,ling2020,lgbm,0.018207460666929225,-0.004800340452412703,-0.005691326624766364,-0.0035454303505061393,85
Porphyromonas,ling2020,lgbm,0.017726341851039648,0.00010238100913242766,0.0022223866967725366,-0.002883542494586038,86
Parvimonas,ling2020,lgbm,0.01744504448417662,-0.003984660415435534,-0.007902439074465105,0.0015333376958737261,87
Peptoniphilus,ling2020,lgbm,0.017004991764681204,0.0008104510777473411,0.004870522231860591,-0.004907958998468505,88
Megasphaera,ling2020,lgbm,0.01603811030005995,-0.002921374542210011,-0.0019919819923810904,-0.00423037813351835,89
[Clostridium] innocuum group,ling2020,lgbm,0.014744447267981438,0.005247217583233232,0.00015411819325240439,0.012420597005741439,90
Odoribacter,ling2020,lgbm,0.014724248691707999,-0.0019829180776095618,-0.005224461522614128,0.002582636070284193,91
Pelagibacterium,ling2020,lgbm,0.014465390552822628,-0.001907804908082575,-0.0035923548943834855,0.0004648007064257496,92
Granulicatella,ling2020,lgbm,0.014360027499329995,0.0014421938595773846,0.0030084381075911023,-0.0007637839545264427,93
Gemella,ling2020,lgbm,0.013999002848204229,0.0019778833109780117,0.002947014399071301,0.0006129099474663388,94
Phascolarctobacterium,ling2020,lgbm,0.013697334778261726,0.00021530757167217754,0.00023520073700434617,0.0001872890289508135,95
Ruminococcus,ling2020,lgbm,0.01355781994347797,-0.0012459165863231232,-0.005481625106448545,0.004719870061740851,96
Roseburia,ling2020,lgbm,0.013518866779083464,0.0013085052104079267,0.0036817170703221823,-0.002034046704964262,97
Marvinbryantia,ling2020,lgbm,0.013470358622351413,-0.0030335137999570605,-0.0032624369489074696,-0.002711086829604371,98
Lachnoclostridium,ling2020,lgbm,0.012721819703337191,0.00626928579052729,0.004517772471503445,0.008736205958166512,99
[Eubacterium] nodatum group,ling2020,lgbm,0.012708516592548062,-0.00131147815232982,-0.0013270061231096036,-0.0012896077709498442,100
Allisonella,ling2020,lgbm,0.012498387568663791,0.005145619504150562,0.003732569726633751,0.007135830458399587,101
Catabacter,ling2020,lgbm,0.012358877594837354,0.003247015814970508,0.0026026196527290085,0.004154616043479662,102
Oxalobacter,ling2020,lgbm,0.012027056714321022,0.0003855061567330432,-0.00045972240477407805,0.0015759689194191292,103
Olsenella,ling2020,lgbm,0.01173221438646378,-0.0003906375081379395,-0.0013536183453188965,0.0009656735301451001,104
Butyricimonas,ling2020,lgbm,0.01152376814590549,0.0014793526823522654,0.0005799903593407416,0.0027460601795515943,105
Coprobacter,ling2020,lgbm,0.011466209094531419,-0.0016891345341677577,-0.0011188686789367786,-0.002492325879563502,106
Colidextribacter,ling2020,lgbm,0.011379988291026273,6.939398875477115e-05,0.0024578598305686284,-0.0032946424081661562,107
HT002,ling2020,lgbm,0.01089591880317519,-0.0009906278712786475,-0.002665943920075575,0.0013689721974494181,108
Desulfovibrio,ling2020,lgbm,0.010803446015425471,0.000412643903226608,0.0012621460982120305,-0.0007838380615415922,109
Peptostreptococcus,ling2020,lgbm,0.010628218293232477,-0.002762892002853511,-0.0010606166824904284,-0.005160462876604331,110
UC5-1-2E3,ling2020,lgbm,0.010181047261763864,0.0019243464818438343,0.00037209354385674625,0.00411061822548762,111
Defluviitaleaceae UCG-011,ling2020,lgbm,0.009941986766905681,0.006517988509882914,0.00486339120600573,0.008848407247738103,112
Anaerostipes,ling2020,lgbm,0.009869682493823107,-0.0022335040950010486,-0.004296238307243001,0.0006717553588608554,113
Prevotella,ling2020,lgbm,0.009446858943350196,-0.0016648177394200977,-0.0027942567820070517,-7.405852450889336e-05,114
Brevundimonas,ling2020,lgbm,0.00937446669045764,0.005704277350010883,0.006838788968230498,0.0041063736623776215,115
Eubacterium ventriosum group,ling2020,lgbm,0.009342020249065558,-0.0015427703006561345,-0.004387841927434178,0.0024643728356509662,116
Intestinimonas,ling2020,lgbm,0.008558377094482192,0.003098713599628352,0.003402220127049933,0.0026712396173444353,117
Klebsiella,ling2020,lgbm,0.00848298676946387,-0.001783215263307205,-0.0011964774854131622,-0.002609606499777688,118
[Eubacterium] fissicatena group,ling2020,lgbm,0.008420758933689411,0.00031483313183172423,-0.0013031362157509857,0.0025936631988496255,119
Eggerthella,ling2020,lgbm,0.008354551166717829,0.00211496436815259,0.0006373908103705135,0.004196053886155517,120
Lachnospiraceae FCS020 group,ling2020,lgbm,0.00822977597377776,-0.002259653795869572,-0.001743208268571615,-0.002987041862486411,121
Lachnospiraceae NC2004 group,ling2020,lgbm,0.008171418651725005,0.0015352142768582833,0.00047042028684122307,0.0030349241219527353,122
Holdemania,ling2020,lgbm,0.008162402830876901,-0.0031456517930109106,-0.002007510210513687,-0.004748668106387286,123
Raoultibacter,ling2020,lgbm,0.007476217501008409,0.002464673558691973,0.0027333829447986845,0.0020862096345980142,124
Lactonifactor,ling2020,lgbm,0.007268233747522644,-0.00013627969426184062,0.0007432666504715747,-0.0013750773629004536,125
Comamonas,ling2020,lgbm,0.006649398929935856,0.0004963166030856205,0.0014163656653259143,-0.000799527146548596,126
Weissella,ling2020,lgbm,0.006439340952765868,-0.0014591946685105549,-0.0020158774547226433,-0.0006751344062400078,127
Adlercreutzia,ling2020,lgbm,0.006400803954822736,0.00046505940718033815,-0.0018294108858467099,0.0036967077072184358,128
Terrisporobacter,ling2020,lgbm,0.0061988224885372025,-9.247639382466602e-05,-0.00224281195935802,0.002936165247771607,129
Faecalitalea,ling2020,lgbm,0.0060876059335488245,-0.0004429466839446779,-0.0019190966023609982,0.0016361377081909843,130
Papillibacter,ling2020,lgbm,0.005810370356995013,-0.0005066604950879686,0.00020667229512304306,-0.0015113545658077022,131
UCG-002,ling2020,lgbm,0.005546804829222853,0.00037088330692002154,0.000134455152776567,0.0007038807071220705,132
Peptococcus,ling2020,lgbm,0.005277487501698563,0.00010352555311043439,0.00033455048055006055,-0.00022186166863551792,133
UCG-005,ling2020,lgbm,0.005270085741965294,0.000277857403982141,-0.0014399796105303468,0.0026973461568166306,134
Intestinibacter,ling2020,lgbm,0.005251734994932976,0.0005058459132648083,-0.002402706891071271,0.004602399158808582,135
Veillonella,ling2020,lgbm,0.0040818414629432715,-0.00048789603931009726,-0.0004907884594722039,-0.0004838222080958624,136
Slackia,ling2020,lgbm,0.0039045467413523125,6.39063741735607e-05,-0.0004541675340748276,0.0007935879350867837,137
DTU089,ling2020,lgbm,0.003867884439658753,-0.0006855134961814051,-0.0017157865286327161,0.0007655752819190333,138
Subdoligranulum,ling2020,lgbm,0.00381499204619438,0.0008078939335112682,-0.0011026475698665494,0.0034987974593955196,139
Finegoldia,ling2020,lgbm,0.0038053677684080443,-0.0006840831096209887,7.050399801349338e-05,-0.0017468818527681467,140
Oceanicaulis,ling2020,lgbm,0.0037910030357536173,-0.0015242831063412648,-0.0017797809888723973,-0.0011644269337622059,141
Anaerofustis,ling2020,lgbm,0.0033892998497856578,-0.0004972411430498734,0.0006129022937831292,-0.0020608234484484683,142
Pyramidobacter,ling2020,lgbm,0.0031792262535728965,-7.166443154953376e-05,0.0006768847920748757,-0.0011259591127106739,143
GCA-900066575,ling2020,lgbm,0.00310647766816324,-0.00018202490125754524,-0.001437478656693204,0.0015862198247081716,144
Anaerofilum,ling2020,lgbm,0.0030446940745543047,-0.00010905703060626062,0.00020319514546397375,-0.0005488488278882803,145
Mogibacterium,ling2020,lgbm,0.003005318488411917,-0.00045051436075259333,-0.0004678350199380971,-0.0004261190661251232,146
Prevotella_9,ling2020,lgbm,0.0027107810853141774,0.0002236107455221338,0.00022098020575032773,0.00022731573111622682,147
[Eubacterium] siraeum group,ling2020,lgbm,0.0023886974466877115,0.0001868106101643697,-0.0006348005238093435,0.0013440093904090369,148
CHKCI002,ling2020,lgbm,0.0021390236867556913,0.00017349349772609497,-0.0002980709269058725,0.0008376687436866126,149
Alistipes,ling2020,lgbm,0.002065969390970492,3.008026320665237e-06,8.966656406942442e-05,-0.00011904625219871384,150
Oribacterium,ling2020,lgbm,0.0018232386330659376,0.0009113367968636854,0.000754711415311762,0.0011319359258100568,151
Acidaminococcus,ling2020,lgbm,0.001763445002179014,0.00032816113184607,-2.8441838343293028e-05,0.0008304188363381308,152
Howardella,ling2020,lgbm,0.0014955970796280986,0.0007038898348582359,0.000719126547843201,0.0006824296757244824,153
Negativibacillus,ling2020,lgbm,0.0014654419063622002,0.00041571172938008495,0.0001792769274443917,0.0007487184926697944,154
Holdemanella,ling2020,lgbm,0.0014609885759312086,0.0005962283065251638,2.092400971573278e-05,0.001406516048510278,155
Enterorhabdus,ling2020,lgbm,0.0012095068290167532,0.0005368149483261864,0.0008776780386814339,5.672608867090812e-05,156
UCG-009,ling2020,lgbm,0.0010356614404238367,0.0003200844386314018,0.0003901725522215781,0.0002213687856874916,157
GCA-900066755,ling2020,lgbm,0.0010109936023044012,-0.00041609933062921147,-0.00047544820008580486,-0.00033250937364809406,158
Lachnospiraceae UCG-003,ling2020,lgbm,0.0006126918617874994,3.4621963697121086e-05,-2.344312073109844e-05,0.00011640377275095146,159
Shuttleworthia,ling2020,lgbm,0.0005700161188362225,-0.0001634153123488145,-0.00019007454843086893,-0.00012586709251493502,160
Acinetobacter,ling2020,lgbm,0.00035554898209147744,-1.0840862327510152e-05,-6.01512086001286e-05,5.861032960575523e-05,161
wb1-A12,ling2020,lgbm,0.0,0.0,0.0,0.0,162
Prevotellaceae UCG-003,ling2020,lgbm,0.0,0.0,0.0,0.0,163
Paenisporosarcina,ling2020,lgbm,0.0,0.0,0.0,0.0,164
Paeniclostridium,ling2020,lgbm,0.0,0.0,0.0,0.0,165
Paenibacillus,ling2020,lgbm,0.0,0.0,0.0,0.0,166
P3OB-42,ling2020,lgbm,0.0,0.0,0.0,0.0,167
Victivallis,ling2020,lgbm,0.0,0.0,0.0,0.0,168
Prevotellaceae UCG-001,ling2020,lgbm,0.0,0.0,0.0,0.0,169
Prevotellaceae NK3B31 group,ling2020,lgbm,0.0,0.0,0.0,0.0,170
Vicinamibacter,ling2020,lgbm,0.0,0.0,0.0,0.0,171
Oscillospira,ling2020,lgbm,0.0,0.0,0.0,0.0,172
Vibrionimonas,ling2020,lgbm,0.0,0.0,0.0,0.0,173
Pontibacter,ling2020,lgbm,0.0,0.0,0.0,0.0,174
Prevotella_7,ling2020,lgbm,0.0,0.0,0.0,0.0,175
Pedobacter,ling2020,lgbm,0.0,0.0,0.0,0.0,176
Polaromonas,ling2020,lgbm,0.0,0.0,0.0,0.0,177
Pajaroellobacter,ling2020,lgbm,0.0,0.0,0.0,0.0,178
mle1-7,ling2020,lgbm,0.0,0.0,0.0,0.0,179
YC-ZSS-LKJ147,ling2020,lgbm,0.0,0.0,0.0,0.0,180
Z20,ling2020,lgbm,0.0,0.0,0.0,0.0,181
Woeseia,ling2020,lgbm,0.0,0.0,0.0,0.0,182
[Bacteroides] pectinophilus group,ling2020,lgbm,0.0,0.0,0.0,0.0,183
Pseudenhygromyxa,ling2020,lgbm,0.0,0.0,0.0,0.0,184
Peredibacter,ling2020,lgbm,0.0,0.0,0.0,0.0,185
Virgisporangium,ling2020,lgbm,0.0,0.0,0.0,0.0,186
Parapusillimonas,ling2020,lgbm,0.0,0.0,0.0,0.0,187
Phaselicystis,ling2020,lgbm,0.0,0.0,0.0,0.0,188
Paracoccus,ling2020,lgbm,0.0,0.0,0.0,0.0,189
Phenylobacterium,ling2020,lgbm,0.0,0.0,0.0,0.0,190
Phocea,ling2020,lgbm,0.0,0.0,0.0,0.0,191
[Eubacterium] tenue group,ling2020,lgbm,0.0,0.0,0.0,0.0,192
Pannonibacter,ling2020,lgbm,0.0,0.0,0.0,0.0,193
Pedomicrobium,ling2020,lgbm,0.0,0.0,0.0,0.0,194
Polyangium,ling2020,lgbm,0.0,0.0,0.0,0.0,195
Polycyclovorans,ling2020,lgbm,0.0,0.0,0.0,0.0,196
Skermanella,ling2020,lgbm,0.0,0.0,0.0,0.0,197
Pseudorhodoplanes,ling2020,lgbm,0.0,0.0,0.0,0.0,198
V9D2013 group,ling2020,lgbm,0.0,0.0,0.0,0.0,199
Sporosarcina,ling2020,lgbm,0.0,0.0,0.0,0.0,200
Rikenellaceae RC9 gut group,ling2020,lgbm,0.0,0.0,0.0,0.0,201
Sumerlaea,ling2020,lgbm,0.0,0.0,0.0,0.0,202
Sulfurifustis,ling2020,lgbm,0.0,0.0,0.0,0.0,203
Succinivibrio,ling2020,lgbm,0.0,0.0,0.0,0.0,204
Subgroup 10,ling2020,lgbm,0.0,0.0,0.0,0.0,205
Streptomyces,ling2020,lgbm,0.0,0.0,0.0,0.0,206
Rubrobacter,ling2020,lgbm,0.0,0.0,0.0,0.0,207
Steroidobacter,ling2020,lgbm,0.0,0.0,0.0,0.0,208
Stenotrophomonas,ling2020,lgbm,0.0,0.0,0.0,0.0,209
Stenotrophobacter,ling2020,lgbm,0.0,0.0,0.0,0.0,210
Staphylococcus,ling2020,lgbm,0.0,0.0,0.0,0.0,211
Sphingomonas,ling2020,lgbm,0.0,0.0,0.0,0.0,212
Undibacterium,ling2020,lgbm,0.0,0.0,0.0,0.0,213
Solitalea,ling2020,lgbm,0.0,0.0,0.0,0.0,214
SWB02,ling2020,lgbm,0.0,0.0,0.0,0.0,215
Solirubrobacter,ling2020,lgbm,0.0,0.0,0.0,0.0,216
Sneathia,ling2020,lgbm,0.0,0.0,0.0,0.0,217
Salipaludibacillus,ling2020,lgbm,0.0,0.0,0.0,0.0,218
Salmonella,ling2020,lgbm,0.0,0.0,0.0,0.0,219
Sandaracinus,ling2020,lgbm,0.0,0.0,0.0,0.0,220
Sanguibacteroides,ling2020,lgbm,0.0,0.0,0.0,0.0,221
Sarcina,ling2020,lgbm,0.0,0.0,0.0,0.0,222
Sediminibacterium,ling2020,lgbm,0.0,0.0,0.0,0.0,223
Serratia,ling2020,lgbm,0.0,0.0,0.0,0.0,224
Sutterella,ling2020,lgbm,0.0,0.0,0.0,0.0,225
Rhodoplanes,ling2020,lgbm,0.0,0.0,0.0,0.0,226
Rhodomicrobium,ling2020,lgbm,0.0,0.0,0.0,0.0,227
Rhodococcus,ling2020,lgbm,0.0,0.0,0.0,0.0,228
Pseudoduganella,ling2020,lgbm,0.0,0.0,0.0,0.0,229
Pseudoflavonifractor,ling2020,lgbm,0.0,0.0,0.0,0.0,230
Pseudolabrys,ling2020,lgbm,0.0,0.0,0.0,0.0,231
UTCFX1,ling2020,lgbm,0.0,0.0,0.0,0.0,232
Pseudomonas,ling2020,lgbm,0.0,0.0,0.0,0.0,233
UCG-007,ling2020,lgbm,0.0,0.0,0.0,0.0,234
Pseudonocardia,ling2020,lgbm,0.0,0.0,0.0,0.0,235
UCG-004,ling2020,lgbm,0.0,0.0,0.0,0.0,236
Pseudoxanthomonas,ling2020,lgbm,0.0,0.0,0.0,0.0,237
Psychrobacillus,ling2020,lgbm,0.0,0.0,0.0,0.0,238
Psychrobacter,ling2020,lgbm,0.0,0.0,0.0,0.0,239
Puia,ling2020,lgbm,0.0,0.0,0.0,0.0,240
RB41,ling2020,lgbm,0.0,0.0,0.0,0.0,241
Ralstonia,ling2020,lgbm,0.0,0.0,0.0,0.0,242
Ramlibacter,ling2020,lgbm,0.0,0.0,0.0,0.0,243
Reyranella,ling2020,lgbm,0.0,0.0,0.0,0.0,244
Tumebacillus,ling2020,lgbm,0.0,0.0,0.0,0.0,245
Truepera,ling2020,lgbm,0.0,0.0,0.0,0.0,246
Thermus,ling2020,lgbm,0.0,0.0,0.0,0.0,247
Rhizobacter,ling2020,lgbm,0.0,0.0,0.0,0.0,248
Rhizocola,ling2020,lgbm,0.0,0.0,0.0,0.0,249
Terrimonas,ling2020,lgbm,0.0,0.0,0.0,0.0,250
Taibaiella,ling2020,lgbm,0.0,0.0,0.0,0.0,251
ADurb.Bin063-1,ling2020,lgbm,0.0,0.0,0.0,0.0,252
Latilactobacillus,ling2020,lgbm,0.0,0.0,0.0,0.0,253
Opitutus,ling2020,lgbm,0.0,0.0,0.0,0.0,254
Catenibacillus,ling2020,lgbm,0.0,0.0,0.0,0.0,255
Chryseobacterium,ling2020,lgbm,0.0,0.0,0.0,0.0,256
Chitinophaga,ling2020,lgbm,0.0,0.0,0.0,0.0,257
Cellvibrio,ling2020,lgbm,0.0,0.0,0.0,0.0,258
Caulobacter,ling2020,lgbm,0.0,0.0,0.0,0.0,259
Catenisphaera,ling2020,lgbm,0.0,0.0,0.0,0.0,260
Catenibacterium,ling2020,lgbm,0.0,0.0,0.0,0.0,261
Castellaniella,ling2020,lgbm,0.0,0.0,0.0,0.0,262
Chthoniobacter,ling2020,lgbm,0.0,0.0,0.0,0.0,263
Candidatus Udaeobacter,ling2020,lgbm,0.0,0.0,0.0,0.0,264
Candidatus Solibacter,ling2020,lgbm,0.0,0.0,0.0,0.0,265
Candidatus Nitrososphaera,ling2020,lgbm,0.0,0.0,0.0,0.0,266
Candidatus Nitrocosmicus,ling2020,lgbm,0.0,0.0,0.0,0.0,267
Candidatus Entotheonella,ling2020,lgbm,0.0,0.0,0.0,0.0,268
Campylobacter,ling2020,lgbm,0.0,0.0,0.0,0.0,269
Chryseolinea,ling2020,lgbm,0.0,0.0,0.0,0.0,270
Citricoccus,ling2020,lgbm,0.0,0.0,0.0,0.0,271
CL500-29 marine group,ling2020,lgbm,0.0,0.0,0.0,0.0,272
Diaphorobacter,ling2020,lgbm,0.0,0.0,0.0,0.0,273
Ellin6055,ling2020,lgbm,0.0,0.0,0.0,0.0,274
Edaphobaculum,ling2020,lgbm,0.0,0.0,0.0,0.0,275
Dongia,ling2020,lgbm,0.0,0.0,0.0,0.0,276
Dokdonella,ling2020,lgbm,0.0,0.0,0.0,0.0,277
Dinghuibacter,ling2020,lgbm,0.0,0.0,0.0,0.0,278
Dielma,ling2020,lgbm,0.0,0.0,0.0,0.0,279
Dethiobacter,ling2020,lgbm,0.0,0.0,0.0,0.0,280
Citrifermentans,ling2020,lgbm,0.0,0.0,0.0,0.0,281
Dactylosporangium,ling2020,lgbm,0.0,0.0,0.0,0.0,282
Cutibacterium,ling2020,lgbm,0.0,0.0,0.0,0.0,283
Curvibacter,ling2020,lgbm,0.0,0.0,0.0,0.0,284
Cupriavidus,ling2020,lgbm,0.0,0.0,0.0,0.0,285
Corynebacterium,ling2020,lgbm,0.0,0.0,0.0,0.0,286
Coriobacteriaceae UCG-003,ling2020,lgbm,0.0,0.0,0.0,0.0,287
Caenimonas,ling2020,lgbm,0.0,0.0,0.0,0.0,288
CAG-873,ling2020,lgbm,0.0,0.0,0.0,0.0,289
Elusimicrobium,ling2020,lgbm,0.0,0.0,0.0,0.0,290
Ahniella,ling2020,lgbm,0.0,0.0,0.0,0.0,291
Ammoniphilus,ling2020,lgbm,0.0,0.0,0.0,0.0,292
Altererythrobacter,ling2020,lgbm,0.0,0.0,0.0,0.0,293
Allorhizobium-Neorhizobium-Pararhizobium-Rhizobium,ling2020,lgbm,0.0,0.0,0.0,0.0,294
Alloprevotella,ling2020,lgbm,0.0,0.0,0.0,0.0,295
Alkalicoccus,ling2020,lgbm,0.0,0.0,0.0,0.0,296
Aliihoeflea,ling2020,lgbm,0.0,0.0,0.0,0.0,297
Agromyces,ling2020,lgbm,0.0,0.0,0.0,0.0,298
Anaerococcus,ling2020,lgbm,0.0,0.0,0.0,0.0,299
Afipia,ling2020,lgbm,0.0,0.0,0.0,0.0,300
Aeromonas,ling2020,lgbm,0.0,0.0,0.0,0.0,301
Aeromicrobium,ling2020,lgbm,0.0,0.0,0.0,0.0,302
Adhaeribacter,ling2020,lgbm,0.0,0.0,0.0,0.0,303
Actinocorallia,ling2020,lgbm,0.0,0.0,0.0,0.0,304
Acidibacter,ling2020,lgbm,0.0,0.0,0.0,0.0,305
Anaerobacillus,ling2020,lgbm,0.0,0.0,0.0,0.0,306
Angelakisella,ling2020,lgbm,0.0,0.0,0.0,0.0,307
Burkholderia-Caballeronia-Paraburkholderia,ling2020,lgbm,0.0,0.0,0.0,0.0,308
BIyi10,ling2020,lgbm,0.0,0.0,0.0,0.0,309
Bryobacter,ling2020,lgbm,0.0,0.0,0.0,0.0,310
Bradyrhizobium,ling2020,lgbm,0.0,0.0,0.0,0.0,311
Blastococcus,ling2020,lgbm,0.0,0.0,0.0,0.0,312
Bdellovibrio,ling2020,lgbm,0.0,0.0,0.0,0.0,313
Bauldia,ling2020,lgbm,0.0,0.0,0.0,0.0,314
Bacillus,ling2020,lgbm,0.0,0.0,0.0,0.0,315
BD1-7 clade,ling2020,lgbm,0.0,0.0,0.0,0.0,316
Aquabacterium,ling2020,lgbm,0.0,0.0,0.0,0.0,317
Azoarcus,ling2020,lgbm,0.0,0.0,0.0,0.0,318
Asteroleplasma,ling2020,lgbm,0.0,0.0,0.0,0.0,319
Aridibacter,ling2020,lgbm,0.0,0.0,0.0,0.0,320
Arenimonas,ling2020,lgbm,0.0,0.0,0.0,0.0,321
Archangium,ling2020,lgbm,0.0,0.0,0.0,0.0,322
Aquicella,ling2020,lgbm,0.0,0.0,0.0,0.0,323
Ellin6067,ling2020,lgbm,0.0,0.0,0.0,0.0,324
Enhydrobacter,ling2020,lgbm,0.0,0.0,0.0,0.0,325
Ohtaekwangia,ling2020,lgbm,0.0,0.0,0.0,0.0,326
Massilia,ling2020,lgbm,0.0,0.0,0.0,0.0,327
Methyloversatilis,ling2020,lgbm,0.0,0.0,0.0,0.0,328
Methylotenera,ling2020,lgbm,0.0,0.0,0.0,0.0,329
Methyloceanibacter,ling2020,lgbm,0.0,0.0,0.0,0.0,330
Methylobacterium-Methylorubrum,ling2020,lgbm,0.0,0.0,0.0,0.0,331
Mesorhizobium,ling2020,lgbm,0.0,0.0,0.0,0.0,332
Merdibacter,ling2020,lgbm,0.0,0.0,0.0,0.0,333
Marmoricola,ling2020,lgbm,0.0,0.0,0.0,0.0,334
Microlunatus,ling2020,lgbm,0.0,0.0,0.0,0.0,335
MND1,ling2020,lgbm,0.0,0.0,0.0,0.0,336
Lysobacter,ling2020,lgbm,0.0,0.0,0.0,0.0,337
Lysinibacillus,ling2020,lgbm,0.0,0.0,0.0,0.0,338
Luteolibacter,ling2020,lgbm,0.0,0.0,0.0,0.0,339
Luedemannella,ling2020,lgbm,0.0,0.0,0.0,0.0,340
Longimicrobium,ling2020,lgbm,0.0,0.0,0.0,0.0,341
Microbacterium,ling2020,lgbm,0.0,0.0,0.0,0.0,342
Microvirga,ling2020,lgbm,0.0,0.0,0.0,0.0,343
Levilactobacillus,ling2020,lgbm,0.0,0.0,0.0,0.0,344
Nitrospira,ling2020,lgbm,0.0,0.0,0.0,0.0,345
OM27 clade,ling2020,lgbm,0.0,0.0,0.0,0.0,346
OLB17,ling2020,lgbm,0.0,0.0,0.0,0.0,347
Novosphingobium,ling2020,lgbm,0.0,0.0,0.0,0.0,348
Nordella,ling2020,lgbm,0.0,0.0,0.0,0.0,349
Nonomuraea,ling2020,lgbm,0.0,0.0,0.0,0.0,350
Nocardioides,ling2020,lgbm,0.0,0.0,0.0,0.0,351
Nitrosospira,ling2020,lgbm,0.0,0.0,0.0,0.0,352
Mitsuokella,ling2020,lgbm,0.0,0.0,0.0,0.0,353
Nitrosococcus,ling2020,lgbm,0.0,0.0,0.0,0.0,354
Nitrolancea,ling2020,lgbm,0.0,0.0,0.0,0.0,355
Niastella,ling2020,lgbm,0.0,0.0,0.0,0.0,356
Nannocystis,ling2020,lgbm,0.0,0.0,0.0,0.0,357
Mycobacterium,ling2020,lgbm,0.0,0.0,0.0,0.0,358
Muribaculum,ling2020,lgbm,0.0,0.0,0.0,0.0,359
Libanicoccus,ling2020,lgbm,0.0,0.0,0.0,0.0,360
Leucobacter,ling2020,lgbm,0.0,0.0,0.0,0.0,361
Enteroscipio,ling2020,lgbm,0.0,0.0,0.0,0.0,362
Flavobacterium,ling2020,lgbm,0.0,0.0,0.0,0.0,363
Haliangium,ling2020,lgbm,0.0,0.0,0.0,0.0,364
Gemmatimonas,ling2020,lgbm,0.0,0.0,0.0,0.0,365
Gaiella,ling2020,lgbm,0.0,0.0,0.0,0.0,366
Frisingicoccus,ling2020,lgbm,0.0,0.0,0.0,0.0,367
Fournierella,ling2020,lgbm,0.0,0.0,0.0,0.0,368
Fluviicola,ling2020,lgbm,0.0,0.0,0.0,0.0,369
Flavitalea,ling2020,lgbm,0.0,0.0,0.0,0.0,370
Hassallia,ling2020,lgbm,0.0,0.0,0.0,0.0,371
Flavisolibacter,ling2020,lgbm,0.0,0.0,0.0,0.0,372
Ferruginibacter,ling2020,lgbm,0.0,0.0,0.0,0.0,373
Faecalibaculum,ling2020,lgbm,0.0,0.0,0.0,0.0,374
Ezakiella,ling2020,lgbm,0.0,0.0,0.0,0.0,375
Eubacterium oxidoreducens group,ling2020,lgbm,0.0,0.0,0.0,0.0,376
Erysipelotrichaceae UCG-006,ling2020,lgbm,0.0,0.0,0.0,0.0,377
Harryflintia,ling2020,lgbm,0.0,0.0,0.0,0.0,378
Helicobacter,ling2020,lgbm,0.0,0.0,0.0,0.0,379
Legionella,ling2020,lgbm,0.0,0.0,0.0,0.0,380
Lachnospiraceae UCG-006,ling2020,lgbm,0.0,0.0,0.0,0.0,381
Lechevalieria,ling2020,lgbm,0.0,0.0,0.0,0.0,382
Achromobacter,ling2020,lgbm,0.0,0.0,0.0,0.0,383
Lacunisphaera,ling2020,lgbm,0.0,0.0,0.0,0.0,384
Lactiplantibacillus,ling2020,lgbm,0.0,0.0,0.0,0.0,385
Lacticaseibacillus,ling2020,lgbm,0.0,0.0,0.0,0.0,386
Lacibacter,ling2020,lgbm,0.0,0.0,0.0,0.0,387
Lachnospiraceae NK3A20 group,ling2020,lgbm,0.0,0.0,0.0,0.0,388
Hirschia,ling2020,lgbm,0.0,0.0,0.0,0.0,389
Kribbella,ling2020,lgbm,0.0,0.0,0.0,0.0,390
JGI 0001001-H03,ling2020,lgbm,0.0,0.0,0.0,0.0,391
Ilumatobacter,ling2020,lgbm,0.0,0.0,0.0,0.0,392
Iamia,ling2020,lgbm,0.0,0.0,0.0,0.0,393
IS-44,ling2020,lgbm,0.0,0.0,0.0,0.0,394
Hyphomicrobium,ling2020,lgbm,0.0,0.0,0.0,0.0,395
wb1-P19,ling2020,lgbm,0.0,0.0,0.0,0.0,396
Streptococcus,shanghai2022,logreg,0.21989591218025015,-4.625929269271485e-18,0.21032630896242752,-0.21032630896242752,1
Akkermansia,shanghai2022,logreg,0.17331537388467702,-6.47630097698008e-18,0.06987691999373818,-0.0698769199937382,2
Sutterella,shanghai2022,logreg,0.1690533030034662,-1.7578531223231644e-17,0.10550781927186452,-0.10550781927186455,3
Butyricimonas,shanghai2022,logreg,0.15561875272833017,-1.850371707708594e-17,0.10257709187927448,-0.1025770918792745,4
Alistipes,shanghai2022,logreg,0.1395690738941662,-2.312964634635743e-17,0.07794209112370784,-0.07794209112370785,5
Lachnospiraceae UCG-004,shanghai2022,logreg,0.13597495206785265,2.7292982688701764e-17,0.08992657962439085,-0.0899265796243908,6
Parasutterella,shanghai2022,logreg,0.10475032015995023,9.25185853854297e-18,0.042500670751114925,-0.04250067075111492,7
Ruminococcus gnavus group,shanghai2022,logreg,0.1008017413449303,-9.251858538542971e-19,0.051515793578491384,-0.05151579357849138,8
Lactobacillus,shanghai2022,logreg,0.10073790862274871,-5.4354668913939955e-18,0.05600885736758596,-0.05600885736758595,9
Colidextribacter,shanghai2022,logreg,0.10068731176636418,2.0816681711721684e-18,0.06987858501154473,-0.0698785850115447,10
Haemophilus,shanghai2022,logreg,0.09920573083787897,-5.551115123125783e-18,0.05492405524297953,-0.054924055242979546,11
Ruminococcus,shanghai2022,logreg,0.09293900474455656,1.7115938296304497e-17,0.041195728160764146,-0.04119572816076413,12
Christensenellaceae R-7 group,shanghai2022,logreg,0.08708825572047399,7.979727989493312e-18,0.0036632450544388027,-0.003663245054438793,13
Eggerthella,shanghai2022,logreg,0.08493043377485532,3.23815048849004e-18,0.05939512762945718,-0.05939512762945718,14
Eubacterium eligens group,shanghai2022,logreg,0.08294110476487503,6.245004513516506e-18,0.04618612599616053,-0.04618612599616052,15
Dorea,shanghai2022,logreg,0.08168499840816497,-5.551115123125783e-18,0.03210068772709414,-0.032100687727094145,16
Bifidobacterium,shanghai2022,logreg,0.08101402550017796,-5.377642775528102e-18,0.0334348199303614,-0.03343481993036142,17
Incertae Sedis,shanghai2022,logreg,0.08064072173538638,-7.979727989493312e-18,0.04472806826638596,-0.04472806826638598,18
Subdoligranulum,shanghai2022,logreg,0.08005077351716228,-1.1564823173178713e-18,-0.010321167197407855,0.010321167197407851,19
Eisenbergiella,shanghai2022,logreg,0.07773071545909901,-9.161508357502512e-19,0.04705095528831608,-0.04705095528831608,20
[Eubacterium] siraeum group,shanghai2022,logreg,0.07486009526505905,1.61907524424502e-18,0.0325380255146148,-0.03253802551461479,21
TM7x,shanghai2022,logreg,0.06976493647504493,-3.23815048849004e-18,0.048784165992211886,-0.048784165992211886,22
Bilophila,shanghai2022,logreg,0.06943109635523251,-4.5102810375396986e-18,0.018253239392696033,-0.01825323939269605,23
Bacteroides,shanghai2022,logreg,0.06709218286583449,-2.7755575615628915e-18,0.05813379740959328,-0.058133797409593284,24
Holdemania,shanghai2022,logreg,0.06488300371718497,1.0408340855860842e-18,0.03649725961582098,-0.036497259615820975,25
Gemella,shanghai2022,logreg,0.06452131609164016,3.23815048849004e-18,0.045638604389678365,-0.045638604389678344,26
Eubacterium ventriosum group,shanghai2022,logreg,0.06226481411935032,-3.23815048849004e-18,0.023438634543302528,-0.023438634543302535,27
Enterobacter,shanghai2022,logreg,0.060311810174770455,-4.625929269271486e-19,0.04279063770067384,-0.04279063770067385,28
Prevotella_9,shanghai2022,logreg,0.059384073460398396,-6.938893903907229e-19,0.017445045861384668,-0.017445045861384668,29
UCG-003,shanghai2022,logreg,0.0592304376640321,-2.7755575615628915e-18,0.03395284776047659,-0.033952847760476586,30
Parabacteroides,shanghai2022,logreg,0.05869618650676936,-1.3877787807814457e-17,0.037957299887820296,-0.03795729988782031,31
[Eubacterium] xylanophilum group,shanghai2022,logreg,0.05850838531315123,-1.8503717077085942e-18,0.04207649194277989,-0.04207649194277991,32
Actinomyces,shanghai2022,logreg,0.05758664710595153,1.850371707708594e-17,0.052843072778141736,-0.05284307277814172,33
Coprococcus,shanghai2022,logreg,0.057450487411780535,-6.881069788041335e-18,-0.020096413485526283,0.020096413485526272,34
UCG-002,shanghai2022,logreg,0.05282005325800705,2.7755575615628915e-18,-0.01752855364303813,0.017528553643038135,35
Fusobacterium,shanghai2022,logreg,0.05210729044395789,-1.879283765641541e-18,0.01061143405839541,-0.010611434058395413,36
Odoribacter,shanghai2022,logreg,0.05196697434921122,-3.353798720221827e-18,0.02651378738006931,-0.02651378738006932,37
Adlercreutzia,shanghai2022,logreg,0.049578088050324334,4.915049848600954e-18,0.0272357605388904,-0.027235760538890385,38
Ruminococcus torques group,shanghai2022,logreg,0.04754484820670908,2.8622937353617316e-18,0.017063667235247902,-0.01706366723524789,39
Limosilactobacillus,shanghai2022,logreg,0.04738981200383299,-2.9634859381270453e-18,0.020504620209680045,-0.020504620209680045,40
Veillonella,shanghai2022,logreg,0.045075001256871104,-9.54097911787244e-19,0.004336736427853699,-0.0043367364278537,41
Roseburia,shanghai2022,logreg,0.04467636800805184,8.0953762212251e-19,-0.019116487925369584,0.019116487925369578,42
Fusicatenibacter,shanghai2022,logreg,0.043413296788912925,1.1564823173178714e-19,0.011807894761846916,-0.011807894761846916,43
Romboutsia,shanghai2022,logreg,0.043338374393670685,1.8503717077085942e-18,-0.005554776063714486,0.005554776063714487,44
Lachnospiraceae UCG-010,shanghai2022,logreg,0.040430612302768926,3.4694469519536144e-19,0.010479294042956428,-0.010479294042956423,45
Erysipelatoclostridium,shanghai2022,logreg,0.03937796271782065,9.251858538542971e-19,0.02135256728920343,-0.021352567289203428,46
Tyzzerella,shanghai2022,logreg,0.03913565533773984,6.649773324577761e-19,0.000797054905598947,-0.0007970549055989463,47
Pyramidobacter,shanghai2022,logreg,0.03634468421626595,-1.9660199394403813e-18,0.016848213988447498,-0.0168482139884475,48
Escherichia-Shigella,shanghai2022,logreg,0.03584938784508583,-3.23815048849004e-18,0.012886629208384008,-0.012886629208384013,49
UCG-005,shanghai2022,logreg,0.034075437848033206,-3.4694469519536144e-19,0.012468724603277265,-0.012468724603277265,50
Rothia,shanghai2022,logreg,0.03197090649900682,-1.4456028966473392e-19,0.0226080115624937,-0.0226080115624937,51
Clostridium sensu stricto 1,shanghai2022,logreg,0.03166414034888444,4.04768811061255e-19,-0.005063943346143629,0.0050639433461436316,52
Lachnoclostridium,shanghai2022,logreg,0.03068928256793328,-2.2551405187698493e-18,0.002227394269991062,-0.0022273942699910674,53
Monoglobus,shanghai2022,logreg,0.030071810756093734,-5.782411586589357e-20,-0.006752979057107042,0.006752979057107041,54
Barnesiella,shanghai2022,logreg,0.029952048967125625,-6.360652745248292e-19,0.006979169422555273,-0.006979169422555275,55
Lachnospira,shanghai2022,logreg,0.02964060857197177,-3.932039878880763e-18,0.01097654153830192,-0.010976541538301925,56
Dialister,shanghai2022,logreg,0.02901405514179358,-1.0552901145525576e-18,-0.00033747012701373946,0.0003374701270137381,57
Paraprevotella,shanghai2022,logreg,0.027510458477208292,1.0408340855860842e-18,0.0013044644734645221,-0.0013044644734645206,58
Erysipelotrichaceae UCG-003,shanghai2022,logreg,0.02702756606819252,-1.5034270125132329e-18,-0.0013137713702578225,0.0013137713702578212,59
DTU089,shanghai2022,logreg,0.026465470663709703,9.287998610959154e-19,0.004611011725540668,-0.004611011725540669,60
Anaerotruncus,shanghai2022,logreg,0.025514267168425475,-5.782411586589357e-20,-0.0003953967479997526,0.00039539674799975193,61
Sellimonas,shanghai2022,logreg,0.024727552742242247,2.2262284608369026e-18,0.015051306813375022,-0.015051306813375015,62
Agathobacter,shanghai2022,logreg,0.02464475544117198,2.1973164029039556e-18,-0.013393761897008787,0.013393761897008789,63
Flavonifractor,shanghai2022,logreg,0.024049129645547073,-1.1564823173178714e-19,0.001104141218066364,-0.0011041412180663652,64
Megasphaera,shanghai2022,logreg,0.023836665190236615,4.625929269271486e-19,0.0016505724364569948,-0.0016505724364569941,65
Alloprevotella,shanghai2022,logreg,0.023446540229918645,-1.879283765641541e-19,0.014042304891839276,-0.014042304891839276,66
Faecalibacterium,shanghai2022,logreg,0.023170165730785928,7.170190367370803e-18,-0.010839669564410263,0.010839669564410275,67
Ligilactobacillus,shanghai2022,logreg,0.02308458070189372,-5.782411586589357e-20,-2.6814791055470322e-05,2.6814791055470092e-05,68
Klebsiella,shanghai2022,logreg,0.022895795411848427,-2.688821387764051e-18,0.0002547342072517613,-0.0002547342072517663,69
Atopobium,shanghai2022,logreg,0.021864054643727114,1.3877787807814458e-18,0.014774791724005715,-0.014774791724005714,70
Oxalobacter,shanghai2022,logreg,0.020953646433137296,8.673617379884036e-20,0.0013870537655169021,-0.001387053765516901,71
Oscillibacter,shanghai2022,logreg,0.019747601461509775,2.312964634635743e-19,-7.639901382397266e-05,7.639901382397243e-05,72
Prevotella,shanghai2022,logreg,0.019728665676016412,2.023844055306275e-19,0.001528266372482958,-0.0015282663724829576,73
Enterococcus,shanghai2022,logreg,0.019696264957199044,4.625929269271486e-19,0.008805310282544658,-0.00880531028254466,74
[Eubacterium] ruminantium group,shanghai2022,logreg,0.019489888881516478,-1.0119220276531375e-19,-0.006800133527442419,0.006800133527442419,75
CAG-352,shanghai2022,logreg,0.01831127219581754,1.7347234759768072e-19,-0.004814186490102315,0.004814186490102316,76
Intestinibacter,shanghai2022,logreg,0.018158562065211485,8.0953762212251e-19,-0.00252412610224186,0.002524126102241862,77
[Eubacterium] fissicatena group,shanghai2022,logreg,0.018111953708360228,-5.348730717595155e-19,0.0020664826563098616,-0.002066482656309862,78
Blautia,shanghai2022,logreg,0.017109747615494077,2.3129646346357427e-18,0.010680920713512836,-0.010680920713512827,79
Peptococcus,shanghai2022,logreg,0.0169700273408808,-1.61907524424502e-18,0.010656885395754385,-0.010656885395754387,80
Lachnospiraceae UCG-003,shanghai2022,logreg,0.016820019556820383,-9.251858538542971e-19,0.01007846496948985,-0.010078464969489854,81
NK4A214 group,shanghai2022,logreg,0.015975319608014998,1.2721305490496584e-18,-0.0010155148974118876,0.0010155148974118897,82
Lachnospiraceae ND3007 group,shanghai2022,logreg,0.01594613221062425,-4.336808689942018e-19,0.010096585678372667,-0.010096585678372672,83
Mogibacterium,shanghai2022,logreg,0.01594475223146466,-2.312964634635743e-19,0.011206420936400644,-0.011206420936400641,84
CAG-56,shanghai2022,logreg,0.015307361927811292,8.673617379884035e-19,-0.0006213315960782823,0.0006213315960782842,85
Collinsella,shanghai2022,logreg,0.015256701552227374,1.2143064331837649e-18,0.00041691234762580094,-0.00041691234762579867,86
Negativibacillus,shanghai2022,logreg,0.014937317548101054,2.240684489803376e-19,-0.003206143828493425,0.003206143828493425,87
Lachnospiraceae NK4A136 group,shanghai2022,logreg,0.014927633092525778,-3.4694469519536144e-19,-0.006371397234847779,0.006371397234847779,88
Solobacterium,shanghai2022,logreg,0.014861842222999388,1.7347234759768072e-19,0.008994937804702629,-0.008994937804702629,89
Aliihoeflea,shanghai2022,logreg,0.014263212497977733,2.8912057932946783e-19,-0.0059906533561555975,0.005990653356155596,90
Megamonas,shanghai2022,logreg,0.014244202680643869,-1.535953077687798e-19,-0.008634617216983196,0.008634617216983194,91
Frisingicoccus,shanghai2022,logreg,0.013928202922405498,-5.782411586589357e-20,-0.003383860692537199,0.0033838606925371984,92
Family XIII UCG-001,shanghai2022,logreg,0.013549631687253068,3.4694469519536144e-19,-0.002351051140832987,0.0023510511408329883,93
Citrobacter,shanghai2022,logreg,0.013423543993820092,1.590163186312073e-19,0.003232606482031616,-0.003232606482031616,94
Lachnospiraceae UCG-001,shanghai2022,logreg,0.01332760035215794,-9.251858538542971e-19,0.005108578083724085,-0.005108578083724087,95
[Clostridium] innocuum group,shanghai2022,logreg,0.013092670817329762,8.673617379884036e-20,-0.007373595879344473,0.007373595879344475,96
Phascolarctobacterium,shanghai2022,logreg,0.012673610831093621,3.4694469519536144e-19,-0.006494331471164813,0.006494331471164811,97
Acidaminococcus,shanghai2022,logreg,0.01207159082236824,-6.794333614242494e-19,-0.0025194024136291626,0.0025194024136291613,98
Eubacterium brachy group,shanghai2022,logreg,0.011972816786944177,-1.4456028966473392e-19,0.005934323367081776,-0.005934323367081778,99
Allisonella,shanghai2022,logreg,0.011787376810996822,-3.3248866622888805e-19,0.0009435342586590372,-0.0009435342586590379,100
Intestinimonas,shanghai2022,logreg,0.011648173901774984,-7.806255641895632e-19,-0.003127623240816708,0.003127623240816706,101
Fenollaria,shanghai2022,logreg,0.011592019468256737,8.673617379884035e-19,0.007334988306096341,-0.007334988306096338,102
Peptoniphilus,shanghai2022,logreg,0.011478700369172225,1.0986582014519778e-18,0.00743966973266422,-0.0074396697326642195,103
Eubacterium hallii group,shanghai2022,logreg,0.011348694196598862,5.71013144175699e-19,-0.003890809401805823,0.003890809401805823,104
Desulfovibrio,shanghai2022,logreg,0.011026497503767909,-2.0667603913004927e-20,-0.0025326739214140827,0.002532673921414082,105
[Eubacterium] nodatum group,shanghai2022,logreg,0.010550272937645733,-2.240684489803376e-19,0.002835632445997209,-0.0028356324459972103,106
Hungatella,shanghai2022,logreg,0.010397744984127344,-4.336808689942018e-19,-0.0010106197517981256,0.0010106197517981237,107
Marvinbryantia,shanghai2022,logreg,0.010194236215108237,6.505213034913027e-19,-0.001003174048676572,0.0010031740486765735,108
Anaerostipes,shanghai2022,logreg,0.009810061859742838,2.8912057932946783e-19,-4.016191749926824e-05,4.0161917499269285e-05,109
Family XIII AD3011 group,shanghai2022,logreg,0.009208550910406527,7.517135062566164e-19,-0.002740064263767496,0.002740064263767497,110
UBA1819,shanghai2022,logreg,0.008360184131289786,2.1864743811791005e-19,-0.004445475966497802,0.004445475966497803,111
Slackia,shanghai2022,logreg,0.008299106554366222,-3.758567531283082e-19,0.0011871013577191114,-0.0011871013577191111,112
[Ruminococcus] gauvreauii group,shanghai2022,logreg,0.007993078216977308,-1.1564823173178714e-19,0.0013898419552817042,-0.0013898419552817044,113
Holdemanella,shanghai2022,logreg,0.00786161503651269,-1.8070036208091741e-19,-0.000540011284491817,0.0005400112844918168,114
Pseudomonas,shanghai2022,logreg,0.007505106615454292,1.7347234759768072e-19,0.003592238433121719,-0.003592238433121718,115
Eubacterium,shanghai2022,logreg,0.006861499874618719,-3.758567531283082e-19,0.004396772058389012,-0.004396772058389012,116
Butyricicoccus,shanghai2022,logreg,0.006838264017327752,-1.2215344476670018e-18,-0.00406202500213522,0.004062025002135218,117
Coprobacillus,shanghai2022,logreg,0.0066474711994854085,-4.77048955893622e-19,0.0009856861293866387,-0.0009856861293866404,118
Succinivibrio,shanghai2022,logreg,0.005444629919631982,-3.758567531283082e-19,0.0022335212834996543,-0.002233521283499656,119
Raoultibacter,shanghai2022,logreg,0.005423350761168056,8.673617379884036e-20,0.0020680500304813927,-0.0020680500304813922,120
Turicibacter,shanghai2022,logreg,0.005229675206310991,-4.336808689942018e-20,-0.0015028001050432687,0.0015028001050432687,121
Gordonibacter,shanghai2022,logreg,0.00476208409733179,2.999626010543229e-19,0.0003626610712188617,-0.00036266107121886123,122
Granulicatella,shanghai2022,logreg,0.004725280300150759,-3.541727096785981e-19,-0.0008996415273371147,0.0008996415273371148,123
Phocea,shanghai2022,logreg,0.004628715867855124,5.782411586589357e-20,0.00023165135936749944,-0.0002316513593674995,124
Cloacibacillus,shanghai2022,logreg,0.004612998300726752,3.5055870243697977e-19,-0.0015242176034111967,0.0015242176034111973,125
Christensenella,shanghai2022,logreg,0.003958940132396314,-7.047314121155779e-20,0.0004769070657605332,-0.00047690706576053313,126
Tuzzerella,shanghai2022,logreg,0.003865229220453711,1.3913927880230641e-19,-0.0009917847917947952,0.0009917847917947956,127
Comamonas,shanghai2022,logreg,0.003852725097777524,3.4694469519536144e-19,0.0007783716352086312,-0.0007783716352086306,128
Faecalitalea,shanghai2022,logreg,0.0037685186853991665,4.625929269271486e-19,0.0001944382851969897,-0.00019443828519698895,129
UCG-009,shanghai2022,logreg,0.0036270162209492605,2.2768245622195594e-19,4.65628160282713e-05,-4.656281602827076e-05,130
Prevotella_7,shanghai2022,logreg,0.0032711309281870608,4.336808689942018e-19,-0.0010548275833062869,0.001054827583306288,131
Catabacter,shanghai2022,logreg,0.003236626104746626,0.0,0.0015623007934052167,-0.0015623007934052165,132
Rikenellaceae RC9 gut group,shanghai2022,logreg,0.003164215128740945,3.4694469519536144e-19,0.000665652740240474,-0.0006656527402404735,133
HT002,shanghai2022,logreg,0.0031298796147159872,2.9634859381270455e-19,0.000905810645903591,-0.0009058106459035902,134
Defluviitaleaceae UCG-011,shanghai2022,logreg,0.0031149192327136078,1.517883041479706e-19,-5.0862561101559965e-05,5.086256110156022e-05,135
Coprobacter,shanghai2022,logreg,0.0030097168733117605,1.197139898786078e-19,-0.0006521746462652248,0.0006521746462652245,136
Candidatus Soleaferrea,shanghai2022,logreg,0.0029991454150221997,4.192248400277284e-19,0.0008094105313842077,-0.0008094105313842071,137
Victivallis,shanghai2022,logreg,0.0029562691952262922,1.9877039828900913e-20,0.0015209305833643945,-0.0015209305833643947,138
Catenibacterium,shanghai2022,logreg,0.0027494609992893076,3.614007241618348e-20,2.0694195458373206e-05,-2.0694195458372556e-05,139
Lachnospiraceae FCS020 group,shanghai2022,logreg,0.002737111247560119,-1.0842021724855045e-20,-0.0007451154079031486,0.0007451154079031483,140
Terrisporobacter,shanghai2022,logreg,0.0027198947496429077,-6.505213034913026e-20,-0.0016052593686933286,0.0016052593686933286,141
Lacticaseibacillus,shanghai2022,logreg,0.0026568273711798725,1.7708635483929905e-19,0.0012946146264640722,-0.0012946146264640722,142
Lactococcus,shanghai2022,logreg,0.0026290761841880135,-5.71013144175699e-19,-0.0001659595105346213,0.0001659595105346203,143
Anaerococcus,shanghai2022,logreg,0.0024335250387409195,1.0842021724855044e-19,0.0012963967696567108,-0.0012963967696567103,144
Undibacterium,shanghai2022,logreg,0.0023556630901121205,-3.686287386450715e-19,0.0006457163990341158,-0.0006457163990341165,145
Chelativorans,shanghai2022,logreg,0.002354826348075226,-1.1564823173178714e-19,-0.0005485745923236688,0.0005485745923236684,146
Shuttleworthia,shanghai2022,logreg,0.0022852973132409483,-1.4907779871675686e-19,-0.0012758107133602923,0.0012758107133602925,147
Weissella,shanghai2022,logreg,0.0022253242803912275,3.180326372624146e-19,0.00026313885451150057,-0.0002631388545115004,148
Paeniclostridium,shanghai2022,logreg,0.0021041497779312065,-6.505213034913027e-19,-0.0001614474025379634,0.0001614474025379621,149
Fournierella,shanghai2022,logreg,0.001958754118275961,-4.372948762358201e-19,-0.00019980537989420448,0.00019980537989420418,150
Senegalimassilia,shanghai2022,logreg,0.0016818375791194536,-1.0661321362774126e-19,-0.0009883475272432214,0.0009883475272432212,151
Paludicola,shanghai2022,logreg,0.0016150282325129103,-3.4333068795374305e-20,0.00022296632570284312,-0.00022296632570284336,152
CHKCI002,shanghai2022,logreg,0.0016142581283209365,3.126116263999871e-19,0.00060845110629975,-0.0006084511062997495,153
Anaerofilum,shanghai2022,logreg,0.0015904470023499252,1.1131424648500264e-20,-0.00047625795447172795,0.0004762579544717278,154
Oscillospira,shanghai2022,logreg,0.0015792426430699038,4.788559595144311e-20,-0.0006676051101380937,0.000667605110138094,155
Oribacterium,shanghai2022,logreg,0.0015586352343164999,-2.8912057932946785e-20,-0.0004753687596262604,0.0004753687596262603,156
Pelagibacterium,shanghai2022,logreg,0.001518684963147726,6.143812310751192e-20,0.0004553504905291869,-0.0004553504905291867,157
Halomonas,shanghai2022,logreg,0.0014955892341907567,-1.1564823173178714e-19,-0.0005724167632738601,0.0005724167632738601,158
Prevotellaceae NK3B31 group,shanghai2022,logreg,0.00140754648875464,-1.7708635483929905e-19,0.0004658473238441156,-0.0004658473238441161,159
Acinetobacter,shanghai2022,logreg,0.0012868765377735637,-1.102272208693596e-19,-0.000517543231395674,0.0005175432313956739,160
Aeromonas,shanghai2022,logreg,0.0012216835206499712,-1.6624433311444402e-19,0.00033668393687022924,-0.0003366839368702296,161
Olsenella,shanghai2022,logreg,0.0012102957018673408,1.0119220276531375e-19,-7.299433933289699e-05,7.299433933289718e-05,162
Porphyromonas,shanghai2022,logreg,0.001202719513052006,-1.4456028966473392e-20,0.00022292892882992517,-0.0002229289288299252,163
Dielma,shanghai2022,logreg,0.001188184492870319,-2.0712779003525157e-19,-0.000732598130170559,0.000732598130170559,164
GCA-900066755,shanghai2022,logreg,0.0010940748469726884,-1.2649025345664219e-20,-0.0003882341861476755,0.00038823418614767534,165
Staphylococcus,shanghai2022,logreg,0.0010345137004414962,3.4694469519536144e-19,0.0004714069808170437,-0.000471406980817043,166
GCA-900066575,shanghai2022,logreg,0.000997439926675993,-1.174552353525963e-19,-0.00040458654529050645,0.0004045865452905063,167
Campylobacter,shanghai2022,logreg,0.0009973690531366439,-1.0119220276531375e-19,-0.00029212264831820155,0.0002921226483182013,168
Merdibacter,shanghai2022,logreg,0.0009509098098931377,-2.8912057932946783e-19,0.00013746578337703268,-0.00013746578337703322,169
Ezakiella,shanghai2022,logreg,0.0008240861100600262,-4.788559595144311e-20,-0.0002820595206913907,0.00028205952069139064,170
Prevotellaceae UCG-001,shanghai2022,logreg,0.0008057577888848909,-1.951563910473908e-19,9.819658844188319e-05,-9.819658844188358e-05,171
Stenotrophomonas,shanghai2022,logreg,0.0007832370204805318,-1.7347234759768072e-19,-0.0002903206680535373,0.00029032066805353697,172
Prevotellaceae UCG-003,shanghai2022,logreg,0.0007072084406956042,-1.3733227518149722e-19,8.202163729266927e-05,-8.202163729266954e-05,173
Harryflintia,shanghai2022,logreg,0.0006525131035027727,2.1909918902311236e-20,-0.00014119509148425544,0.00014119509148425538,174
Mitsuokella,shanghai2022,logreg,0.0006240513759168114,-1.0119220276531375e-19,2.612945282952678e-05,-2.6129452829526995e-05,175
Lactonifactor,shanghai2022,logreg,0.0005967636728032678,1.264902534566422e-19,0.00017419594709810907,-0.00017419594709810882,176
UC5-1-2E3,shanghai2022,logreg,0.000567947938447663,1.192622389734055e-19,8.794728271850393e-05,-8.794728271850364e-05,177
Parvimonas,shanghai2022,logreg,0.0005678095833617523,5.60171122450844e-20,0.00020297461976564012,-0.00020297461976563996,178
Libanicoccus,shanghai2022,logreg,0.0004537084433861536,7.58941520739853e-20,-7.246352967479322e-05,7.246352967479334e-05,179
Serratia,shanghai2022,logreg,0.0003662528687793616,-1.174552353525963e-19,4.5257966174948665e-05,-4.5257966174948875e-05,180
Corynebacterium,shanghai2022,logreg,0.00036129492566381645,3.794707603699265e-20,0.00010757206079811377,-0.00010757206079811363,181
Papillibacter,shanghai2022,logreg,0.0002881330715614024,8.673617379884036e-20,1.5152276196987173e-05,-1.5152276196987007e-05,182
UCG-007,shanghai2022,logreg,0.00021753308969914764,6.32451267283211e-20,1.1327350315903715e-05,-1.1327350315903588e-05,183
Methanobrevibacter,shanghai2022,logreg,0.00017321808794867956,-2.1232292544507795e-20,-9.80804859452124e-05,9.808048594521236e-05,184
Brevundimonas,shanghai2022,logreg,0.00017193960582673244,-2.574980159653073e-20,-4.1562112596015234e-05,4.156211259601516e-05,185
Finegoldia,shanghai2022,logreg,0.00017025108456399362,7.228014483236696e-21,-7.632256182405709e-05,7.632256182405712e-05,186
Polaromonas,shanghai2022,logreg,0.00016522403495451856,-5.0596101382656874e-20,-8.897433704646205e-06,8.897433704646105e-06,187
Phenylobacterium,shanghai2022,logreg,0.00016522403495451856,-5.0596101382656874e-20,-8.897433704646205e-06,8.897433704646105e-06,188
UCG-004,shanghai2022,logreg,0.00016522403495451856,-5.0596101382656874e-20,-8.897433704646205e-06,8.897433704646105e-06,189
Peptostreptococcus,shanghai2022,logreg,0.00016522403495451856,-5.0596101382656874e-20,-8.897433704646205e-06,8.897433704646105e-06,190
Phaselicystis,shanghai2022,logreg,0.00016522403495451856,-5.0596101382656874e-20,-8.897433704646205e-06,8.897433704646105e-06,191
UTCFX1,shanghai2022,logreg,0.00016522403495451856,-5.0596101382656874e-20,-8.897433704646205e-06,8.897433704646105e-06,192
Peredibacter,shanghai2022,logreg,0.00016522403495451856,-5.0596101382656874e-20,-8.897433704646205e-06,8.897433704646105e-06,193
Pedomicrobium,shanghai2022,logreg,0.00016522403495451856,-5.0596101382656874e-20,-8.897433704646205e-06,8.897433704646105e-06,194
V9D2013 group,shanghai2022,logreg,0.00016522403495451856,-5.0596101382656874e-20,-8.897433704646205e-06,8.897433704646105e-06,195
Vibrionimonas,shanghai2022,logreg,0.00016522403495451856,-5.0596101382656874e-20,-8.897433704646205e-06,8.897433704646105e-06,196
wb1-A12,shanghai2022,logreg,0.00016522403495451856,-5.0596101382656874e-20,-8.897433704646205e-06,8.897433704646105e-06,197
P3OB-42,shanghai2022,logreg,0.00016522403495451856,-5.0596101382656874e-20,-8.897433704646205e-06,8.897433704646105e-06,198
Paenibacillus,shanghai2022,logreg,0.00016522403495451856,-5.0596101382656874e-20,-8.897433704646205e-06,8.897433704646105e-06,199
mle1-7,shanghai2022,logreg,0.00016522403495451856,-5.0596101382656874e-20,-8.897433704646205e-06,8.897433704646105e-06,200
Paenisporosarcina,shanghai2022,logreg,0.00016522403495451856,-5.0596101382656874e-20,-8.897433704646205e-06,8.897433704646105e-06,201
Pajaroellobacter,shanghai2022,logreg,0.00016522403495451856,-5.0596101382656874e-20,-8.897433704646205e-06,8.897433704646105e-06,202
Pannonibacter,shanghai2022,logreg,0.00016522403495451856,-5.0596101382656874e-20,-8.897433704646205e-06,8.897433704646105e-06,203
[Eubacterium] tenue group,shanghai2022,logreg,0.00016522403495451856,-5.0596101382656874e-20,-8.897433704646205e-06,8.897433704646105e-06,204
Paracoccus,shanghai2022,logreg,0.00016522403495451856,-5.0596101382656874e-20,-8.897433704646205e-06,8.897433704646105e-06,205
[Bacteroides] pectinophilus group,shanghai2022,logreg,0.00016522403495451856,-5.0596101382656874e-20,-8.897433704646205e-06,8.897433704646105e-06,206
Parapusillimonas,shanghai2022,logreg,0.00016522403495451856,-5.0596101382656874e-20,-8.897433704646205e-06,8.897433704646105e-06,207
Z20,shanghai2022,logreg,0.00016522403495451856,-5.0596101382656874e-20,-8.897433704646205e-06,8.897433704646105e-06,208
Pedobacter,shanghai2022,logreg,0.00016522403495451856,-5.0596101382656874e-20,-8.897433704646205e-06,8.897433704646105e-06,209
YC-ZSS-LKJ147,shanghai2022,logreg,0.00016522403495451856,-5.0596101382656874e-20,-8.897433704646205e-06,8.897433704646105e-06,210
Woeseia,shanghai2022,logreg,0.00016522403495451856,-5.0596101382656874e-20,-8.897433704646205e-06,8.897433704646105e-06,211
Virgisporangium,shanghai2022,logreg,0.00016522403495451856,-5.0596101382656874e-20,-8.897433704646205e-06,8.897433704646105e-06,212
Vicinamibacter,shanghai2022,logreg,0.00016522403495451856,-5.0596101382656874e-20,-8.897433704646205e-06,8.897433704646105e-06,213
Polyangium,shanghai2022,logreg,0.00016522403495451856,-5.0596101382656874e-20,-8.897433704646205e-06,8.897433704646105e-06,214
Terrimonas,shanghai2022,logreg,0.00016522403495451856,-5.0596101382656874e-20,-8.897433704646205e-06,8.897433704646105e-06,215
Polycyclovorans,shanghai2022,logreg,0.00016522403495451856,-5.0596101382656874e-20,-8.897433704646205e-06,8.897433704646105e-06,216
Solitalea,shanghai2022,logreg,0.00016522403495451856,-5.0596101382656874e-20,-8.897433704646205e-06,8.897433704646105e-06,217
RB41,shanghai2022,logreg,0.00016522403495451856,-5.0596101382656874e-20,-8.897433704646205e-06,8.897433704646105e-06,218
Sneathia,shanghai2022,logreg,0.00016522403495451856,-5.0596101382656874e-20,-8.897433704646205e-06,8.897433704646105e-06,219
Ralstonia,shanghai2022,logreg,0.00016522403495451856,-5.0596101382656874e-20,-8.897433704646205e-06,8.897433704646105e-06,220
Skermanella,shanghai2022,logreg,0.00016522403495451856,-5.0596101382656874e-20,-8.897433704646205e-06,8.897433704646105e-06,221
Sediminibacterium,shanghai2022,logreg,0.00016522403495451856,-5.0596101382656874e-20,-8.897433704646205e-06,8.897433704646105e-06,222
Ramlibacter,shanghai2022,logreg,0.00016522403495451856,-5.0596101382656874e-20,-8.897433704646205e-06,8.897433704646105e-06,223
Sanguibacteroides,shanghai2022,logreg,0.00016522403495451856,-5.0596101382656874e-20,-8.897433704646205e-06,8.897433704646105e-06,224
Reyranella,shanghai2022,logreg,0.00016522403495451856,-5.0596101382656874e-20,-8.897433704646205e-06,8.897433704646105e-06,225
Rhizobacter,shanghai2022,logreg,0.00016522403495451856,-5.0596101382656874e-20,-8.897433704646205e-06,8.897433704646105e-06,226
Sandaracinus,shanghai2022,logreg,0.00016522403495451856,-5.0596101382656874e-20,-8.897433704646205e-06,8.897433704646105e-06,227
Rhizocola,shanghai2022,logreg,0.00016522403495451856,-5.0596101382656874e-20,-8.897433704646205e-06,8.897433704646105e-06,228
Salmonella,shanghai2022,logreg,0.00016522403495451856,-5.0596101382656874e-20,-8.897433704646205e-06,8.897433704646105e-06,229
Rhodococcus,shanghai2022,logreg,0.00016522403495451856,-5.0596101382656874e-20,-8.897433704646205e-06,8.897433704646105e-06,230
Rhodomicrobium,shanghai2022,logreg,0.00016522403495451856,-5.0596101382656874e-20,-8.897433704646205e-06,8.897433704646105e-06,231
Rhodoplanes,shanghai2022,logreg,0.00016522403495451856,-5.0596101382656874e-20,-8.897433704646205e-06,8.897433704646105e-06,232
Salipaludibacillus,shanghai2022,logreg,0.00016522403495451856,-5.0596101382656874e-20,-8.897433704646205e-06,8.897433704646105e-06,233
SWB02,shanghai2022,logreg,0.00016522403495451856,-5.0596101382656874e-20,-8.897433704646205e-06,8.897433704646105e-06,234
Solirubrobacter,shanghai2022,logreg,0.00016522403495451856,-5.0596101382656874e-20,-8.897433704646205e-06,8.897433704646105e-06,235
Sporosarcina,shanghai2022,logreg,0.00016522403495451856,-5.0596101382656874e-20,-8.897433704646205e-06,8.897433704646105e-06,236
Pontibacter,shanghai2022,logreg,0.00016522403495451856,-5.0596101382656874e-20,-8.897433704646205e-06,8.897433704646105e-06,237
Puia,shanghai2022,logreg,0.00016522403495451856,-5.0596101382656874e-20,-8.897433704646205e-06,8.897433704646105e-06,238
Tumebacillus,shanghai2022,logreg,0.00016522403495451856,-5.0596101382656874e-20,-8.897433704646205e-06,8.897433704646105e-06,239
Truepera,shanghai2022,logreg,0.00016522403495451856,-5.0596101382656874e-20,-8.897433704646205e-06,8.897433704646105e-06,240
Thermus,shanghai2022,logreg,0.00016522403495451856,-5.0596101382656874e-20,-8.897433704646205e-06,8.897433704646105e-06,241
Pseudenhygromyxa,shanghai2022,logreg,0.00016522403495451856,-5.0596101382656874e-20,-8.897433704646205e-06,8.897433704646105e-06,242
Pseudoduganella,shanghai2022,logreg,0.00016522403495451856,-5.0596101382656874e-20,-8.897433704646205e-06,8.897433704646105e-06,243
Pseudolabrys,shanghai2022,logreg,0.00016522403495451856,-5.0596101382656874e-20,-8.897433704646205e-06,8.897433704646105e-06,244
Taibaiella,shanghai2022,logreg,0.00016522403495451856,-5.0596101382656874e-20,-8.897433704646205e-06,8.897433704646105e-06,245
Pseudonocardia,shanghai2022,logreg,0.00016522403495451856,-5.0596101382656874e-20,-8.897433704646205e-06,8.897433704646105e-06,246
Sumerlaea,shanghai2022,logreg,0.00016522403495451856,-5.0596101382656874e-20,-8.897433704646205e-06,8.897433704646105e-06,247
Sulfurifustis,shanghai2022,logreg,0.00016522403495451856,-5.0596101382656874e-20,-8.897433704646205e-06,8.897433704646105e-06,248
Pseudorhodoplanes,shanghai2022,logreg,0.00016522403495451856,-5.0596101382656874e-20,-8.897433704646205e-06,8.897433704646105e-06,249
Subgroup 10,shanghai2022,logreg,0.00016522403495451856,-5.0596101382656874e-20,-8.897433704646205e-06,8.897433704646105e-06,250
Pseudoxanthomonas,shanghai2022,logreg,0.00016522403495451856,-5.0596101382656874e-20,-8.897433704646205e-06,8.897433704646105e-06,251
Streptomyces,shanghai2022,logreg,0.00016522403495451856,-5.0596101382656874e-20,-8.897433704646205e-06,8.897433704646105e-06,252
Psychrobacillus,shanghai2022,logreg,0.00016522403495451856,-5.0596101382656874e-20,-8.897433704646205e-06,8.897433704646105e-06,253
Steroidobacter,shanghai2022,logreg,0.00016522403495451856,-5.0596101382656874e-20,-8.897433704646205e-06,8.897433704646105e-06,254
Stenotrophobacter,shanghai2022,logreg,0.00016522403495451856,-5.0596101382656874e-20,-8.897433704646205e-06,8.897433704646105e-06,255
ADurb.Bin063-1,shanghai2022,logreg,0.00016522403495451856,-5.0596101382656874e-20,-8.897433704646205e-06,8.897433704646105e-06,256
Latilactobacillus,shanghai2022,logreg,0.00016522403495451856,-5.0596101382656874e-20,-8.897433704646205e-06,8.897433704646105e-06,257
Opitutus,shanghai2022,logreg,0.00016522403495451856,-5.0596101382656874e-20,-8.897433704646205e-06,8.897433704646105e-06,258
Cupriavidus,shanghai2022,logreg,0.00016522403495451856,-5.0596101382656874e-20,-8.897433704646205e-06,8.897433704646105e-06,259
Candidatus Nitrososphaera,shanghai2022,logreg,0.00016522403495451856,-5.0596101382656874e-20,-8.897433704646205e-06,8.897433704646105e-06,260
Candidatus Solibacter,shanghai2022,logreg,0.00016522403495451856,-5.0596101382656874e-20,-8.897433704646205e-06,8.897433704646105e-06,261
Candidatus Udaeobacter,shanghai2022,logreg,0.00016522403495451856,-5.0596101382656874e-20,-8.897433704646205e-06,8.897433704646105e-06,262
Castellaniella,shanghai2022,logreg,0.00016522403495451856,-5.0596101382656874e-20,-8.897433704646205e-06,8.897433704646105e-06,263
Catenibacillus,shanghai2022,logreg,0.00016522403495451856,-5.0596101382656874e-20,-8.897433704646205e-06,8.897433704646105e-06,264
Catenisphaera,shanghai2022,logreg,0.00016522403495451856,-5.0596101382656874e-20,-8.897433704646205e-06,8.897433704646105e-06,265
Cellvibrio,shanghai2022,logreg,0.00016522403495451856,-5.0596101382656874e-20,-8.897433704646205e-06,8.897433704646105e-06,266
Chitinophaga,shanghai2022,logreg,0.00016522403495451856,-5.0596101382656874e-20,-8.897433704646205e-06,8.897433704646105e-06,267
Chryseobacterium,shanghai2022,logreg,0.00016522403495451856,-5.0596101382656874e-20,-8.897433704646205e-06,8.897433704646105e-06,268
Chryseolinea,shanghai2022,logreg,0.00016522403495451856,-5.0596101382656874e-20,-8.897433704646205e-06,8.897433704646105e-06,269
Chthoniobacter,shanghai2022,logreg,0.00016522403495451856,-5.0596101382656874e-20,-8.897433704646205e-06,8.897433704646105e-06,270
Citricoccus,shanghai2022,logreg,0.00016522403495451856,-5.0596101382656874e-20,-8.897433704646205e-06,8.897433704646105e-06,271
Citrifermentans,shanghai2022,logreg,0.00016522403495451856,-5.0596101382656874e-20,-8.897433704646205e-06,8.897433704646105e-06,272
Coriobacteriaceae UCG-003,shanghai2022,logreg,0.00016522403495451856,-5.0596101382656874e-20,-8.897433704646205e-06,8.897433704646105e-06,273
Curvibacter,shanghai2022,logreg,0.00016522403495451856,-5.0596101382656874e-20,-8.897433704646205e-06,8.897433704646105e-06,274
Faecalibaculum,shanghai2022,logreg,0.00016522403495451856,-5.0596101382656874e-20,-8.897433704646205e-06,8.897433704646105e-06,275
Cutibacterium,shanghai2022,logreg,0.00016522403495451856,-5.0596101382656874e-20,-8.897433704646205e-06,8.897433704646105e-06,276
Dactylosporangium,shanghai2022,logreg,0.00016522403495451856,-5.0596101382656874e-20,-8.897433704646205e-06,8.897433704646105e-06,277
Dethiobacter,shanghai2022,logreg,0.00016522403495451856,-5.0596101382656874e-20,-8.897433704646205e-06,8.897433704646105e-06,278
Diaphorobacter,shanghai2022,logreg,0.00016522403495451856,-5.0596101382656874e-20,-8.897433704646205e-06,8.897433704646105e-06,279
Dinghuibacter,shanghai2022,logreg,0.00016522403495451856,-5.0596101382656874e-20,-8.897433704646205e-06,8.897433704646105e-06,280
Dokdonella,shanghai2022,logreg,0.00016522403495451856,-5.0596101382656874e-20,-8.897433704646205e-06,8.897433704646105e-06,281
Dongia,shanghai2022,logreg,0.00016522403495451856,-5.0596101382656874e-20,-8.897433704646205e-06,8.897433704646105e-06,282
Edaphobaculum,shanghai2022,logreg,0.00016522403495451856,-5.0596101382656874e-20,-8.897433704646205e-06,8.897433704646105e-06,283
Ellin6055,shanghai2022,logreg,0.00016522403495451856,-5.0596101382656874e-20,-8.897433704646205e-06,8.897433704646105e-06,284
Ellin6067,shanghai2022,logreg,0.00016522403495451856,-5.0596101382656874e-20,-8.897433704646205e-06,8.897433704646105e-06,285
Elusimicrobium,shanghai2022,logreg,0.00016522403495451856,-5.0596101382656874e-20,-8.897433704646205e-06,8.897433704646105e-06,286
Enterorhabdus,shanghai2022,logreg,0.00016522403495451856,-5.0596101382656874e-20,-8.897433704646205e-06,8.897433704646105e-06,287
Enteroscipio,shanghai2022,logreg,0.00016522403495451856,-5.0596101382656874e-20,-8.897433704646205e-06,8.897433704646105e-06,288
Ohtaekwangia,shanghai2022,logreg,0.00016522403495451856,-5.0596101382656874e-20,-8.897433704646205e-06,8.897433704646105e-06,289
Candidatus Nitrocosmicus,shanghai2022,logreg,0.00016522403495451856,-5.0596101382656874e-20,-8.897433704646205e-06,8.897433704646105e-06,290
Candidatus Entotheonella,shanghai2022,logreg,0.00016522403495451856,-5.0596101382656874e-20,-8.897433704646205e-06,8.897433704646105e-06,291
Caenimonas,shanghai2022,logreg,0.00016522403495451856,-5.0596101382656874e-20,-8.897433704646205e-06,8.897433704646105e-06,292
CL500-29 marine group,shanghai2022,logreg,0.00016522403495451856,-5.0596101382656874e-20,-8.897433704646205e-06,8.897433704646105e-06,293
Acidibacter,shanghai2022,logreg,0.00016522403495451856,-5.0596101382656874e-20,-8.897433704646205e-06,8.897433704646105e-06,294
Actinocorallia,shanghai2022,logreg,0.00016522403495451856,-5.0596101382656874e-20,-8.897433704646205e-06,8.897433704646105e-06,295
Adhaeribacter,shanghai2022,logreg,0.00016522403495451856,-5.0596101382656874e-20,-8.897433704646205e-06,8.897433704646105e-06,296
Aeromicrobium,shanghai2022,logreg,0.00016522403495451856,-5.0596101382656874e-20,-8.897433704646205e-06,8.897433704646105e-06,297
Afipia,shanghai2022,logreg,0.00016522403495451856,-5.0596101382656874e-20,-8.897433704646205e-06,8.897433704646105e-06,298
Agromyces,shanghai2022,logreg,0.00016522403495451856,-5.0596101382656874e-20,-8.897433704646205e-06,8.897433704646105e-06,299
Ahniella,shanghai2022,logreg,0.00016522403495451856,-5.0596101382656874e-20,-8.897433704646205e-06,8.897433704646105e-06,300
Alkalicoccus,shanghai2022,logreg,0.00016522403495451856,-5.0596101382656874e-20,-8.897433704646205e-06,8.897433704646105e-06,301
Allorhizobium-Neorhizobium-Pararhizobium-Rhizobium,shanghai2022,logreg,0.00016522403495451856,-5.0596101382656874e-20,-8.897433704646205e-06,8.897433704646105e-06,302
Altererythrobacter,shanghai2022,logreg,0.00016522403495451856,-5.0596101382656874e-20,-8.897433704646205e-06,8.897433704646105e-06,303
Ammoniphilus,shanghai2022,logreg,0.00016522403495451856,-5.0596101382656874e-20,-8.897433704646205e-06,8.897433704646105e-06,304
Anaerobacillus,shanghai2022,logreg,0.00016522403495451856,-5.0596101382656874e-20,-8.897433704646205e-06,8.897433704646105e-06,305
Anaerofustis,shanghai2022,logreg,0.00016522403495451856,-5.0596101382656874e-20,-8.897433704646205e-06,8.897433704646105e-06,306
Angelakisella,shanghai2022,logreg,0.00016522403495451856,-5.0596101382656874e-20,-8.897433704646205e-06,8.897433704646105e-06,307
Aquabacterium,shanghai2022,logreg,0.00016522403495451856,-5.0596101382656874e-20,-8.897433704646205e-06,8.897433704646105e-06,308
Aquicella,shanghai2022,logreg,0.00016522403495451856,-5.0596101382656874e-20,-8.897433704646205e-06,8.897433704646105e-06,309
Archangium,shanghai2022,logreg,0.00016522403495451856,-5.0596101382656874e-20,-8.897433704646205e-06,8.897433704646105e-06,310
Arenimonas,shanghai2022,logreg,0.00016522403495451856,-5.0596101382656874e-20,-8.897433704646205e-06,8.897433704646105e-06,311
Aridibacter,shanghai2022,logreg,0.00016522403495451856,-5.0596101382656874e-20,-8.897433704646205e-06,8.897433704646105e-06,312
Asteroleplasma,shanghai2022,logreg,0.00016522403495451856,-5.0596101382656874e-20,-8.897433704646205e-06,8.897433704646105e-06,313
Azoarcus,shanghai2022,logreg,0.00016522403495451856,-5.0596101382656874e-20,-8.897433704646205e-06,8.897433704646105e-06,314
BD1-7 clade,shanghai2022,logreg,0.00016522403495451856,-5.0596101382656874e-20,-8.897433704646205e-06,8.897433704646105e-06,315
BIyi10,shanghai2022,logreg,0.00016522403495451856,-5.0596101382656874e-20,-8.897433704646205e-06,8.897433704646105e-06,316
Bauldia,shanghai2022,logreg,0.00016522403495451856,-5.0596101382656874e-20,-8.897433704646205e-06,8.897433704646105e-06,317
Bdellovibrio,shanghai2022,logreg,0.00016522403495451856,-5.0596101382656874e-20,-8.897433704646205e-06,8.897433704646105e-06,318
Blastococcus,shanghai2022,logreg,0.00016522403495451856,-5.0596101382656874e-20,-8.897433704646205e-06,8.897433704646105e-06,319
Bradyrhizobium,shanghai2022,logreg,0.00016522403495451856,-5.0596101382656874e-20,-8.897433704646205e-06,8.897433704646105e-06,320
Bryobacter,shanghai2022,logreg,0.00016522403495451856,-5.0596101382656874e-20,-8.897433704646205e-06,8.897433704646105e-06,321
CAG-873,shanghai2022,logreg,0.00016522403495451856,-5.0596101382656874e-20,-8.897433704646205e-06,8.897433704646105e-06,322
Eubacterium oxidoreducens group,shanghai2022,logreg,0.00016522403495451856,-5.0596101382656874e-20,-8.897433704646205e-06,8.897433704646105e-06,323
Erysipelotrichaceae UCG-006,shanghai2022,logreg,0.00016522403495451856,-5.0596101382656874e-20,-8.897433704646205e-06,8.897433704646105e-06,324
Ferruginibacter,shanghai2022,logreg,0.00016522403495451856,-5.0596101382656874e-20,-8.897433704646205e-06,8.897433704646105e-06,325
Microvirga,shanghai2022,logreg,0.00016522403495451856,-5.0596101382656874e-20,-8.897433704646205e-06,8.897433704646105e-06,326
Longimicrobium,shanghai2022,logreg,0.00016522403495451856,-5.0596101382656874e-20,-8.897433704646205e-06,8.897433704646105e-06,327
Luedemannella,shanghai2022,logreg,0.00016522403495451856,-5.0596101382656874e-20,-8.897433704646205e-06,8.897433704646105e-06,328
Luteolibacter,shanghai2022,logreg,0.00016522403495451856,-5.0596101382656874e-20,-8.897433704646205e-06,8.897433704646105e-06,329
Lysinibacillus,shanghai2022,logreg,0.00016522403495451856,-5.0596101382656874e-20,-8.897433704646205e-06,8.897433704646105e-06,330
Lysobacter,shanghai2022,logreg,0.00016522403495451856,-5.0596101382656874e-20,-8.897433704646205e-06,8.897433704646105e-06,331
MND1,shanghai2022,logreg,0.00016522403495451856,-5.0596101382656874e-20,-8.897433704646205e-06,8.897433704646105e-06,332
Marmoricola,shanghai2022,logreg,0.00016522403495451856,-5.0596101382656874e-20,-8.897433704646205e-06,8.897433704646105e-06,333
Massilia,shanghai2022,logreg,0.00016522403495451856,-5.0596101382656874e-20,-8.897433704646205e-06,8.897433704646105e-06,334
Mesorhizobium,shanghai2022,logreg,0.00016522403495451856,-5.0596101382656874e-20,-8.897433704646205e-06,8.897433704646105e-06,335
Methyloceanibacter,shanghai2022,logreg,0.00016522403495451856,-5.0596101382656874e-20,-8.897433704646205e-06,8.897433704646105e-06,336
Methylotenera,shanghai2022,logreg,0.00016522403495451856,-5.0596101382656874e-20,-8.897433704646205e-06,8.897433704646105e-06,337
Methyloversatilis,shanghai2022,logreg,0.00016522403495451856,-5.0596101382656874e-20,-8.897433704646205e-06,8.897433704646105e-06,338
Microbacterium,shanghai2022,logreg,0.00016522403495451856,-5.0596101382656874e-20,-8.897433704646205e-06,8.897433704646105e-06,339
Microlunatus,shanghai2022,logreg,0.00016522403495451856,-5.0596101382656874e-20,-8.897433704646205e-06,8.897433704646105e-06,340
Muribaculum,shanghai2022,logreg,0.00016522403495451856,-5.0596101382656874e-20,-8.897433704646205e-06,8.897433704646105e-06,341
Leucobacter,shanghai2022,logreg,0.00016522403495451856,-5.0596101382656874e-20,-8.897433704646205e-06,8.897433704646105e-06,342
Mycobacterium,shanghai2022,logreg,0.00016522403495451856,-5.0596101382656874e-20,-8.897433704646205e-06,8.897433704646105e-06,343
Nannocystis,shanghai2022,logreg,0.00016522403495451856,-5.0596101382656874e-20,-8.897433704646205e-06,8.897433704646105e-06,344
Niastella,shanghai2022,logreg,0.00016522403495451856,-5.0596101382656874e-20,-8.897433704646205e-06,8.897433704646105e-06,345
Nitrolancea,shanghai2022,logreg,0.00016522403495451856,-5.0596101382656874e-20,-8.897433704646205e-06,8.897433704646105e-06,346
Nitrosococcus,shanghai2022,logreg,0.00016522403495451856,-5.0596101382656874e-20,-8.897433704646205e-06,8.897433704646105e-06,347
Nitrosospira,shanghai2022,logreg,0.00016522403495451856,-5.0596101382656874e-20,-8.897433704646205e-06,8.897433704646105e-06,348
Nitrospira,shanghai2022,logreg,0.00016522403495451856,-5.0596101382656874e-20,-8.897433704646205e-06,8.897433704646105e-06,349
Nocardioides,shanghai2022,logreg,0.00016522403495451856,-5.0596101382656874e-20,-8.897433704646205e-06,8.897433704646105e-06,350
Nonomuraea,shanghai2022,logreg,0.00016522403495451856,-5.0596101382656874e-20,-8.897433704646205e-06,8.897433704646105e-06,351
Nordella,shanghai2022,logreg,0.00016522403495451856,-5.0596101382656874e-20,-8.897433704646205e-06,8.897433704646105e-06,352
Novosphingobium,shanghai2022,logreg,0.00016522403495451856,-5.0596101382656874e-20,-8.897433704646205e-06,8.897433704646105e-06,353
OLB17,shanghai2022,logreg,0.00016522403495451856,-5.0596101382656874e-20,-8.897433704646205e-06,8.897433704646105e-06,354
OM27 clade,shanghai2022,logreg,0.00016522403495451856,-5.0596101382656874e-20,-8.897433704646205e-06,8.897433704646105e-06,355
Oceanicaulis,shanghai2022,logreg,0.00016522403495451856,-5.0596101382656874e-20,-8.897433704646205e-06,8.897433704646105e-06,356
Flavisolibacter,shanghai2022,logreg,0.00016522403495451856,-5.0596101382656874e-20,-8.897433704646205e-06,8.897433704646105e-06,357
Levilactobacillus,shanghai2022,logreg,0.00016522403495451856,-5.0596101382656874e-20,-8.897433704646205e-06,8.897433704646105e-06,358
Legionella,shanghai2022,logreg,0.00016522403495451856,-5.0596101382656874e-20,-8.897433704646205e-06,8.897433704646105e-06,359
Kribbella,shanghai2022,logreg,0.00016522403495451856,-5.0596101382656874e-20,-8.897433704646205e-06,8.897433704646105e-06,360
Flavitalea,shanghai2022,logreg,0.00016522403495451856,-5.0596101382656874e-20,-8.897433704646205e-06,8.897433704646105e-06,361
Flavobacterium,shanghai2022,logreg,0.00016522403495451856,-5.0596101382656874e-20,-8.897433704646205e-06,8.897433704646105e-06,362
Fluviicola,shanghai2022,logreg,0.00016522403495451856,-5.0596101382656874e-20,-8.897433704646205e-06,8.897433704646105e-06,363
Gaiella,shanghai2022,logreg,0.00016522403495451856,-5.0596101382656874e-20,-8.897433704646205e-06,8.897433704646105e-06,364
Gemmatimonas,shanghai2022,logreg,0.00016522403495451856,-5.0596101382656874e-20,-8.897433704646205e-06,8.897433704646105e-06,365
Haliangium,shanghai2022,logreg,0.00016522403495451856,-5.0596101382656874e-20,-8.897433704646205e-06,8.897433704646105e-06,366
Hassallia,shanghai2022,logreg,0.00016522403495451856,-5.0596101382656874e-20,-8.897433704646205e-06,8.897433704646105e-06,367
Helicobacter,shanghai2022,logreg,0.00016522403495451856,-5.0596101382656874e-20,-8.897433704646205e-06,8.897433704646105e-06,368
Hirschia,shanghai2022,logreg,0.00016522403495451856,-5.0596101382656874e-20,-8.897433704646205e-06,8.897433704646105e-06,369
Howardella,shanghai2022,logreg,0.00016522403495451856,-5.0596101382656874e-20,-8.897433704646205e-06,8.897433704646105e-06,370
Hyphomicrobium,shanghai2022,logreg,0.00016522403495451856,-5.0596101382656874e-20,-8.897433704646205e-06,8.897433704646105e-06,371
IS-44,shanghai2022,logreg,0.00016522403495451856,-5.0596101382656874e-20,-8.897433704646205e-06,8.897433704646105e-06,372
Ilumatobacter,shanghai2022,logreg,0.00016522403495451856,-5.0596101382656874e-20,-8.897433704646205e-06,8.897433704646105e-06,373
JGI 0001001-H03,shanghai2022,logreg,0.00016522403495451856,-5.0596101382656874e-20,-8.897433704646205e-06,8.897433704646105e-06,374
Iamia,shanghai2022,logreg,0.00016522403495451856,-5.0596101382656874e-20,-8.897433704646205e-06,8.897433704646105e-06,375
Lachnospiraceae NC2004 group,shanghai2022,logreg,0.00016522403495451856,-5.0596101382656874e-20,-8.897433704646205e-06,8.897433704646105e-06,376
Lachnospiraceae UCG-006,shanghai2022,logreg,0.00016522403495451856,-5.0596101382656874e-20,-8.897433704646205e-06,8.897433704646105e-06,377
Lechevalieria,shanghai2022,logreg,0.00016522403495451856,-5.0596101382656874e-20,-8.897433704646205e-06,8.897433704646105e-06,378
Lacunisphaera,shanghai2022,logreg,0.00016522403495451856,-5.0596101382656874e-20,-8.897433704646205e-06,8.897433704646105e-06,379
Lacibacter,shanghai2022,logreg,0.00016522403495451856,-5.0596101382656874e-20,-8.897433704646205e-06,8.897433704646105e-06,380
Lactiplantibacillus,shanghai2022,logreg,0.00016522403495451856,-5.0596101382656874e-20,-8.897433704646205e-06,8.897433704646105e-06,381
Lachnospiraceae NK3A20 group,shanghai2022,logreg,0.00016522403495451856,-5.0596101382656874e-20,-8.897433704646205e-06,8.897433704646105e-06,382
wb1-P19,shanghai2022,logreg,0.00016522403495451856,-5.0596101382656874e-20,-8.897433704646205e-06,8.897433704646105e-06,383
Achromobacter,shanghai2022,logreg,0.00016440197081214885,-7.860465750519907e-20,-2.5505938238900943e-05,2.5505938238900794e-05,384
Methylobacterium-Methylorubrum,shanghai2022,logreg,0.00016000272468129549,-5.872761767629815e-20,-2.5375152011406602e-05,2.5375152011406477e-05,385
Bacillus,shanghai2022,logreg,0.00015283864853817737,-5.963111948670275e-20,-9.393516609295298e-06,9.393516609295171e-06,386
Rubrobacter,shanghai2022,logreg,0.0001493617250372063,-4.1561083278611006e-20,-1.595086218722179e-05,1.5950862187221708e-05,387
Burkholderia-Caballeronia-Paraburkholderia,shanghai2022,logreg,0.00014303316208515688,-3.342956698496972e-20,-1.3149976313650943e-05,1.3149976313650871e-05,388
Sarcina,shanghai2022,logreg,0.00013262074700743718,3.4784819700576603e-20,1.777571448700542e-05,-1.777571448700536e-05,389
Pseudoflavonifractor,shanghai2022,logreg,0.00012542069556903385,1.4230153513872246e-20,-5.0479055261546664e-05,5.0479055261546684e-05,390
Caulobacter,shanghai2022,logreg,0.00012160244881827766,-2.574980159653073e-20,-1.1447952523572527e-05,1.1447952523572476e-05,391
Leuconostoc,shanghai2022,logreg,0.0001160007876720484,-2.574980159653073e-20,-2.850094160730284e-05,2.8500941607302774e-05,392
Enhydrobacter,shanghai2022,logreg,0.00010156956710394416,-1.6263032587282566e-20,-1.3963436355590844e-05,1.3963436355590817e-05,393
Nesterenkonia,shanghai2022,logreg,9.64229266043474e-05,-1.2423149893063071e-20,-3.3216403953923664e-05,3.321640395392364e-05,394
Sphingomonas,shanghai2022,logreg,9.047439170859995e-05,1.4456028966473392e-20,-3.928728989935262e-06,3.92872898993529e-06,395
Psychrobacter,shanghai2022,logreg,6.907530675634702e-05,-1.377840260866995e-20,-5.05754221638563e-07,5.057542216385391e-07,396
Bacteroides,shanghai2022,lgbm,1.2433660228200367,0.03217979722263836,0.8923471689431974,-0.8279875744979207,1
Streptococcus,shanghai2022,lgbm,0.892456926322922,-0.01998243324948812,0.6808392529539001,-0.7208041194528761,2
Incertae Sedis,shanghai2022,lgbm,0.6734267953851926,0.0047091510441116,0.37828987184397767,-0.36887156975575436,3
Actinomyces,shanghai2022,lgbm,0.46719172201865283,-0.0340228867189775,0.30261910073508635,-0.37066487417304145,4
Lachnospiraceae UCG-004,shanghai2022,lgbm,0.4153954702105193,-0.010278132518665278,0.28790064681236094,-0.30845691184969154,5
Sutterella,shanghai2022,lgbm,0.36313035816215444,-0.047628677981093825,0.06555538118965785,-0.1608127371518455,6
Eggerthella,shanghai2022,lgbm,0.17514487701543838,0.005626198504506384,0.06568542850924977,-0.054433031500237,7
TM7x,shanghai2022,lgbm,0.16635734318368575,-0.01755923939481836,0.005933599166703244,-0.041052077956339965,8
Faecalibacterium,shanghai2022,lgbm,0.15452610102501743,-0.0005971229766479967,-0.06094200397166088,0.0597477580183649,9
Butyricimonas,shanghai2022,lgbm,0.1361001909819273,-0.01655604089795583,0.025640437659854316,-0.05875251945576598,10
[Eubacterium] siraeum group,shanghai2022,lgbm,0.12303063558541873,0.027041736810742678,0.0229474821480424,0.031135991473442964,11
Enterobacter,shanghai2022,lgbm,0.113462825330496,0.03673015480735382,0.05331365313255355,0.02014665648215409,12
Rothia,shanghai2022,lgbm,0.10481850416320805,0.006235256781618731,0.04446618303423819,-0.03199566947100072,13
Parabacteroides,shanghai2022,lgbm,0.08882378846227551,-0.03929293360123282,-0.01717191103373238,-0.06141395616873329,14
Holdemania,shanghai2022,lgbm,0.06829182024538642,0.018843747455046557,0.04706121911757232,-0.009373724207479202,15
Roseburia,shanghai2022,lgbm,0.05730641250718492,0.02543363518081699,0.025433635180816982,0.02543363518081699,16
Colidextribacter,shanghai2022,lgbm,0.05441623821858366,-0.010311563139846288,0.013311104496206153,-0.03393423077589872,17
Akkermansia,shanghai2022,lgbm,0.045637055404892095,-0.0015746118504607629,0.013422035395357195,-0.016571259096278726,18
Lachnospira,shanghai2022,lgbm,0.03573077913823175,0.013072236270084785,0.0366022615562374,-0.010457789016067831,19
UCG-003,shanghai2022,lgbm,0.026802678291964147,0.010912491342455699,0.0155908776968101,0.006234104988101294,20
Gemella,shanghai2022,lgbm,0.0256083875248544,0.0056907527833009765,0.021245169478170435,-0.009863663911568479,21
Prevotella_9,shanghai2022,lgbm,0.024147292372442997,0.0067658974894899155,0.012660092724948436,0.0008717022540313949,22
Haemophilus,shanghai2022,lgbm,0.023987451623879223,0.007724988017425527,0.014377814038247495,0.00107216199660356,23
Dorea,shanghai2022,lgbm,0.016247639043553152,0.007455885975785434,0.012370231743401159,0.0025415402081697095,24
[Eubacterium] xylanophilum group,shanghai2022,lgbm,0.012199501585515601,0.012199501585515601,0.012199501585515601,0.012199501585515601,25
Erysipelatoclostridium,shanghai2022,lgbm,0.01079576462269355,-0.002655259586267259,0.00424688798594319,-0.009557407158477709,26
[Eubacterium] fissicatena group,shanghai2022,lgbm,0.00851614607400928,-0.00851614607400928,-0.00851614607400928,-0.00851614607400928,27
Eisenbergiella,shanghai2022,lgbm,0.006244314408980438,-0.0007493177290776522,-0.0007493177290776522,-0.0007493177290776522,28
Eubacterium ventriosum group,shanghai2022,lgbm,0.004439689931628581,-0.004439689931628581,-0.004439689931628581,-0.004439689931628581,29
Pyramidobacter,shanghai2022,lgbm,0.004382919152942057,0.004382919152942057,0.004382919152942057,0.004382919152942057,30
Eubacterium hallii group,shanghai2022,lgbm,0.004284892405107987,0.00018105179176512628,0.00018105179176512628,0.00018105179176512628,31
Peptococcus,shanghai2022,lgbm,0.0,0.0,0.0,0.0,32
Pelagibacterium,shanghai2022,lgbm,0.0,0.0,0.0,0.0,33
Marmoricola,shanghai2022,lgbm,0.0,0.0,0.0,0.0,34
Marvinbryantia,shanghai2022,lgbm,0.0,0.0,0.0,0.0,35
Pedomicrobium,shanghai2022,lgbm,0.0,0.0,0.0,0.0,36
Pedobacter,shanghai2022,lgbm,0.0,0.0,0.0,0.0,37
Parvimonas,shanghai2022,lgbm,0.0,0.0,0.0,0.0,38
Microlunatus,shanghai2022,lgbm,0.0,0.0,0.0,0.0,39
Parasutterella,shanghai2022,lgbm,0.0,0.0,0.0,0.0,40
Peptoniphilus,shanghai2022,lgbm,0.0,0.0,0.0,0.0,41
Paraprevotella,shanghai2022,lgbm,0.0,0.0,0.0,0.0,42
Paracoccus,shanghai2022,lgbm,0.0,0.0,0.0,0.0,43
Massilia,shanghai2022,lgbm,0.0,0.0,0.0,0.0,44
Papillibacter,shanghai2022,lgbm,0.0,0.0,0.0,0.0,45
Pannonibacter,shanghai2022,lgbm,0.0,0.0,0.0,0.0,46
Paludicola,shanghai2022,lgbm,0.0,0.0,0.0,0.0,47
Pajaroellobacter,shanghai2022,lgbm,0.0,0.0,0.0,0.0,48
Parapusillimonas,shanghai2022,lgbm,0.0,0.0,0.0,0.0,49
Peptostreptococcus,shanghai2022,lgbm,0.0,0.0,0.0,0.0,50
MND1,shanghai2022,lgbm,0.0,0.0,0.0,0.0,51
Paeniclostridium,shanghai2022,lgbm,0.0,0.0,0.0,0.0,52
Prevotellaceae NK3B31 group,shanghai2022,lgbm,0.0,0.0,0.0,0.0,53
Lysinibacillus,shanghai2022,lgbm,0.0,0.0,0.0,0.0,54
Prevotella_7,shanghai2022,lgbm,0.0,0.0,0.0,0.0,55
Prevotella,shanghai2022,lgbm,0.0,0.0,0.0,0.0,56
Lysobacter,shanghai2022,lgbm,0.0,0.0,0.0,0.0,57
Porphyromonas,shanghai2022,lgbm,0.0,0.0,0.0,0.0,58
Pontibacter,shanghai2022,lgbm,0.0,0.0,0.0,0.0,59
Polycyclovorans,shanghai2022,lgbm,0.0,0.0,0.0,0.0,60
Polyangium,shanghai2022,lgbm,0.0,0.0,0.0,0.0,61
Polaromonas,shanghai2022,lgbm,0.0,0.0,0.0,0.0,62
Phocea,shanghai2022,lgbm,0.0,0.0,0.0,0.0,63
Phenylobacterium,shanghai2022,lgbm,0.0,0.0,0.0,0.0,64
Phaselicystis,shanghai2022,lgbm,0.0,0.0,0.0,0.0,65
Phascolarctobacterium,shanghai2022,lgbm,0.0,0.0,0.0,0.0,66
Peredibacter,shanghai2022,lgbm,0.0,0.0,0.0,0.0,67
Paenisporosarcina,shanghai2022,lgbm,0.0,0.0,0.0,0.0,68
Paenibacillus,shanghai2022,lgbm,0.0,0.0,0.0,0.0,69
Microvirga,shanghai2022,lgbm,0.0,0.0,0.0,0.0,70
Negativibacillus,shanghai2022,lgbm,0.0,0.0,0.0,0.0,71
Nitrospira,shanghai2022,lgbm,0.0,0.0,0.0,0.0,72
Methyloceanibacter,shanghai2022,lgbm,0.0,0.0,0.0,0.0,73
Nitrosospira,shanghai2022,lgbm,0.0,0.0,0.0,0.0,74
Methylotenera,shanghai2022,lgbm,0.0,0.0,0.0,0.0,75
Nitrosococcus,shanghai2022,lgbm,0.0,0.0,0.0,0.0,76
Nitrolancea,shanghai2022,lgbm,0.0,0.0,0.0,0.0,77
Niastella,shanghai2022,lgbm,0.0,0.0,0.0,0.0,78
Nesterenkonia,shanghai2022,lgbm,0.0,0.0,0.0,0.0,79
Nannocystis,shanghai2022,lgbm,0.0,0.0,0.0,0.0,80
P3OB-42,shanghai2022,lgbm,0.0,0.0,0.0,0.0,81
Methyloversatilis,shanghai2022,lgbm,0.0,0.0,0.0,0.0,82
NK4A214 group,shanghai2022,lgbm,0.0,0.0,0.0,0.0,83
Microbacterium,shanghai2022,lgbm,0.0,0.0,0.0,0.0,84
Mycobacterium,shanghai2022,lgbm,0.0,0.0,0.0,0.0,85
Muribaculum,shanghai2022,lgbm,0.0,0.0,0.0,0.0,86
Monoglobus,shanghai2022,lgbm,0.0,0.0,0.0,0.0,87
Mogibacterium,shanghai2022,lgbm,0.0,0.0,0.0,0.0,88
Mitsuokella,shanghai2022,lgbm,0.0,0.0,0.0,0.0,89
Nocardioides,shanghai2022,lgbm,0.0,0.0,0.0,0.0,90
Methylobacterium-Methylorubrum,shanghai2022,lgbm,0.0,0.0,0.0,0.0,91
Methanobrevibacter,shanghai2022,lgbm,0.0,0.0,0.0,0.0,92
Nonomuraea,shanghai2022,lgbm,0.0,0.0,0.0,0.0,93
Oxalobacter,shanghai2022,lgbm,0.0,0.0,0.0,0.0,94
Oscillospira,shanghai2022,lgbm,0.0,0.0,0.0,0.0,95
Oscillibacter,shanghai2022,lgbm,0.0,0.0,0.0,0.0,96
Oribacterium,shanghai2022,lgbm,0.0,0.0,0.0,0.0,97
Megamonas,shanghai2022,lgbm,0.0,0.0,0.0,0.0,98
Opitutus,shanghai2022,lgbm,0.0,0.0,0.0,0.0,99
Olsenella,shanghai2022,lgbm,0.0,0.0,0.0,0.0,100
Ohtaekwangia,shanghai2022,lgbm,0.0,0.0,0.0,0.0,101
Odoribacter,shanghai2022,lgbm,0.0,0.0,0.0,0.0,102
Megasphaera,shanghai2022,lgbm,0.0,0.0,0.0,0.0,103
Oceanicaulis,shanghai2022,lgbm,0.0,0.0,0.0,0.0,104
Merdibacter,shanghai2022,lgbm,0.0,0.0,0.0,0.0,105
OM27 clade,shanghai2022,lgbm,0.0,0.0,0.0,0.0,106
OLB17,shanghai2022,lgbm,0.0,0.0,0.0,0.0,107
Mesorhizobium,shanghai2022,lgbm,0.0,0.0,0.0,0.0,108
Novosphingobium,shanghai2022,lgbm,0.0,0.0,0.0,0.0,109
Nordella,shanghai2022,lgbm,0.0,0.0,0.0,0.0,110
ADurb.Bin063-1,shanghai2022,lgbm,0.0,0.0,0.0,0.0,111
Pseudonocardia,shanghai2022,lgbm,0.0,0.0,0.0,0.0,112
Prevotellaceae UCG-001,shanghai2022,lgbm,0.0,0.0,0.0,0.0,113
Terrisporobacter,shanghai2022,lgbm,0.0,0.0,0.0,0.0,114
UCG-002,shanghai2022,lgbm,0.0,0.0,0.0,0.0,115
UC5-1-2E3,shanghai2022,lgbm,0.0,0.0,0.0,0.0,116
UBA1819,shanghai2022,lgbm,0.0,0.0,0.0,0.0,117
Tyzzerella,shanghai2022,lgbm,0.0,0.0,0.0,0.0,118
Tuzzerella,shanghai2022,lgbm,0.0,0.0,0.0,0.0,119
Turicibacter,shanghai2022,lgbm,0.0,0.0,0.0,0.0,120
Tumebacillus,shanghai2022,lgbm,0.0,0.0,0.0,0.0,121
Truepera,shanghai2022,lgbm,0.0,0.0,0.0,0.0,122
Thermus,shanghai2022,lgbm,0.0,0.0,0.0,0.0,123
Terrimonas,shanghai2022,lgbm,0.0,0.0,0.0,0.0,124
UCG-005,shanghai2022,lgbm,0.0,0.0,0.0,0.0,125
Taibaiella,shanghai2022,lgbm,0.0,0.0,0.0,0.0,126
Sumerlaea,shanghai2022,lgbm,0.0,0.0,0.0,0.0,127
Sulfurifustis,shanghai2022,lgbm,0.0,0.0,0.0,0.0,128
Succinivibrio,shanghai2022,lgbm,0.0,0.0,0.0,0.0,129
Subgroup 10,shanghai2022,lgbm,0.0,0.0,0.0,0.0,130
Subdoligranulum,shanghai2022,lgbm,0.0,0.0,0.0,0.0,131
Streptomyces,shanghai2022,lgbm,0.0,0.0,0.0,0.0,132
Steroidobacter,shanghai2022,lgbm,0.0,0.0,0.0,0.0,133
Stenotrophomonas,shanghai2022,lgbm,0.0,0.0,0.0,0.0,134
UCG-004,shanghai2022,lgbm,0.0,0.0,0.0,0.0,135
UCG-007,shanghai2022,lgbm,0.0,0.0,0.0,0.0,136
Staphylococcus,shanghai2022,lgbm,0.0,0.0,0.0,0.0,137
YC-ZSS-LKJ147,shanghai2022,lgbm,0.0,0.0,0.0,0.0,138
wb1-A12,shanghai2022,lgbm,0.0,0.0,0.0,0.0,139
mle1-7,shanghai2022,lgbm,0.0,0.0,0.0,0.0,140
[Ruminococcus] gauvreauii group,shanghai2022,lgbm,0.0,0.0,0.0,0.0,141
[Eubacterium] tenue group,shanghai2022,lgbm,0.0,0.0,0.0,0.0,142
[Eubacterium] ruminantium group,shanghai2022,lgbm,0.0,0.0,0.0,0.0,143
[Eubacterium] nodatum group,shanghai2022,lgbm,0.0,0.0,0.0,0.0,144
[Clostridium] innocuum group,shanghai2022,lgbm,0.0,0.0,0.0,0.0,145
[Bacteroides] pectinophilus group,shanghai2022,lgbm,0.0,0.0,0.0,0.0,146
Z20,shanghai2022,lgbm,0.0,0.0,0.0,0.0,147
Woeseia,shanghai2022,lgbm,0.0,0.0,0.0,0.0,148
UCG-009,shanghai2022,lgbm,0.0,0.0,0.0,0.0,149
Weissella,shanghai2022,lgbm,0.0,0.0,0.0,0.0,150
Virgisporangium,shanghai2022,lgbm,0.0,0.0,0.0,0.0,151
Victivallis,shanghai2022,lgbm,0.0,0.0,0.0,0.0,152
Vicinamibacter,shanghai2022,lgbm,0.0,0.0,0.0,0.0,153
Vibrionimonas,shanghai2022,lgbm,0.0,0.0,0.0,0.0,154
Veillonella,shanghai2022,lgbm,0.0,0.0,0.0,0.0,155
V9D2013 group,shanghai2022,lgbm,0.0,0.0,0.0,0.0,156
Undibacterium,shanghai2022,lgbm,0.0,0.0,0.0,0.0,157
UTCFX1,shanghai2022,lgbm,0.0,0.0,0.0,0.0,158
Stenotrophobacter,shanghai2022,lgbm,0.0,0.0,0.0,0.0,159
Sporosarcina,shanghai2022,lgbm,0.0,0.0,0.0,0.0,160
Prevotellaceae UCG-003,shanghai2022,lgbm,0.0,0.0,0.0,0.0,161
Puia,shanghai2022,lgbm,0.0,0.0,0.0,0.0,162
Rhodomicrobium,shanghai2022,lgbm,0.0,0.0,0.0,0.0,163
Rhodococcus,shanghai2022,lgbm,0.0,0.0,0.0,0.0,164
Rhizocola,shanghai2022,lgbm,0.0,0.0,0.0,0.0,165
Rhizobacter,shanghai2022,lgbm,0.0,0.0,0.0,0.0,166
Reyranella,shanghai2022,lgbm,0.0,0.0,0.0,0.0,167
Raoultibacter,shanghai2022,lgbm,0.0,0.0,0.0,0.0,168
Ramlibacter,shanghai2022,lgbm,0.0,0.0,0.0,0.0,169
Ralstonia,shanghai2022,lgbm,0.0,0.0,0.0,0.0,170
RB41,shanghai2022,lgbm,0.0,0.0,0.0,0.0,171
Psychrobacter,shanghai2022,lgbm,0.0,0.0,0.0,0.0,172
Rikenellaceae RC9 gut group,shanghai2022,lgbm,0.0,0.0,0.0,0.0,173
Psychrobacillus,shanghai2022,lgbm,0.0,0.0,0.0,0.0,174
Pseudoxanthomonas,shanghai2022,lgbm,0.0,0.0,0.0,0.0,175
Pseudorhodoplanes,shanghai2022,lgbm,0.0,0.0,0.0,0.0,176
Luedemannella,shanghai2022,lgbm,0.0,0.0,0.0,0.0,177
Pseudomonas,shanghai2022,lgbm,0.0,0.0,0.0,0.0,178
Pseudolabrys,shanghai2022,lgbm,0.0,0.0,0.0,0.0,179
Pseudoflavonifractor,shanghai2022,lgbm,0.0,0.0,0.0,0.0,180
Pseudoduganella,shanghai2022,lgbm,0.0,0.0,0.0,0.0,181
Pseudenhygromyxa,shanghai2022,lgbm,0.0,0.0,0.0,0.0,182
Rhodoplanes,shanghai2022,lgbm,0.0,0.0,0.0,0.0,183
Romboutsia,shanghai2022,lgbm,0.0,0.0,0.0,0.0,184
Sphingomonas,shanghai2022,lgbm,0.0,0.0,0.0,0.0,185
Sellimonas,shanghai2022,lgbm,0.0,0.0,0.0,0.0,186
Solobacterium,shanghai2022,lgbm,0.0,0.0,0.0,0.0,187
Solitalea,shanghai2022,lgbm,0.0,0.0,0.0,0.0,188
Solirubrobacter,shanghai2022,lgbm,0.0,0.0,0.0,0.0,189
Sneathia,shanghai2022,lgbm,0.0,0.0,0.0,0.0,190
Slackia,shanghai2022,lgbm,0.0,0.0,0.0,0.0,191
Skermanella,shanghai2022,lgbm,0.0,0.0,0.0,0.0,192
Shuttleworthia,shanghai2022,lgbm,0.0,0.0,0.0,0.0,193
Serratia,shanghai2022,lgbm,0.0,0.0,0.0,0.0,194
Senegalimassilia,shanghai2022,lgbm,0.0,0.0,0.0,0.0,195
Sediminibacterium,shanghai2022,lgbm,0.0,0.0,0.0,0.0,196
Rubrobacter,shanghai2022,lgbm,0.0,0.0,0.0,0.0,197
Sarcina,shanghai2022,lgbm,0.0,0.0,0.0,0.0,198
Sanguibacteroides,shanghai2022,lgbm,0.0,0.0,0.0,0.0,199
Sandaracinus,shanghai2022,lgbm,0.0,0.0,0.0,0.0,200
Salmonella,shanghai2022,lgbm,0.0,0.0,0.0,0.0,201
Salipaludibacillus,shanghai2022,lgbm,0.0,0.0,0.0,0.0,202
SWB02,shanghai2022,lgbm,0.0,0.0,0.0,0.0,203
Ruminococcus torques group,shanghai2022,lgbm,0.0,0.0,0.0,0.0,204
Ruminococcus gnavus group,shanghai2022,lgbm,0.0,0.0,0.0,0.0,205
Ruminococcus,shanghai2022,lgbm,0.0,0.0,0.0,0.0,206
Luteolibacter,shanghai2022,lgbm,0.0,0.0,0.0,0.0,207
Latilactobacillus,shanghai2022,lgbm,0.0,0.0,0.0,0.0,208
Longimicrobium,shanghai2022,lgbm,0.0,0.0,0.0,0.0,209
Candidatus Entotheonella,shanghai2022,lgbm,0.0,0.0,0.0,0.0,210
Catenibacterium,shanghai2022,lgbm,0.0,0.0,0.0,0.0,211
Catenibacillus,shanghai2022,lgbm,0.0,0.0,0.0,0.0,212
Catabacter,shanghai2022,lgbm,0.0,0.0,0.0,0.0,213
Castellaniella,shanghai2022,lgbm,0.0,0.0,0.0,0.0,214
Candidatus Udaeobacter,shanghai2022,lgbm,0.0,0.0,0.0,0.0,215
Candidatus Solibacter,shanghai2022,lgbm,0.0,0.0,0.0,0.0,216
Candidatus Soleaferrea,shanghai2022,lgbm,0.0,0.0,0.0,0.0,217
Candidatus Nitrososphaera,shanghai2022,lgbm,0.0,0.0,0.0,0.0,218
Candidatus Nitrocosmicus,shanghai2022,lgbm,0.0,0.0,0.0,0.0,219
Campylobacter,shanghai2022,lgbm,0.0,0.0,0.0,0.0,220
Caulobacter,shanghai2022,lgbm,0.0,0.0,0.0,0.0,221
Caenimonas,shanghai2022,lgbm,0.0,0.0,0.0,0.0,222
CL500-29 marine group,shanghai2022,lgbm,0.0,0.0,0.0,0.0,223
CHKCI002,shanghai2022,lgbm,0.0,0.0,0.0,0.0,224
CAG-873,shanghai2022,lgbm,0.0,0.0,0.0,0.0,225
CAG-56,shanghai2022,lgbm,0.0,0.0,0.0,0.0,226
CAG-352,shanghai2022,lgbm,0.0,0.0,0.0,0.0,227
Butyricicoccus,shanghai2022,lgbm,0.0,0.0,0.0,0.0,228
Burkholderia-Caballeronia-Paraburkholderia,shanghai2022,lgbm,0.0,0.0,0.0,0.0,229
Bryobacter,shanghai2022,lgbm,0.0,0.0,0.0,0.0,230
Catenisphaera,shanghai2022,lgbm,0.0,0.0,0.0,0.0,231
Cellvibrio,shanghai2022,lgbm,0.0,0.0,0.0,0.0,232
Limosilactobacillus,shanghai2022,lgbm,0.0,0.0,0.0,0.0,233
Clostridium sensu stricto 1,shanghai2022,lgbm,0.0,0.0,0.0,0.0,234
Curvibacter,shanghai2022,lgbm,0.0,0.0,0.0,0.0,235
Cupriavidus,shanghai2022,lgbm,0.0,0.0,0.0,0.0,236
Corynebacterium,shanghai2022,lgbm,0.0,0.0,0.0,0.0,237
Coriobacteriaceae UCG-003,shanghai2022,lgbm,0.0,0.0,0.0,0.0,238
Coprococcus,shanghai2022,lgbm,0.0,0.0,0.0,0.0,239
Coprobacter,shanghai2022,lgbm,0.0,0.0,0.0,0.0,240
Coprobacillus,shanghai2022,lgbm,0.0,0.0,0.0,0.0,241
Comamonas,shanghai2022,lgbm,0.0,0.0,0.0,0.0,242
Collinsella,shanghai2022,lgbm,0.0,0.0,0.0,0.0,243
Cloacibacillus,shanghai2022,lgbm,0.0,0.0,0.0,0.0,244
Chelativorans,shanghai2022,lgbm,0.0,0.0,0.0,0.0,245
Citrobacter,shanghai2022,lgbm,0.0,0.0,0.0,0.0,246
Citrifermentans,shanghai2022,lgbm,0.0,0.0,0.0,0.0,247
Citricoccus,shanghai2022,lgbm,0.0,0.0,0.0,0.0,248
Chthoniobacter,shanghai2022,lgbm,0.0,0.0,0.0,0.0,249
Chryseolinea,shanghai2022,lgbm,0.0,0.0,0.0,0.0,250
Chryseobacterium,shanghai2022,lgbm,0.0,0.0,0.0,0.0,251
Christensenellaceae R-7 group,shanghai2022,lgbm,0.0,0.0,0.0,0.0,252
Christensenella,shanghai2022,lgbm,0.0,0.0,0.0,0.0,253
Chitinophaga,shanghai2022,lgbm,0.0,0.0,0.0,0.0,254
Brevundimonas,shanghai2022,lgbm,0.0,0.0,0.0,0.0,255
Bradyrhizobium,shanghai2022,lgbm,0.0,0.0,0.0,0.0,256
Blautia,shanghai2022,lgbm,0.0,0.0,0.0,0.0,257
Agromyces,shanghai2022,lgbm,0.0,0.0,0.0,0.0,258
Ammoniphilus,shanghai2022,lgbm,0.0,0.0,0.0,0.0,259
Altererythrobacter,shanghai2022,lgbm,0.0,0.0,0.0,0.0,260
Allorhizobium-Neorhizobium-Pararhizobium-Rhizobium,shanghai2022,lgbm,0.0,0.0,0.0,0.0,261
Alloprevotella,shanghai2022,lgbm,0.0,0.0,0.0,0.0,262
Allisonella,shanghai2022,lgbm,0.0,0.0,0.0,0.0,263
Alkalicoccus,shanghai2022,lgbm,0.0,0.0,0.0,0.0,264
Alistipes,shanghai2022,lgbm,0.0,0.0,0.0,0.0,265
Aliihoeflea,shanghai2022,lgbm,0.0,0.0,0.0,0.0,266
Ahniella,shanghai2022,lgbm,0.0,0.0,0.0,0.0,267
Agathobacter,shanghai2022,lgbm,0.0,0.0,0.0,0.0,268
Blastococcus,shanghai2022,lgbm,0.0,0.0,0.0,0.0,269
Afipia,shanghai2022,lgbm,0.0,0.0,0.0,0.0,270
Aeromonas,shanghai2022,lgbm,0.0,0.0,0.0,0.0,271
Aeromicrobium,shanghai2022,lgbm,0.0,0.0,0.0,0.0,272
Adlercreutzia,shanghai2022,lgbm,0.0,0.0,0.0,0.0,273
Adhaeribacter,shanghai2022,lgbm,0.0,0.0,0.0,0.0,274
Actinocorallia,shanghai2022,lgbm,0.0,0.0,0.0,0.0,275
Acinetobacter,shanghai2022,lgbm,0.0,0.0,0.0,0.0,276
Acidibacter,shanghai2022,lgbm,0.0,0.0,0.0,0.0,277
Acidaminococcus,shanghai2022,lgbm,0.0,0.0,0.0,0.0,278
Anaerobacillus,shanghai2022,lgbm,0.0,0.0,0.0,0.0,279
Anaerococcus,shanghai2022,lgbm,0.0,0.0,0.0,0.0,280
Anaerofilum,shanghai2022,lgbm,0.0,0.0,0.0,0.0,281
Anaerofustis,shanghai2022,lgbm,0.0,0.0,0.0,0.0,282
Bilophila,shanghai2022,lgbm,0.0,0.0,0.0,0.0,283
Bifidobacterium,shanghai2022,lgbm,0.0,0.0,0.0,0.0,284
Bdellovibrio,shanghai2022,lgbm,0.0,0.0,0.0,0.0,285
Bauldia,shanghai2022,lgbm,0.0,0.0,0.0,0.0,286
Barnesiella,shanghai2022,lgbm,0.0,0.0,0.0,0.0,287
Bacillus,shanghai2022,lgbm,0.0,0.0,0.0,0.0,288
BIyi10,shanghai2022,lgbm,0.0,0.0,0.0,0.0,289
BD1-7 clade,shanghai2022,lgbm,0.0,0.0,0.0,0.0,290
Azoarcus,shanghai2022,lgbm,0.0,0.0,0.0,0.0,291
Atopobium,shanghai2022,lgbm,0.0,0.0,0.0,0.0,292
Asteroleplasma,shanghai2022,lgbm,0.0,0.0,0.0,0.0,293
Aridibacter,shanghai2022,lgbm,0.0,0.0,0.0,0.0,294
Arenimonas,shanghai2022,lgbm,0.0,0.0,0.0,0.0,295
Archangium,shanghai2022,lgbm,0.0,0.0,0.0,0.0,296
Aquicella,shanghai2022,lgbm,0.0,0.0,0.0,0.0,297
Aquabacterium,shanghai2022,lgbm,0.0,0.0,0.0,0.0,298
Angelakisella,shanghai2022,lgbm,0.0,0.0,0.0,0.0,299
Anaerotruncus,shanghai2022,lgbm,0.0,0.0,0.0,0.0,300
Anaerostipes,shanghai2022,lgbm,0.0,0.0,0.0,0.0,301
Cutibacterium,shanghai2022,lgbm,0.0,0.0,0.0,0.0,302
DTU089,shanghai2022,lgbm,0.0,0.0,0.0,0.0,303
Dactylosporangium,shanghai2022,lgbm,0.0,0.0,0.0,0.0,304
IS-44,shanghai2022,lgbm,0.0,0.0,0.0,0.0,305
Lachnospiraceae FCS020 group,shanghai2022,lgbm,0.0,0.0,0.0,0.0,306
Lachnoclostridium,shanghai2022,lgbm,0.0,0.0,0.0,0.0,307
Kribbella,shanghai2022,lgbm,0.0,0.0,0.0,0.0,308
Klebsiella,shanghai2022,lgbm,0.0,0.0,0.0,0.0,309
JGI 0001001-H03,shanghai2022,lgbm,0.0,0.0,0.0,0.0,310
Intestinimonas,shanghai2022,lgbm,0.0,0.0,0.0,0.0,311
Intestinibacter,shanghai2022,lgbm,0.0,0.0,0.0,0.0,312
Ilumatobacter,shanghai2022,lgbm,0.0,0.0,0.0,0.0,313
Iamia,shanghai2022,lgbm,0.0,0.0,0.0,0.0,314
Hyphomicrobium,shanghai2022,lgbm,0.0,0.0,0.0,0.0,315
Granulicatella,shanghai2022,lgbm,0.0,0.0,0.0,0.0,316
Hungatella,shanghai2022,lgbm,0.0,0.0,0.0,0.0,317
Howardella,shanghai2022,lgbm,0.0,0.0,0.0,0.0,318
Holdemanella,shanghai2022,lgbm,0.0,0.0,0.0,0.0,319
Hirschia,shanghai2022,lgbm,0.0,0.0,0.0,0.0,320
Helicobacter,shanghai2022,lgbm,0.0,0.0,0.0,0.0,321
Hassallia,shanghai2022,lgbm,0.0,0.0,0.0,0.0,322
Harryflintia,shanghai2022,lgbm,0.0,0.0,0.0,0.0,323
Halomonas,shanghai2022,lgbm,0.0,0.0,0.0,0.0,324
Haliangium,shanghai2022,lgbm,0.0,0.0,0.0,0.0,325
Lachnospiraceae NC2004 group,shanghai2022,lgbm,0.0,0.0,0.0,0.0,326
Lachnospiraceae ND3007 group,shanghai2022,lgbm,0.0,0.0,0.0,0.0,327
Lachnospiraceae NK3A20 group,shanghai2022,lgbm,0.0,0.0,0.0,0.0,328
Lachnospiraceae NK4A136 group,shanghai2022,lgbm,0.0,0.0,0.0,0.0,329
Ligilactobacillus,shanghai2022,lgbm,0.0,0.0,0.0,0.0,330
Libanicoccus,shanghai2022,lgbm,0.0,0.0,0.0,0.0,331
Levilactobacillus,shanghai2022,lgbm,0.0,0.0,0.0,0.0,332
Leuconostoc,shanghai2022,lgbm,0.0,0.0,0.0,0.0,333
Leucobacter,shanghai2022,lgbm,0.0,0.0,0.0,0.0,334
Legionella,shanghai2022,lgbm,0.0,0.0,0.0,0.0,335
Lechevalieria,shanghai2022,lgbm,0.0,0.0,0.0,0.0,336
Achromobacter,shanghai2022,lgbm,0.0,0.0,0.0,0.0,337
Lacunisphaera,shanghai2022,lgbm,0.0,0.0,0.0,0.0,338
Lactonifactor,shanghai2022,lgbm,0.0,0.0,0.0,0.0,339
Lactococcus,shanghai2022,lgbm,0.0,0.0,0.0,0.0,340
Lactobacillus,shanghai2022,lgbm,0.0,0.0,0.0,0.0,341
Lactiplantibacillus,shanghai2022,lgbm,0.0,0.0,0.0,0.0,342
Lacticaseibacillus,shanghai2022,lgbm,0.0,0.0,0.0,0.0,343
Lacibacter,shanghai2022,lgbm,0.0,0.0,0.0,0.0,344
Lachnospiraceae UCG-010,shanghai2022,lgbm,0.0,0.0,0.0,0.0,345
Lachnospiraceae UCG-006,shanghai2022,lgbm,0.0,0.0,0.0,0.0,346
Lachnospiraceae UCG-003,shanghai2022,lgbm,0.0,0.0,0.0,0.0,347
Lachnospiraceae UCG-001,shanghai2022,lgbm,0.0,0.0,0.0,0.0,348
HT002,shanghai2022,lgbm,0.0,0.0,0.0,0.0,349
Gordonibacter,shanghai2022,lgbm,0.0,0.0,0.0,0.0,350
Defluviitaleaceae UCG-011,shanghai2022,lgbm,0.0,0.0,0.0,0.0,351
Ellin6067,shanghai2022,lgbm,0.0,0.0,0.0,0.0,352
Eubacterium,shanghai2022,lgbm,0.0,0.0,0.0,0.0,353
Escherichia-Shigella,shanghai2022,lgbm,0.0,0.0,0.0,0.0,354
Erysipelotrichaceae UCG-006,shanghai2022,lgbm,0.0,0.0,0.0,0.0,355
Erysipelotrichaceae UCG-003,shanghai2022,lgbm,0.0,0.0,0.0,0.0,356
Enteroscipio,shanghai2022,lgbm,0.0,0.0,0.0,0.0,357
Enterorhabdus,shanghai2022,lgbm,0.0,0.0,0.0,0.0,358
Enterococcus,shanghai2022,lgbm,0.0,0.0,0.0,0.0,359
Enhydrobacter,shanghai2022,lgbm,0.0,0.0,0.0,0.0,360
Elusimicrobium,shanghai2022,lgbm,0.0,0.0,0.0,0.0,361
Ellin6055,shanghai2022,lgbm,0.0,0.0,0.0,0.0,362
Gemmatimonas,shanghai2022,lgbm,0.0,0.0,0.0,0.0,363
Edaphobaculum,shanghai2022,lgbm,0.0,0.0,0.0,0.0,364
Dongia,shanghai2022,lgbm,0.0,0.0,0.0,0.0,365
Dokdonella,shanghai2022,lgbm,0.0,0.0,0.0,0.0,366
Dinghuibacter,shanghai2022,lgbm,0.0,0.0,0.0,0.0,367
Dielma,shanghai2022,lgbm,0.0,0.0,0.0,0.0,368
Diaphorobacter,shanghai2022,lgbm,0.0,0.0,0.0,0.0,369
Dialister,shanghai2022,lgbm,0.0,0.0,0.0,0.0,370
Dethiobacter,shanghai2022,lgbm,0.0,0.0,0.0,0.0,371
Desulfovibrio,shanghai2022,lgbm,0.0,0.0,0.0,0.0,372
Eubacterium brachy group,shanghai2022,lgbm,0.0,0.0,0.0,0.0,373
Eubacterium eligens group,shanghai2022,lgbm,0.0,0.0,0.0,0.0,374
Eubacterium oxidoreducens group,shanghai2022,lgbm,0.0,0.0,0.0,0.0,375
Ezakiella,shanghai2022,lgbm,0.0,0.0,0.0,0.0,376
Gaiella,shanghai2022,lgbm,0.0,0.0,0.0,0.0,377
GCA-900066755,shanghai2022,lgbm,0.0,0.0,0.0,0.0,378
GCA-900066575,shanghai2022,lgbm,0.0,0.0,0.0,0.0,379
Fusobacterium,shanghai2022,lgbm,0.0,0.0,0.0,0.0,380
Fusicatenibacter,shanghai2022,lgbm,0.0,0.0,0.0,0.0,381
Frisingicoccus,shanghai2022,lgbm,0.0,0.0,0.0,0.0,382
Fournierella,shanghai2022,lgbm,0.0,0.0,0.0,0.0,383
Fluviicola,shanghai2022,lgbm,0.0,0.0,0.0,0.0,384
Flavonifractor,shanghai2022,lgbm,0.0,0.0,0.0,0.0,385
Flavobacterium,shanghai2022,lgbm,0.0,0.0,0.0,0.0,386
Flavitalea,shanghai2022,lgbm,0.0,0.0,0.0,0.0,387
Flavisolibacter,shanghai2022,lgbm,0.0,0.0,0.0,0.0,388
Finegoldia,shanghai2022,lgbm,0.0,0.0,0.0,0.0,389
Ferruginibacter,shanghai2022,lgbm,0.0,0.0,0.0,0.0,390
Fenollaria,shanghai2022,lgbm,0.0,0.0,0.0,0.0,391
Family XIII UCG-001,shanghai2022,lgbm,0.0,0.0,0.0,0.0,392
Family XIII AD3011 group,shanghai2022,lgbm,0.0,0.0,0.0,0.0,393
Faecalitalea,shanghai2022,lgbm,0.0,0.0,0.0,0.0,394
Faecalibaculum,shanghai2022,lgbm,0.0,0.0,0.0,0.0,395
wb1-P19,shanghai2022,lgbm,0.0,0.0,0.0,0.0,396
Akkermansia,kazakhstan2022,logreg,0.12958172652270541,-9.912705577010326e-19,0.03490480230523613,-0.033281323128248386,1
Lactobacillus,kazakhstan2022,logreg,0.11961318657062761,9.912705577010326e-19,0.014321537595335396,-0.01365541956764537,2
Castellaniella,kazakhstan2022,logreg,0.10706484582949076,0.0,0.06534936794820993,-0.062309862462246686,3
Sphingomonas,kazakhstan2022,logreg,0.08945065643022314,3.552052831762033e-18,0.029250458288771257,-0.027889971856735366,4
Lactiplantibacillus,kazakhstan2022,logreg,0.08801320529532579,3.3042351923367752e-18,0.03816124651339474,-0.03638630481509732,5
Erysipelotrichaceae UCG-003,kazakhstan2022,logreg,0.0817281075415624,3.799870471187292e-18,0.035580639600134335,-0.03392572613036064,6
Methanobrevibacter,kazakhstan2022,logreg,0.07852396069962635,-7.186711543332487e-18,0.01314057727320465,-0.0125293876325905,7
Cloacibacillus,kazakhstan2022,logreg,0.07703705715967772,-8.673617379884035e-19,0.03821194891649771,-0.03643464896689316,8
Pseudomonas,kazakhstan2022,logreg,0.07432111191143365,6.814985084194599e-19,-0.002820203924860836,0.0026890316492859116,9
Bacillus,kazakhstan2022,logreg,0.07383729886067283,6.60847038467355e-19,0.02150598108518576,-0.02050570289517712,10
Acinetobacter,kazakhstan2022,logreg,0.07312881741188712,-3.1390234327199367e-18,0.01257676600058243,-0.011991800140090221,11
Catenisphaera,kazakhstan2022,logreg,0.07107459909828359,4.956352788505163e-19,0.016374738738471208,-0.015613122983193475,12
Oscillospira,kazakhstan2022,logreg,0.07008011886471725,1.4456028966473393e-18,0.023672215485693083,-0.02257118220728875,13
Lachnospiraceae NK3A20 group,kazakhstan2022,logreg,0.06976062577713754,3.3042351923367752e-18,0.014124209302490321,-0.013467269334932622,14
Salipaludibacillus,kazakhstan2022,logreg,0.0693661154502088,4.956352788505163e-19,0.01843514091891756,-0.01757769250408418,15
Phascolarctobacterium,kazakhstan2022,logreg,0.06867522273508972,-3.304235192336775e-19,0.0032756450674438315,-0.003123289482911559,16
Prevotella,kazakhstan2022,logreg,0.062331899533179844,2.560782274061001e-18,0.011553551944161517,-0.011016177435130746,17
Prevotellaceae UCG-001,kazakhstan2022,logreg,0.06099106778720814,1.197785257222081e-18,0.0036474368074521308,-0.003477788583849704,18
Tyzzerella,kazakhstan2022,logreg,0.058344022743034234,-7.434529182757744e-19,0.022204760391735554,-0.021171980838631574,19
Veillonella,kazakhstan2022,logreg,0.0560479205369172,-4.956352788505163e-19,0.01843521415687453,-0.017577762335624542,20
Fournierella,kazakhstan2022,logreg,0.055841326289298575,3.304235192336775e-19,0.005083839730666508,-0.004847382068775038,21
Olsenella,kazakhstan2022,logreg,0.05464432569052139,2.8912057932946786e-18,0.005364611166397111,-0.005115094367960045,22
Barnesiella,kazakhstan2022,logreg,0.05442981949317914,-6.69107626448197e-18,0.006979510430405047,-0.006654882038293201,23
Levilactobacillus,kazakhstan2022,logreg,0.053090095406308525,-1.32169407693471e-18,0.01990465079217764,-0.018978853080913564,24
RB41,kazakhstan2022,logreg,0.051350956291602017,4.130293990420969e-19,0.00038092284515211887,-0.00036320550351713127,25
Howardella,kazakhstan2022,logreg,0.049992518463585434,-4.04768811061255e-18,0.0014645506185121623,-0.0013964319850929981,26
Turicibacter,kazakhstan2022,logreg,0.04985759977413454,3.1596749026720414e-18,0.01557302788021121,-0.014848701002061841,27
Acidaminococcus,kazakhstan2022,logreg,0.04792128784081074,-1.6521175961683876e-19,-0.00970841140582163,0.009256857386946213,28
Fusobacterium,kazakhstan2022,logreg,0.04742801827918793,-4.336808689942018e-18,0.01607945728203367,-0.01533157554798558,29
Oxalobacter,kazakhstan2022,logreg,0.046680242081884475,8.260587980841938e-20,0.01955391439639494,-0.01864443000586495,30
Latilactobacillus,kazakhstan2022,logreg,0.0456495925617031,-1.1564823173178713e-18,0.02209631249953056,-0.02106857703443612,31
CAG-873,kazakhstan2022,logreg,0.04536630952140757,-4.130293990420969e-19,0.0018053342078428946,-0.0017213651749199699,32
Klebsiella,kazakhstan2022,logreg,0.04386940241985761,1.32169407693471e-18,0.009762680271215591,-0.009308602119066025,33
Hungatella,kazakhstan2022,logreg,0.04264026628748769,-7.93016446160826e-18,0.011765642574824427,-0.011218403385297719,34
UCG-007,kazakhstan2022,logreg,0.0423882914163522,-1.6521175961683876e-18,-0.0011876573133856397,0.0011324174383444449,35
Lachnospiraceae UCG-010,kazakhstan2022,logreg,0.04187067694556793,-2.4781763942525814e-19,-0.0005921571589383452,0.000564614965499354,36
Paraprevotella,kazakhstan2022,logreg,0.041544956380086116,2.64338815386942e-18,-0.0016203903017676048,0.0015450233109877201,37
Lactococcus,kazakhstan2022,logreg,0.04064136788378875,-1.5695117163599683e-18,-0.008138506608150546,0.00775997141707377,38
Merdibacter,kazakhstan2022,logreg,0.039952574718345,1.0325734976052423e-18,0.0022289246051605993,-0.0021252536932926647,39
Haliangium,kazakhstan2022,logreg,0.039917171545605416,8.260587980841938e-19,0.004495667850040724,-0.00428656701980627,40
Megasphaera,kazakhstan2022,logreg,0.039863530862338487,-2.581433744013106e-18,0.00601441105191263,-0.005734671002986462,41
Bifidobacterium,kazakhstan2022,logreg,0.03977504730288159,-4.171596930325179e-18,0.007501507954058416,-0.007152600607358028,42
Citrobacter,kazakhstan2022,logreg,0.03961217757937755,1.1564823173178713e-18,-0.0057608685366926675,0.005492921162893009,43
Asteroleplasma,kazakhstan2022,logreg,0.03864015484574491,3.4281440120494046e-18,-0.0006020931995368151,0.0005740888646746414,44
Parasutterella,kazakhstan2022,logreg,0.038632210945713,-3.717264591378872e-18,0.0022911173124187355,-0.0021845537164922905,45
Lachnospiraceae UCG-003,kazakhstan2022,logreg,0.03763672650526394,-5.988926286110405e-19,0.008408197410511884,-0.008017118461185755,46
Coprobacillus,kazakhstan2022,logreg,0.03699172928280147,-2.808599913486259e-18,0.011556106504097377,-0.011018613178325408,47
Weissella,kazakhstan2022,logreg,0.03659617679454793,-2.1374271400428517e-18,0.008861982140573054,-0.008449796924732451,48
Senegalimassilia,kazakhstan2022,logreg,0.036490402705108185,-2.106449935114694e-18,0.00391650854890482,-0.003734345360583666,49
Enterococcus,kazakhstan2022,logreg,0.03522068386130791,-1.2390881971262907e-19,-0.00394984568554863,0.003766131932732413,50
Sarcina,kazakhstan2022,logreg,0.03492764814910279,2.168404344971009e-19,0.0013891368641355151,-0.0013245258471989787,51
Subgroup 10,kazakhstan2022,logreg,0.03475177665643235,9.49967617796823e-19,-0.006240438318772987,0.005950185373713778,52
Haemophilus,kazakhstan2022,logreg,0.03446303203239788,-1.5695117163599683e-18,0.010350373670523699,-0.009868960941662133,53
Corynebacterium,kazakhstan2022,logreg,0.03361442136405174,-2.8912057932946786e-18,0.017362646319708273,-0.016555081374605568,54
Streptomyces,kazakhstan2022,logreg,0.03352317334448283,2.3129646346357427e-18,0.003100220644916322,-0.0029560243358504445,55
Frisingicoccus,kazakhstan2022,logreg,0.03340871211798842,-8.260587980841938e-19,-0.005009229834285069,0.004776242400132274,56
Bryobacter,kazakhstan2022,logreg,0.033126701944631604,1.4456028966473393e-18,0.0026803994909204705,-0.0025557297471567246,57
Ezakiella,kazakhstan2022,logreg,0.032746284077282195,-9.912705577010326e-19,0.0034904684067395865,-0.003328121038984254,58
Elusimicrobium,kazakhstan2022,logreg,0.03223980681079471,1.32169407693471e-18,-0.0006570685321533022,0.0006265072050764089,59
Ruminococcus gnavus group,kazakhstan2022,logreg,0.0319328452200019,6.092183635870929e-19,-0.010556828092732909,0.010065812832605799,60
Allisonella,kazakhstan2022,logreg,0.031305021982707,6.814985084194599e-19,-0.010653200202274497,0.010157702518447775,61
Succinivibrio,kazakhstan2022,logreg,0.03091786023040118,-1.7302059669247842e-18,-0.005962289531522847,0.005684973739358991,62
MND1,kazakhstan2022,logreg,0.030664512372993065,2.780204142302115e-18,-0.019498048308905364,0.018591162341049308,63
Prevotellaceae UCG-003,kazakhstan2022,logreg,0.030514648657357608,-4.130293990420969e-20,-0.008296556572173012,0.007910670219978922,64
Erysipelatoclostridium,kazakhstan2022,logreg,0.03049117384335735,-2.64338815386942e-18,-0.003849002964703695,0.0036699795709965455,65
Desulfovibrio,kazakhstan2022,logreg,0.030232449433585766,-3.077069022863622e-18,-0.000775820067202621,0.0007397354129141229,66
Eisenbergiella,kazakhstan2022,logreg,0.029830064644862427,-1.4042999567431296e-18,0.008350433713088868,-0.007962041447363805,67
Microvirga,kazakhstan2022,logreg,0.02914434556199062,6.60847038467355e-19,0.000815615886056639,-0.0007776802634493517,68
Peptoniphilus,kazakhstan2022,logreg,0.02867744074685453,5.782411586589357e-19,0.007791443126675959,-0.007429050423109632,69
Gaiella,kazakhstan2022,logreg,0.028443057307176316,1.4869058365515489e-18,-8.43547955503765e-05,8.043131668757021e-05,70
Acidibacter,kazakhstan2022,logreg,0.028338892180894366,-7.434529182757744e-19,0.0001480039687995562,-0.00014112006327399754,71
mle1-7,kazakhstan2022,logreg,0.027822615743377847,-2.106449935114694e-18,-0.004382228321489602,0.004178403748397062,72
Helicobacter,kazakhstan2022,logreg,0.02775701366903235,3.717264591378872e-19,0.0016030987430603412,-0.001528536010824976,73
Catenibacterium,kazakhstan2022,logreg,0.02766339692940246,2.6020852139652106e-18,-0.004881132818559857,0.004654103385138475,74
Salmonella,kazakhstan2022,logreg,0.027531022276061835,6.918242433955124e-19,-0.001037946222676645,0.0009896696541800594,75
Mycobacterium,kazakhstan2022,logreg,0.02737138648934579,-8.467102680362987e-19,0.0020500227279520882,-0.0019546728336287318,76
HT002,kazakhstan2022,logreg,0.027368207527347605,-2.0651469952104845e-19,-0.003032312740045654,0.0028912749381830665,77
Candidatus Soleaferrea,kazakhstan2022,logreg,0.027357986907083607,7.744301232039318e-19,0.00345517691882399,-0.003294471015622872,78
Eubacterium ventriosum group,kazakhstan2022,logreg,0.027133424368684215,-6.195440985631454e-19,-0.0011729072653271706,0.0011183534390328824,79
Megamonas,kazakhstan2022,logreg,0.026929735308492613,-2.023844055306275e-18,0.0030723416609811914,-0.0029294420488425307,80
[Eubacterium] xylanophilum group,kazakhstan2022,logreg,0.026921162381512664,-2.560782274061001e-18,0.008563903980345658,-0.008165582864980751,81
[Eubacterium] fissicatena group,kazakhstan2022,logreg,0.026811106918962973,-4.956352788505163e-19,0.009512822623587183,-0.009070365757373827,82
Paludicola,kazakhstan2022,logreg,0.02676116676231372,2.1890558149231136e-18,0.004811882541325611,-0.004588074051031396,83
Ilumatobacter,kazakhstan2022,logreg,0.026571990515972324,-4.543323389463066e-19,0.00071178880779544,-0.0006786823516189087,84
Iamia,kazakhstan2022,logreg,0.026557664736416832,-4.336808689942018e-19,0.0017059400463370318,-0.0016265939976701953,85
Holdemania,kazakhstan2022,logreg,0.02628352241091404,2.4781763942525814e-19,0.005137309653292959,-0.004898365018256075,86
Lachnospiraceae UCG-004,kazakhstan2022,logreg,0.02574767033037704,4.749838088984115e-19,-0.00064949960499756,0.0006192903210441838,87
Ohtaekwangia,kazakhstan2022,logreg,0.025703283982138208,-1.0325734976052423e-18,0.00869610705819163,-0.008291636962461789,88
Victivallis,kazakhstan2022,logreg,0.02548326090727903,-2.8912057932946783e-19,-0.004725621293443963,0.004505824954214012,89
Coriobacteriaceae UCG-003,kazakhstan2022,logreg,0.025400691255221697,-5.782411586589357e-19,0.0031492021692810634,-0.00300272764977962,90
Prevotellaceae NK3B31 group,kazakhstan2022,logreg,0.02539555641293762,-9.912705577010326e-19,-0.010085707627528268,0.009616604947178116,91
Mitsuokella,kazakhstan2022,logreg,0.02527264615035382,3.304235192336775e-19,-0.003407247264842593,0.003248770647873169,92
Flavobacterium,kazakhstan2022,logreg,0.025060174857130118,4.543323389463066e-19,0.007308945281868434,-0.006968994338525717,93
Tuzzerella,kazakhstan2022,logreg,0.025001081969863583,8.260587980841938e-20,0.01022279507595118,-0.009747316235209264,94
Woeseia,kazakhstan2022,logreg,0.024824730451796256,-1.858632295689436e-18,0.005844877788592077,-0.005573023007727329,95
Prevotella_9,kazakhstan2022,logreg,0.024800926942428695,-1.6521175961683876e-18,0.002879949651469159,-0.0027459985048891985,96
Dongia,kazakhstan2022,logreg,0.024580328069118453,-2.04449552525838e-18,-0.004652027796309838,0.00443565441043496,97
Nitrosococcus,kazakhstan2022,logreg,0.02442906802076099,-5.36938218754726e-19,-0.0019056195673606469,0.0018169860991113155,98
Nitrospira,kazakhstan2022,logreg,0.024305525549009284,-2.9634859381270453e-18,-0.0100704332304947,0.009602040987215876,99
Paeniclostridium,kazakhstan2022,logreg,0.023935763953518957,6.195440985631454e-19,0.0035173824166491075,-0.0033537832344793825,100
Clostridium sensu stricto 1,kazakhstan2022,logreg,0.02274001972088117,-5.8856689363498815e-19,0.002103149564539832,-0.0020053286545612357,101
Anaerofilum,kazakhstan2022,logreg,0.02271963462270667,-7.021499783715648e-19,-0.004127232965941062,0.0039352686419438,102
Eubacterium,kazakhstan2022,logreg,0.02251849665257388,-1.2803911370305005e-18,0.006190124221348229,-0.005902211466866916,103
Chitinophaga,kazakhstan2022,logreg,0.021616130928580328,-2.994463143055203e-18,0.008462188093863237,-0.008068597949962624,104
CAG-352,kazakhstan2022,logreg,0.02155581611781744,-1.4042999567431295e-17,-0.0032224338193859426,0.0030725531766237824,105
NK4A214 group,kazakhstan2022,logreg,0.02155240330471072,2.953160203150993e-18,0.007248902773729669,-0.0069117445051841,106
Microlunatus,kazakhstan2022,logreg,0.021392478781808263,4.543323389463066e-19,-0.0001575154806363643,0.00015018917921141704,107
Polycyclovorans,kazakhstan2022,logreg,0.021348348873862236,-4.336808689942018e-19,0.0009995399418836,-0.000953049712028551,108
Enteroscipio,kazakhstan2022,logreg,0.021070434232521723,-2.333616104587848e-18,-0.008067872409086473,0.007692622529594076,109
Anaerotruncus,kazakhstan2022,logreg,0.02106219689810192,3.903127820947816e-18,-0.006890692696483036,0.006570195361762899,110
Oscillibacter,kazakhstan2022,logreg,0.02099559370786401,-9.49967617796823e-19,0.0032307638691444368,-0.0030804957822074875,111
Lacticaseibacillus,kazakhstan2022,logreg,0.020980503808853017,-1.7450492109528595e-18,-0.00030370807787382894,0.0002895821207634169,112
OM27 clade,kazakhstan2022,logreg,0.020888860712679747,4.130293990420969e-19,0.0010846699885307676,-0.0010342202216223606,113
Intestinimonas,kazakhstan2022,logreg,0.020125954937340634,3.2319550475044085e-18,0.00793814825703651,-0.007568932059034809,114
Polaromonas,kazakhstan2022,logreg,0.019980099876322054,7.434529182757744e-19,0.01114879156331849,-0.01063024311851298,115
Adhaeribacter,kazakhstan2022,logreg,0.019960724471792875,-4.956352788505163e-19,0.005448177495816278,-0.005194773891359703,116
Anaerococcus,kazakhstan2022,logreg,0.01966218891594129,7.847558581799842e-19,0.009899738084906422,-0.009439285150724726,117
Sellimonas,kazakhstan2022,logreg,0.01956670270555826,-8.673617379884035e-19,0.00040506135051810555,-0.00038622128770331214,118
Lysobacter,kazakhstan2022,logreg,0.01952839495603174,1.2390881971262907e-19,-0.002731855943907678,0.0026047928767491822,119
Luedemannella,kazakhstan2022,logreg,0.019339113557179977,5.575896887068309e-19,0.00026297280656545124,-0.0002507415132368235,120
Adlercreutzia,kazakhstan2022,logreg,0.01932324621819401,-1.3500898481188543e-18,-0.004330110244295196,0.004128709767816346,121
Ellin6055,kazakhstan2022,logreg,0.019228441321722044,-5.782411586589357e-19,0.0015948189588775809,-0.0015206413328832775,122
Candidatus Nitrososphaera,kazakhstan2022,logreg,0.01922134063095299,9.912705577010326e-19,0.00779765007930957,-0.007434968680271915,123
Escherichia-Shigella,kazakhstan2022,logreg,0.01911617323051919,3.626914410338413e-18,0.003320135688618056,-0.0031657107728683682,124
Limosilactobacillus,kazakhstan2022,logreg,0.018858944362395786,4.853095438744639e-19,-0.00430895018666949,0.004108533898917421,125
Lachnospiraceae NK4A136 group,kazakhstan2022,logreg,0.018814229712375344,1.858632295689436e-18,0.004233784615878998,-0.00403686440118695,126
Gemmatimonas,kazakhstan2022,logreg,0.018805494070293832,4.956352788505163e-19,0.00029661426513368704,-0.00028281825280188587,127
Defluviitaleaceae UCG-011,kazakhstan2022,logreg,0.018757059294296316,1.3139497757026708e-18,-0.0002956382029358759,0.000281887588845836,128
UTCFX1,kazakhstan2022,logreg,0.018699101310872268,1.073876437509452e-18,-0.0033323485344012036,0.003177355579312776,129
Sneathia,kazakhstan2022,logreg,0.018681445348768918,-1.610814656264178e-18,-0.005239051607468698,0.004995374788516663,130
Roseburia,kazakhstan2022,logreg,0.018622833774664296,1.5282087764557586e-18,0.007419679937646596,-0.007074578545197914,131
Eubacterium oxidoreducens group,kazakhstan2022,logreg,0.018311372632904995,-2.271661694731533e-19,-0.0013080006213262035,0.0012471633831249828,132
Azoarcus,kazakhstan2022,logreg,0.018259941907587025,-4.130293990420969e-19,0.001020556223433174,-0.0009730884921107019,133
Rhodoplanes,kazakhstan2022,logreg,0.01822673606191251,4.543323389463066e-19,-0.0006234586953089337,0.0005944606164573584,134
Candidatus Solibacter,kazakhstan2022,logreg,0.01814880491188033,2.271661694731533e-19,0.002246446407981947,-0.0021419605285409246,135
Lechevalieria,kazakhstan2022,logreg,0.018073205900696665,4.130293990420969e-20,-0.0002992721958968421,0.00028535255887838417,136
Peredibacter,kazakhstan2022,logreg,0.018059517206495537,9.912705577010326e-19,0.0032478419700890885,-0.003096779552875641,137
Lacunisphaera,kazakhstan2022,logreg,0.01803401970646513,-3.717264591378872e-19,0.00843462531008197,-0.00804231715612467,138
GCA-900066575,kazakhstan2022,logreg,0.017945476934684,-1.1358308473657666e-18,0.001734486456240742,-0.0016538126675783838,139
Holdemanella,kazakhstan2022,logreg,0.017764144978059403,-9.912705577010326e-19,0.00129070305078327,-0.0012306703507468408,140
Eubacterium eligens group,kazakhstan2022,logreg,0.017754779219405648,-1.2390881971262908e-18,0.006501036809934145,-0.006198663004820934,141
Coprobacter,kazakhstan2022,logreg,0.017540734504827377,6.195440985631454e-19,-0.0027132023268140472,0.0025870068697529296,142
Pseudonocardia,kazakhstan2022,logreg,0.017296656077291767,3.510749891857824e-19,0.00037469870237279515,-0.0003572708557508051,143
Luteolibacter,kazakhstan2022,logreg,0.017279285246320105,8.05407328132089e-19,-0.00038408046480397566,0.00036621625713867536,144
[Ruminococcus] gauvreauii group,kazakhstan2022,logreg,0.0171343651238778,4.956352788505163e-19,0.00662470856079783,-0.006316582581225834,145
Archangium,kazakhstan2022,logreg,0.01708530680271371,-9.912705577010326e-19,0.00404402756835329,-0.003855933262848487,146
Caenimonas,kazakhstan2022,logreg,0.016944648401945,-2.68469109377363e-19,0.0021743590427506488,-0.0020732260640180617,147
Niastella,kazakhstan2022,logreg,0.016909690758187206,-4.956352788505163e-19,0.001958863217440004,-0.00186775330034977,148
Dethiobacter,kazakhstan2022,logreg,0.016826382435643453,6.814985084194599e-19,0.003251503730915777,-0.0031002709992452755,149
Aeromonas,kazakhstan2022,logreg,0.016149050921902865,-1.3939742217670772e-19,0.0052295128476013844,-0.0049862796918989935,150
Rhodomicrobium,kazakhstan2022,logreg,0.016112336201342965,-7.434529182757744e-19,0.0030422961111986257,-0.002900793966491714,151
Fusicatenibacter,kazakhstan2022,logreg,0.016066126340882288,-2.560782274061001e-18,0.007936991879796337,-0.007567829466782564,152
UCG-003,kazakhstan2022,logreg,0.0160375763927376,-4.440066039702542e-19,0.00012674280873330867,-0.00012084779437362053,153
DTU089,kazakhstan2022,logreg,0.015949993189046007,4.956352788505163e-19,-0.0007520795094637181,0.0007170990671630802,154
Anaerostipes,kazakhstan2022,logreg,0.015838586378426035,-3.314560927312828e-18,-0.004394817852793988,0.004190407720105889,155
Cutibacterium,kazakhstan2022,logreg,0.015834302644277473,-2.0393326577703537e-18,0.007706226091640361,-0.007347796971098954,156
[Eubacterium] tenue group,kazakhstan2022,logreg,0.01578355321287408,3.304235192336775e-19,6.429345228606276e-05,-6.13030591564778e-05,157
Peptococcus,kazakhstan2022,logreg,0.01557834073897067,6.782717162394436e-19,-0.0038164823501167164,0.0036389715431345455,158
Nitrolancea,kazakhstan2022,logreg,0.01548004515162682,-9.03501810404587e-21,0.0008592786825160417,-0.0008193122321664576,159
Microbacterium,kazakhstan2022,logreg,0.015295652584505163,8.260587980841938e-19,0.00010944777526085277,-0.00010435718106266915,160
Collinsella,kazakhstan2022,logreg,0.015272619975808048,4.130293990420969e-20,0.004283373839174498,-0.0040841471489803365,161
Bilophila,kazakhstan2022,logreg,0.015140263382115545,5.782411586589357e-19,-0.000699692046458163,0.0006671482303438318,162
Libanicoccus,kazakhstan2022,logreg,0.015090969383105123,2.4058962494202145e-18,-0.0011457847404435064,0.0010924924269345088,163
Aquicella,kazakhstan2022,logreg,0.01486837031818941,-7.434529182757744e-19,0.003947344487940218,-0.003763747069896485,164
Lactonifactor,kazakhstan2022,logreg,0.01483308924398947,8.17023779980148e-19,0.005860008046599058,-0.005587449532803751,165
Alkalicoccus,kazakhstan2022,logreg,0.014491785086284141,-4.027036640660445e-19,-0.0029481166550260926,0.002810994950141158,166
Faecalibaculum,kazakhstan2022,logreg,0.014430971873745913,-3.17516350513612e-19,5.182733413037068e-05,-4.9416760449890784e-05,167
Slackia,kazakhstan2022,logreg,0.014326300826155061,2.68469109377363e-19,-0.000498704978550676,0.00047550939815296973,168
Porphyromonas,kazakhstan2022,logreg,0.014247687478222531,2.4781763942525814e-19,-0.0045750325269708365,0.004362240316414052,169
Parapusillimonas,kazakhstan2022,logreg,0.014179467414644376,-3.304235192336775e-19,0.006888146480119569,-0.006567767574067496,170
Puia,kazakhstan2022,logreg,0.01403474036422471,5.36938218754726e-19,0.003872972293940859,-0.0036928340477110485,171
Catenibacillus,kazakhstan2022,logreg,0.0140277396242758,2.8912057932946783e-19,0.005688025364071036,-0.005423466044811917,172
Sutterella,kazakhstan2022,logreg,0.01399320319101414,2.68469109377363e-19,-0.00024822107998358596,0.0002366759134727209,173
Pedobacter,kazakhstan2022,logreg,0.013957320345175276,4.956352788505163e-19,0.005170941585745276,-0.00493043267478038,174
Gemella,kazakhstan2022,logreg,0.013872272496478584,1.0454806663253078e-18,-0.007119711438788307,0.006788562069542343,175
Rikenellaceae RC9 gut group,kazakhstan2022,logreg,0.013741205202275572,-1.8741208981535147e-18,-0.002010282213944915,0.0019167807156218928,176
Solitalea,kazakhstan2022,logreg,0.01369981901676285,-2.0651469952104845e-19,0.006935178720108254,-0.006612612268010196,177
Solobacterium,kazakhstan2022,logreg,0.01363632753603908,-6.60847038467355e-19,0.0012897134887155973,-0.001229726814821849,178
Dielma,kazakhstan2022,logreg,0.013359588351716785,-1.9412381754978556e-18,-0.003619278938457139,0.003450940383180061,179
Dorea,kazakhstan2022,logreg,0.013335905128908884,-6.195440985631454e-19,0.00555847098910839,-0.005299937454731256,180
Ligilactobacillus,kazakhstan2022,logreg,0.013325006179044424,-1.5488602464078635e-19,-0.00034143118522565123,0.0003255506649825973,181
Bdellovibrio,kazakhstan2022,logreg,0.013216325832639996,-4.956352788505163e-19,-0.002507688394484327,0.002391051724973428,182
Eubacterium brachy group,kazakhstan2022,logreg,0.013143377599613058,-3.2009778425762514e-19,0.002580403664753744,-0.0024603848896489183,183
Dialister,kazakhstan2022,logreg,0.01305683816511188,-4.336808689942018e-19,-0.0006879945873199084,0.0006559948390724714,184
Family XIII UCG-001,kazakhstan2022,logreg,0.013002033960269874,1.0641960609694028e-18,0.0010931913350527944,-0.0010423452264456852,185
Intestinibacter,kazakhstan2022,logreg,0.0129576971100642,1.0325734976052423e-18,-0.0029804564692763025,0.002841830586984384,186
Lachnospiraceae UCG-006,kazakhstan2022,logreg,0.012763023014589755,-8.673617379884035e-19,0.0017309145809059822,-0.0016504069259801236,187
Steroidobacter,kazakhstan2022,logreg,0.012738168030951751,3.510749891857824e-19,0.0013272975854044208,-0.0012655628139902628,188
Christensenella,kazakhstan2022,logreg,0.012697626008995438,-9.29316147844718e-19,0.00011438487722822834,-0.00010906465038040478,189
Rothia,kazakhstan2022,logreg,0.012443093118996969,-4.749838088984115e-19,0.00028633892113481564,-0.00027302083177970833,190
UBA1819,kazakhstan2022,logreg,0.012376222952680316,4.3800477051542374e-18,-0.006405274620302721,0.006107354870521207,191
Methylotenera,kazakhstan2022,logreg,0.01232638300600866,-1.899935235593646e-18,0.00447087141122935,-0.004262923903730314,192
Phocea,kazakhstan2022,logreg,0.012301658848693074,7.124757133476172e-19,0.0011315581039339283,-0.001078927494448628,193
Agathobacter,kazakhstan2022,logreg,0.012288319853195406,-1.4042999567431296e-18,-0.0004087114840952518,0.0003897016476257033,194
Dinghuibacter,kazakhstan2022,logreg,0.012287970635523237,-1.2803911370305005e-18,-0.0004240911805622625,0.00040436600937332067,195
Truepera,kazakhstan2022,logreg,0.01225665056492791,-8.260587980841938e-19,-0.0014177940596342238,0.001351850149883793,196
Marmoricola,kazakhstan2022,logreg,0.012204290041648585,-1.8173293557852266e-18,0.0007359711116377537,-0.0007017398971429789,197
GCA-900066755,kazakhstan2022,logreg,0.012181883188261652,-8.105701956201152e-19,-0.005044407795719141,0.0048097841773136,198
Monoglobus,kazakhstan2022,logreg,0.012153441572694556,-9.912705577010326e-19,0.005197820210217566,-0.004956061130672564,199
Cupriavidus,kazakhstan2022,logreg,0.012125305471137951,-7.847558581799842e-19,0.00035519949567442474,-0.00033867858889887246,200
Flavisolibacter,kazakhstan2022,logreg,0.012124844310393557,1.2803911370305005e-18,0.0024570242823128254,-0.0023427440831354815,201
Altererythrobacter,kazakhstan2022,logreg,0.012062114987444215,-2.68469109377363e-19,0.00021347895104591101,-0.00020354969750889252,202
[Bacteroides] pectinophilus group,kazakhstan2022,logreg,0.012042104595502513,-1.0325734976052423e-19,-0.002132119399542874,0.0020329510553780913,203
Pyramidobacter,kazakhstan2022,logreg,0.011934048367167448,1.692129819200591e-18,-0.0024994011597326985,0.002383149943000946,204
Angelakisella,kazakhstan2022,logreg,0.011684284397010877,6.401955685152503e-19,-0.0029013299495666196,0.0027663843705170096,205
Sanguibacteroides,kazakhstan2022,logreg,0.011642171419427576,5.356475018827195e-19,-0.002286228582411766,0.0021798923692763345,206
Pseudenhygromyxa,kazakhstan2022,logreg,0.011620757698076961,1.073876437509452e-18,0.003188217327396385,-0.0030399281493779474,207
Negativibacillus,kazakhstan2022,logreg,0.011458926258588784,3.097720492815727e-19,-0.0019837736497081925,0.0018915051078613014,208
Mogibacterium,kazakhstan2022,logreg,0.011458733526339016,-1.053224967557347e-18,-0.0011507977472906146,0.0010972722706724459,209
OLB17,kazakhstan2022,logreg,0.011443756048955613,4.336808689942018e-19,0.0007380878294069012,-0.0007037581629228594,210
Flavonifractor,kazakhstan2022,logreg,0.011269297363851061,1.3487991312468477e-18,-0.0034494973345186777,0.003289055598029439,211
Prevotella_7,kazakhstan2022,logreg,0.011110937472048048,-3.7259365953626666e-20,-0.0022076447622169613,0.002104963610485942,212
CHKCI002,kazakhstan2022,logreg,0.01095697488958096,-3.510749891857824e-19,0.0019879967848937035,-0.0018955318181544621,213
Nocardioides,kazakhstan2022,logreg,0.010943327089777943,-1.1358308473657666e-18,-0.000682737473034296,0.0006509822417303743,214
Rhizobacter,kazakhstan2022,logreg,0.010875623253067202,-2.4781763942525814e-19,0.0017251355230854756,-0.0016448966615466173,215
CL500-29 marine group,kazakhstan2022,logreg,0.010866120159246363,3.510749891857824e-19,-0.0006987057288523013,0.0006662077879754512,216
Cellvibrio,kazakhstan2022,logreg,0.010757085355043813,8.260587980841938e-19,0.004246517146143078,-0.004049004720741072,217
Reyranella,kazakhstan2022,logreg,0.010748826353882381,5.266124837786735e-19,8.239303585316412e-06,-7.856080162743172e-06,218
Polyangium,kazakhstan2022,logreg,0.010700994076482787,-1.1048536424376092e-18,-0.0024137889732158816,0.0023015197186476988,219
Oceanicaulis,kazakhstan2022,logreg,0.010672786939498555,-1.7966778858331218e-18,-5.827464666417348e-05,5.5564197982114825e-05,220
Colidextribacter,kazakhstan2022,logreg,0.010665862661279326,-3.510749891857824e-19,-0.002451609175434099,0.0023375808416929763,221
Actinocorallia,kazakhstan2022,logreg,0.010624262568648296,1.5282087764557586e-18,-0.0005771860680368203,0.0005503402044072042,222
Romboutsia,kazakhstan2022,logreg,0.010526751409691027,-4.780815293912272e-18,-0.0007419152670429482,0.0007074075802037327,223
Campylobacter,kazakhstan2022,logreg,0.01050604660011539,-7.641043882278793e-19,-0.0032820652176579826,0.0031294110214878435,224
Pseudorhodoplanes,kazakhstan2022,logreg,0.01042534048277264,-9.912705577010326e-19,-0.0002593753204088716,0.0002473113520177601,225
Nordella,kazakhstan2022,logreg,0.010405258416872003,-4.336808689942018e-19,0.00029997936599092807,-0.00028602683734018795,226
Butyricimonas,kazakhstan2022,logreg,0.010335813899407765,-3.097720492815727e-20,0.0006017508836219491,-0.0005737624704302296,227
Parvimonas,kazakhstan2022,logreg,0.010218817012306923,4.543323389463066e-19,9.115245161539925e-05,-8.691280270305456e-05,228
Bacteroides,kazakhstan2022,logreg,0.010172241498747655,-1.3346012456547758e-18,-0.0034261464128147105,0.003266790765707048,229
Nannocystis,kazakhstan2022,logreg,0.010155806235332831,-4.130293990420969e-20,-0.0047883676417395,0.004565652867705104,230
CAG-56,kazakhstan2022,logreg,0.010143917144904122,-8.260587980841938e-20,-0.0008372956745802887,0.0007983516897160891,231
Pajaroellobacter,kazakhstan2022,logreg,0.010069833803066959,-9.519036931048328e-19,-0.00056555792797896,0.0005392529080729601,232
Lysinibacillus,kazakhstan2022,logreg,0.010017434704581479,-2.0651469952104845e-19,0.00010139856953193728,-9.668235699556807e-05,233
Massilia,kazakhstan2022,logreg,0.010007100857217694,5.782411586589357e-19,0.0034451687993742753,-0.003284928390101052,234
Coprococcus,kazakhstan2022,logreg,0.0099917738433475,4.977004258457268e-18,0.004284239460892747,-0.004084972509223306,235
UC5-1-2E3,kazakhstan2022,logreg,0.00966854696568041,-5.162867488026211e-21,0.0017726056895834815,-0.0016901589133237849,236
Nonomuraea,kazakhstan2022,logreg,0.00958347888469575,-1.0945279074615568e-18,-0.0021115951593853443,0.002013381431041839,237
Nitrosospira,kazakhstan2022,logreg,0.009567776312070023,-2.581433744013106e-19,0.001057661681450407,-0.0010084681148713177,238
Allorhizobium-Neorhizobium-Pararhizobium-Rhizobium,kazakhstan2022,logreg,0.009530467910418717,-1.6521175961683876e-19,0.0006704907287899788,-0.0006393051134974222,239
Pedomicrobium,kazakhstan2022,logreg,0.009425415533880297,-5.83404026146962e-19,-0.0047884593669677,0.004565740326643623,240
Alistipes,kazakhstan2022,logreg,0.009322212893978426,2.0651469952104845e-19,-0.003165033980830134,0.0030178230980008286,241
Papillibacter,kazakhstan2022,logreg,0.009301273748577067,6.195440985631454e-20,0.0007041304814433721,-0.0006713802264925202,242
Lachnospiraceae NC2004 group,kazakhstan2022,logreg,0.009189458044064984,2.8912057932946786e-18,-0.0015677674186238074,0.0014948480038041027,243
Incertae Sedis,kazakhstan2022,logreg,0.009176803038301592,4.378111629846227e-18,-0.0016678031586110774,0.0015902309186756865,244
Alloprevotella,kazakhstan2022,logreg,0.00909800317461085,1.1771337872699763e-18,-0.0031804460366221593,0.0030325183139885744,245
Edaphobaculum,kazakhstan2022,logreg,0.009092520833428472,1.2390881971262908e-18,-0.00397888078803903,0.0037938165653395414,246
Blastococcus,kazakhstan2022,logreg,0.009006678786741214,-3.923779290899921e-19,-0.00011760503282226968,0.00011213503129565207,247
[Eubacterium] ruminantium group,kazakhstan2022,logreg,0.009002354573289526,1.0325734976052423e-20,0.0005337544058095255,-0.0005089286194928038,248
UCG-009,kazakhstan2022,logreg,0.008957983189871907,6.711727734434075e-19,-0.005280238828983468,0.005034646325309818,249
Odoribacter,kazakhstan2022,logreg,0.008852981239631205,9.706190877489278e-19,-0.0008997655748468583,0.0008579160132260763,250
Muribaculum,kazakhstan2022,logreg,0.008797042292580395,-2.0651469952104845e-19,-0.0018433717151503176,0.0017576334958410008,251
Erysipelotrichaceae UCG-006,kazakhstan2022,logreg,0.0087964477251783,-1.6521175961683876e-18,0.0007256444545637277,-0.0006918935497003023,252
Sumerlaea,kazakhstan2022,logreg,0.008680077906362297,-2.3749190444920576e-19,-0.0035054610830591725,0.003342416381521537,253
wb1-P19,kazakhstan2022,logreg,0.008673102210305369,-4.130293990420969e-20,0.002979498417126761,-0.0028409170953999354,254
Aridibacter,kazakhstan2022,logreg,0.008672528106140075,-2.8912057932946783e-19,0.0032999600922108095,-0.0031464735762940297,255
Solirubrobacter,kazakhstan2022,logreg,0.00855751982702316,4.956352788505163e-19,0.002802686889352192,-0.00267232935961488,256
P3OB-42,kazakhstan2022,logreg,0.008545837331832753,4.956352788505163e-19,-0.00010386057491394647,9.902985049934504e-05,257
Anaerobacillus,kazakhstan2022,logreg,0.00842593873156675,-2.271661694731533e-19,0.00047537014532522307,-0.0004532599060077718,258
Ferruginibacter,kazakhstan2022,logreg,0.008408643666130266,-2.0651469952104845e-20,0.0016339972338967768,-0.0015579973625527417,259
Z20,kazakhstan2022,logreg,0.008361869395761843,1.858632295689436e-19,-0.0016244035234474674,0.0015488498711940966,260
Pontibacter,kazakhstan2022,logreg,0.008355950747011984,-1.8689580306654885e-18,-0.0020102202569847083,0.001916721640380765,261
Ahniella,kazakhstan2022,logreg,0.008351668260418488,-7.641043882278793e-19,0.0030951321928758017,-0.0029511725559978577,262
Oribacterium,kazakhstan2022,logreg,0.008348750409141511,3.097720492815727e-19,0.0009036145344288349,-0.0008615859514321443,263
Shuttleworthia,kazakhstan2022,logreg,0.00830247112323676,-8.673617379884035e-19,0.00017804263369425403,-0.0001697615809642904,264
Chthoniobacter,kazakhstan2022,logreg,0.00814107124664064,-6.195440985631454e-20,0.0011191669150699356,-0.0010671126399504044,265
Marvinbryantia,kazakhstan2022,logreg,0.008108513518495845,3.097720492815727e-20,-0.003906381791089475,0.003724689614759732,266
JGI 0001001-H03,kazakhstan2022,logreg,0.008061804728843327,5.782411586589357e-19,0.0026671008334145925,-0.002543049631860425,267
Citrifermentans,kazakhstan2022,logreg,0.007957413449799862,-8.157330631081414e-19,-0.0011248401909508597,0.0010725220425345386,268
Hassallia,kazakhstan2022,logreg,0.007916785295737163,2.68469109377363e-19,0.0019543060778010454,-0.0018634081206940199,269
Finegoldia,kazakhstan2022,logreg,0.007867756372450406,-7.634590297918761e-19,-0.004458866628547254,0.004251477483033426,270
Butyricicoccus,kazakhstan2022,logreg,0.007847459442044591,-8.467102680362987e-19,0.0003818583811715317,-0.0003640975262333225,271
UCG-004,kazakhstan2022,logreg,0.007831097458372564,1.2713561189264546e-18,0.00029857077167740775,-0.00028468375904124775,272
Opitutus,kazakhstan2022,logreg,0.007812224080193255,-4.543323389463066e-19,-0.0010156796077229909,0.0009684386957358737,273
Mesorhizobium,kazakhstan2022,logreg,0.007414851643030054,-4.440066039702542e-19,-0.0012794914765830749,0.0012199802451140934,274
Peptostreptococcus,kazakhstan2022,logreg,0.0073731680852917115,-1.053224967557347e-18,-0.0010575536807530348,0.0010083651374621944,275
[Clostridium] innocuum group,kazakhstan2022,logreg,0.007356369594416377,2.9944631430552027e-19,-0.001608549100046823,0.0015337328628353428,276
Eggerthella,kazakhstan2022,logreg,0.007347394461663668,1.2132738596861597e-19,-0.0012296262443451627,0.0011724343260035275,277
Fenollaria,kazakhstan2022,logreg,0.007306721764395813,4.440066039702542e-19,-0.0028292603928412887,0.0026976668861975078,278
Serratia,kazakhstan2022,logreg,0.0072897589549287285,3.923779290899921e-19,0.0007951087715316882,-0.0007581269682046319,279
Actinomyces,kazakhstan2022,logreg,0.0072608412061437606,8.854317741964952e-19,-0.0015829844385857527,0.001509357255395718,280
Methylobacterium-Methylorubrum,kazakhstan2022,logreg,0.007138185302092879,-9.396418828207704e-19,0.0022641813043008997,-0.0021588705459613215,281
Pseudolabrys,kazakhstan2022,logreg,0.007077292495611554,6.298698335391978e-19,-0.0015093821319411996,0.0014391783118509127,282
Dokdonella,kazakhstan2022,logreg,0.007076106258480839,6.711727734434075e-19,-0.0013655026118627644,0.0013019908624737997,283
Ellin6067,kazakhstan2022,logreg,0.0070675210936988146,2.4781763942525814e-19,-0.002503953965668117,0.0023874909905207617,284
Enterorhabdus,kazakhstan2022,logreg,0.00698324838312839,7.228014483236697e-19,-0.002600960518768606,0.0024799856109189024,285
Atopobium,kazakhstan2022,logreg,0.006961324494477876,-2.8912057932946783e-19,-0.003348836848038583,0.0031930769946414386,286
Psychrobacillus,kazakhstan2022,logreg,0.006961253374480281,-4.749838088984115e-19,0.0002549104644527931,-0.00024305416378057128,287
IS-44,kazakhstan2022,logreg,0.006866851871276036,-2.168404344971009e-19,-0.0016171371676628116,0.001541921485445936,288
Halomonas,kazakhstan2022,logreg,0.006795148730012244,-1.858632295689436e-19,-0.0010666304948223602,0.0010170197741329477,289
Arenimonas,kazakhstan2022,logreg,0.006701579934619976,3.6140072416183483e-19,0.0013600940200742717,-0.0012968338330940725,290
Skermanella,kazakhstan2022,logreg,0.006685257837651791,9.29316147844718e-20,0.00014564800575511092,-0.00013887367990603623,291
[Eubacterium] siraeum group,kazakhstan2022,logreg,0.006646246019674678,-2.8912057932946783e-19,-0.0010236386772173281,0.0009760275759514065,292
Streptococcus,kazakhstan2022,logreg,0.006624114821982064,-1.7915150183450956e-18,0.0007795666926049465,-0.000743307776669838,293
Chryseobacterium,kazakhstan2022,logreg,0.006556890008340309,-1.1358308473657666e-19,0.0017158261272368237,-0.001636020260853714,294
Gordonibacter,kazakhstan2022,logreg,0.006442532517503747,-2.3749190444920576e-19,-0.003092077139889486,0.002948259598499277,295
Brevundimonas,kazakhstan2022,logreg,0.006356499284259119,3.3558638672170376e-19,-0.0007619986908055691,0.0007265568912332172,296
Dactylosporangium,kazakhstan2022,logreg,0.006298664161016374,2.0651469952104845e-19,-0.00015683286096606044,0.00014953830929322192,297
Harryflintia,kazakhstan2022,logreg,0.0062091801170247,-4.2335513401814934e-19,-0.0006470200155794841,0.000616926061366484,298
Christensenellaceae R-7 group,kazakhstan2022,logreg,0.006195630284723498,-1.920586705545751e-18,0.0008146418540887206,-0.0007767515352938999,299
Phenylobacterium,kazakhstan2022,logreg,0.006159236179430138,-3.097720492815727e-20,0.0013885929394050857,-0.0013240072212932221,300
Achromobacter,kazakhstan2022,logreg,0.006024195875753903,5.8856689363498815e-19,0.0011128227084298348,-0.0010610635126889114,301
Pseudoflavonifractor,kazakhstan2022,logreg,0.005934037949331091,9.551304852848492e-19,0.0015658016243771183,-0.0014929736418479486,302
Methyloceanibacter,kazakhstan2022,logreg,0.005917583330115595,0.0,-0.001733869127333431,0.001653224051643505,303
[Eubacterium] nodatum group,kazakhstan2022,logreg,0.005915880271132309,-2.0651469952104845e-20,-0.00186326440163599,0.0017766009410947812,304
Novosphingobium,kazakhstan2022,logreg,0.005843851349271953,3.4074925420972996e-19,-0.0002995717937610821,0.0002856382219582417,305
Diaphorobacter,kazakhstan2022,logreg,0.005789437177418319,-7.434529182757744e-19,0.00022069630447580106,-0.00021043136008157856,306
Parabacteroides,kazakhstan2022,logreg,0.005764355668972879,1.7295606084887809e-18,4.1197687916195306e-05,-3.9281516385207196e-05,307
Faecalibacterium,kazakhstan2022,logreg,0.005585519990631337,1.3320198119107627e-18,-0.000592047701133574,0.0005645105987552705,308
wb1-A12,kazakhstan2022,logreg,0.00554435791835766,-3.2009778425762514e-19,-0.0026227898889470825,0.002500799661554194,309
UCG-002,kazakhstan2022,logreg,0.00544628015979206,-5.846947430189685e-19,0.0005640110649354739,-0.0005377779921477788,310
Paenibacillus,kazakhstan2022,logreg,0.005438993895262711,5.937297611230144e-20,0.00032313388227032166,-0.000308104399374027,311
Aeromicrobium,kazakhstan2022,logreg,0.005431980073081043,-2.0651469952104845e-19,-0.00032907068323695247,0.0003137650700631412,312
Sporosarcina,kazakhstan2022,logreg,0.005382931387935921,-3.4074925420972996e-19,0.0002489846880420786,-0.00023740400487733124,313
Terrimonas,kazakhstan2022,logreg,0.005287424583305969,-6.195440985631454e-20,-0.00028627914698975046,0.00027296383782743626,314
Lachnospiraceae ND3007 group,kazakhstan2022,logreg,0.005284647673948982,1.0325734976052423e-20,0.0010482268515429665,-0.0009994721142618994,315
Raoultibacter,kazakhstan2022,logreg,0.0052256786288794165,5.524268212188046e-19,0.0008328778241071354,-0.0007941393206602909,316
Fluviicola,kazakhstan2022,logreg,0.005208022041351225,-1.4456028966473392e-19,-0.002155530142431028,0.0020552729265040036,317
Virgisporangium,kazakhstan2022,logreg,0.005083162642509827,0.0,-0.0005032713900017273,0.0004798634183737403,318
Flavitalea,kazakhstan2022,logreg,0.004847246279304331,4.0141294719403797e-19,-0.000983841994882503,0.0009380819020972708,319
Rhizocola,kazakhstan2022,logreg,0.0048309814156155505,-9.280254309727116e-19,-0.002049600709641007,0.0019542704440763075,320
Ammoniphilus,kazakhstan2022,logreg,0.004812612389822472,2.6330624188933677e-19,-0.0012093739052152146,0.0011531239561354365,321
Caulobacter,kazakhstan2022,logreg,0.004810906337548658,1.368159884326946e-19,-0.0002738341168263745,0.0002610976462763108,322
Ramlibacter,kazakhstan2022,logreg,0.004789282501094909,2.1167756700907467e-19,-0.0002496256491356661,0.00023801515382703003,323
Vicinamibacter,kazakhstan2022,logreg,0.004779242270316575,-3.2009778425762514e-19,-0.0014721581749712381,0.0014036857017167604,324
Candidatus Nitrocosmicus,kazakhstan2022,logreg,0.004765770966566825,-2.4781763942525814e-19,0.0006394189492797071,-0.0006096785330341399,325
Agromyces,kazakhstan2022,logreg,0.00462348763845677,3.226792180016382e-20,-3.0748323239628244e-05,2.9318168670343513e-05,326
Longimicrobium,kazakhstan2022,logreg,0.004599420962042727,-6.195440985631454e-19,0.0009917651463298748,-0.0009456365348726723,327
Blautia,kazakhstan2022,logreg,0.004468286055850543,-7.537786532518269e-19,0.0015522354155254972,-0.0014800384194545455,328
Sediminibacterium,kazakhstan2022,logreg,0.004349039775816804,-1.244251064614317e-18,0.0004722383687853647,-0.00045027379349302395,329
TM7x,kazakhstan2022,logreg,0.004315125927112632,3.007370311775268e-19,-0.000636096316456235,0.0006065104412722243,330
Chryseolinea,kazakhstan2022,logreg,0.004311537681526765,-2.736319768653892e-19,-0.001567729195223213,0.0014948115582360869,331
Pseudoxanthomonas,kazakhstan2022,logreg,0.004297053308525796,7.744301232039318e-20,0.0006784887041301924,-0.0006469310899846016,332
Hirschia,kazakhstan2022,logreg,0.004248307392824029,-2.581433744013106e-19,0.0007879980929414233,-0.0007513470188511247,333
Paracoccus,kazakhstan2022,logreg,0.004239509985756889,1.4456028966473392e-19,0.0013467396332026988,-0.0012841005804955956,334
Ruminococcus,kazakhstan2022,logreg,0.004158600912364269,-1.4456028966473392e-19,-0.0004945411835449312,0.0004715392680312136,335
Comamonas,kazakhstan2022,logreg,0.004142462443045717,3.420399710817365e-20,-0.001820716068405562,0.0017360316001076292,336
UCG-005,kazakhstan2022,logreg,0.004141933899880535,1.0635507025333997e-18,-3.702844371698722e-05,3.5306190520850314e-05,337
Staphylococcus,kazakhstan2022,logreg,0.004133250458460381,-1.264902534566422e-19,0.001537079967404559,-0.00146558787589737,338
Rubrobacter,kazakhstan2022,logreg,0.0038493525756217108,2.5814337440131057e-21,0.00027540758518643374,-0.00026259793006148295,339
Sulfurifustis,kazakhstan2022,logreg,0.003810356779036287,-5.782411586589357e-19,-0.0020548805756720806,0.0019593047349431457,340
Hyphomicrobium,kazakhstan2022,logreg,0.0037485892141098367,1.6521175961683876e-19,-0.0017654986076737658,0.0016833823933633581,341
Lachnoclostridium,kazakhstan2022,logreg,0.00367613655154923,-7.847558581799842e-19,-0.0003136653076532593,0.0002990762235763624,342
Subdoligranulum,kazakhstan2022,logreg,0.003628372462847751,-3.0080156702112717e-18,-0.0015669822769398514,0.0014940993803379914,343
Sandaracinus,kazakhstan2022,logreg,0.0035724733040374567,-3.923779290899921e-19,-0.00021471264819298048,0.00020472601339330615,344
Phaselicystis,kazakhstan2022,logreg,0.00339351920531217,4.440066039702542e-19,0.0002758744710306342,-0.0002630431002850228,345
Candidatus Entotheonella,kazakhstan2022,logreg,0.0033824047714389785,2.5814337440131057e-21,2.337820430836688e-05,-2.2290845968443075e-05,346
Eubacterium hallii group,kazakhstan2022,logreg,0.003376755886839072,1.2390881971262907e-19,-0.0011436563167212888,0.0010904629996644844,347
Kribbella,kazakhstan2022,logreg,0.0033477444533783866,2.0651469952104845e-19,-0.0015265797351030944,0.0014555760264936494,348
Anaerofustis,kazakhstan2022,logreg,0.003183801076590922,-5.1628674880262113e-20,-0.00041724942843551196,0.0003978424782757209,349
Bauldia,kazakhstan2022,logreg,0.003144089749952735,1.1616451848058976e-19,0.00024565902106261293,-0.00023423302008295665,350
Candidatus Udaeobacter,kazakhstan2022,logreg,0.003126145457262326,4.711116582823918e-19,2.9977515180204772e-05,-2.8583212148566967e-05,351
Burkholderia-Caballeronia-Paraburkholderia,kazakhstan2022,logreg,0.003100883209854596,-1.9618896454499604e-19,-0.001203382855956306,0.0011474115603304306,352
Stenotrophobacter,kazakhstan2022,logreg,0.0030272400853995803,8.260587980841938e-20,0.0003661071277382593,-0.0003490788892388051,353
Pseudoduganella,kazakhstan2022,logreg,0.0028234265876223665,-3.6269144103384138e-19,-0.001620096924634271,0.0015447435793024438,354
Lachnospiraceae FCS020 group,kazakhstan2022,logreg,0.002700773568612177,6.556841709793289e-19,-0.00010387928850967104,9.904769369526897e-05,355
Ruminococcus torques group,kazakhstan2022,logreg,0.002683677192528722,9.75781955236954e-19,0.0003385843783372304,-0.00032283626771689196,356
BD1-7 clade,kazakhstan2022,logreg,0.0026820640068285708,-4.440066039702542e-19,-0.001406448647269479,0.0013410324311174092,357
Lachnospiraceae UCG-001,kazakhstan2022,logreg,0.002547350335267937,-5.162867488026212e-19,0.00046373223996742913,-0.000442163298573596,358
YC-ZSS-LKJ147,kazakhstan2022,logreg,0.0025240615597747268,-2.0651469952104845e-20,-0.0008812528178349269,0.000840264314679814,359
Enhydrobacter,kazakhstan2022,logreg,0.0024147660975836656,4.543323389463066e-19,0.00029758958119021766,-0.0002837482053209049,360
BIyi10,kazakhstan2022,logreg,0.0023728700469092586,2.4781763942525814e-19,-0.0011226007002837703,0.0010703867142240605,361
Rhodococcus,kazakhstan2022,logreg,0.0022545717345076296,1.0325734976052423e-20,-0.00015947212120656607,0.00015205481324346993,362
Lachnospira,kazakhstan2022,logreg,0.0021676334345797016,-1.8070036208091741e-19,-4.998208606631513e-05,4.765733787718394e-05,363
Stenotrophomonas,kazakhstan2022,logreg,0.002095560053477893,-1.0325734976052423e-19,-0.00080188450161607,0.0007645875480525314,364
Tumebacillus,kazakhstan2022,logreg,0.002065376033324424,1.1358308473657666e-19,-8.858893219088701e-05,8.44685167401483e-05,365
Faecalitalea,kazakhstan2022,logreg,0.0019913165131418627,3.8205219411393965e-19,0.00029196105793895423,-0.0002783814738487695,366
Bradyrhizobium,kazakhstan2022,logreg,0.0019841500573862586,-3.510749891857824e-19,-0.0001671755265725545,0.00015939992068545827,367
V9D2013 group,kazakhstan2022,logreg,0.001968400030699954,-6.195440985631454e-20,-0.00010668799627430385,0.00010172576388945253,368
Paenisporosarcina,kazakhstan2022,logreg,0.0019485285200164706,8.260587980841938e-20,-0.00033713692211817563,0.0003214561350429117,369
ADurb.Bin063-1,kazakhstan2022,logreg,0.001850848515661423,-1.3794536569570034e-19,-0.0001949120989725563,0.00018584641995057698,370
Taibaiella,kazakhstan2022,logreg,0.0017872833780255618,-4.027036640660445e-19,0.00011789021146808572,-0.000112406945818408,371
SWB02,kazakhstan2022,logreg,0.0017348533624215335,6.711727734434075e-20,0.00036203239774905405,-0.0003451936815746793,372
Lacibacter,kazakhstan2022,logreg,0.0015784062387506424,-1.290716872006553e-19,-0.0005018753336815137,0.00047853229490562926,373
Family XIII AD3011 group,kazakhstan2022,logreg,0.0014579837193109525,1.8715394644095018e-19,-0.00012924894601323264,0.00012323736712889667,374
Legionella,kazakhstan2022,logreg,0.001433644236439333,-1.1358308473657666e-19,-0.0007640892885215383,0.0007285502518461179,375
Ralstonia,kazakhstan2022,logreg,0.0013362414656221688,2.581433744013106e-19,0.0002530475761177624,-0.00024127792141461008,376
Leucobacter,kazakhstan2022,logreg,0.0011588821875057893,2.0651469952104845e-19,4.1457218278892194e-05,-3.9528975568245435e-05,377
Psychrobacter,kazakhstan2022,logreg,0.0009351954958958306,-1.0325734976052423e-19,-0.00023027276347253295,0.00021956240238078686,378
Leuconostoc,kazakhstan2022,logreg,0.0008779958446604284,2.323290369611795e-20,-0.0005771408756394704,0.0005502971139818204,379
Pannonibacter,kazakhstan2022,logreg,0.0008229614739342163,-2.0780541639305502e-19,0.00013836101736023045,-0.00013192562120394125,380
Aquabacterium,kazakhstan2022,logreg,0.0008115014826207431,-1.2778097032864874e-19,-0.00010264008335853703,9.786612599302346e-05,381
Terrisporobacter,kazakhstan2022,logreg,0.0007086432311297521,-1.4197885592072082e-19,-0.00036480030524468936,0.0003478328491867968,382
Vibrionimonas,kazakhstan2022,logreg,0.0006092049335921801,8.131516293641283e-20,0.00014932626704218494,-0.00014238085927278078,383
Granulicatella,kazakhstan2022,logreg,0.0006092049335921801,8.131516293641283e-20,0.00014932626704218494,-0.00014238085927278078,384
Enterobacter,kazakhstan2022,logreg,0.0006092049335921801,8.131516293641283e-20,0.00014932626704218494,-0.00014238085927278078,385
Undibacterium,kazakhstan2022,logreg,0.0006092049335921801,8.131516293641283e-20,0.00014932626704218494,-0.00014238085927278078,386
Nesterenkonia,kazakhstan2022,logreg,0.0006092049335921801,8.131516293641283e-20,0.00014932626704218494,-0.00014238085927278078,387
Aliihoeflea,kazakhstan2022,logreg,0.0006092049335921801,8.131516293641283e-20,0.00014932626704218494,-0.00014238085927278078,388
Methyloversatilis,kazakhstan2022,logreg,0.0006092049335921801,8.131516293641283e-20,0.00014932626704218494,-0.00014238085927278078,389
Thermus,kazakhstan2022,logreg,0.0006092049335921801,8.131516293641283e-20,0.00014932626704218494,-0.00014238085927278078,390
Curvibacter,kazakhstan2022,logreg,0.0006092049335921801,8.131516293641283e-20,0.00014932626704218494,-0.00014238085927278078,391
Chelativorans,kazakhstan2022,logreg,0.0006092049335921801,8.131516293641283e-20,0.00014932626704218494,-0.00014238085927278078,392
Catabacter,kazakhstan2022,logreg,0.0006092049335921801,8.131516293641283e-20,0.00014932626704218494,-0.00014238085927278078,393
Pelagibacterium,kazakhstan2022,logreg,0.0006092049335921801,8.131516293641283e-20,0.00014932626704218494,-0.00014238085927278078,394
Citricoccus,kazakhstan2022,logreg,0.0006092049335921801,8.131516293641283e-20,0.00014932626704218494,-0.00014238085927278078,395
Afipia,kazakhstan2022,logreg,0.0005707348798251515,1.0583878350453733e-19,-2.697487600261046e-05,2.5720230607140488e-05,396
Castellaniella,kazakhstan2022,lgbm,0.6139660862157263,-0.04935750007970633,0.20893828827422217,-0.29563953083577765,1
Roseburia,kazakhstan2022,lgbm,0.27393297899089625,-0.0069346077819027645,0.09394962148213552,-0.10312654731273002,2
Ezakiella,kazakhstan2022,lgbm,0.24111827708570996,0.030850101772533264,0.10224725592356873,-0.037226254511012156,3
Lactobacillus,kazakhstan2022,lgbm,0.2381290227725133,0.0252934023678079,0.0901391764060045,-0.03653628915698424,4
Acinetobacter,kazakhstan2022,lgbm,0.16126215076601585,-0.014982534073235335,-0.015712733200156856,-0.014286297696403194,5
Chitinophaga,kazakhstan2022,lgbm,0.12476465587268916,-0.014975562186406208,0.0020912887037044287,-0.03124860605837218,6
Rikenellaceae RC9 gut group,kazakhstan2022,lgbm,0.12216162856782582,-0.013898372442947095,-0.008098897846423016,-0.019428104034981675,7
Woeseia,kazakhstan2022,lgbm,0.0981504756312245,0.005070787640238665,0.021724646176042545,-0.010808472824132479,8
Fournierella,kazakhstan2022,lgbm,0.09170898236959688,0.0012957157673328856,0.00842089417129742,-0.005498058989935626,9
Salipaludibacillus,kazakhstan2022,lgbm,0.09062928825429346,0.005449555903595357,0.00696816483682674,0.004001579944002636,10
NK4A214 group,kazakhstan2022,lgbm,0.08742518726454879,-0.0403444448796766,-0.03607958506562843,-0.04441093912097834,11
Bilophila,kazakhstan2022,lgbm,0.07948824117332236,-0.010650659992576007,-0.006639569073015446,-0.014475188543784923,12
Eubacterium brachy group,kazakhstan2022,lgbm,0.06745163853391604,-0.013422668497423454,0.0007629511322579548,-0.026948491865259223,13
UCG-007,kazakhstan2022,lgbm,0.0657076192515335,-0.003745514476828347,0.00872091550302981,-0.015632110504134957,14
Fusicatenibacter,kazakhstan2022,lgbm,0.06508243511545055,-0.0012456800386069211,0.015244445615159552,-0.016968823103826122,15
Bifidobacterium,kazakhstan2022,lgbm,0.06195928305174636,0.006563280750922008,0.012408644381091996,0.0009897944988994543,16
Agathobacter,kazakhstan2022,lgbm,0.06174612432315955,-0.005848449381025616,0.005683864559444262,-0.016844376626589923,17
Oscillibacter,kazakhstan2022,lgbm,0.05896072269238343,-0.002904606684971103,-0.027754644761159932,0.020789615666743824,18
Corynebacterium,kazakhstan2022,lgbm,0.058880536041962805,-0.016511070038893294,-0.0190901978020204,-0.014051901706609306,19
Latilactobacillus,kazakhstan2022,lgbm,0.0482089681640449,-0.0009920807399860679,0.0013987449785717474,-0.0032717052623318934,20
UCG-002,kazakhstan2022,lgbm,0.0432891678298683,0.006227636571481114,0.005253091821633762,0.007156853658544873,21
[Eubacterium] tenue group,kazakhstan2022,lgbm,0.04263152689364261,-0.0069394676524791605,-0.010633760373284914,-0.0034170025000829778,22
Megasphaera,kazakhstan2022,lgbm,0.04202568983976255,0.004073169738920059,-0.014184746978599881,0.02148188102771815,23
[Ruminococcus] gauvreauii group,kazakhstan2022,lgbm,0.0413364884585686,-0.004987764215773823,0.00485572504955438,-0.014373416771086759,24
GCA-900066575,kazakhstan2022,lgbm,0.041028378986115346,0.013556920916290485,-0.009702582120251836,0.03573458660229594,25
Holdemanella,kazakhstan2022,lgbm,0.04055152654210789,0.001931569606475697,-0.002687525230195186,0.006335822822836309,26
Lactonifactor,kazakhstan2022,lgbm,0.040062088922927466,-0.01244501585322515,-0.018843405408588844,-0.0063442258120644255,27
CAG-873,kazakhstan2022,lgbm,0.03977282881681426,-0.0012423781768079265,-0.0005965656127921008,-0.0018581529471485973,28
Holdemania,kazakhstan2022,lgbm,0.03953379148595083,0.009133085483079999,0.013060176289511687,0.005388650062993973,29
Subdoligranulum,kazakhstan2022,lgbm,0.03843240354191488,0.005893827310298779,0.011256114080092812,0.0007809492274719041,30
Fusobacterium,kazakhstan2022,lgbm,0.038206777712746894,-0.006875447204144168,0.005279865214989972,-0.01846539625494649,31
Luedemannella,kazakhstan2022,lgbm,0.03703657009805237,-0.006344699914597114,-0.004762828751095851,-0.00785299567514483,32
Akkermansia,kazakhstan2022,lgbm,0.03675305118443336,-0.00010490160781296741,-0.0005224686495990927,0.00029324371109938337,33
Bacillus,kazakhstan2022,lgbm,0.034821591189847435,-0.007272357684693666,-0.014326228937107463,-0.0005465734672758628,34
Cupriavidus,kazakhstan2022,lgbm,0.03373176060621125,0.01397309219115274,0.01783828513700437,0.010287675661387231,35
Eubacterium ventriosum group,kazakhstan2022,lgbm,0.03282237006689332,-0.007840158528465748,0.014895860616945568,-0.0295186884112998,36
Papillibacter,kazakhstan2022,lgbm,0.03093178416688704,0.010961686119360936,0.01879022139464225,0.00349726876386015,37
Lacticaseibacillus,kazakhstan2022,lgbm,0.030308129069026468,0.002080703856691354,-0.0011102464342156039,0.0051232378549979935,38
Olsenella,kazakhstan2022,lgbm,0.029719673559613056,0.0036545615006250884,0.00878259922807852,-0.001234962844156093,39
Actinomyces,kazakhstan2022,lgbm,0.02776586910359622,0.0036348138891503954,0.003951272776182838,0.003333074020119465,40
Catenisphaera,kazakhstan2022,lgbm,0.027724963523717682,0.018072526285269903,0.021842871690359766,0.01447754578274236,41
Barnesiella,kazakhstan2022,lgbm,0.027309810715067755,-0.0011875396232580051,0.005742700498559669,-0.007795442995223693,42
Polaromonas,kazakhstan2022,lgbm,0.026009060610343138,-0.008112053854070732,-0.0009055144587146268,-0.01498340537057306,43
Turicibacter,kazakhstan2022,lgbm,0.02387783763960267,0.005965808407563768,0.0023769127594581293,0.00938777867668775,44
[Bacteroides] pectinophilus group,kazakhstan2022,lgbm,0.023805249479423682,-0.005527409873657523,-0.009040482570625927,-0.0021777359067806693,45
Archangium,kazakhstan2022,lgbm,0.02366797506702095,-0.009279645028281094,-0.001368839370653423,-0.01682250623671678,46
Eubacterium,kazakhstan2022,lgbm,0.023206273589198436,0.0003283709597897772,0.005162029952645682,-0.0042804666845612,47
Paludicola,kazakhstan2022,lgbm,0.023016430527037307,0.0010667124331092067,-0.0016811689315681137,0.0036867853622201403,48
Rhodoplanes,kazakhstan2022,lgbm,0.022519587345748302,-0.003481391080600519,-0.004799821353055367,-0.0022242831463993844,49
Veillonella,kazakhstan2022,lgbm,0.022393413912273025,0.0029923042055771043,0.0050045252286105655,0.0010736748580335716,50
GCA-900066755,kazakhstan2022,lgbm,0.021539148351226316,-0.004729852560275977,-0.0015639955260230713,-0.007748460430145027,51
Oribacterium,kazakhstan2022,lgbm,0.020516312902610752,0.010356552705004594,0.006237764701349404,0.014283769173606058,52
Lacunisphaera,kazakhstan2022,lgbm,0.020027361487718515,-0.010179126701927879,-0.008741046416683301,-0.011550319532044799,53
Actinocorallia,kazakhstan2022,lgbm,0.019348753296325513,-0.0019929298447751457,0.0004894872727665694,-0.004359885701035851,54
Phascolarctobacterium,kazakhstan2022,lgbm,0.019034381525148518,0.014933767593149738,0.01365536073486007,0.01615271366733291,55
Intestinimonas,kazakhstan2022,lgbm,0.018875942227466785,-0.004947209472107725,-0.01574423288539391,0.005347626805676775,56
Lachnospiraceae UCG-003,kazakhstan2022,lgbm,0.018431332815707295,-0.018431332815707295,-0.018963336823257404,-0.017924073180601383,57
Coprococcus,kazakhstan2022,lgbm,0.01825032612928585,-0.0004993198084758607,-7.040954321932616e-06,-0.0009687019717389073,58
Harryflintia,kazakhstan2022,lgbm,0.0158526682598443,-0.0025821187051840383,0.0010938176583864358,-0.006087081284402395,59
Sutterella,kazakhstan2022,lgbm,0.015850590469631946,0.003048190474929217,-0.004996058534518139,0.010718288367658091,60
Odoribacter,kazakhstan2022,lgbm,0.015705678076834675,0.007845696880020063,0.0038873533028016306,0.011619931453646941,61
CAG-56,kazakhstan2022,lgbm,0.015460001474531603,-0.0035898464205076316,-0.002487513190796326,-0.0046409083372091105,62
Frisingicoccus,kazakhstan2022,lgbm,0.014267388320856807,0.004757416700743174,0.0024604786491912683,0.006947520424315919,63
Lactiplantibacillus,kazakhstan2022,lgbm,0.0142600938990522,0.0022348093729018894,0.003127649477022255,0.0013834967154847959,64
CAG-352,kazakhstan2022,lgbm,0.013781055080635958,0.00701236473044409,0.0012629388539214333,0.01249437544991918,65
Oscillospira,kazakhstan2022,lgbm,0.013540104713496402,-0.0027896195883015174,-0.0010455240138009375,-0.004452594438406723,66
Anaerofilum,kazakhstan2022,lgbm,0.013391547600252277,0.005151245602026712,0.00870061765075009,0.0017669606253369772,67
Shuttleworthia,kazakhstan2022,lgbm,0.013324656380595329,-0.003150013159723037,-0.00404413195479135,-0.0022974812853555774,68
Azoarcus,kazakhstan2022,lgbm,0.012504797511824203,-0.0030953545648188543,0.0005865955078420726,-0.006606051145728111,69
Psychrobacter,kazakhstan2022,lgbm,0.011853983023270781,-0.0005975630363430764,0.003302696668251236,-0.004316415312816724,70
DTU089,kazakhstan2022,lgbm,0.011752638994787264,-0.003222188629915431,-0.008698799624165955,0.0019996962715792556,71
Senegalimassilia,kazakhstan2022,lgbm,0.011530628951051738,0.0004914961242076686,-0.0009973946212146652,0.0019111361372847787,72
Pedobacter,kazakhstan2022,lgbm,0.01097405981915867,0.004872615016024671,0.009590139592530422,0.000374510187263371,73
Parvimonas,kazakhstan2022,lgbm,0.010908900905554313,-0.0005183995626855831,-0.004601611268229799,0.003374895319344947,74
Aridibacter,kazakhstan2022,lgbm,0.01089183303659221,-0.003108418542125658,-0.004034163135563919,-0.002225731836754293,75
Serratia,kazakhstan2022,lgbm,0.010510677729641482,-0.003153203318892445,-0.0044862648846030724,-0.0018821446167032424,76
Catenibacterium,kazakhstan2022,lgbm,0.010319963309799214,0.0008413865748804852,-0.00033646218300376263,0.001964451669607327,77
Erysipelotrichaceae UCG-003,kazakhstan2022,lgbm,0.010237549681848947,-0.0013285448851470356,-0.000839967927534995,-0.0017943973331027022,78
Rhodomicrobium,kazakhstan2022,lgbm,0.01015401183852543,0.002938625825467513,0.00324654755954696,0.002645026032508039,79
Desulfovibrio,kazakhstan2022,lgbm,0.010106901101758218,-0.0015369941767650747,0.00419861823896801,-0.007005833921998945,80
Enterococcus,kazakhstan2022,lgbm,0.010036298891449486,0.005498489072038091,0.0032296330689746697,0.007661816888912513,81
Chryseobacterium,kazakhstan2022,lgbm,0.009997276305419122,0.002093718195792086,0.0005430137880062993,0.0035722968171692307,82
Pseudenhygromyxa,kazakhstan2022,lgbm,0.009807537757882456,-0.002417722272187441,-0.0008336024512178675,-0.0039281621014840154,83
Peptoniphilus,kazakhstan2022,lgbm,0.00972002581122057,-0.0007310331774607851,-0.001536615306955539,3.7080015778399153e-05,84
Clostridium sensu stricto 1,kazakhstan2022,lgbm,0.009637666705347556,0.008376898341652212,0.006382596042458709,0.010278442394371595,85
Methyloceanibacter,kazakhstan2022,lgbm,0.009410021205287727,0.001768472662710687,-0.0030864400942701396,0.006397575524017988,86
Slackia,kazakhstan2022,lgbm,0.009366753456220065,-0.00181710420520329,-0.004742299537461536,0.0009720355302057361,87
[Eubacterium] xylanophilum group,kazakhstan2022,lgbm,0.009094839579743887,0.0019230651874405408,0.003864518964002398,7.191158653272428e-05,88
Christensenellaceae R-7 group,kazakhstan2022,lgbm,0.00908389580801735,-0.0026709759628786426,-0.002743602842703734,-0.002601727077464021,89
CHKCI002,kazakhstan2022,lgbm,0.009040420687332957,-0.0017813387545592217,-0.003756945502068361,0.00010237930701925997,90
Megamonas,kazakhstan2022,lgbm,0.008460315030843792,0.0016686629942421728,-0.0060921010043119925,0.009068461225421726,91
Cutibacterium,kazakhstan2022,lgbm,0.008176215404869451,-0.0021639174562561314,-0.004760643899355451,0.0003120310127455448,92
Oxalobacter,kazakhstan2022,lgbm,0.007885863590519546,0.00357071547575803,5.339427057946971e-05,0.006924440345812006,93
Lachnoclostridium,kazakhstan2022,lgbm,0.007822042759928345,0.002222698165126618,0.005879486528205777,-0.0012640070182744392,94
Family XIII UCG-001,kazakhstan2022,lgbm,0.007641733564203878,0.0011756513175698263,-0.002709732914886555,0.004880320004330562,95
Cloacibacillus,kazakhstan2022,lgbm,0.007501980644144819,0.0013112735516624184,0.0014535603545128334,0.0011756047396422552,96
Faecalibacterium,kazakhstan2022,lgbm,0.007375051913526952,-0.001296862924602302,-0.002492718009874576,-0.00015662900608687794,97
Methanobrevibacter,kazakhstan2022,lgbm,0.007329203203946818,-0.002404389107828951,-0.005699406420010388,0.0007373715851812571,98
Streptomyces,kazakhstan2022,lgbm,0.007053962176875057,-0.0032124200498445422,-0.0020213392719924676,-0.004348101721750008,99
Lachnospira,kazakhstan2022,lgbm,0.006889245620253799,-0.0050133008034710744,-0.0064277537288249115,-0.0036646363862732293,100
Butyricimonas,kazakhstan2022,lgbm,0.0068110311861486845,-0.0041762898150578,-0.0018126316848612076,-0.006430010357803387,101
Colidextribacter,kazakhstan2022,lgbm,0.0067045801468587,-0.0023856107688765018,0.0013876975944485102,-0.005983416417628258,102
OM27 clade,kazakhstan2022,lgbm,0.00664771190281906,2.4665610904290716e-06,-0.0007059463620844809,0.000677930045978134,103
Hungatella,kazakhstan2022,lgbm,0.006353814676351981,0.0020156554037852083,-0.00061836251919378,0.00452716086523029,104
Staphylococcus,kazakhstan2022,lgbm,0.005985732739160191,-0.0011626962874627712,0.001612886618279149,-0.0038091823138678583,105
mle1-7,kazakhstan2022,lgbm,0.005799231520147503,-0.0006824971132087173,-0.001219382254142992,-0.000170583374178362,106
Coriobacteriaceae UCG-003,kazakhstan2022,lgbm,0.005728788477183876,-0.0011095276236720813,-0.0012826299177685447,-0.0009444765990684764,107
Eggerthella,kazakhstan2022,lgbm,0.005725841828608988,0.0010402512075205826,0.0003325088741263968,0.0017150752928499228,108
Enterorhabdus,kazakhstan2022,lgbm,0.005582675499425342,0.0036458288975838964,0.0026274204908487754,0.004616869471447616,109
Negativibacillus,kazakhstan2022,lgbm,0.005458197256235594,0.0025260485133299284,0.004318762234519376,0.000816716825684176,110
Ruminococcus gnavus group,kazakhstan2022,lgbm,0.005272480603456649,-0.00013938741825230257,-0.0015892826310167066,0.0012430708078718959,111
Monoglobus,kazakhstan2022,lgbm,0.004929093329049634,-0.0025288391862080726,-0.0025905181907497333,-0.002470028972575327,112
Nonomuraea,kazakhstan2022,lgbm,0.004804903965266103,0.0026580319807855044,0.004119201531198548,0.0012648238048102757,113
Prevotella,kazakhstan2022,lgbm,0.004713619631509848,-0.0008143021021470361,-0.00033971178460580467,-0.0012668184514305354,114
Anaerostipes,kazakhstan2022,lgbm,0.004504643651523682,0.0019633418706849607,-0.0004923898078457692,0.004304853471144494,115
Dialister,kazakhstan2022,lgbm,0.004012404412748049,-1.76756023768437e-05,0.0006387238007193351,-0.0006435448006778514,116
Lachnospiraceae NK3A20 group,kazakhstan2022,lgbm,0.003954482248043182,0.0013245865114576492,0.0025321484175908605,0.00017319027537714496,117
Pajaroellobacter,kazakhstan2022,lgbm,0.003888340986135181,-0.003888340986135181,-0.003983178571162868,-0.0037979144515738975,118
Lachnospiraceae UCG-006,kazakhstan2022,lgbm,0.0037442168113092857,-0.0010554437528128,-0.0008245440205596799,-0.0012756039626355424,119
Elusimicrobium,kazakhstan2022,lgbm,0.0035969103178834696,-0.0002965933690964082,-0.0011519631712037166,0.0005189917910524207,120
Lachnospiraceae NC2004 group,kazakhstan2022,lgbm,0.003403415300682095,0.0017753778057994472,0.0011940222539835634,0.0023296935645076154,121
Afipia,kazakhstan2022,lgbm,0.003338653984459462,0.0015219936787454877,0.0038631724488887107,-0.000710293055577121,122
Brevundimonas,kazakhstan2022,lgbm,0.0030310668972341635,-0.0006166328122540388,0.001235511191923423,-0.0023826305836790605,123
Alistipes,kazakhstan2022,lgbm,0.0029944396621428824,0.0011579078579049527,0.000990726838444597,0.0013173130159950597,124
UCG-009,kazakhstan2022,lgbm,0.002837157760240296,-0.000886151905106547,0.000884075166851371,-0.0025740428341827016,125
wb1-A12,kazakhstan2022,lgbm,0.0026053302918203785,7.931918921233016e-05,0.000412519310500148,-0.00023838325201558914,126
JGI 0001001-H03,kazakhstan2022,lgbm,0.0025892953223788425,0.0022806480571839456,0.003260405618936099,0.0013464606145830549,127
Lachnospiraceae UCG-010,kazakhstan2022,lgbm,0.00256177846987928,0.0014311179425253503,0.000465727137544333,0.002351606849600274,128
Hassallia,kazakhstan2022,lgbm,0.0025278433692728134,-0.0006295094814092885,-0.0005062478801942033,-0.0007470379848934394,129
Alkalicoccus,kazakhstan2022,lgbm,0.0025050973822764357,-0.0009819241735345293,-0.0002196023552655446,-0.001708789163046817,130
Eubacterium eligens group,kazakhstan2022,lgbm,0.002348529373816652,0.0006147603234387554,0.0017587945558134419,-0.00047606301440687574,131
Hyphomicrobium,kazakhstan2022,lgbm,0.0022291944372763994,-0.0008540769048842108,-0.0020799700785307153,0.0003147979816159446,132
Nannocystis,kazakhstan2022,lgbm,0.0022137369373334773,-0.00023153526131406544,-0.00250491298398041,0.0019361039626236117,133
Romboutsia,kazakhstan2022,lgbm,0.0021603354372605223,-0.00041544912255010047,-0.0004255820279781517,-0.0004057875150489354,134
Microvirga,kazakhstan2022,lgbm,0.002135099963200445,0.0010493462115464104,0.0008859760085377275,0.0012051178004616663,135
Pedomicrobium,kazakhstan2022,lgbm,0.0019771076038549835,-8.560808797343318e-05,-0.00046708992046024726,0.0002781304034674826,136
Sediminibacterium,kazakhstan2022,lgbm,0.0019296394047354673,-0.0007174300350939558,0.0,-0.0014014912313463322,137
Tyzzerella,kazakhstan2022,lgbm,0.001918981251124341,0.0004632023709610478,-0.00034600185589073385,0.0012347691919127465,138
Haemophilus,kazakhstan2022,lgbm,0.0018939761092691852,0.000998748480549783,0.0002655348722089159,0.0016978591303631679,139
Solobacterium,kazakhstan2022,lgbm,0.0018604946855731246,-1.5294899695265174e-05,-0.0006734260576365419,0.0006122255067138592,140
Polycyclovorans,kazakhstan2022,lgbm,0.0017660942402022534,-0.00021389493445202673,-0.0005831010248276362,0.00013813877962704285,141
Anaerobacillus,kazakhstan2022,lgbm,0.0016900762376844231,0.0003260383293170736,0.0005282502548168615,0.00013323160965448522,142
Dielma,kazakhstan2022,lgbm,0.0016767194064177084,0.0009902507553196348,0.0005136152071568247,0.0014447172082190588,143
Bacteroides,kazakhstan2022,lgbm,0.0015862567848900777,0.0005569645165534867,0.0005705490169572304,0.0005440118533778242,144
Marvinbryantia,kazakhstan2022,lgbm,0.0015857158143325297,-0.0013783782662525612,-0.001305799967632396,-0.0014475808300531841,145
Faecalibaculum,kazakhstan2022,lgbm,0.00152116019811069,0.0005914697374910133,0.0010598910129330545,0.00014483549811604383,146
Ruminococcus,kazakhstan2022,lgbm,0.0014991415334182784,0.00012280448419036904,-3.204332376251229e-05,0.00027045006851753495,147
Mogibacterium,kazakhstan2022,lgbm,0.001192933381029519,-0.0004629267849382312,-0.000977907522718911,2.8101360387533097e-05,148
Incertae Sedis,kazakhstan2022,lgbm,0.0010658499183146338,0.0010658499183146338,0.0010021688387765603,0.001126569087176518,149
[Clostridium] innocuum group,kazakhstan2022,lgbm,0.0,0.0,0.0,0.0,150
Pelagibacterium,kazakhstan2022,lgbm,0.0,0.0,0.0,0.0,151
Parapusillimonas,kazakhstan2022,lgbm,0.0,0.0,0.0,0.0,152
Z20,kazakhstan2022,lgbm,0.0,0.0,0.0,0.0,153
Parasutterella,kazakhstan2022,lgbm,0.0,0.0,0.0,0.0,154
Rothia,kazakhstan2022,lgbm,0.0,0.0,0.0,0.0,155
Peptococcus,kazakhstan2022,lgbm,0.0,0.0,0.0,0.0,156
Sneathia,kazakhstan2022,lgbm,0.0,0.0,0.0,0.0,157
Peptostreptococcus,kazakhstan2022,lgbm,0.0,0.0,0.0,0.0,158
Paraprevotella,kazakhstan2022,lgbm,0.0,0.0,0.0,0.0,159
YC-ZSS-LKJ147,kazakhstan2022,lgbm,0.0,0.0,0.0,0.0,160
Phaselicystis,kazakhstan2022,lgbm,0.0,0.0,0.0,0.0,161
Phenylobacterium,kazakhstan2022,lgbm,0.0,0.0,0.0,0.0,162
Phocea,kazakhstan2022,lgbm,0.0,0.0,0.0,0.0,163
Weissella,kazakhstan2022,lgbm,0.0,0.0,0.0,0.0,164
Virgisporangium,kazakhstan2022,lgbm,0.0,0.0,0.0,0.0,165
Peredibacter,kazakhstan2022,lgbm,0.0,0.0,0.0,0.0,166
[Eubacterium] fissicatena group,kazakhstan2022,lgbm,0.0,0.0,0.0,0.0,167
Sumerlaea,kazakhstan2022,lgbm,0.0,0.0,0.0,0.0,168
Solirubrobacter,kazakhstan2022,lgbm,0.0,0.0,0.0,0.0,169
Streptococcus,kazakhstan2022,lgbm,0.0,0.0,0.0,0.0,170
Steroidobacter,kazakhstan2022,lgbm,0.0,0.0,0.0,0.0,171
Ohtaekwangia,kazakhstan2022,lgbm,0.0,0.0,0.0,0.0,172
Stenotrophomonas,kazakhstan2022,lgbm,0.0,0.0,0.0,0.0,173
Opitutus,kazakhstan2022,lgbm,0.0,0.0,0.0,0.0,174
Stenotrophobacter,kazakhstan2022,lgbm,0.0,0.0,0.0,0.0,175
[Eubacterium] siraeum group,kazakhstan2022,lgbm,0.0,0.0,0.0,0.0,176
Sporosarcina,kazakhstan2022,lgbm,0.0,0.0,0.0,0.0,177
Sphingomonas,kazakhstan2022,lgbm,0.0,0.0,0.0,0.0,178
[Eubacterium] ruminantium group,kazakhstan2022,lgbm,0.0,0.0,0.0,0.0,179
P3OB-42,kazakhstan2022,lgbm,0.0,0.0,0.0,0.0,180
Paenibacillus,kazakhstan2022,lgbm,0.0,0.0,0.0,0.0,181
Solitalea,kazakhstan2022,lgbm,0.0,0.0,0.0,0.0,182
Paeniclostridium,kazakhstan2022,lgbm,0.0,0.0,0.0,0.0,183
Paenisporosarcina,kazakhstan2022,lgbm,0.0,0.0,0.0,0.0,184
Subgroup 10,kazakhstan2022,lgbm,0.0,0.0,0.0,0.0,185
[Eubacterium] nodatum group,kazakhstan2022,lgbm,0.0,0.0,0.0,0.0,186
Pannonibacter,kazakhstan2022,lgbm,0.0,0.0,0.0,0.0,187
Succinivibrio,kazakhstan2022,lgbm,0.0,0.0,0.0,0.0,188
Skermanella,kazakhstan2022,lgbm,0.0,0.0,0.0,0.0,189
Sulfurifustis,kazakhstan2022,lgbm,0.0,0.0,0.0,0.0,190
Parabacteroides,kazakhstan2022,lgbm,0.0,0.0,0.0,0.0,191
Paracoccus,kazakhstan2022,lgbm,0.0,0.0,0.0,0.0,192
Polyangium,kazakhstan2022,lgbm,0.0,0.0,0.0,0.0,193
Vibrionimonas,kazakhstan2022,lgbm,0.0,0.0,0.0,0.0,194
Victivallis,kazakhstan2022,lgbm,0.0,0.0,0.0,0.0,195
Vicinamibacter,kazakhstan2022,lgbm,0.0,0.0,0.0,0.0,196
Pseudorhodoplanes,kazakhstan2022,lgbm,0.0,0.0,0.0,0.0,197
Pseudoxanthomonas,kazakhstan2022,lgbm,0.0,0.0,0.0,0.0,198
Psychrobacillus,kazakhstan2022,lgbm,0.0,0.0,0.0,0.0,199
Puia,kazakhstan2022,lgbm,0.0,0.0,0.0,0.0,200
Pyramidobacter,kazakhstan2022,lgbm,0.0,0.0,0.0,0.0,201
RB41,kazakhstan2022,lgbm,0.0,0.0,0.0,0.0,202
Ralstonia,kazakhstan2022,lgbm,0.0,0.0,0.0,0.0,203
UCG-005,kazakhstan2022,lgbm,0.0,0.0,0.0,0.0,204
UCG-004,kazakhstan2022,lgbm,0.0,0.0,0.0,0.0,205
UCG-003,kazakhstan2022,lgbm,0.0,0.0,0.0,0.0,206
UC5-1-2E3,kazakhstan2022,lgbm,0.0,0.0,0.0,0.0,207
Ruminococcus torques group,kazakhstan2022,lgbm,0.0,0.0,0.0,0.0,208
UBA1819,kazakhstan2022,lgbm,0.0,0.0,0.0,0.0,209
Ramlibacter,kazakhstan2022,lgbm,0.0,0.0,0.0,0.0,210
Raoultibacter,kazakhstan2022,lgbm,0.0,0.0,0.0,0.0,211
Reyranella,kazakhstan2022,lgbm,0.0,0.0,0.0,0.0,212
Rhizobacter,kazakhstan2022,lgbm,0.0,0.0,0.0,0.0,213
Rhizocola,kazakhstan2022,lgbm,0.0,0.0,0.0,0.0,214
Rhodococcus,kazakhstan2022,lgbm,0.0,0.0,0.0,0.0,215
Rubrobacter,kazakhstan2022,lgbm,0.0,0.0,0.0,0.0,216
Tuzzerella,kazakhstan2022,lgbm,0.0,0.0,0.0,0.0,217
Thermus,kazakhstan2022,lgbm,0.0,0.0,0.0,0.0,218
Truepera,kazakhstan2022,lgbm,0.0,0.0,0.0,0.0,219
SWB02,kazakhstan2022,lgbm,0.0,0.0,0.0,0.0,220
Terrisporobacter,kazakhstan2022,lgbm,0.0,0.0,0.0,0.0,221
Pseudonocardia,kazakhstan2022,lgbm,0.0,0.0,0.0,0.0,222
Prevotellaceae NK3B31 group,kazakhstan2022,lgbm,0.0,0.0,0.0,0.0,223
TM7x,kazakhstan2022,lgbm,0.0,0.0,0.0,0.0,224
Pontibacter,kazakhstan2022,lgbm,0.0,0.0,0.0,0.0,225
Tumebacillus,kazakhstan2022,lgbm,0.0,0.0,0.0,0.0,226
Porphyromonas,kazakhstan2022,lgbm,0.0,0.0,0.0,0.0,227
Taibaiella,kazakhstan2022,lgbm,0.0,0.0,0.0,0.0,228
Terrimonas,kazakhstan2022,lgbm,0.0,0.0,0.0,0.0,229
Prevotella_7,kazakhstan2022,lgbm,0.0,0.0,0.0,0.0,230
Sellimonas,kazakhstan2022,lgbm,0.0,0.0,0.0,0.0,231
Prevotella_9,kazakhstan2022,lgbm,0.0,0.0,0.0,0.0,232
Sarcina,kazakhstan2022,lgbm,0.0,0.0,0.0,0.0,233
Prevotellaceae UCG-001,kazakhstan2022,lgbm,0.0,0.0,0.0,0.0,234
Pseudomonas,kazakhstan2022,lgbm,0.0,0.0,0.0,0.0,235
Sanguibacteroides,kazakhstan2022,lgbm,0.0,0.0,0.0,0.0,236
V9D2013 group,kazakhstan2022,lgbm,0.0,0.0,0.0,0.0,237
Prevotellaceae UCG-003,kazakhstan2022,lgbm,0.0,0.0,0.0,0.0,238
Sandaracinus,kazakhstan2022,lgbm,0.0,0.0,0.0,0.0,239
Pseudoduganella,kazakhstan2022,lgbm,0.0,0.0,0.0,0.0,240
Pseudoflavonifractor,kazakhstan2022,lgbm,0.0,0.0,0.0,0.0,241
Salmonella,kazakhstan2022,lgbm,0.0,0.0,0.0,0.0,242
Pseudolabrys,kazakhstan2022,lgbm,0.0,0.0,0.0,0.0,243
Undibacterium,kazakhstan2022,lgbm,0.0,0.0,0.0,0.0,244
UTCFX1,kazakhstan2022,lgbm,0.0,0.0,0.0,0.0,245
Oceanicaulis,kazakhstan2022,lgbm,0.0,0.0,0.0,0.0,246
ADurb.Bin063-1,kazakhstan2022,lgbm,0.0,0.0,0.0,0.0,247
OLB17,kazakhstan2022,lgbm,0.0,0.0,0.0,0.0,248
Collinsella,kazakhstan2022,lgbm,0.0,0.0,0.0,0.0,249
Citrifermentans,kazakhstan2022,lgbm,0.0,0.0,0.0,0.0,250
Citricoccus,kazakhstan2022,lgbm,0.0,0.0,0.0,0.0,251
Chthoniobacter,kazakhstan2022,lgbm,0.0,0.0,0.0,0.0,252
Chryseolinea,kazakhstan2022,lgbm,0.0,0.0,0.0,0.0,253
Christensenella,kazakhstan2022,lgbm,0.0,0.0,0.0,0.0,254
Chelativorans,kazakhstan2022,lgbm,0.0,0.0,0.0,0.0,255
Cellvibrio,kazakhstan2022,lgbm,0.0,0.0,0.0,0.0,256
Caulobacter,kazakhstan2022,lgbm,0.0,0.0,0.0,0.0,257
Catenibacillus,kazakhstan2022,lgbm,0.0,0.0,0.0,0.0,258
Catabacter,kazakhstan2022,lgbm,0.0,0.0,0.0,0.0,259
Candidatus Udaeobacter,kazakhstan2022,lgbm,0.0,0.0,0.0,0.0,260
Candidatus Solibacter,kazakhstan2022,lgbm,0.0,0.0,0.0,0.0,261
Candidatus Soleaferrea,kazakhstan2022,lgbm,0.0,0.0,0.0,0.0,262
Candidatus Nitrososphaera,kazakhstan2022,lgbm,0.0,0.0,0.0,0.0,263
Candidatus Nitrocosmicus,kazakhstan2022,lgbm,0.0,0.0,0.0,0.0,264
Citrobacter,kazakhstan2022,lgbm,0.0,0.0,0.0,0.0,265
Comamonas,kazakhstan2022,lgbm,0.0,0.0,0.0,0.0,266
Enteroscipio,kazakhstan2022,lgbm,0.0,0.0,0.0,0.0,267
Coprobacillus,kazakhstan2022,lgbm,0.0,0.0,0.0,0.0,268
Enhydrobacter,kazakhstan2022,lgbm,0.0,0.0,0.0,0.0,269
Ellin6067,kazakhstan2022,lgbm,0.0,0.0,0.0,0.0,270
Ellin6055,kazakhstan2022,lgbm,0.0,0.0,0.0,0.0,271
Eisenbergiella,kazakhstan2022,lgbm,0.0,0.0,0.0,0.0,272
Edaphobaculum,kazakhstan2022,lgbm,0.0,0.0,0.0,0.0,273
Dorea,kazakhstan2022,lgbm,0.0,0.0,0.0,0.0,274
Dongia,kazakhstan2022,lgbm,0.0,0.0,0.0,0.0,275
Dokdonella,kazakhstan2022,lgbm,0.0,0.0,0.0,0.0,276
Dinghuibacter,kazakhstan2022,lgbm,0.0,0.0,0.0,0.0,277
Diaphorobacter,kazakhstan2022,lgbm,0.0,0.0,0.0,0.0,278
Dethiobacter,kazakhstan2022,lgbm,0.0,0.0,0.0,0.0,279
Defluviitaleaceae UCG-011,kazakhstan2022,lgbm,0.0,0.0,0.0,0.0,280
Dactylosporangium,kazakhstan2022,lgbm,0.0,0.0,0.0,0.0,281
Curvibacter,kazakhstan2022,lgbm,0.0,0.0,0.0,0.0,282
Coprobacter,kazakhstan2022,lgbm,0.0,0.0,0.0,0.0,283
Candidatus Entotheonella,kazakhstan2022,lgbm,0.0,0.0,0.0,0.0,284
Campylobacter,kazakhstan2022,lgbm,0.0,0.0,0.0,0.0,285
Caenimonas,kazakhstan2022,lgbm,0.0,0.0,0.0,0.0,286
CL500-29 marine group,kazakhstan2022,lgbm,0.0,0.0,0.0,0.0,287
Anaerococcus,kazakhstan2022,lgbm,0.0,0.0,0.0,0.0,288
Ammoniphilus,kazakhstan2022,lgbm,0.0,0.0,0.0,0.0,289
Altererythrobacter,kazakhstan2022,lgbm,0.0,0.0,0.0,0.0,290
Allorhizobium-Neorhizobium-Pararhizobium-Rhizobium,kazakhstan2022,lgbm,0.0,0.0,0.0,0.0,291
Alloprevotella,kazakhstan2022,lgbm,0.0,0.0,0.0,0.0,292
Allisonella,kazakhstan2022,lgbm,0.0,0.0,0.0,0.0,293
Aliihoeflea,kazakhstan2022,lgbm,0.0,0.0,0.0,0.0,294
Ahniella,kazakhstan2022,lgbm,0.0,0.0,0.0,0.0,295
Agromyces,kazakhstan2022,lgbm,0.0,0.0,0.0,0.0,296
Aeromonas,kazakhstan2022,lgbm,0.0,0.0,0.0,0.0,297
Aeromicrobium,kazakhstan2022,lgbm,0.0,0.0,0.0,0.0,298
Adlercreutzia,kazakhstan2022,lgbm,0.0,0.0,0.0,0.0,299
Adhaeribacter,kazakhstan2022,lgbm,0.0,0.0,0.0,0.0,300
Acidibacter,kazakhstan2022,lgbm,0.0,0.0,0.0,0.0,301
Acidaminococcus,kazakhstan2022,lgbm,0.0,0.0,0.0,0.0,302
Anaerofustis,kazakhstan2022,lgbm,0.0,0.0,0.0,0.0,303
Anaerotruncus,kazakhstan2022,lgbm,0.0,0.0,0.0,0.0,304
Angelakisella,kazakhstan2022,lgbm,0.0,0.0,0.0,0.0,305
Bdellovibrio,kazakhstan2022,lgbm,0.0,0.0,0.0,0.0,306
Butyricicoccus,kazakhstan2022,lgbm,0.0,0.0,0.0,0.0,307
Burkholderia-Caballeronia-Paraburkholderia,kazakhstan2022,lgbm,0.0,0.0,0.0,0.0,308
Bryobacter,kazakhstan2022,lgbm,0.0,0.0,0.0,0.0,309
Bradyrhizobium,kazakhstan2022,lgbm,0.0,0.0,0.0,0.0,310
Blautia,kazakhstan2022,lgbm,0.0,0.0,0.0,0.0,311
Blastococcus,kazakhstan2022,lgbm,0.0,0.0,0.0,0.0,312
Bauldia,kazakhstan2022,lgbm,0.0,0.0,0.0,0.0,313
Aquabacterium,kazakhstan2022,lgbm,0.0,0.0,0.0,0.0,314
BIyi10,kazakhstan2022,lgbm,0.0,0.0,0.0,0.0,315
BD1-7 clade,kazakhstan2022,lgbm,0.0,0.0,0.0,0.0,316
Atopobium,kazakhstan2022,lgbm,0.0,0.0,0.0,0.0,317
Asteroleplasma,kazakhstan2022,lgbm,0.0,0.0,0.0,0.0,318
Arenimonas,kazakhstan2022,lgbm,0.0,0.0,0.0,0.0,319
Aquicella,kazakhstan2022,lgbm,0.0,0.0,0.0,0.0,320
Enterobacter,kazakhstan2022,lgbm,0.0,0.0,0.0,0.0,321
Erysipelatoclostridium,kazakhstan2022,lgbm,0.0,0.0,0.0,0.0,322
Novosphingobium,kazakhstan2022,lgbm,0.0,0.0,0.0,0.0,323
Merdibacter,kazakhstan2022,lgbm,0.0,0.0,0.0,0.0,324
Marmoricola,kazakhstan2022,lgbm,0.0,0.0,0.0,0.0,325
MND1,kazakhstan2022,lgbm,0.0,0.0,0.0,0.0,326
Lysobacter,kazakhstan2022,lgbm,0.0,0.0,0.0,0.0,327
Lysinibacillus,kazakhstan2022,lgbm,0.0,0.0,0.0,0.0,328
Luteolibacter,kazakhstan2022,lgbm,0.0,0.0,0.0,0.0,329
Longimicrobium,kazakhstan2022,lgbm,0.0,0.0,0.0,0.0,330
Limosilactobacillus,kazakhstan2022,lgbm,0.0,0.0,0.0,0.0,331
Ligilactobacillus,kazakhstan2022,lgbm,0.0,0.0,0.0,0.0,332
Libanicoccus,kazakhstan2022,lgbm,0.0,0.0,0.0,0.0,333
Levilactobacillus,kazakhstan2022,lgbm,0.0,0.0,0.0,0.0,334
Leuconostoc,kazakhstan2022,lgbm,0.0,0.0,0.0,0.0,335
Leucobacter,kazakhstan2022,lgbm,0.0,0.0,0.0,0.0,336
Legionella,kazakhstan2022,lgbm,0.0,0.0,0.0,0.0,337
Lechevalieria,kazakhstan2022,lgbm,0.0,0.0,0.0,0.0,338
Achromobacter,kazakhstan2022,lgbm,0.0,0.0,0.0,0.0,339
Massilia,kazakhstan2022,lgbm,0.0,0.0,0.0,0.0,340
Mesorhizobium,kazakhstan2022,lgbm,0.0,0.0,0.0,0.0,341
Erysipelotrichaceae UCG-006,kazakhstan2022,lgbm,0.0,0.0,0.0,0.0,342
Methylobacterium-Methylorubrum,kazakhstan2022,lgbm,0.0,0.0,0.0,0.0,343
Nordella,kazakhstan2022,lgbm,0.0,0.0,0.0,0.0,344
Nocardioides,kazakhstan2022,lgbm,0.0,0.0,0.0,0.0,345
Nitrospira,kazakhstan2022,lgbm,0.0,0.0,0.0,0.0,346
Nitrosospira,kazakhstan2022,lgbm,0.0,0.0,0.0,0.0,347
Nitrosococcus,kazakhstan2022,lgbm,0.0,0.0,0.0,0.0,348
Nitrolancea,kazakhstan2022,lgbm,0.0,0.0,0.0,0.0,349
Niastella,kazakhstan2022,lgbm,0.0,0.0,0.0,0.0,350
Nesterenkonia,kazakhstan2022,lgbm,0.0,0.0,0.0,0.0,351
Mycobacterium,kazakhstan2022,lgbm,0.0,0.0,0.0,0.0,352
Muribaculum,kazakhstan2022,lgbm,0.0,0.0,0.0,0.0,353
Mitsuokella,kazakhstan2022,lgbm,0.0,0.0,0.0,0.0,354
Microlunatus,kazakhstan2022,lgbm,0.0,0.0,0.0,0.0,355
Microbacterium,kazakhstan2022,lgbm,0.0,0.0,0.0,0.0,356
Methyloversatilis,kazakhstan2022,lgbm,0.0,0.0,0.0,0.0,357
Methylotenera,kazakhstan2022,lgbm,0.0,0.0,0.0,0.0,358
Lactococcus,kazakhstan2022,lgbm,0.0,0.0,0.0,0.0,359
Lacibacter,kazakhstan2022,lgbm,0.0,0.0,0.0,0.0,360
Lachnospiraceae UCG-004,kazakhstan2022,lgbm,0.0,0.0,0.0,0.0,361
Lachnospiraceae UCG-001,kazakhstan2022,lgbm,0.0,0.0,0.0,0.0,362
Gemella,kazakhstan2022,lgbm,0.0,0.0,0.0,0.0,363
Gaiella,kazakhstan2022,lgbm,0.0,0.0,0.0,0.0,364
Fluviicola,kazakhstan2022,lgbm,0.0,0.0,0.0,0.0,365
Flavonifractor,kazakhstan2022,lgbm,0.0,0.0,0.0,0.0,366
Flavobacterium,kazakhstan2022,lgbm,0.0,0.0,0.0,0.0,367
Flavitalea,kazakhstan2022,lgbm,0.0,0.0,0.0,0.0,368
Flavisolibacter,kazakhstan2022,lgbm,0.0,0.0,0.0,0.0,369
Finegoldia,kazakhstan2022,lgbm,0.0,0.0,0.0,0.0,370
Ferruginibacter,kazakhstan2022,lgbm,0.0,0.0,0.0,0.0,371
Fenollaria,kazakhstan2022,lgbm,0.0,0.0,0.0,0.0,372
Family XIII AD3011 group,kazakhstan2022,lgbm,0.0,0.0,0.0,0.0,373
Faecalitalea,kazakhstan2022,lgbm,0.0,0.0,0.0,0.0,374
Eubacterium oxidoreducens group,kazakhstan2022,lgbm,0.0,0.0,0.0,0.0,375
Eubacterium hallii group,kazakhstan2022,lgbm,0.0,0.0,0.0,0.0,376
Escherichia-Shigella,kazakhstan2022,lgbm,0.0,0.0,0.0,0.0,377
Gemmatimonas,kazakhstan2022,lgbm,0.0,0.0,0.0,0.0,378
Gordonibacter,kazakhstan2022,lgbm,0.0,0.0,0.0,0.0,379
Granulicatella,kazakhstan2022,lgbm,0.0,0.0,0.0,0.0,380
Ilumatobacter,kazakhstan2022,lgbm,0.0,0.0,0.0,0.0,381
Lachnospiraceae NK4A136 group,kazakhstan2022,lgbm,0.0,0.0,0.0,0.0,382
Lachnospiraceae ND3007 group,kazakhstan2022,lgbm,0.0,0.0,0.0,0.0,383
Lachnospiraceae FCS020 group,kazakhstan2022,lgbm,0.0,0.0,0.0,0.0,384
Kribbella,kazakhstan2022,lgbm,0.0,0.0,0.0,0.0,385
Klebsiella,kazakhstan2022,lgbm,0.0,0.0,0.0,0.0,386
Intestinibacter,kazakhstan2022,lgbm,0.0,0.0,0.0,0.0,387
Iamia,kazakhstan2022,lgbm,0.0,0.0,0.0,0.0,388
HT002,kazakhstan2022,lgbm,0.0,0.0,0.0,0.0,389
IS-44,kazakhstan2022,lgbm,0.0,0.0,0.0,0.0,390
Howardella,kazakhstan2022,lgbm,0.0,0.0,0.0,0.0,391
Hirschia,kazakhstan2022,lgbm,0.0,0.0,0.0,0.0,392
Helicobacter,kazakhstan2022,lgbm,0.0,0.0,0.0,0.0,393
Halomonas,kazakhstan2022,lgbm,0.0,0.0,0.0,0.0,394
Haliangium,kazakhstan2022,lgbm,0.0,0.0,0.0,0.0,395
wb1-P19,kazakhstan2022,lgbm,0.0,0.0,0.0,0.0,396
