experiment,split_id,genus
within_cohort_zhuang2018,outer_fold_0,Acinetobacter
within_cohort_zhuang2018,outer_fold_0,Actinomyces
within_cohort_zhuang2018,outer_fold_0,Adlercreutzia
within_cohort_zhuang2018,outer_fold_0,Agathobacter
within_cohort_zhuang2018,outer_fold_0,Akkermansia
within_cohort_zhuang2018,outer_fold_0,Alistipes
within_cohort_zhuang2018,outer_fold_0,Allisonella
within_cohort_zhuang2018,outer_fold_0,Anaerostipes
within_cohort_zhuang2018,outer_fold_0,Anaerotruncus
within_cohort_zhuang2018,outer_fold_0,Atopobium
within_cohort_zhuang2018,outer_fold_0,Bacteroides
within_cohort_zhuang2018,outer_fold_0,Barnesiella
within_cohort_zhuang2018,outer_fold_0,Bifidobacterium
within_cohort_zhuang2018,outer_fold_0,Bilophila
within_cohort_zhuang2018,outer_fold_0,Blautia
within_cohort_zhuang2018,outer_fold_0,Butyricicoccus
within_cohort_zhuang2018,outer_fold_0,Butyricimonas
within_cohort_zhuang2018,outer_fold_0,CAG-352
within_cohort_zhuang2018,outer_fold_0,CAG-56
within_cohort_zhuang2018,outer_fold_0,Candidatus Soleaferrea
within_cohort_zhuang2018,outer_fold_0,Catabacter
within_cohort_zhuang2018,outer_fold_0,Christensenella
within_cohort_zhuang2018,outer_fold_0,Christensenellaceae R-7 group
within_cohort_zhuang2018,outer_fold_0,Clostridium sensu stricto 1
within_cohort_zhuang2018,outer_fold_0,Colidextribacter
within_cohort_zhuang2018,outer_fold_0,Collinsella
within_cohort_zhuang2018,outer_fold_0,Coprobacillus
within_cohort_zhuang2018,outer_fold_0,Coprococcus
within_cohort_zhuang2018,outer_fold_0,Corynebacterium
within_cohort_zhuang2018,outer_fold_0,DTU089
within_cohort_zhuang2018,outer_fold_0,Defluviitaleaceae UCG-011
within_cohort_zhuang2018,outer_fold_0,Desulfovibrio
within_cohort_zhuang2018,outer_fold_0,Dialister
within_cohort_zhuang2018,outer_fold_0,Dorea
within_cohort_zhuang2018,outer_fold_0,Eggerthella
within_cohort_zhuang2018,outer_fold_0,Eisenbergiella
within_cohort_zhuang2018,outer_fold_0,Enterobacter
within_cohort_zhuang2018,outer_fold_0,Enterococcus
within_cohort_zhuang2018,outer_fold_0,Erysipelatoclostridium
within_cohort_zhuang2018,outer_fold_0,Erysipelotrichaceae UCG-003
within_cohort_zhuang2018,outer_fold_0,Escherichia-Shigella
within_cohort_zhuang2018,outer_fold_0,Eubacterium
within_cohort_zhuang2018,outer_fold_0,Eubacterium brachy group
within_cohort_zhuang2018,outer_fold_0,Eubacterium eligens group
within_cohort_zhuang2018,outer_fold_0,Eubacterium hallii group
within_cohort_zhuang2018,outer_fold_0,Eubacterium ventriosum group
within_cohort_zhuang2018,outer_fold_0,Faecalibacterium
within_cohort_zhuang2018,outer_fold_0,Faecalitalea
within_cohort_zhuang2018,outer_fold_0,Family XIII AD3011 group
within_cohort_zhuang2018,outer_fold_0,Family XIII UCG-001
within_cohort_zhuang2018,outer_fold_0,Flavonifractor
within_cohort_zhuang2018,outer_fold_0,Fusicatenibacter
within_cohort_zhuang2018,outer_fold_0,Fusobacterium
within_cohort_zhuang2018,outer_fold_0,GCA-900066575
within_cohort_zhuang2018,outer_fold_0,Gemella
within_cohort_zhuang2018,outer_fold_0,Gordonibacter
within_cohort_zhuang2018,outer_fold_0,HT002
within_cohort_zhuang2018,outer_fold_0,Haemophilus
within_cohort_zhuang2018,outer_fold_0,Holdemanella
within_cohort_zhuang2018,outer_fold_0,Holdemania
within_cohort_zhuang2018,outer_fold_0,Hungatella
within_cohort_zhuang2018,outer_fold_0,Incertae Sedis
within_cohort_zhuang2018,outer_fold_0,Intestinibacter
within_cohort_zhuang2018,outer_fold_0,Intestinimonas
within_cohort_zhuang2018,outer_fold_0,Klebsiella
within_cohort_zhuang2018,outer_fold_0,Lachnoclostridium
within_cohort_zhuang2018,outer_fold_0,Lachnospira
within_cohort_zhuang2018,outer_fold_0,Lachnospiraceae FCS020 group
within_cohort_zhuang2018,outer_fold_0,Lachnospiraceae ND3007 group
within_cohort_zhuang2018,outer_fold_0,Lachnospiraceae NK4A136 group
within_cohort_zhuang2018,outer_fold_0,Lachnospiraceae UCG-001
within_cohort_zhuang2018,outer_fold_0,Lachnospiraceae UCG-004
within_cohort_zhuang2018,outer_fold_0,Lachnospiraceae UCG-010
within_cohort_zhuang2018,outer_fold_0,Lactobacillus
within_cohort_zhuang2018,outer_fold_0,Lactococcus
within_cohort_zhuang2018,outer_fold_0,Ligilactobacillus
within_cohort_zhuang2018,outer_fold_0,Limosilactobacillus
within_cohort_zhuang2018,outer_fold_0,Marvinbryantia
within_cohort_zhuang2018,outer_fold_0,Massilia
within_cohort_zhuang2018,outer_fold_0,Megamonas
within_cohort_zhuang2018,outer_fold_0,Megasphaera
within_cohort_zhuang2018,outer_fold_0,Methylobacterium-Methylorubrum
within_cohort_zhuang2018,outer_fold_0,Monoglobus
within_cohort_zhuang2018,outer_fold_0,NK4A214 group
within_cohort_zhuang2018,outer_fold_0,Negativibacillus
within_cohort_zhuang2018,outer_fold_0,Odoribacter
within_cohort_zhuang2018,outer_fold_0,Oscillibacter
within_cohort_zhuang2018,outer_fold_0,Paludicola
within_cohort_zhuang2018,outer_fold_0,Parabacteroides
within_cohort_zhuang2018,outer_fold_0,Paracoccus
within_cohort_zhuang2018,outer_fold_0,Paraprevotella
within_cohort_zhuang2018,outer_fold_0,Parasutterella
within_cohort_zhuang2018,outer_fold_0,Peptostreptococcus
within_cohort_zhuang2018,outer_fold_0,Phascolarctobacterium
within_cohort_zhuang2018,outer_fold_0,Phocea
within_cohort_zhuang2018,outer_fold_0,Prevotella
within_cohort_zhuang2018,outer_fold_0,Prevotella_9
within_cohort_zhuang2018,outer_fold_0,Pseudomonas
within_cohort_zhuang2018,outer_fold_0,Pyramidobacter
within_cohort_zhuang2018,outer_fold_0,Raoultibacter
within_cohort_zhuang2018,outer_fold_0,Rhodococcus
within_cohort_zhuang2018,outer_fold_0,Romboutsia
within_cohort_zhuang2018,outer_fold_0,Roseburia
within_cohort_zhuang2018,outer_fold_0,Rothia
within_cohort_zhuang2018,outer_fold_0,Ruminococcus
within_cohort_zhuang2018,outer_fold_0,Ruminococcus gnavus group
within_cohort_zhuang2018,outer_fold_0,Ruminococcus torques group
within_cohort_zhuang2018,outer_fold_0,Sellimonas
within_cohort_zhuang2018,outer_fold_0,Solobacterium
within_cohort_zhuang2018,outer_fold_0,Streptococcus
within_cohort_zhuang2018,outer_fold_0,Subdoligranulum
within_cohort_zhuang2018,outer_fold_0,Sutterella
within_cohort_zhuang2018,outer_fold_0,TM7x
within_cohort_zhuang2018,outer_fold_0,Terrisporobacter
within_cohort_zhuang2018,outer_fold_0,Thermus
within_cohort_zhuang2018,outer_fold_0,Turicibacter
within_cohort_zhuang2018,outer_fold_0,Tyzzerella
within_cohort_zhuang2018,outer_fold_0,UBA1819
within_cohort_zhuang2018,outer_fold_0,UCG-002
within_cohort_zhuang2018,outer_fold_0,UCG-003
within_cohort_zhuang2018,outer_fold_0,UCG-005
within_cohort_zhuang2018,outer_fold_0,UCG-009
within_cohort_zhuang2018,outer_fold_0,Veillonella
within_cohort_zhuang2018,outer_fold_0,Weissella
within_cohort_zhuang2018,outer_fold_0,[Clostridium] innocuum group
within_cohort_zhuang2018,outer_fold_0,[Eubacterium] fissicatena group
within_cohort_zhuang2018,outer_fold_0,[Eubacterium] nodatum group
within_cohort_zhuang2018,outer_fold_0,[Eubacterium] ruminantium group
within_cohort_zhuang2018,outer_fold_0,[Eubacterium] siraeum group
within_cohort_zhuang2018,outer_fold_0,[Eubacterium] xylanophilum group
within_cohort_zhuang2018,outer_fold_0,[Ruminococcus] gauvreauii group
within_cohort_zhuang2018,outer_fold_1,Acinetobacter
within_cohort_zhuang2018,outer_fold_1,Actinomyces
within_cohort_zhuang2018,outer_fold_1,Adlercreutzia
within_cohort_zhuang2018,outer_fold_1,Agathobacter
within_cohort_zhuang2018,outer_fold_1,Akkermansia
within_cohort_zhuang2018,outer_fold_1,Alistipes
within_cohort_zhuang2018,outer_fold_1,Allisonella
within_cohort_zhuang2018,outer_fold_1,Anaerostipes
within_cohort_zhuang2018,outer_fold_1,Anaerotruncus
within_cohort_zhuang2018,outer_fold_1,Atopobium
within_cohort_zhuang2018,outer_fold_1,Bacteroides
within_cohort_zhuang2018,outer_fold_1,Barnesiella
within_cohort_zhuang2018,outer_fold_1,Bifidobacterium
within_cohort_zhuang2018,outer_fold_1,Bilophila
within_cohort_zhuang2018,outer_fold_1,Blautia
within_cohort_zhuang2018,outer_fold_1,Butyricicoccus
within_cohort_zhuang2018,outer_fold_1,Butyricimonas
within_cohort_zhuang2018,outer_fold_1,CAG-352
within_cohort_zhuang2018,outer_fold_1,CAG-56
within_cohort_zhuang2018,outer_fold_1,Candidatus Soleaferrea
within_cohort_zhuang2018,outer_fold_1,Catabacter
within_cohort_zhuang2018,outer_fold_1,Christensenella
within_cohort_zhuang2018,outer_fold_1,Christensenellaceae R-7 group
within_cohort_zhuang2018,outer_fold_1,Clostridium sensu stricto 1
within_cohort_zhuang2018,outer_fold_1,Colidextribacter
within_cohort_zhuang2018,outer_fold_1,Collinsella
within_cohort_zhuang2018,outer_fold_1,Coprobacillus
within_cohort_zhuang2018,outer_fold_1,Coprococcus
within_cohort_zhuang2018,outer_fold_1,Corynebacterium
within_cohort_zhuang2018,outer_fold_1,DTU089
within_cohort_zhuang2018,outer_fold_1,Defluviitaleaceae UCG-011
within_cohort_zhuang2018,outer_fold_1,Desulfovibrio
within_cohort_zhuang2018,outer_fold_1,Dialister
within_cohort_zhuang2018,outer_fold_1,Dorea
within_cohort_zhuang2018,outer_fold_1,Eggerthella
within_cohort_zhuang2018,outer_fold_1,Eisenbergiella
within_cohort_zhuang2018,outer_fold_1,Enterobacter
within_cohort_zhuang2018,outer_fold_1,Enterococcus
within_cohort_zhuang2018,outer_fold_1,Erysipelatoclostridium
within_cohort_zhuang2018,outer_fold_1,Erysipelotrichaceae UCG-003
within_cohort_zhuang2018,outer_fold_1,Escherichia-Shigella
within_cohort_zhuang2018,outer_fold_1,Eubacterium
within_cohort_zhuang2018,outer_fold_1,Eubacterium brachy group
within_cohort_zhuang2018,outer_fold_1,Eubacterium eligens group
within_cohort_zhuang2018,outer_fold_1,Eubacterium hallii group
within_cohort_zhuang2018,outer_fold_1,Eubacterium ventriosum group
within_cohort_zhuang2018,outer_fold_1,Faecalibacterium
within_cohort_zhuang2018,outer_fold_1,Faecalitalea
within_cohort_zhuang2018,outer_fold_1,Family XIII AD3011 group
within_cohort_zhuang2018,outer_fold_1,Family XIII UCG-001
within_cohort_zhuang2018,outer_fold_1,Flavonifractor
within_cohort_zhuang2018,outer_fold_1,Fusicatenibacter
within_cohort_zhuang2018,outer_fold_1,Fusobacterium
within_cohort_zhuang2018,outer_fold_1,GCA-900066575
within_cohort_zhuang2018,outer_fold_1,Gemella
within_cohort_zhuang2018,outer_fold_1,Gordonibacter
within_cohort_zhuang2018,outer_fold_1,Granulicatella
within_cohort_zhuang2018,outer_fold_1,HT002
within_cohort_zhuang2018,outer_fold_1,Haemophilus
within_cohort_zhuang2018,outer_fold_1,Holdemanella
within_cohort_zhuang2018,outer_fold_1,Holdemania
within_cohort_zhuang2018,outer_fold_1,Hungatella
within_cohort_zhuang2018,outer_fold_1,Incertae Sedis
within_cohort_zhuang2018,outer_fold_1,Intestinibacter
within_cohort_zhuang2018,outer_fold_1,Intestinimonas
within_cohort_zhuang2018,outer_fold_1,Klebsiella
within_cohort_zhuang2018,outer_fold_1,Lachnoclostridium
within_cohort_zhuang2018,outer_fold_1,Lachnospira
within_cohort_zhuang2018,outer_fold_1,Lachnospiraceae FCS020 group
within_cohort_zhuang2018,outer_fold_1,Lachnospiraceae ND3007 group
within_cohort_zhuang2018,outer_fold_1,Lachnospiraceae NK4A136 group
within_cohort_zhuang2018,outer_fold_1,Lachnospiraceae UCG-001
within_cohort_zhuang2018,outer_fold_1,Lachnospiraceae UCG-004
within_cohort_zhuang2018,outer_fold_1,Lachnospiraceae UCG-010
within_cohort_zhuang2018,outer_fold_1,Lactobacillus
within_cohort_zhuang2018,outer_fold_1,Lactococcus
within_cohort_zhuang2018,outer_fold_1,Ligilactobacillus
within_cohort_zhuang2018,outer_fold_1,Limosilactobacillus
within_cohort_zhuang2018,outer_fold_1,Marvinbryantia
within_cohort_zhuang2018,outer_fold_1,Massilia
within_cohort_zhuang2018,outer_fold_1,Megamonas
within_cohort_zhuang2018,outer_fold_1,Megasphaera
within_cohort_zhuang2018,outer_fold_1,Methylobacterium-Methylorubrum
within_cohort_zhuang2018,outer_fold_1,Monoglobus
within_cohort_zhuang2018,outer_fold_1,NK4A214 group
within_cohort_zhuang2018,outer_fold_1,Negativibacillus
within_cohort_zhuang2018,outer_fold_1,Odoribacter
within_cohort_zhuang2018,outer_fold_1,Oscillibacter
within_cohort_zhuang2018,outer_fold_1,Paludicola
within_cohort_zhuang2018,outer_fold_1,Parabacteroides
within_cohort_zhuang2018,outer_fold_1,Paracoccus
within_cohort_zhuang2018,outer_fold_1,Paraprevotella
within_cohort_zhuang2018,outer_fold_1,Parasutterella
within_cohort_zhuang2018,outer_fold_1,Peptostreptococcus
within_cohort_zhuang2018,outer_fold_1,Phascolarctobacterium
within_cohort_zhuang2018,outer_fold_1,Phocea
within_cohort_zhuang2018,outer_fold_1,Prevotella
within_cohort_zhuang2018,outer_fold_1,Prevotella_9
within_cohort_zhuang2018,outer_fold_1,Pseudomonas
within_cohort_zhuang2018,outer_fold_1,Raoultibacter
within_cohort_zhuang2018,outer_fold_1,Rhodococcus
within_cohort_zhuang2018,outer_fold_1,Romboutsia
within_cohort_zhuang2018,outer_fold_1,Roseburia
within_cohort_zhuang2018,outer_fold_1,Rothia
within_cohort_zhuang2018,outer_fold_1,Ruminococcus
within_cohort_zhuang2018,outer_fold_1,Ruminococcus gnavus group
within_cohort_zhuang2018,outer_fold_1,Ruminococcus torques group
within_cohort_zhuang2018,outer_fold_1,Sellimonas
within_cohort_zhuang2018,outer_fold_1,Solobacterium
within_cohort_zhuang2018,outer_fold_1,Streptococcus
within_cohort_zhuang2018,outer_fold_1,Subdoligranulum
within_cohort_zhuang2018,outer_fold_1,Sutterella
within_cohort_zhuang2018,outer_fold_1,TM7x
within_cohort_zhuang2018,outer_fold_1,Terrisporobacter
within_cohort_zhuang2018,outer_fold_1,Thermus
within_cohort_zhuang2018,outer_fold_1,Turicibacter
within_cohort_zhuang2018,outer_fold_1,Tyzzerella
within_cohort_zhuang2018,outer_fold_1,UBA1819
within_cohort_zhuang2018,outer_fold_1,UCG-002
within_cohort_zhuang2018,outer_fold_1,UCG-003
within_cohort_zhuang2018,outer_fold_1,UCG-005
within_cohort_zhuang2018,outer_fold_1,UCG-009
within_cohort_zhuang2018,outer_fold_1,Veillonella
within_cohort_zhuang2018,outer_fold_1,Weissella
within_cohort_zhuang2018,outer_fold_1,[Clostridium] innocuum group
within_cohort_zhuang2018,outer_fold_1,[Eubacterium] fissicatena group
within_cohort_zhuang2018,outer_fold_1,[Eubacterium] nodatum group
within_cohort_zhuang2018,outer_fold_1,[Eubacterium] ruminantium group
within_cohort_zhuang2018,outer_fold_1,[Eubacterium] siraeum group
within_cohort_zhuang2018,outer_fold_1,[Eubacterium] xylanophilum group
within_cohort_zhuang2018,outer_fold_1,[Ruminococcus] gauvreauii group
within_cohort_zhuang2018,outer_fold_2,Acinetobacter
within_cohort_zhuang2018,outer_fold_2,Actinomyces
within_cohort_zhuang2018,outer_fold_2,Adlercreutzia
within_cohort_zhuang2018,outer_fold_2,Agathobacter
within_cohort_zhuang2018,outer_fold_2,Akkermansia
within_cohort_zhuang2018,outer_fold_2,Alistipes
within_cohort_zhuang2018,outer_fold_2,Allisonella
within_cohort_zhuang2018,outer_fold_2,Anaerostipes
within_cohort_zhuang2018,outer_fold_2,Anaerotruncus
within_cohort_zhuang2018,outer_fold_2,Atopobium
within_cohort_zhuang2018,outer_fold_2,Bacteroides
within_cohort_zhuang2018,outer_fold_2,Barnesiella
within_cohort_zhuang2018,outer_fold_2,Bifidobacterium
within_cohort_zhuang2018,outer_fold_2,Bilophila
within_cohort_zhuang2018,outer_fold_2,Blautia
within_cohort_zhuang2018,outer_fold_2,Butyricicoccus
within_cohort_zhuang2018,outer_fold_2,Butyricimonas
within_cohort_zhuang2018,outer_fold_2,CAG-352
within_cohort_zhuang2018,outer_fold_2,CAG-56
within_cohort_zhuang2018,outer_fold_2,Candidatus Soleaferrea
within_cohort_zhuang2018,outer_fold_2,Catabacter
within_cohort_zhuang2018,outer_fold_2,Christensenella
within_cohort_zhuang2018,outer_fold_2,Christensenellaceae R-7 group
within_cohort_zhuang2018,outer_fold_2,Clostridium sensu stricto 1
within_cohort_zhuang2018,outer_fold_2,Colidextribacter
within_cohort_zhuang2018,outer_fold_2,Collinsella
within_cohort_zhuang2018,outer_fold_2,Coprobacillus
within_cohort_zhuang2018,outer_fold_2,Coprococcus
within_cohort_zhuang2018,outer_fold_2,Corynebacterium
within_cohort_zhuang2018,outer_fold_2,DTU089
within_cohort_zhuang2018,outer_fold_2,Defluviitaleaceae UCG-011
within_cohort_zhuang2018,outer_fold_2,Desulfovibrio
within_cohort_zhuang2018,outer_fold_2,Dialister
within_cohort_zhuang2018,outer_fold_2,Dorea
within_cohort_zhuang2018,outer_fold_2,Eggerthella
within_cohort_zhuang2018,outer_fold_2,Eisenbergiella
within_cohort_zhuang2018,outer_fold_2,Enterobacter
within_cohort_zhuang2018,outer_fold_2,Enterococcus
within_cohort_zhuang2018,outer_fold_2,Erysipelatoclostridium
within_cohort_zhuang2018,outer_fold_2,Erysipelotrichaceae UCG-003
within_cohort_zhuang2018,outer_fold_2,Escherichia-Shigella
within_cohort_zhuang2018,outer_fold_2,Eubacterium
within_cohort_zhuang2018,outer_fold_2,Eubacterium brachy group
within_cohort_zhuang2018,outer_fold_2,Eubacterium eligens group
within_cohort_zhuang2018,outer_fold_2,Eubacterium hallii group
within_cohort_zhuang2018,outer_fold_2,Eubacterium ventriosum group
within_cohort_zhuang2018,outer_fold_2,Faecalibacterium
within_cohort_zhuang2018,outer_fold_2,Faecalitalea
within_cohort_zhuang2018,outer_fold_2,Family XIII AD3011 group
within_cohort_zhuang2018,outer_fold_2,Family XIII UCG-001
within_cohort_zhuang2018,outer_fold_2,Flavonifractor
within_cohort_zhuang2018,outer_fold_2,Fusicatenibacter
within_cohort_zhuang2018,outer_fold_2,Fusobacterium
within_cohort_zhuang2018,outer_fold_2,GCA-900066575
within_cohort_zhuang2018,outer_fold_2,Gemella
within_cohort_zhuang2018,outer_fold_2,Gordonibacter
within_cohort_zhuang2018,outer_fold_2,Granulicatella
within_cohort_zhuang2018,outer_fold_2,HT002
within_cohort_zhuang2018,outer_fold_2,Haemophilus
within_cohort_zhuang2018,outer_fold_2,Holdemanella
within_cohort_zhuang2018,outer_fold_2,Holdemania
within_cohort_zhuang2018,outer_fold_2,Hungatella
within_cohort_zhuang2018,outer_fold_2,Incertae Sedis
within_cohort_zhuang2018,outer_fold_2,Intestinibacter
within_cohort_zhuang2018,outer_fold_2,Intestinimonas
within_cohort_zhuang2018,outer_fold_2,Klebsiella
within_cohort_zhuang2018,outer_fold_2,Lachnoclostridium
within_cohort_zhuang2018,outer_fold_2,Lachnospira
within_cohort_zhuang2018,outer_fold_2,Lachnospiraceae FCS020 group
within_cohort_zhuang2018,outer_fold_2,Lachnospiraceae ND3007 group
within_cohort_zhuang2018,outer_fold_2,Lachnospiraceae NK4A136 group
within_cohort_zhuang2018,outer_fold_2,Lachnospiraceae UCG-001
within_cohort_zhuang2018,outer_fold_2,Lachnospiraceae UCG-004
within_cohort_zhuang2018,outer_fold_2,Lachnospiraceae UCG-010
within_cohort_zhuang2018,outer_fold_2,Lactobacillus
within_cohort_zhuang2018,outer_fold_2,Lactococcus
within_cohort_zhuang2018,outer_fold_2,Ligilactobacillus
within_cohort_zhuang2018,outer_fold_2,Limosilactobacillus
within_cohort_zhuang2018,outer_fold_2,Marvinbryantia
within_cohort_zhuang2018,outer_fold_2,Massilia
within_cohort_zhuang2018,outer_fold_2,Megamonas
within_cohort_zhuang2018,outer_fold_2,Megasphaera
within_cohort_zhuang2018,outer_fold_2,Methylobacterium-Methylorubrum
within_cohort_zhuang2018,outer_fold_2,Monoglobus
within_cohort_zhuang2018,outer_fold_2,NK4A214 group
within_cohort_zhuang2018,outer_fold_2,Negativibacillus
within_cohort_zhuang2018,outer_fold_2,Odoribacter
within_cohort_zhuang2018,outer_fold_2,Oscillibacter
within_cohort_zhuang2018,outer_fold_2,Paludicola
within_cohort_zhuang2018,outer_fold_2,Parabacteroides
within_cohort_zhuang2018,outer_fold_2,Paracoccus
within_cohort_zhuang2018,outer_fold_2,Parasutterella
within_cohort_zhuang2018,outer_fold_2,Peptostreptococcus
within_cohort_zhuang2018,outer_fold_2,Phascolarctobacterium
within_cohort_zhuang2018,outer_fold_2,Prevotella
within_cohort_zhuang2018,outer_fold_2,Prevotella_9
within_cohort_zhuang2018,outer_fold_2,Pseudomonas
within_cohort_zhuang2018,outer_fold_2,Pyramidobacter
within_cohort_zhuang2018,outer_fold_2,Raoultibacter
within_cohort_zhuang2018,outer_fold_2,Rhodococcus
within_cohort_zhuang2018,outer_fold_2,Romboutsia
within_cohort_zhuang2018,outer_fold_2,Roseburia
within_cohort_zhuang2018,outer_fold_2,Rothia
within_cohort_zhuang2018,outer_fold_2,Ruminococcus
within_cohort_zhuang2018,outer_fold_2,Ruminococcus gnavus group
within_cohort_zhuang2018,outer_fold_2,Ruminococcus torques group
within_cohort_zhuang2018,outer_fold_2,Sellimonas
within_cohort_zhuang2018,outer_fold_2,Solobacterium
within_cohort_zhuang2018,outer_fold_2,Streptococcus
within_cohort_zhuang2018,outer_fold_2,Subdoligranulum
within_cohort_zhuang2018,outer_fold_2,Sutterella
within_cohort_zhuang2018,outer_fold_2,TM7x
within_cohort_zhuang2018,outer_fold_2,Terrisporobacter
within_cohort_zhuang2018,outer_fold_2,Thermus
within_cohort_zhuang2018,outer_fold_2,Turicibacter
within_cohort_zhuang2018,outer_fold_2,Tyzzerella
within_cohort_zhuang2018,outer_fold_2,UBA1819
within_cohort_zhuang2018,outer_fold_2,UCG-002
within_cohort_zhuang2018,outer_fold_2,UCG-003
within_cohort_zhuang2018,outer_fold_2,UCG-005
within_cohort_zhuang2018,outer_fold_2,UCG-009
within_cohort_zhuang2018,outer_fold_2,Veillonella
within_cohort_zhuang2018,outer_fold_2,Weissella
within_cohort_zhuang2018,outer_fold_2,[Clostridium] innocuum group
within_cohort_zhuang2018,outer_fold_2,[Eubacterium] fissicatena group
within_cohort_zhuang2018,outer_fold_2,[Eubacterium] nodatum group
within_cohort_zhuang2018,outer_fold_2,[Eubacterium] ruminantium group
within_cohort_zhuang2018,outer_fold_2,[Eubacterium] siraeum group
within_cohort_zhuang2018,outer_fold_2,[Eubacterium] xylanophilum group
within_cohort_zhuang2018,outer_fold_2,[Ruminococcus] gauvreauii group
within_cohort_zhuang2018,outer_fold_3,Acinetobacter
within_cohort_zhuang2018,outer_fold_3,Actinomyces
within_cohort_zhuang2018,outer_fold_3,Adlercreutzia
within_cohort_zhuang2018,outer_fold_3,Agathobacter
within_cohort_zhuang2018,outer_fold_3,Akkermansia
within_cohort_zhuang2018,outer_fold_3,Alistipes
within_cohort_zhuang2018,outer_fold_3,Allisonella
within_cohort_zhuang2018,outer_fold_3,Anaerostipes
within_cohort_zhuang2018,outer_fold_3,Anaerotruncus
within_cohort_zhuang2018,outer_fold_3,Atopobium
within_cohort_zhuang2018,outer_fold_3,Bacteroides
within_cohort_zhuang2018,outer_fold_3,Barnesiella
within_cohort_zhuang2018,outer_fold_3,Bifidobacterium
within_cohort_zhuang2018,outer_fold_3,Bilophila
within_cohort_zhuang2018,outer_fold_3,Blautia
within_cohort_zhuang2018,outer_fold_3,Butyricicoccus
within_cohort_zhuang2018,outer_fold_3,Butyricimonas
within_cohort_zhuang2018,outer_fold_3,CAG-352
within_cohort_zhuang2018,outer_fold_3,CAG-56
within_cohort_zhuang2018,outer_fold_3,Candidatus Soleaferrea
within_cohort_zhuang2018,outer_fold_3,Christensenella
within_cohort_zhuang2018,outer_fold_3,Christensenellaceae R-7 group
within_cohort_zhuang2018,outer_fold_3,Clostridium sensu stricto 1
within_cohort_zhuang2018,outer_fold_3,Colidextribacter
within_cohort_zhuang2018,outer_fold_3,Collinsella
within_cohort_zhuang2018,outer_fold_3,Coprobacillus
within_cohort_zhuang2018,outer_fold_3,Coprococcus
within_cohort_zhuang2018,outer_fold_3,Corynebacterium
within_cohort_zhuang2018,outer_fold_3,DTU089
within_cohort_zhuang2018,outer_fold_3,Defluviitaleaceae UCG-011
within_cohort_zhuang2018,outer_fold_3,Desulfovibrio
within_cohort_zhuang2018,outer_fold_3,Dialister
within_cohort_zhuang2018,outer_fold_3,Dorea
within_cohort_zhuang2018,outer_fold_3,Eggerthella
within_cohort_zhuang2018,outer_fold_3,Eisenbergiella
within_cohort_zhuang2018,outer_fold_3,Enterobacter
within_cohort_zhuang2018,outer_fold_3,Enterococcus
within_cohort_zhuang2018,outer_fold_3,Erysipelatoclostridium
within_cohort_zhuang2018,outer_fold_3,Erysipelotrichaceae UCG-003
within_cohort_zhuang2018,outer_fold_3,Escherichia-Shigella
within_cohort_zhuang2018,outer_fold_3,Eubacterium brachy group
within_cohort_zhuang2018,outer_fold_3,Eubacterium eligens group
within_cohort_zhuang2018,outer_fold_3,Eubacterium hallii group
within_cohort_zhuang2018,outer_fold_3,Eubacterium ventriosum group
within_cohort_zhuang2018,outer_fold_3,Faecalibacterium
within_cohort_zhuang2018,outer_fold_3,Faecalitalea
within_cohort_zhuang2018,outer_fold_3,Family XIII AD3011 group
within_cohort_zhuang2018,outer_fold_3,Family XIII UCG-001
within_cohort_zhuang2018,outer_fold_3,Flavonifractor
within_cohort_zhuang2018,outer_fold_3,Fusicatenibacter
within_cohort_zhuang2018,outer_fold_3,Fusobacterium
within_cohort_zhuang2018,outer_fold_3,GCA-900066575
within_cohort_zhuang2018,outer_fold_3,Gemella
within_cohort_zhuang2018,outer_fold_3,Gordonibacter
within_cohort_zhuang2018,outer_fold_3,Granulicatella
within_cohort_zhuang2018,outer_fold_3,HT002
within_cohort_zhuang2018,outer_fold_3,Haemophilus
within_cohort_zhuang2018,outer_fold_3,Holdemanella
within_cohort_zhuang2018,outer_fold_3,Holdemania
within_cohort_zhuang2018,outer_fold_3,Hungatella
within_cohort_zhuang2018,outer_fold_3,Incertae Sedis
within_cohort_zhuang2018,outer_fold_3,Intestinibacter
within_cohort_zhuang2018,outer_fold_3,Intestinimonas
within_cohort_zhuang2018,outer_fold_3,Klebsiella
within_cohort_zhuang2018,outer_fold_3,Lachnoclostridium
within_cohort_zhuang2018,outer_fold_3,Lachnospira
within_cohort_zhuang2018,outer_fold_3,Lachnospiraceae FCS020 group
within_cohort_zhuang2018,outer_fold_3,Lachnospiraceae ND3007 group
within_cohort_zhuang2018,outer_fold_3,Lachnospiraceae NK4A136 group
within_cohort_zhuang2018,outer_fold_3,Lachnospiraceae UCG-001
within_cohort_zhuang2018,outer_fold_3,Lachnospiraceae UCG-004
within_cohort_zhuang2018,outer_fold_3,Lachnospiraceae UCG-010
within_cohort_zhuang2018,outer_fold_3,Lactobacillus
within_cohort_zhuang2018,outer_fold_3,Lactococcus
within_cohort_zhuang2018,outer_fold_3,Ligilactobacillus
within_cohort_zhuang2018,outer_fold_3,Limosilactobacillus
within_cohort_zhuang2018,outer_fold_3,Marvinbryantia
within_cohort_zhuang2018,outer_fold_3,Massilia
within_cohort_zhuang2018,outer_fold_3,Megamonas
within_cohort_zhuang2018,outer_fold_3,Megasphaera
within_cohort_zhuang2018,outer_fold_3,Methylobacterium-Methylorubrum
within_cohort_zhuang2018,outer_fold_3,Monoglobus
within_cohort_zhuang2018,outer_fold_3,NK4A214 group
within_cohort_zhuang2018,outer_fold_3,Negativibacillus
within_cohort_zhuang2018,outer_fold_3,Odoribacter
within_cohort_zhuang2018,outer_fold_3,Oscillibacter
within_cohort_zhuang2018,outer_fold_3,Paludicola
within_cohort_zhuang2018,outer_fold_3,Parabacteroides
within_cohort_zhuang2018,outer_fold_3,Paracoccus
within_cohort_zhuang2018,outer_fold_3,Paraprevotella
within_cohort_zhuang2018,outer_fold_3,Parasutterella
within_cohort_zhuang2018,outer_fold_3,Peptostreptococcus
within_cohort_zhuang2018,outer_fold_3,Phascolarctobacterium
within_cohort_zhuang2018,outer_fold_3,Phocea
within_cohort_zhuang2018,outer_fold_3,Prevotella
within_cohort_zhuang2018,outer_fold_3,Prevotella_9
within_cohort_zhuang2018,outer_fold_3,Pseudomonas
within_cohort_zhuang2018,outer_fold_3,Raoultibacter
within_cohort_zhuang2018,outer_fold_3,Rhodococcus
within_cohort_zhuang2018,outer_fold_3,Romboutsia
within_cohort_zhuang2018,outer_fold_3,Roseburia
within_cohort_zhuang2018,outer_fold_3,Rothia
within_cohort_zhuang2018,outer_fold_3,Ruminococcus
within_cohort_zhuang2018,outer_fold_3,Ruminococcus gnavus group
within_cohort_zhuang2018,outer_fold_3,Ruminococcus torques group
within_cohort_zhuang2018,outer_fold_3,Sellimonas
within_cohort_zhuang2018,outer_fold_3,Solobacterium
within_cohort_zhuang2018,outer_fold_3,Streptococcus
within_cohort_zhuang2018,outer_fold_3,Subdoligranulum
within_cohort_zhuang2018,outer_fold_3,Sutterella
within_cohort_zhuang2018,outer_fold_3,TM7x
within_cohort_zhuang2018,outer_fold_3,Terrisporobacter
within_cohort_zhuang2018,outer_fold_3,Thermus
within_cohort_zhuang2018,outer_fold_3,Turicibacter
within_cohort_zhuang2018,outer_fold_3,Tyzzerella
within_cohort_zhuang2018,outer_fold_3,UBA1819
within_cohort_zhuang2018,outer_fold_3,UCG-002
within_cohort_zhuang2018,outer_fold_3,UCG-003
within_cohort_zhuang2018,outer_fold_3,UCG-005
within_cohort_zhuang2018,outer_fold_3,UCG-009
within_cohort_zhuang2018,outer_fold_3,Veillonella
within_cohort_zhuang2018,outer_fold_3,Weissella
within_cohort_zhuang2018,outer_fold_3,[Clostridium] innocuum group
within_cohort_zhuang2018,outer_fold_3,[Eubacterium] fissicatena group
within_cohort_zhuang2018,outer_fold_3,[Eubacterium] nodatum group
within_cohort_zhuang2018,outer_fold_3,[Eubacterium] ruminantium group
within_cohort_zhuang2018,outer_fold_3,[Eubacterium] siraeum group
within_cohort_zhuang2018,outer_fold_3,[Eubacterium] xylanophilum group
within_cohort_zhuang2018,outer_fold_3,[Ruminococcus] gauvreauii group
within_cohort_zhuang2018,outer_fold_4,Acinetobacter
within_cohort_zhuang2018,outer_fold_4,Actinomyces
within_cohort_zhuang2018,outer_fold_4,Adlercreutzia
within_cohort_zhuang2018,outer_fold_4,Agathobacter
within_cohort_zhuang2018,outer_fold_4,Akkermansia
within_cohort_zhuang2018,outer_fold_4,Alistipes
within_cohort_zhuang2018,outer_fold_4,Allisonella
within_cohort_zhuang2018,outer_fold_4,Anaerostipes
within_cohort_zhuang2018,outer_fold_4,Anaerotruncus
within_cohort_zhuang2018,outer_fold_4,Atopobium
within_cohort_zhuang2018,outer_fold_4,Bacteroides
within_cohort_zhuang2018,outer_fold_4,Barnesiella
within_cohort_zhuang2018,outer_fold_4,Bifidobacterium
within_cohort_zhuang2018,outer_fold_4,Bilophila
within_cohort_zhuang2018,outer_fold_4,Blautia
within_cohort_zhuang2018,outer_fold_4,Butyricicoccus
within_cohort_zhuang2018,outer_fold_4,Butyricimonas
within_cohort_zhuang2018,outer_fold_4,CAG-352
within_cohort_zhuang2018,outer_fold_4,CAG-56
within_cohort_zhuang2018,outer_fold_4,Candidatus Soleaferrea
within_cohort_zhuang2018,outer_fold_4,Catabacter
within_cohort_zhuang2018,outer_fold_4,Christensenella
within_cohort_zhuang2018,outer_fold_4,Christensenellaceae R-7 group
within_cohort_zhuang2018,outer_fold_4,Clostridium sensu stricto 1
within_cohort_zhuang2018,outer_fold_4,Colidextribacter
within_cohort_zhuang2018,outer_fold_4,Collinsella
within_cohort_zhuang2018,outer_fold_4,Coprobacillus
within_cohort_zhuang2018,outer_fold_4,Coprococcus
within_cohort_zhuang2018,outer_fold_4,Corynebacterium
within_cohort_zhuang2018,outer_fold_4,DTU089
within_cohort_zhuang2018,outer_fold_4,Defluviitaleaceae UCG-011
within_cohort_zhuang2018,outer_fold_4,Desulfovibrio
within_cohort_zhuang2018,outer_fold_4,Dialister
within_cohort_zhuang2018,outer_fold_4,Dorea
within_cohort_zhuang2018,outer_fold_4,Eggerthella
within_cohort_zhuang2018,outer_fold_4,Eisenbergiella
within_cohort_zhuang2018,outer_fold_4,Enterobacter
within_cohort_zhuang2018,outer_fold_4,Enterococcus
within_cohort_zhuang2018,outer_fold_4,Erysipelatoclostridium
within_cohort_zhuang2018,outer_fold_4,Erysipelotrichaceae UCG-003
within_cohort_zhuang2018,outer_fold_4,Escherichia-Shigella
within_cohort_zhuang2018,outer_fold_4,Eubacterium
within_cohort_zhuang2018,outer_fold_4,Eubacterium brachy group
within_cohort_zhuang2018,outer_fold_4,Eubacterium eligens group
within_cohort_zhuang2018,outer_fold_4,Eubacterium hallii group
within_cohort_zhuang2018,outer_fold_4,Eubacterium ventriosum group
within_cohort_zhuang2018,outer_fold_4,Faecalibacterium
within_cohort_zhuang2018,outer_fold_4,Faecalitalea
within_cohort_zhuang2018,outer_fold_4,Family XIII AD3011 group
within_cohort_zhuang2018,outer_fold_4,Family XIII UCG-001
within_cohort_zhuang2018,outer_fold_4,Flavonifractor
within_cohort_zhuang2018,outer_fold_4,Fusicatenibacter
within_cohort_zhuang2018,outer_fold_4,Fusobacterium
within_cohort_zhuang2018,outer_fold_4,GCA-900066575
within_cohort_zhuang2018,outer_fold_4,Gemella
within_cohort_zhuang2018,outer_fold_4,Gordonibacter
within_cohort_zhuang2018,outer_fold_4,HT002
within_cohort_zhuang2018,outer_fold_4,Haemophilus
within_cohort_zhuang2018,outer_fold_4,Holdemanella
within_cohort_zhuang2018,outer_fold_4,Holdemania
within_cohort_zhuang2018,outer_fold_4,Hungatella
within_cohort_zhuang2018,outer_fold_4,Incertae Sedis
within_cohort_zhuang2018,outer_fold_4,Intestinibacter
within_cohort_zhuang2018,outer_fold_4,Intestinimonas
within_cohort_zhuang2018,outer_fold_4,Klebsiella
within_cohort_zhuang2018,outer_fold_4,Lachnoclostridium
within_cohort_zhuang2018,outer_fold_4,Lachnospira
within_cohort_zhuang2018,outer_fold_4,Lachnospiraceae FCS020 group
within_cohort_zhuang2018,outer_fold_4,Lachnospiraceae ND3007 group
within_cohort_zhuang2018,outer_fold_4,Lachnospiraceae NK4A136 group
within_cohort_zhuang2018,outer_fold_4,Lachnospiraceae UCG-001
within_cohort_zhuang2018,outer_fold_4,Lachnospiraceae UCG-004
within_cohort_zhuang2018,outer_fold_4,Lachnospiraceae UCG-010
within_cohort_zhuang2018,outer_fold_4,Lactobacillus
within_cohort_zhuang2018,outer_fold_4,Lactococcus
within_cohort_zhuang2018,outer_fold_4,Ligilactobacillus
within_cohort_zhuang2018,outer_fold_4,Limosilactobacillus
within_cohort_zhuang2018,outer_fold_4,Marvinbryantia
within_cohort_zhuang2018,outer_fold_4,Massilia
within_cohort_zhuang2018,outer_fold_4,Megamonas
within_cohort_zhuang2018,outer_fold_4,Megasphaera
within_cohort_zhuang2018,outer_fold_4,Methylobacterium-Methylorubrum
within_cohort_zhuang2018,outer_fold_4,Monoglobus
within_cohort_zhuang2018,outer_fold_4,NK4A214 group
within_cohort_zhuang2018,outer_fold_4,Negativibacillus
within_cohort_zhuang2018,outer_fold_4,Odoribacter
within_cohort_zhuang2018,outer_fold_4,Oscillibacter
within_cohort_zhuang2018,outer_fold_4,Paludicola
within_cohort_zhuang2018,outer_fold_4,Parabacteroides
within_cohort_zhuang2018,outer_fold_4,Paracoccus
within_cohort_zhuang2018,outer_fold_4,Paraprevotella
within_cohort_zhuang2018,outer_fold_4,Parasutterella
within_cohort_zhuang2018,outer_fold_4,Peptostreptococcus
within_cohort_zhuang2018,outer_fold_4,Phascolarctobacterium
within_cohort_zhuang2018,outer_fold_4,Phocea
within_cohort_zhuang2018,outer_fold_4,Prevotella
within_cohort_zhuang2018,outer_fold_4,Prevotella_9
within_cohort_zhuang2018,outer_fold_4,Pseudomonas
within_cohort_zhuang2018,outer_fold_4,Raoultibacter
within_cohort_zhuang2018,outer_fold_4,Rhodococcus
within_cohort_zhuang2018,outer_fold_4,Romboutsia
within_cohort_zhuang2018,outer_fold_4,Roseburia
within_cohort_zhuang2018,outer_fold_4,Rothia
within_cohort_zhuang2018,outer_fold_4,Ruminococcus
within_cohort_zhuang2018,outer_fold_4,Ruminococcus gnavus group
within_cohort_zhuang2018,outer_fold_4,Ruminococcus torques group
within_cohort_zhuang2018,outer_fold_4,Sellimonas
within_cohort_zhuang2018,outer_fold_4,Solobacterium
within_cohort_zhuang2018,outer_fold_4,Streptococcus
within_cohort_zhuang2018,outer_fold_4,Subdoligranulum
within_cohort_zhuang2018,outer_fold_4,Sutterella
within_cohort_zhuang2018,outer_fold_4,TM7x
within_cohort_zhuang2018,outer_fold_4,Terrisporobacter
within_cohort_zhuang2018,outer_fold_4,Thermus
within_cohort_zhuang2018,outer_fold_4,Turicibacter
within_cohort_zhuang2018,outer_fold_4,Tyzzerella
within_cohort_zhuang2018,outer_fold_4,UBA1819
within_cohort_zhuang2018,outer_fold_4,UCG-002
within_cohort_zhuang2018,outer_fold_4,UCG-003
within_cohort_zhuang2018,outer_fold_4,UCG-005
within_cohort_zhuang2018,outer_fold_4,UCG-009
within_cohort_zhuang2018,outer_fold_4,Veillonella
within_cohort_zhuang2018,outer_fold_4,Weissella
within_cohort_zhuang2018,outer_fold_4,[Clostridium] innocuum group
within_cohort_zhuang2018,outer_fold_4,[Eubacterium] fissicatena group
within_cohort_zhuang2018,outer_fold_4,[Eubacterium] nodatum group
within_cohort_zhuang2018,outer_fold_4,[Eubacterium] ruminantium group
within_cohort_zhuang2018,outer_fold_4,[Eubacterium] siraeum group
within_cohort_zhuang2018,outer_fold_4,[Eubacterium] xylanophilum group
within_cohort_zhuang2018,outer_fold_4,[Ruminococcus] gauvreauii group
within_cohort_zhuang2018,outer_fold_5,Acinetobacter
within_cohort_zhuang2018,outer_fold_5,Actinomyces
within_cohort_zhuang2018,outer_fold_5,Adlercreutzia
within_cohort_zhuang2018,outer_fold_5,Agathobacter
within_cohort_zhuang2018,outer_fold_5,Akkermansia
within_cohort_zhuang2018,outer_fold_5,Alistipes
within_cohort_zhuang2018,outer_fold_5,Allisonella
within_cohort_zhuang2018,outer_fold_5,Anaerostipes
within_cohort_zhuang2018,outer_fold_5,Anaerotruncus
within_cohort_zhuang2018,outer_fold_5,Atopobium
within_cohort_zhuang2018,outer_fold_5,Bacteroides
within_cohort_zhuang2018,outer_fold_5,Barnesiella
within_cohort_zhuang2018,outer_fold_5,Bifidobacterium
within_cohort_zhuang2018,outer_fold_5,Bilophila
within_cohort_zhuang2018,outer_fold_5,Blautia
within_cohort_zhuang2018,outer_fold_5,Butyricicoccus
within_cohort_zhuang2018,outer_fold_5,Butyricimonas
within_cohort_zhuang2018,outer_fold_5,CAG-352
within_cohort_zhuang2018,outer_fold_5,CAG-56
within_cohort_zhuang2018,outer_fold_5,Candidatus Soleaferrea
within_cohort_zhuang2018,outer_fold_5,Catabacter
within_cohort_zhuang2018,outer_fold_5,Christensenella
within_cohort_zhuang2018,outer_fold_5,Christensenellaceae R-7 group
within_cohort_zhuang2018,outer_fold_5,Clostridium sensu stricto 1
within_cohort_zhuang2018,outer_fold_5,Colidextribacter
within_cohort_zhuang2018,outer_fold_5,Collinsella
within_cohort_zhuang2018,outer_fold_5,Coprobacillus
within_cohort_zhuang2018,outer_fold_5,Coprococcus
within_cohort_zhuang2018,outer_fold_5,Corynebacterium
within_cohort_zhuang2018,outer_fold_5,DTU089
within_cohort_zhuang2018,outer_fold_5,Defluviitaleaceae UCG-011
within_cohort_zhuang2018,outer_fold_5,Desulfovibrio
within_cohort_zhuang2018,outer_fold_5,Dialister
within_cohort_zhuang2018,outer_fold_5,Dorea
within_cohort_zhuang2018,outer_fold_5,Eggerthella
within_cohort_zhuang2018,outer_fold_5,Eisenbergiella
within_cohort_zhuang2018,outer_fold_5,Enterobacter
within_cohort_zhuang2018,outer_fold_5,Enterococcus
within_cohort_zhuang2018,outer_fold_5,Erysipelatoclostridium
within_cohort_zhuang2018,outer_fold_5,Erysipelotrichaceae UCG-003
within_cohort_zhuang2018,outer_fold_5,Escherichia-Shigella
within_cohort_zhuang2018,outer_fold_5,Eubacterium
within_cohort_zhuang2018,outer_fold_5,Eubacterium brachy group
within_cohort_zhuang2018,outer_fold_5,Eubacterium eligens group
within_cohort_zhuang2018,outer_fold_5,Eubacterium hallii group
within_cohort_zhuang2018,outer_fold_5,Eubacterium ventriosum group
within_cohort_zhuang2018,outer_fold_5,Faecalibacterium
within_cohort_zhuang2018,outer_fold_5,Faecalitalea
within_cohort_zhuang2018,outer_fold_5,Family XIII AD3011 group
within_cohort_zhuang2018,outer_fold_5,Family XIII UCG-001
within_cohort_zhuang2018,outer_fold_5,Flavonifractor
within_cohort_zhuang2018,outer_fold_5,Fusicatenibacter
within_cohort_zhuang2018,outer_fold_5,Fusobacterium
within_cohort_zhuang2018,outer_fold_5,GCA-900066575
within_cohort_zhuang2018,outer_fold_5,Gemella
within_cohort_zhuang2018,outer_fold_5,Gordonibacter
within_cohort_zhuang2018,outer_fold_5,Granulicatella
within_cohort_zhuang2018,outer_fold_5,HT002
within_cohort_zhuang2018,outer_fold_5,Haemophilus
within_cohort_zhuang2018,outer_fold_5,Holdemanella
within_cohort_zhuang2018,outer_fold_5,Holdemania
within_cohort_zhuang2018,outer_fold_5,Hungatella
within_cohort_zhuang2018,outer_fold_5,Incertae Sedis
within_cohort_zhuang2018,outer_fold_5,Intestinibacter
within_cohort_zhuang2018,outer_fold_5,Intestinimonas
within_cohort_zhuang2018,outer_fold_5,Klebsiella
within_cohort_zhuang2018,outer_fold_5,Lachnoclostridium
within_cohort_zhuang2018,outer_fold_5,Lachnospira
within_cohort_zhuang2018,outer_fold_5,Lachnospiraceae FCS020 group
within_cohort_zhuang2018,outer_fold_5,Lachnospiraceae ND3007 group
within_cohort_zhuang2018,outer_fold_5,Lachnospiraceae NK4A136 group
within_cohort_zhuang2018,outer_fold_5,Lachnospiraceae UCG-001
within_cohort_zhuang2018,outer_fold_5,Lachnospiraceae UCG-004
within_cohort_zhuang2018,outer_fold_5,Lachnospiraceae UCG-010
within_cohort_zhuang2018,outer_fold_5,Lactobacillus
within_cohort_zhuang2018,outer_fold_5,Lactococcus
within_cohort_zhuang2018,outer_fold_5,Ligilactobacillus
within_cohort_zhuang2018,outer_fold_5,Limosilactobacillus
within_cohort_zhuang2018,outer_fold_5,Marvinbryantia
within_cohort_zhuang2018,outer_fold_5,Massilia
within_cohort_zhuang2018,outer_fold_5,Megamonas
within_cohort_zhuang2018,outer_fold_5,Megasphaera
within_cohort_zhuang2018,outer_fold_5,Methylobacterium-Methylorubrum
within_cohort_zhuang2018,outer_fold_5,Monoglobus
within_cohort_zhuang2018,outer_fold_5,NK4A214 group
within_cohort_zhuang2018,outer_fold_5,Negativibacillus
within_cohort_zhuang2018,outer_fold_5,Odoribacter
within_cohort_zhuang2018,outer_fold_5,Oscillibacter
within_cohort_zhuang2018,outer_fold_5,Paludicola
within_cohort_zhuang2018,outer_fold_5,Parabacteroides
within_cohort_zhuang2018,outer_fold_5,Paracoccus
within_cohort_zhuang2018,outer_fold_5,Paraprevotella
within_cohort_zhuang2018,outer_fold_5,Parasutterella
within_cohort_zhuang2018,outer_fold_5,Peptostreptococcus
within_cohort_zhuang2018,outer_fold_5,Phascolarctobacterium
within_cohort_zhuang2018,outer_fold_5,Phocea
within_cohort_zhuang2018,outer_fold_5,Prevotella
within_cohort_zhuang2018,outer_fold_5,Prevotella_9
within_cohort_zhuang2018,outer_fold_5,Pseudomonas
within_cohort_zhuang2018,outer_fold_5,Pyramidobacter
within_cohort_zhuang2018,outer_fold_5,Raoultibacter
within_cohort_zhuang2018,outer_fold_5,Rhodococcus
within_cohort_zhuang2018,outer_fold_5,Romboutsia
within_cohort_zhuang2018,outer_fold_5,Roseburia
within_cohort_zhuang2018,outer_fold_5,Rothia
within_cohort_zhuang2018,outer_fold_5,Ruminococcus
within_cohort_zhuang2018,outer_fold_5,Ruminococcus gnavus group
within_cohort_zhuang2018,outer_fold_5,Ruminococcus torques group
within_cohort_zhuang2018,outer_fold_5,Sellimonas
within_cohort_zhuang2018,outer_fold_5,Solobacterium
within_cohort_zhuang2018,outer_fold_5,Streptococcus
within_cohort_zhuang2018,outer_fold_5,Subdoligranulum
within_cohort_zhuang2018,outer_fold_5,Sutterella
within_cohort_zhuang2018,outer_fold_5,TM7x
within_cohort_zhuang2018,outer_fold_5,Terrisporobacter
within_cohort_zhuang2018,outer_fold_5,Thermus
within_cohort_zhuang2018,outer_fold_5,Turicibacter
within_cohort_zhuang2018,outer_fold_5,Tyzzerella
within_cohort_zhuang2018,outer_fold_5,UBA1819
within_cohort_zhuang2018,outer_fold_5,UCG-002
within_cohort_zhuang2018,outer_fold_5,UCG-003
within_cohort_zhuang2018,outer_fold_5,UCG-005
within_cohort_zhuang2018,outer_fold_5,UCG-009
within_cohort_zhuang2018,outer_fold_5,Veillonella
within_cohort_zhuang2018,outer_fold_5,Weissella
within_cohort_zhuang2018,outer_fold_5,[Clostridium] innocuum group
within_cohort_zhuang2018,outer_fold_5,[Eubacterium] fissicatena group
within_cohort_zhuang2018,outer_fold_5,[Eubacterium] nodatum group
within_cohort_zhuang2018,outer_fold_5,[Eubacterium] ruminantium group
within_cohort_zhuang2018,outer_fold_5,[Eubacterium] siraeum group
within_cohort_zhuang2018,outer_fold_5,[Eubacterium] xylanophilum group
within_cohort_zhuang2018,outer_fold_5,[Ruminococcus] gauvreauii group
within_cohort_zhuang2018,outer_fold_6,Acinetobacter
within_cohort_zhuang2018,outer_fold_6,Actinomyces
within_cohort_zhuang2018,outer_fold_6,Adlercreutzia
within_cohort_zhuang2018,outer_fold_6,Agathobacter
within_cohort_zhuang2018,outer_fold_6,Akkermansia
within_cohort_zhuang2018,outer_fold_6,Alistipes
within_cohort_zhuang2018,outer_fold_6,Allisonella
within_cohort_zhuang2018,outer_fold_6,Anaerostipes
within_cohort_zhuang2018,outer_fold_6,Anaerotruncus
within_cohort_zhuang2018,outer_fold_6,Atopobium
within_cohort_zhuang2018,outer_fold_6,Bacteroides
within_cohort_zhuang2018,outer_fold_6,Barnesiella
within_cohort_zhuang2018,outer_fold_6,Bifidobacterium
within_cohort_zhuang2018,outer_fold_6,Bilophila
within_cohort_zhuang2018,outer_fold_6,Blautia
within_cohort_zhuang2018,outer_fold_6,Butyricicoccus
within_cohort_zhuang2018,outer_fold_6,Butyricimonas
within_cohort_zhuang2018,outer_fold_6,CAG-352
within_cohort_zhuang2018,outer_fold_6,CAG-56
within_cohort_zhuang2018,outer_fold_6,Candidatus Soleaferrea
within_cohort_zhuang2018,outer_fold_6,Catabacter
within_cohort_zhuang2018,outer_fold_6,Christensenella
within_cohort_zhuang2018,outer_fold_6,Christensenellaceae R-7 group
within_cohort_zhuang2018,outer_fold_6,Clostridium sensu stricto 1
within_cohort_zhuang2018,outer_fold_6,Colidextribacter
within_cohort_zhuang2018,outer_fold_6,Collinsella
within_cohort_zhuang2018,outer_fold_6,Coprobacillus
within_cohort_zhuang2018,outer_fold_6,Coprococcus
within_cohort_zhuang2018,outer_fold_6,Corynebacterium
within_cohort_zhuang2018,outer_fold_6,DTU089
within_cohort_zhuang2018,outer_fold_6,Defluviitaleaceae UCG-011
within_cohort_zhuang2018,outer_fold_6,Desulfovibrio
within_cohort_zhuang2018,outer_fold_6,Dialister
within_cohort_zhuang2018,outer_fold_6,Dorea
within_cohort_zhuang2018,outer_fold_6,Eggerthella
within_cohort_zhuang2018,outer_fold_6,Eisenbergiella
within_cohort_zhuang2018,outer_fold_6,Enterobacter
within_cohort_zhuang2018,outer_fold_6,Enterococcus
within_cohort_zhuang2018,outer_fold_6,Erysipelatoclostridium
within_cohort_zhuang2018,outer_fold_6,Erysipelotrichaceae UCG-003
within_cohort_zhuang2018,outer_fold_6,Escherichia-Shigella
within_cohort_zhuang2018,outer_fold_6,Eubacterium
within_cohort_zhuang2018,outer_fold_6,Eubacterium brachy group
within_cohort_zhuang2018,outer_fold_6,Eubacterium eligens group
within_cohort_zhuang2018,outer_fold_6,Eubacterium hallii group
within_cohort_zhuang2018,outer_fold_6,Eubacterium ventriosum group
within_cohort_zhuang2018,outer_fold_6,Faecalibacterium
within_cohort_zhuang2018,outer_fold_6,Faecalitalea
within_cohort_zhuang2018,outer_fold_6,Family XIII AD3011 group
within_cohort_zhuang2018,outer_fold_6,Family XIII UCG-001
within_cohort_zhuang2018,outer_fold_6,Flavonifractor
within_cohort_zhuang2018,outer_fold_6,Fusicatenibacter
within_cohort_zhuang2018,outer_fold_6,Fusobacterium
within_cohort_zhuang2018,outer_fold_6,GCA-900066575
within_cohort_zhuang2018,outer_fold_6,Gemella
within_cohort_zhuang2018,outer_fold_6,Gordonibacter
within_cohort_zhuang2018,outer_fold_6,Granulicatella
within_cohort_zhuang2018,outer_fold_6,HT002
within_cohort_zhuang2018,outer_fold_6,Haemophilus
within_cohort_zhuang2018,outer_fold_6,Holdemanella
within_cohort_zhuang2018,outer_fold_6,Holdemania
within_cohort_zhuang2018,outer_fold_6,Hungatella
within_cohort_zhuang2018,outer_fold_6,Incertae Sedis
within_cohort_zhuang2018,outer_fold_6,Intestinibacter
within_cohort_zhuang2018,outer_fold_6,Intestinimonas
within_cohort_zhuang2018,outer_fold_6,Klebsiella
within_cohort_zhuang2018,outer_fold_6,Lachnoclostridium
within_cohort_zhuang2018,outer_fold_6,Lachnospira
within_cohort_zhuang2018,outer_fold_6,Lachnospiraceae FCS020 group
within_cohort_zhuang2018,outer_fold_6,Lachnospiraceae ND3007 group
within_cohort_zhuang2018,outer_fold_6,Lachnospiraceae NK4A136 group
within_cohort_zhuang2018,outer_fold_6,Lachnospiraceae UCG-001
within_cohort_zhuang2018,outer_fold_6,Lachnospiraceae UCG-004
within_cohort_zhuang2018,outer_fold_6,Lachnospiraceae UCG-010
within_cohort_zhuang2018,outer_fold_6,Lactobacillus
within_cohort_zhuang2018,outer_fold_6,Lactococcus
within_cohort_zhuang2018,outer_fold_6,Ligilactobacillus
within_cohort_zhuang2018,outer_fold_6,Limosilactobacillus
within_cohort_zhuang2018,outer_fold_6,Marvinbryantia
within_cohort_zhuang2018,outer_fold_6,Massilia
within_cohort_zhuang2018,outer_fold_6,Megamonas
within_cohort_zhuang2018,outer_fold_6,Megasphaera
within_cohort_zhuang2018,outer_fold_6,Methylobacterium-Methylorubrum
within_cohort_zhuang2018,outer_fold_6,Monoglobus
within_cohort_zhuang2018,outer_fold_6,NK4A214 group
within_cohort_zhuang2018,outer_fold_6,Negativibacillus
within_cohort_zhuang2018,outer_fold_6,Odoribacter
within_cohort_zhuang2018,outer_fold_6,Oscillibacter
within_cohort_zhuang2018,outer_fold_6,Paludicola
within_cohort_zhuang2018,outer_fold_6,Parabacteroides
within_cohort_zhuang2018,outer_fold_6,Paracoccus
within_cohort_zhuang2018,outer_fold_6,Parasutterella
within_cohort_zhuang2018,outer_fold_6,Peptostreptococcus
within_cohort_zhuang2018,outer_fold_6,Phascolarctobacterium
within_cohort_zhuang2018,outer_fold_6,Phocea
within_cohort_zhuang2018,outer_fold_6,Prevotella
within_cohort_zhuang2018,outer_fold_6,Prevotella_9
within_cohort_zhuang2018,outer_fold_6,Pseudomonas
within_cohort_zhuang2018,outer_fold_6,Raoultibacter
within_cohort_zhuang2018,outer_fold_6,Rhodococcus
within_cohort_zhuang2018,outer_fold_6,Romboutsia
within_cohort_zhuang2018,outer_fold_6,Roseburia
within_cohort_zhuang2018,outer_fold_6,Rothia
within_cohort_zhuang2018,outer_fold_6,Ruminococcus
within_cohort_zhuang2018,outer_fold_6,Ruminococcus gnavus group
within_cohort_zhuang2018,outer_fold_6,Ruminococcus torques group
within_cohort_zhuang2018,outer_fold_6,Sellimonas
within_cohort_zhuang2018,outer_fold_6,Solobacterium
within_cohort_zhuang2018,outer_fold_6,Streptococcus
within_cohort_zhuang2018,outer_fold_6,Subdoligranulum
within_cohort_zhuang2018,outer_fold_6,Sutterella
within_cohort_zhuang2018,outer_fold_6,TM7x
within_cohort_zhuang2018,outer_fold_6,Terrisporobacter
within_cohort_zhuang2018,outer_fold_6,Thermus
within_cohort_zhuang2018,outer_fold_6,Turicibacter
within_cohort_zhuang2018,outer_fold_6,Tyzzerella
within_cohort_zhuang2018,outer_fold_6,UBA1819
within_cohort_zhuang2018,outer_fold_6,UCG-002
within_cohort_zhuang2018,outer_fold_6,UCG-003
within_cohort_zhuang2018,outer_fold_6,UCG-005
within_cohort_zhuang2018,outer_fold_6,UCG-009
within_cohort_zhuang2018,outer_fold_6,Veillonella
within_cohort_zhuang2018,outer_fold_6,Weissella
within_cohort_zhuang2018,outer_fold_6,[Clostridium] innocuum group
within_cohort_zhuang2018,outer_fold_6,[Eubacterium] fissicatena group
within_cohort_zhuang2018,outer_fold_6,[Eubacterium] nodatum group
within_cohort_zhuang2018,outer_fold_6,[Eubacterium] ruminantium group
within_cohort_zhuang2018,outer_fold_6,[Eubacterium] siraeum group
within_cohort_zhuang2018,outer_fold_6,[Eubacterium] xylanophilum group
within_cohort_zhuang2018,outer_fold_6,[Ruminococcus] gauvreauii group
within_cohort_zhuang2018,outer_fold_7,Acinetobacter
within_cohort_zhuang2018,outer_fold_7,Actinomyces
within_cohort_zhuang2018,outer_fold_7,Adlercreutzia
within_cohort_zhuang2018,outer_fold_7,Agathobacter
within_cohort_zhuang2018,outer_fold_7,Akkermansia
within_cohort_zhuang2018,outer_fold_7,Alistipes
within_cohort_zhuang2018,outer_fold_7,Allisonella
within_cohort_zhuang2018,outer_fold_7,Anaerostipes
within_cohort_zhuang2018,outer_fold_7,Anaerotruncus
within_cohort_zhuang2018,outer_fold_7,Atopobium
within_cohort_zhuang2018,outer_fold_7,Bacteroides
within_cohort_zhuang2018,outer_fold_7,Barnesiella
within_cohort_zhuang2018,outer_fold_7,Bifidobacterium
within_cohort_zhuang2018,outer_fold_7,Bilophila
within_cohort_zhuang2018,outer_fold_7,Blautia
within_cohort_zhuang2018,outer_fold_7,Butyricicoccus
within_cohort_zhuang2018,outer_fold_7,Butyricimonas
within_cohort_zhuang2018,outer_fold_7,CAG-352
within_cohort_zhuang2018,outer_fold_7,CAG-56
within_cohort_zhuang2018,outer_fold_7,Candidatus Soleaferrea
within_cohort_zhuang2018,outer_fold_7,Christensenella
within_cohort_zhuang2018,outer_fold_7,Christensenellaceae R-7 group
within_cohort_zhuang2018,outer_fold_7,Clostridium sensu stricto 1
within_cohort_zhuang2018,outer_fold_7,Colidextribacter
within_cohort_zhuang2018,outer_fold_7,Collinsella
within_cohort_zhuang2018,outer_fold_7,Coprobacillus
within_cohort_zhuang2018,outer_fold_7,Coprococcus
within_cohort_zhuang2018,outer_fold_7,Corynebacterium
within_cohort_zhuang2018,outer_fold_7,DTU089
within_cohort_zhuang2018,outer_fold_7,Defluviitaleaceae UCG-011
within_cohort_zhuang2018,outer_fold_7,Desulfovibrio
within_cohort_zhuang2018,outer_fold_7,Dialister
within_cohort_zhuang2018,outer_fold_7,Dorea
within_cohort_zhuang2018,outer_fold_7,Eggerthella
within_cohort_zhuang2018,outer_fold_7,Eisenbergiella
within_cohort_zhuang2018,outer_fold_7,Enterobacter
within_cohort_zhuang2018,outer_fold_7,Enterococcus
within_cohort_zhuang2018,outer_fold_7,Erysipelatoclostridium
within_cohort_zhuang2018,outer_fold_7,Erysipelotrichaceae UCG-003
within_cohort_zhuang2018,outer_fold_7,Escherichia-Shigella
within_cohort_zhuang2018,outer_fold_7,Eubacterium
within_cohort_zhuang2018,outer_fold_7,Eubacterium brachy group
within_cohort_zhuang2018,outer_fold_7,Eubacterium eligens group
within_cohort_zhuang2018,outer_fold_7,Eubacterium hallii group
within_cohort_zhuang2018,outer_fold_7,Eubacterium ventriosum group
within_cohort_zhuang2018,outer_fold_7,Faecalibacterium
within_cohort_zhuang2018,outer_fold_7,Faecalitalea
within_cohort_zhuang2018,outer_fold_7,Family XIII AD3011 group
within_cohort_zhuang2018,outer_fold_7,Family XIII UCG-001
within_cohort_zhuang2018,outer_fold_7,Flavonifractor
within_cohort_zhuang2018,outer_fold_7,Fusicatenibacter
within_cohort_zhuang2018,outer_fold_7,Fusobacterium
within_cohort_zhuang2018,outer_fold_7,GCA-900066575
within_cohort_zhuang2018,outer_fold_7,Gemella
within_cohort_zhuang2018,outer_fold_7,Gordonibacter
within_cohort_zhuang2018,outer_fold_7,Granulicatella
within_cohort_zhuang2018,outer_fold_7,HT002
within_cohort_zhuang2018,outer_fold_7,Haemophilus
within_cohort_zhuang2018,outer_fold_7,Holdemanella
within_cohort_zhuang2018,outer_fold_7,Holdemania
within_cohort_zhuang2018,outer_fold_7,Hungatella
within_cohort_zhuang2018,outer_fold_7,Incertae Sedis
within_cohort_zhuang2018,outer_fold_7,Intestinibacter
within_cohort_zhuang2018,outer_fold_7,Intestinimonas
within_cohort_zhuang2018,outer_fold_7,Klebsiella
within_cohort_zhuang2018,outer_fold_7,Lachnoclostridium
within_cohort_zhuang2018,outer_fold_7,Lachnospira
within_cohort_zhuang2018,outer_fold_7,Lachnospiraceae FCS020 group
within_cohort_zhuang2018,outer_fold_7,Lachnospiraceae ND3007 group
within_cohort_zhuang2018,outer_fold_7,Lachnospiraceae NK4A136 group
within_cohort_zhuang2018,outer_fold_7,Lachnospiraceae UCG-001
within_cohort_zhuang2018,outer_fold_7,Lachnospiraceae UCG-004
within_cohort_zhuang2018,outer_fold_7,Lachnospiraceae UCG-010
within_cohort_zhuang2018,outer_fold_7,Lactobacillus
within_cohort_zhuang2018,outer_fold_7,Lactococcus
within_cohort_zhuang2018,outer_fold_7,Ligilactobacillus
within_cohort_zhuang2018,outer_fold_7,Limosilactobacillus
within_cohort_zhuang2018,outer_fold_7,Marvinbryantia
within_cohort_zhuang2018,outer_fold_7,Massilia
within_cohort_zhuang2018,outer_fold_7,Megamonas
within_cohort_zhuang2018,outer_fold_7,Megasphaera
within_cohort_zhuang2018,outer_fold_7,Methylobacterium-Methylorubrum
within_cohort_zhuang2018,outer_fold_7,Monoglobus
within_cohort_zhuang2018,outer_fold_7,NK4A214 group
within_cohort_zhuang2018,outer_fold_7,Negativibacillus
within_cohort_zhuang2018,outer_fold_7,Odoribacter
within_cohort_zhuang2018,outer_fold_7,Oscillibacter
within_cohort_zhuang2018,outer_fold_7,Paludicola
within_cohort_zhuang2018,outer_fold_7,Parabacteroides
within_cohort_zhuang2018,outer_fold_7,Paracoccus
within_cohort_zhuang2018,outer_fold_7,Paraprevotella
within_cohort_zhuang2018,outer_fold_7,Parasutterella
within_cohort_zhuang2018,outer_fold_7,Peptostreptococcus
within_cohort_zhuang2018,outer_fold_7,Phascolarctobacterium
within_cohort_zhuang2018,outer_fold_7,Phocea
within_cohort_zhuang2018,outer_fold_7,Prevotella
within_cohort_zhuang2018,outer_fold_7,Prevotella_9
within_cohort_zhuang2018,outer_fold_7,Pseudomonas
within_cohort_zhuang2018,outer_fold_7,Raoultibacter
within_cohort_zhuang2018,outer_fold_7,Rhodococcus
within_cohort_zhuang2018,outer_fold_7,Romboutsia
within_cohort_zhuang2018,outer_fold_7,Roseburia
within_cohort_zhuang2018,outer_fold_7,Rothia
within_cohort_zhuang2018,outer_fold_7,Ruminococcus
within_cohort_zhuang2018,outer_fold_7,Ruminococcus gnavus group
within_cohort_zhuang2018,outer_fold_7,Ruminococcus torques group
within_cohort_zhuang2018,outer_fold_7,Sellimonas
within_cohort_zhuang2018,outer_fold_7,Solobacterium
within_cohort_zhuang2018,outer_fold_7,Streptococcus
within_cohort_zhuang2018,outer_fold_7,Subdoligranulum
within_cohort_zhuang2018,outer_fold_7,Sutterella
within_cohort_zhuang2018,outer_fold_7,TM7x
within_cohort_zhuang2018,outer_fold_7,Terrisporobacter
within_cohort_zhuang2018,outer_fold_7,Thermus
within_cohort_zhuang2018,outer_fold_7,Turicibacter
within_cohort_zhuang2018,outer_fold_7,Tyzzerella
within_cohort_zhuang2018,outer_fold_7,UBA1819
within_cohort_zhuang2018,outer_fold_7,UCG-002
within_cohort_zhuang2018,outer_fold_7,UCG-003
within_cohort_zhuang2018,outer_fold_7,UCG-005
within_cohort_zhuang2018,outer_fold_7,UCG-009
within_cohort_zhuang2018,outer_fold_7,Veillonella
within_cohort_zhuang2018,outer_fold_7,Weissella
within_cohort_zhuang2018,outer_fold_7,[Clostridium] innocuum group
within_cohort_zhuang2018,outer_fold_7,[Eubacterium] fissicatena group
within_cohort_zhuang2018,outer_fold_7,[Eubacterium] nodatum group
within_cohort_zhuang2018,outer_fold_7,[Eubacterium] ruminantium group
within_cohort_zhuang2018,outer_fold_7,[Eubacterium] siraeum group
within_cohort_zhuang2018,outer_fold_7,[Eubacterium] xylanophilum group
within_cohort_zhuang2018,outer_fold_7,[Ruminococcus] gauvreauii group
within_cohort_zhuang2018,outer_fold_8,Acinetobacter
within_cohort_zhuang2018,outer_fold_8,Actinomyces
within_cohort_zhuang2018,outer_fold_8,Adlercreutzia
within_cohort_zhuang2018,outer_fold_8,Agathobacter
within_cohort_zhuang2018,outer_fold_8,Akkermansia
within_cohort_zhuang2018,outer_fold_8,Alistipes
within_cohort_zhuang2018,outer_fold_8,Allisonella
within_cohort_zhuang2018,outer_fold_8,Anaerostipes
within_cohort_zhuang2018,outer_fold_8,Anaerotruncus
within_cohort_zhuang2018,outer_fold_8,Atopobium
within_cohort_zhuang2018,outer_fold_8,Bacteroides
within_cohort_zhuang2018,outer_fold_8,Barnesiella
within_cohort_zhuang2018,outer_fold_8,Bifidobacterium
within_cohort_zhuang2018,outer_fold_8,Bilophila
within_cohort_zhuang2018,outer_fold_8,Blautia
within_cohort_zhuang2018,outer_fold_8,Butyricicoccus
within_cohort_zhuang2018,outer_fold_8,Butyricimonas
within_cohort_zhuang2018,outer_fold_8,CAG-352
within_cohort_zhuang2018,outer_fold_8,CAG-56
within_cohort_zhuang2018,outer_fold_8,Candidatus Soleaferrea
within_cohort_zhuang2018,outer_fold_8,Catabacter
within_cohort_zhuang2018,outer_fold_8,Christensenella
within_cohort_zhuang2018,outer_fold_8,Christensenellaceae R-7 group
within_cohort_zhuang2018,outer_fold_8,Clostridium sensu stricto 1
within_cohort_zhuang2018,outer_fold_8,Colidextribacter
within_cohort_zhuang2018,outer_fold_8,Collinsella
within_cohort_zhuang2018,outer_fold_8,Coprobacillus
within_cohort_zhuang2018,outer_fold_8,Coprococcus
within_cohort_zhuang2018,outer_fold_8,Corynebacterium
within_cohort_zhuang2018,outer_fold_8,DTU089
within_cohort_zhuang2018,outer_fold_8,Defluviitaleaceae UCG-011
within_cohort_zhuang2018,outer_fold_8,Desulfovibrio
within_cohort_zhuang2018,outer_fold_8,Dialister
within_cohort_zhuang2018,outer_fold_8,Dorea
within_cohort_zhuang2018,outer_fold_8,Eggerthella
within_cohort_zhuang2018,outer_fold_8,Eisenbergiella
within_cohort_zhuang2018,outer_fold_8,Enterobacter
within_cohort_zhuang2018,outer_fold_8,Enterococcus
within_cohort_zhuang2018,outer_fold_8,Erysipelatoclostridium
within_cohort_zhuang2018,outer_fold_8,Erysipelotrichaceae UCG-003
within_cohort_zhuang2018,outer_fold_8,Escherichia-Shigella
within_cohort_zhuang2018,outer_fold_8,Eubacterium brachy group
within_cohort_zhuang2018,outer_fold_8,Eubacterium eligens group
within_cohort_zhuang2018,outer_fold_8,Eubacterium hallii group
within_cohort_zhuang2018,outer_fold_8,Eubacterium ventriosum group
within_cohort_zhuang2018,outer_fold_8,Faecalibacterium
within_cohort_zhuang2018,outer_fold_8,Faecalitalea
within_cohort_zhuang2018,outer_fold_8,Family XIII AD3011 group
within_cohort_zhuang2018,outer_fold_8,Family XIII UCG-001
within_cohort_zhuang2018,outer_fold_8,Flavonifractor
within_cohort_zhuang2018,outer_fold_8,Fusicatenibacter
within_cohort_zhuang2018,outer_fold_8,Fusobacterium
within_cohort_zhuang2018,outer_fold_8,GCA-900066575
within_cohort_zhuang2018,outer_fold_8,Gemella
within_cohort_zhuang2018,outer_fold_8,Gordonibacter
within_cohort_zhuang2018,outer_fold_8,Granulicatella
within_cohort_zhuang2018,outer_fold_8,HT002
within_cohort_zhuang2018,outer_fold_8,Haemophilus
within_cohort_zhuang2018,outer_fold_8,Holdemanella
within_cohort_zhuang2018,outer_fold_8,Holdemania
within_cohort_zhuang2018,outer_fold_8,Hungatella
within_cohort_zhuang2018,outer_fold_8,Incertae Sedis
within_cohort_zhuang2018,outer_fold_8,Intestinibacter
within_cohort_zhuang2018,outer_fold_8,Intestinimonas
within_cohort_zhuang2018,outer_fold_8,Klebsiella
within_cohort_zhuang2018,outer_fold_8,Lachnoclostridium
within_cohort_zhuang2018,outer_fold_8,Lachnospira
within_cohort_zhuang2018,outer_fold_8,Lachnospiraceae FCS020 group
within_cohort_zhuang2018,outer_fold_8,Lachnospiraceae ND3007 group
within_cohort_zhuang2018,outer_fold_8,Lachnospiraceae NK4A136 group
within_cohort_zhuang2018,outer_fold_8,Lachnospiraceae UCG-001
within_cohort_zhuang2018,outer_fold_8,Lachnospiraceae UCG-004
within_cohort_zhuang2018,outer_fold_8,Lachnospiraceae UCG-010
within_cohort_zhuang2018,outer_fold_8,Lactobacillus
within_cohort_zhuang2018,outer_fold_8,Lactococcus
within_cohort_zhuang2018,outer_fold_8,Ligilactobacillus
within_cohort_zhuang2018,outer_fold_8,Limosilactobacillus
within_cohort_zhuang2018,outer_fold_8,Marvinbryantia
within_cohort_zhuang2018,outer_fold_8,Massilia
within_cohort_zhuang2018,outer_fold_8,Megamonas
within_cohort_zhuang2018,outer_fold_8,Megasphaera
within_cohort_zhuang2018,outer_fold_8,Methylobacterium-Methylorubrum
within_cohort_zhuang2018,outer_fold_8,Monoglobus
within_cohort_zhuang2018,outer_fold_8,NK4A214 group
within_cohort_zhuang2018,outer_fold_8,Negativibacillus
within_cohort_zhuang2018,outer_fold_8,Odoribacter
within_cohort_zhuang2018,outer_fold_8,Oscillibacter
within_cohort_zhuang2018,outer_fold_8,Paludicola
within_cohort_zhuang2018,outer_fold_8,Parabacteroides
within_cohort_zhuang2018,outer_fold_8,Paracoccus
within_cohort_zhuang2018,outer_fold_8,Paraprevotella
within_cohort_zhuang2018,outer_fold_8,Parasutterella
within_cohort_zhuang2018,outer_fold_8,Peptostreptococcus
within_cohort_zhuang2018,outer_fold_8,Phascolarctobacterium
within_cohort_zhuang2018,outer_fold_8,Phocea
within_cohort_zhuang2018,outer_fold_8,Prevotella
within_cohort_zhuang2018,outer_fold_8,Prevotella_9
within_cohort_zhuang2018,outer_fold_8,Pseudomonas
within_cohort_zhuang2018,outer_fold_8,Raoultibacter
within_cohort_zhuang2018,outer_fold_8,Rhodococcus
within_cohort_zhuang2018,outer_fold_8,Romboutsia
within_cohort_zhuang2018,outer_fold_8,Roseburia
within_cohort_zhuang2018,outer_fold_8,Rothia
within_cohort_zhuang2018,outer_fold_8,Ruminococcus
within_cohort_zhuang2018,outer_fold_8,Ruminococcus gnavus group
within_cohort_zhuang2018,outer_fold_8,Ruminococcus torques group
within_cohort_zhuang2018,outer_fold_8,Sellimonas
within_cohort_zhuang2018,outer_fold_8,Solobacterium
within_cohort_zhuang2018,outer_fold_8,Streptococcus
within_cohort_zhuang2018,outer_fold_8,Subdoligranulum
within_cohort_zhuang2018,outer_fold_8,Sutterella
within_cohort_zhuang2018,outer_fold_8,TM7x
within_cohort_zhuang2018,outer_fold_8,Terrisporobacter
within_cohort_zhuang2018,outer_fold_8,Thermus
within_cohort_zhuang2018,outer_fold_8,Turicibacter
within_cohort_zhuang2018,outer_fold_8,Tyzzerella
within_cohort_zhuang2018,outer_fold_8,UBA1819
within_cohort_zhuang2018,outer_fold_8,UCG-002
within_cohort_zhuang2018,outer_fold_8,UCG-003
within_cohort_zhuang2018,outer_fold_8,UCG-005
within_cohort_zhuang2018,outer_fold_8,UCG-009
within_cohort_zhuang2018,outer_fold_8,Veillonella
within_cohort_zhuang2018,outer_fold_8,Weissella
within_cohort_zhuang2018,outer_fold_8,[Clostridium] innocuum group
within_cohort_zhuang2018,outer_fold_8,[Eubacterium] fissicatena group
within_cohort_zhuang2018,outer_fold_8,[Eubacterium] nodatum group
within_cohort_zhuang2018,outer_fold_8,[Eubacterium] ruminantium group
within_cohort_zhuang2018,outer_fold_8,[Eubacterium] siraeum group
within_cohort_zhuang2018,outer_fold_8,[Eubacterium] xylanophilum group
within_cohort_zhuang2018,outer_fold_8,[Ruminococcus] gauvreauii group
within_cohort_zhuang2018,outer_fold_9,Acinetobacter
within_cohort_zhuang2018,outer_fold_9,Actinomyces
within_cohort_zhuang2018,outer_fold_9,Adlercreutzia
within_cohort_zhuang2018,outer_fold_9,Agathobacter
within_cohort_zhuang2018,outer_fold_9,Akkermansia
within_cohort_zhuang2018,outer_fold_9,Alistipes
within_cohort_zhuang2018,outer_fold_9,Allisonella
within_cohort_zhuang2018,outer_fold_9,Anaerostipes
within_cohort_zhuang2018,outer_fold_9,Anaerotruncus
within_cohort_zhuang2018,outer_fold_9,Atopobium
within_cohort_zhuang2018,outer_fold_9,Bacteroides
within_cohort_zhuang2018,outer_fold_9,Barnesiella
within_cohort_zhuang2018,outer_fold_9,Bifidobacterium
within_cohort_zhuang2018,outer_fold_9,Bilophila
within_cohort_zhuang2018,outer_fold_9,Blautia
within_cohort_zhuang2018,outer_fold_9,Butyricicoccus
within_cohort_zhuang2018,outer_fold_9,Butyricimonas
within_cohort_zhuang2018,outer_fold_9,CAG-352
within_cohort_zhuang2018,outer_fold_9,CAG-56
within_cohort_zhuang2018,outer_fold_9,Candidatus Soleaferrea
within_cohort_zhuang2018,outer_fold_9,Catabacter
within_cohort_zhuang2018,outer_fold_9,Christensenella
within_cohort_zhuang2018,outer_fold_9,Christensenellaceae R-7 group
within_cohort_zhuang2018,outer_fold_9,Clostridium sensu stricto 1
within_cohort_zhuang2018,outer_fold_9,Colidextribacter
within_cohort_zhuang2018,outer_fold_9,Collinsella
within_cohort_zhuang2018,outer_fold_9,Coprobacillus
within_cohort_zhuang2018,outer_fold_9,Coprococcus
within_cohort_zhuang2018,outer_fold_9,Corynebacterium
within_cohort_zhuang2018,outer_fold_9,DTU089
within_cohort_zhuang2018,outer_fold_9,Defluviitaleaceae UCG-011
within_cohort_zhuang2018,outer_fold_9,Desulfovibrio
within_cohort_zhuang2018,outer_fold_9,Dialister
within_cohort_zhuang2018,outer_fold_9,Dorea
within_cohort_zhuang2018,outer_fold_9,Eggerthella
within_cohort_zhuang2018,outer_fold_9,Eisenbergiella
within_cohort_zhuang2018,outer_fold_9,Enterobacter
within_cohort_zhuang2018,outer_fold_9,Enterococcus
within_cohort_zhuang2018,outer_fold_9,Erysipelatoclostridium
within_cohort_zhuang2018,outer_fold_9,Erysipelotrichaceae UCG-003
within_cohort_zhuang2018,outer_fold_9,Escherichia-Shigella
within_cohort_zhuang2018,outer_fold_9,Eubacterium
within_cohort_zhuang2018,outer_fold_9,Eubacterium brachy group
within_cohort_zhuang2018,outer_fold_9,Eubacterium eligens group
within_cohort_zhuang2018,outer_fold_9,Eubacterium hallii group
within_cohort_zhuang2018,outer_fold_9,Eubacterium ventriosum group
within_cohort_zhuang2018,outer_fold_9,Faecalibacterium
within_cohort_zhuang2018,outer_fold_9,Faecalitalea
within_cohort_zhuang2018,outer_fold_9,Family XIII AD3011 group
within_cohort_zhuang2018,outer_fold_9,Family XIII UCG-001
within_cohort_zhuang2018,outer_fold_9,Flavonifractor
within_cohort_zhuang2018,outer_fold_9,Fusicatenibacter
within_cohort_zhuang2018,outer_fold_9,Fusobacterium
within_cohort_zhuang2018,outer_fold_9,GCA-900066575
within_cohort_zhuang2018,outer_fold_9,Gemella
within_cohort_zhuang2018,outer_fold_9,Gordonibacter
within_cohort_zhuang2018,outer_fold_9,Granulicatella
within_cohort_zhuang2018,outer_fold_9,HT002
within_cohort_zhuang2018,outer_fold_9,Haemophilus
within_cohort_zhuang2018,outer_fold_9,Holdemanella
within_cohort_zhuang2018,outer_fold_9,Holdemania
within_cohort_zhuang2018,outer_fold_9,Hungatella
within_cohort_zhuang2018,outer_fold_9,Incertae Sedis
within_cohort_zhuang2018,outer_fold_9,Intestinibacter
within_cohort_zhuang2018,outer_fold_9,Intestinimonas
within_cohort_zhuang2018,outer_fold_9,Klebsiella
within_cohort_zhuang2018,outer_fold_9,Lachnoclostridium
within_cohort_zhuang2018,outer_fold_9,Lachnospira
within_cohort_zhuang2018,outer_fold_9,Lachnospiraceae FCS020 group
within_cohort_zhuang2018,outer_fold_9,Lachnospiraceae ND3007 group
within_cohort_zhuang2018,outer_fold_9,Lachnospiraceae NK4A136 group
within_cohort_zhuang2018,outer_fold_9,Lachnospiraceae UCG-001
within_cohort_zhuang2018,outer_fold_9,Lachnospiraceae UCG-004
within_cohort_zhuang2018,outer_fold_9,Lachnospiraceae UCG-010
within_cohort_zhuang2018,outer_fold_9,Lactobacillus
within_cohort_zhuang2018,outer_fold_9,Lactococcus
within_cohort_zhuang2018,outer_fold_9,Ligilactobacillus
within_cohort_zhuang2018,outer_fold_9,Limosilactobacillus
within_cohort_zhuang2018,outer_fold_9,Marvinbryantia
within_cohort_zhuang2018,outer_fold_9,Massilia
within_cohort_zhuang2018,outer_fold_9,Megamonas
within_cohort_zhuang2018,outer_fold_9,Megasphaera
within_cohort_zhuang2018,outer_fold_9,Methylobacterium-Methylorubrum
within_cohort_zhuang2018,outer_fold_9,Monoglobus
within_cohort_zhuang2018,outer_fold_9,NK4A214 group
within_cohort_zhuang2018,outer_fold_9,Negativibacillus
within_cohort_zhuang2018,outer_fold_9,Odoribacter
within_cohort_zhuang2018,outer_fold_9,Oscillibacter
within_cohort_zhuang2018,outer_fold_9,Paludicola
within_cohort_zhuang2018,outer_fold_9,Parabacteroides
within_cohort_zhuang2018,outer_fold_9,Paracoccus
within_cohort_zhuang2018,outer_fold_9,Paraprevotella
within_cohort_zhuang2018,outer_fold_9,Parasutterella
within_cohort_zhuang2018,outer_fold_9,Peptostreptococcus
within_cohort_zhuang2018,outer_fold_9,Phascolarctobacterium
within_cohort_zhuang2018,outer_fold_9,Prevotella
within_cohort_zhuang2018,outer_fold_9,Prevotella_9
within_cohort_zhuang2018,outer_fold_9,Pseudomonas
within_cohort_zhuang2018,outer_fold_9,Pyramidobacter
within_cohort_zhuang2018,outer_fold_9,Raoultibacter
within_cohort_zhuang2018,outer_fold_9,Rhodococcus
within_cohort_zhuang2018,outer_fold_9,Romboutsia
within_cohort_zhuang2018,outer_fold_9,Roseburia
within_cohort_zhuang2018,outer_fold_9,Rothia
within_cohort_zhuang2018,outer_fold_9,Ruminococcus
within_cohort_zhuang2018,outer_fold_9,Ruminococcus gnavus group
within_cohort_zhuang2018,outer_fold_9,Ruminococcus torques group
within_cohort_zhuang2018,outer_fold_9,Sellimonas
within_cohort_zhuang2018,outer_fold_9,Slackia
within_cohort_zhuang2018,outer_fold_9,Solobacterium
within_cohort_zhuang2018,outer_fold_9,Streptococcus
within_cohort_zhuang2018,outer_fold_9,Subdoligranulum
within_cohort_zhuang2018,outer_fold_9,Sutterella
within_cohort_zhuang2018,outer_fold_9,TM7x
within_cohort_zhuang2018,outer_fold_9,Terrisporobacter
within_cohort_zhuang2018,outer_fold_9,Thermus
within_cohort_zhuang2018,outer_fold_9,Turicibacter
within_cohort_zhuang2018,outer_fold_9,Tyzzerella
within_cohort_zhuang2018,outer_fold_9,UBA1819
within_cohort_zhuang2018,outer_fold_9,UCG-002
within_cohort_zhuang2018,outer_fold_9,UCG-003
within_cohort_zhuang2018,outer_fold_9,UCG-005
within_cohort_zhuang2018,outer_fold_9,UCG-009
within_cohort_zhuang2018,outer_fold_9,Veillonella
within_cohort_zhuang2018,outer_fold_9,Weissella
within_cohort_zhuang2018,outer_fold_9,[Clostridium] innocuum group
within_cohort_zhuang2018,outer_fold_9,[Eubacterium] fissicatena group
within_cohort_zhuang2018,outer_fold_9,[Eubacterium] nodatum group
within_cohort_zhuang2018,outer_fold_9,[Eubacterium] ruminantium group
within_cohort_zhuang2018,outer_fold_9,[Eubacterium] siraeum group
within_cohort_zhuang2018,outer_fold_9,[Eubacterium] xylanophilum group
within_cohort_zhuang2018,outer_fold_9,[Ruminococcus] gauvreauii group
within_cohort_ling2020,outer_fold_0,Acidaminococcus
within_cohort_ling2020,outer_fold_0,Actinomyces
within_cohort_ling2020,outer_fold_0,Adlercreutzia
within_cohort_ling2020,outer_fold_0,Agathobacter
within_cohort_ling2020,outer_fold_0,Akkermansia
within_cohort_ling2020,outer_fold_0,Alistipes
within_cohort_ling2020,outer_fold_0,Allisonella
within_cohort_ling2020,outer_fold_0,Anaerostipes
within_cohort_ling2020,outer_fold_0,Anaerotruncus
within_cohort_ling2020,outer_fold_0,Atopobium
within_cohort_ling2020,outer_fold_0,Bacteroides
within_cohort_ling2020,outer_fold_0,Barnesiella
within_cohort_ling2020,outer_fold_0,Bifidobacterium
within_cohort_ling2020,outer_fold_0,Bilophila
within_cohort_ling2020,outer_fold_0,Blautia
within_cohort_ling2020,outer_fold_0,Butyricicoccus
within_cohort_ling2020,outer_fold_0,Butyricimonas
within_cohort_ling2020,outer_fold_0,CAG-352
within_cohort_ling2020,outer_fold_0,CAG-56
within_cohort_ling2020,outer_fold_0,Candidatus Soleaferrea
within_cohort_ling2020,outer_fold_0,Catabacter
within_cohort_ling2020,outer_fold_0,Chelativorans
within_cohort_ling2020,outer_fold_0,Christensenella
within_cohort_ling2020,outer_fold_0,Christensenellaceae R-7 group
within_cohort_ling2020,outer_fold_0,Citrobacter
within_cohort_ling2020,outer_fold_0,Clostridium sensu stricto 1
within_cohort_ling2020,outer_fold_0,Colidextribacter
within_cohort_ling2020,outer_fold_0,Collinsella
within_cohort_ling2020,outer_fold_0,Coprobacillus
within_cohort_ling2020,outer_fold_0,Coprococcus
within_cohort_ling2020,outer_fold_0,Corynebacterium
within_cohort_ling2020,outer_fold_0,DTU089
within_cohort_ling2020,outer_fold_0,Defluviitaleaceae UCG-011
within_cohort_ling2020,outer_fold_0,Desulfovibrio
within_cohort_ling2020,outer_fold_0,Dialister
within_cohort_ling2020,outer_fold_0,Dorea
within_cohort_ling2020,outer_fold_0,Eggerthella
within_cohort_ling2020,outer_fold_0,Eisenbergiella
within_cohort_ling2020,outer_fold_0,Enterobacter
within_cohort_ling2020,outer_fold_0,Enterococcus
within_cohort_ling2020,outer_fold_0,Erysipelatoclostridium
within_cohort_ling2020,outer_fold_0,Erysipelotrichaceae UCG-003
within_cohort_ling2020,outer_fold_0,Escherichia-Shigella
within_cohort_ling2020,outer_fold_0,Eubacterium
within_cohort_ling2020,outer_fold_0,Eubacterium eligens group
within_cohort_ling2020,outer_fold_0,Eubacterium hallii group
within_cohort_ling2020,outer_fold_0,Eubacterium ventriosum group
within_cohort_ling2020,outer_fold_0,Faecalibacterium
within_cohort_ling2020,outer_fold_0,Faecalitalea
within_cohort_ling2020,outer_fold_0,Family XIII AD3011 group
within_cohort_ling2020,outer_fold_0,Family XIII UCG-001
within_cohort_ling2020,outer_fold_0,Flavonifractor
within_cohort_ling2020,outer_fold_0,Fusicatenibacter
within_cohort_ling2020,outer_fold_0,Fusobacterium
within_cohort_ling2020,outer_fold_0,Gemella
within_cohort_ling2020,outer_fold_0,Gordonibacter
within_cohort_ling2020,outer_fold_0,Haemophilus
within_cohort_ling2020,outer_fold_0,Halomonas
within_cohort_ling2020,outer_fold_0,Holdemania
within_cohort_ling2020,outer_fold_0,Hungatella
within_cohort_ling2020,outer_fold_0,Incertae Sedis
within_cohort_ling2020,outer_fold_0,Intestinibacter
within_cohort_ling2020,outer_fold_0,Intestinimonas
within_cohort_ling2020,outer_fold_0,Klebsiella
within_cohort_ling2020,outer_fold_0,Lachnoclostridium
within_cohort_ling2020,outer_fold_0,Lachnospira
within_cohort_ling2020,outer_fold_0,Lachnospiraceae FCS020 group
within_cohort_ling2020,outer_fold_0,Lachnospiraceae ND3007 group
within_cohort_ling2020,outer_fold_0,Lachnospiraceae NK4A136 group
within_cohort_ling2020,outer_fold_0,Lachnospiraceae UCG-001
within_cohort_ling2020,outer_fold_0,Lachnospiraceae UCG-004
within_cohort_ling2020,outer_fold_0,Lachnospiraceae UCG-010
within_cohort_ling2020,outer_fold_0,Lactobacillus
within_cohort_ling2020,outer_fold_0,Lactonifactor
within_cohort_ling2020,outer_fold_0,Leuconostoc
within_cohort_ling2020,outer_fold_0,Ligilactobacillus
within_cohort_ling2020,outer_fold_0,Limosilactobacillus
within_cohort_ling2020,outer_fold_0,Marvinbryantia
within_cohort_ling2020,outer_fold_0,Megamonas
within_cohort_ling2020,outer_fold_0,Megasphaera
within_cohort_ling2020,outer_fold_0,Methanobrevibacter
within_cohort_ling2020,outer_fold_0,Monoglobus
within_cohort_ling2020,outer_fold_0,NK4A214 group
within_cohort_ling2020,outer_fold_0,Negativibacillus
within_cohort_ling2020,outer_fold_0,Nesterenkonia
within_cohort_ling2020,outer_fold_0,Oceanicaulis
within_cohort_ling2020,outer_fold_0,Odoribacter
within_cohort_ling2020,outer_fold_0,Olsenella
within_cohort_ling2020,outer_fold_0,Oscillibacter
within_cohort_ling2020,outer_fold_0,Paludicola
within_cohort_ling2020,outer_fold_0,Parabacteroides
within_cohort_ling2020,outer_fold_0,Paraprevotella
within_cohort_ling2020,outer_fold_0,Parasutterella
within_cohort_ling2020,outer_fold_0,Pelagibacterium
within_cohort_ling2020,outer_fold_0,Peptoniphilus
within_cohort_ling2020,outer_fold_0,Phascolarctobacterium
within_cohort_ling2020,outer_fold_0,Porphyromonas
within_cohort_ling2020,outer_fold_0,Prevotella
within_cohort_ling2020,outer_fold_0,Prevotella_9
within_cohort_ling2020,outer_fold_0,Raoultibacter
within_cohort_ling2020,outer_fold_0,Romboutsia
within_cohort_ling2020,outer_fold_0,Roseburia
within_cohort_ling2020,outer_fold_0,Rothia
within_cohort_ling2020,outer_fold_0,Ruminococcus
within_cohort_ling2020,outer_fold_0,Ruminococcus gnavus group
within_cohort_ling2020,outer_fold_0,Ruminococcus torques group
within_cohort_ling2020,outer_fold_0,Sellimonas
within_cohort_ling2020,outer_fold_0,Solobacterium
within_cohort_ling2020,outer_fold_0,Streptococcus
within_cohort_ling2020,outer_fold_0,Subdoligranulum
within_cohort_ling2020,outer_fold_0,Sutterella
within_cohort_ling2020,outer_fold_0,TM7x
within_cohort_ling2020,outer_fold_0,Terrisporobacter
within_cohort_ling2020,outer_fold_0,Turicibacter
within_cohort_ling2020,outer_fold_0,UBA1819
within_cohort_ling2020,outer_fold_0,UCG-002
within_cohort_ling2020,outer_fold_0,UCG-003
within_cohort_ling2020,outer_fold_0,UCG-005
within_cohort_ling2020,outer_fold_0,Veillonella
within_cohort_ling2020,outer_fold_0,Weissella
within_cohort_ling2020,outer_fold_0,[Clostridium] innocuum group
within_cohort_ling2020,outer_fold_0,[Eubacterium] fissicatena group
within_cohort_ling2020,outer_fold_0,[Eubacterium] nodatum group
within_cohort_ling2020,outer_fold_0,[Eubacterium] ruminantium group
within_cohort_ling2020,outer_fold_0,[Ruminococcus] gauvreauii group
within_cohort_ling2020,outer_fold_1,Acidaminococcus
within_cohort_ling2020,outer_fold_1,Actinomyces
within_cohort_ling2020,outer_fold_1,Adlercreutzia
within_cohort_ling2020,outer_fold_1,Agathobacter
within_cohort_ling2020,outer_fold_1,Akkermansia
within_cohort_ling2020,outer_fold_1,Alistipes
within_cohort_ling2020,outer_fold_1,Allisonella
within_cohort_ling2020,outer_fold_1,Anaerostipes
within_cohort_ling2020,outer_fold_1,Anaerotruncus
within_cohort_ling2020,outer_fold_1,Atopobium
within_cohort_ling2020,outer_fold_1,Bacteroides
within_cohort_ling2020,outer_fold_1,Barnesiella
within_cohort_ling2020,outer_fold_1,Bifidobacterium
within_cohort_ling2020,outer_fold_1,Bilophila
within_cohort_ling2020,outer_fold_1,Blautia
within_cohort_ling2020,outer_fold_1,Butyricicoccus
within_cohort_ling2020,outer_fold_1,Butyricimonas
within_cohort_ling2020,outer_fold_1,CAG-352
within_cohort_ling2020,outer_fold_1,CAG-56
within_cohort_ling2020,outer_fold_1,Candidatus Soleaferrea
within_cohort_ling2020,outer_fold_1,Catabacter
within_cohort_ling2020,outer_fold_1,Chelativorans
within_cohort_ling2020,outer_fold_1,Christensenella
within_cohort_ling2020,outer_fold_1,Christensenellaceae R-7 group
within_cohort_ling2020,outer_fold_1,Citrobacter
within_cohort_ling2020,outer_fold_1,Clostridium sensu stricto 1
within_cohort_ling2020,outer_fold_1,Colidextribacter
within_cohort_ling2020,outer_fold_1,Collinsella
within_cohort_ling2020,outer_fold_1,Coprobacillus
within_cohort_ling2020,outer_fold_1,Coprococcus
within_cohort_ling2020,outer_fold_1,Corynebacterium
within_cohort_ling2020,outer_fold_1,DTU089
within_cohort_ling2020,outer_fold_1,Defluviitaleaceae UCG-011
within_cohort_ling2020,outer_fold_1,Desulfovibrio
within_cohort_ling2020,outer_fold_1,Dialister
within_cohort_ling2020,outer_fold_1,Dorea
within_cohort_ling2020,outer_fold_1,Eggerthella
within_cohort_ling2020,outer_fold_1,Eisenbergiella
within_cohort_ling2020,outer_fold_1,Enterobacter
within_cohort_ling2020,outer_fold_1,Enterococcus
within_cohort_ling2020,outer_fold_1,Erysipelatoclostridium
within_cohort_ling2020,outer_fold_1,Erysipelotrichaceae UCG-003
within_cohort_ling2020,outer_fold_1,Escherichia-Shigella
within_cohort_ling2020,outer_fold_1,Eubacterium
within_cohort_ling2020,outer_fold_1,Eubacterium eligens group
within_cohort_ling2020,outer_fold_1,Eubacterium hallii group
within_cohort_ling2020,outer_fold_1,Eubacterium ventriosum group
within_cohort_ling2020,outer_fold_1,Faecalibacterium
within_cohort_ling2020,outer_fold_1,Faecalitalea
within_cohort_ling2020,outer_fold_1,Family XIII AD3011 group
within_cohort_ling2020,outer_fold_1,Family XIII UCG-001
within_cohort_ling2020,outer_fold_1,Flavonifractor
within_cohort_ling2020,outer_fold_1,Fusicatenibacter
within_cohort_ling2020,outer_fold_1,Gemella
within_cohort_ling2020,outer_fold_1,Gordonibacter
within_cohort_ling2020,outer_fold_1,Haemophilus
within_cohort_ling2020,outer_fold_1,Halomonas
within_cohort_ling2020,outer_fold_1,Holdemanella
within_cohort_ling2020,outer_fold_1,Holdemania
within_cohort_ling2020,outer_fold_1,Hungatella
within_cohort_ling2020,outer_fold_1,Incertae Sedis
within_cohort_ling2020,outer_fold_1,Intestinibacter
within_cohort_ling2020,outer_fold_1,Intestinimonas
within_cohort_ling2020,outer_fold_1,Klebsiella
within_cohort_ling2020,outer_fold_1,Lachnoclostridium
within_cohort_ling2020,outer_fold_1,Lachnospira
within_cohort_ling2020,outer_fold_1,Lachnospiraceae FCS020 group
within_cohort_ling2020,outer_fold_1,Lachnospiraceae ND3007 group
within_cohort_ling2020,outer_fold_1,Lachnospiraceae NK4A136 group
within_cohort_ling2020,outer_fold_1,Lachnospiraceae UCG-001
within_cohort_ling2020,outer_fold_1,Lachnospiraceae UCG-004
within_cohort_ling2020,outer_fold_1,Lachnospiraceae UCG-010
within_cohort_ling2020,outer_fold_1,Lactobacillus
within_cohort_ling2020,outer_fold_1,Lactococcus
within_cohort_ling2020,outer_fold_1,Lactonifactor
within_cohort_ling2020,outer_fold_1,Leuconostoc
within_cohort_ling2020,outer_fold_1,Ligilactobacillus
within_cohort_ling2020,outer_fold_1,Limosilactobacillus
within_cohort_ling2020,outer_fold_1,Marvinbryantia
within_cohort_ling2020,outer_fold_1,Megamonas
within_cohort_ling2020,outer_fold_1,Megasphaera
within_cohort_ling2020,outer_fold_1,Methanobrevibacter
within_cohort_ling2020,outer_fold_1,Monoglobus
within_cohort_ling2020,outer_fold_1,NK4A214 group
within_cohort_ling2020,outer_fold_1,Negativibacillus
within_cohort_ling2020,outer_fold_1,Nesterenkonia
within_cohort_ling2020,outer_fold_1,Oceanicaulis
within_cohort_ling2020,outer_fold_1,Odoribacter
within_cohort_ling2020,outer_fold_1,Olsenella
within_cohort_ling2020,outer_fold_1,Oscillibacter
within_cohort_ling2020,outer_fold_1,Paludicola
within_cohort_ling2020,outer_fold_1,Parabacteroides
within_cohort_ling2020,outer_fold_1,Paraprevotella
within_cohort_ling2020,outer_fold_1,Parasutterella
within_cohort_ling2020,outer_fold_1,Pelagibacterium
within_cohort_ling2020,outer_fold_1,Peptoniphilus
within_cohort_ling2020,outer_fold_1,Phascolarctobacterium
within_cohort_ling2020,outer_fold_1,Porphyromonas
within_cohort_ling2020,outer_fold_1,Prevotella
within_cohort_ling2020,outer_fold_1,Prevotella_9
within_cohort_ling2020,outer_fold_1,Raoultibacter
within_cohort_ling2020,outer_fold_1,Romboutsia
within_cohort_ling2020,outer_fold_1,Roseburia
within_cohort_ling2020,outer_fold_1,Rothia
within_cohort_ling2020,outer_fold_1,Ruminococcus
within_cohort_ling2020,outer_fold_1,Ruminococcus gnavus group
within_cohort_ling2020,outer_fold_1,Ruminococcus torques group
within_cohort_ling2020,outer_fold_1,Sellimonas
within_cohort_ling2020,outer_fold_1,Solobacterium
within_cohort_ling2020,outer_fold_1,Streptococcus
within_cohort_ling2020,outer_fold_1,Subdoligranulum
within_cohort_ling2020,outer_fold_1,Sutterella
within_cohort_ling2020,outer_fold_1,TM7x
within_cohort_ling2020,outer_fold_1,Terrisporobacter
within_cohort_ling2020,outer_fold_1,Turicibacter
within_cohort_ling2020,outer_fold_1,Tuzzerella
within_cohort_ling2020,outer_fold_1,UBA1819
within_cohort_ling2020,outer_fold_1,UCG-002
within_cohort_ling2020,outer_fold_1,UCG-003
within_cohort_ling2020,outer_fold_1,UCG-005
within_cohort_ling2020,outer_fold_1,Veillonella
within_cohort_ling2020,outer_fold_1,Weissella
within_cohort_ling2020,outer_fold_1,[Clostridium] innocuum group
within_cohort_ling2020,outer_fold_1,[Eubacterium] fissicatena group
within_cohort_ling2020,outer_fold_1,[Eubacterium] nodatum group
within_cohort_ling2020,outer_fold_1,[Eubacterium] ruminantium group
within_cohort_ling2020,outer_fold_1,[Ruminococcus] gauvreauii group
within_cohort_ling2020,outer_fold_2,Acidaminococcus
within_cohort_ling2020,outer_fold_2,Actinomyces
within_cohort_ling2020,outer_fold_2,Adlercreutzia
within_cohort_ling2020,outer_fold_2,Agathobacter
within_cohort_ling2020,outer_fold_2,Akkermansia
within_cohort_ling2020,outer_fold_2,Alistipes
within_cohort_ling2020,outer_fold_2,Allisonella
within_cohort_ling2020,outer_fold_2,Anaerostipes
within_cohort_ling2020,outer_fold_2,Anaerotruncus
within_cohort_ling2020,outer_fold_2,Atopobium
within_cohort_ling2020,outer_fold_2,Bacteroides
within_cohort_ling2020,outer_fold_2,Barnesiella
within_cohort_ling2020,outer_fold_2,Bifidobacterium
within_cohort_ling2020,outer_fold_2,Bilophila
within_cohort_ling2020,outer_fold_2,Blautia
within_cohort_ling2020,outer_fold_2,Butyricicoccus
within_cohort_ling2020,outer_fold_2,Butyricimonas
within_cohort_ling2020,outer_fold_2,CAG-352
within_cohort_ling2020,outer_fold_2,CAG-56
within_cohort_ling2020,outer_fold_2,Candidatus Soleaferrea
within_cohort_ling2020,outer_fold_2,Catabacter
within_cohort_ling2020,outer_fold_2,Chelativorans
within_cohort_ling2020,outer_fold_2,Christensenella
within_cohort_ling2020,outer_fold_2,Christensenellaceae R-7 group
within_cohort_ling2020,outer_fold_2,Citrobacter
within_cohort_ling2020,outer_fold_2,Clostridium sensu stricto 1
within_cohort_ling2020,outer_fold_2,Colidextribacter
within_cohort_ling2020,outer_fold_2,Collinsella
within_cohort_ling2020,outer_fold_2,Coprobacillus
within_cohort_ling2020,outer_fold_2,Coprococcus
within_cohort_ling2020,outer_fold_2,Corynebacterium
within_cohort_ling2020,outer_fold_2,DTU089
within_cohort_ling2020,outer_fold_2,Defluviitaleaceae UCG-011
within_cohort_ling2020,outer_fold_2,Desulfovibrio
within_cohort_ling2020,outer_fold_2,Dialister
within_cohort_ling2020,outer_fold_2,Dorea
within_cohort_ling2020,outer_fold_2,Eggerthella
within_cohort_ling2020,outer_fold_2,Eisenbergiella
within_cohort_ling2020,outer_fold_2,Enterobacter
within_cohort_ling2020,outer_fold_2,Enterococcus
within_cohort_ling2020,outer_fold_2,Erysipelatoclostridium
within_cohort_ling2020,outer_fold_2,Erysipelotrichaceae UCG-003
within_cohort_ling2020,outer_fold_2,Escherichia-Shigella
within_cohort_ling2020,outer_fold_2,Eubacterium
within_cohort_ling2020,outer_fold_2,Eubacterium eligens group
within_cohort_ling2020,outer_fold_2,Eubacterium hallii group
within_cohort_ling2020,outer_fold_2,Eubacterium ventriosum group
within_cohort_ling2020,outer_fold_2,Faecalibacterium
within_cohort_ling2020,outer_fold_2,Faecalitalea
within_cohort_ling2020,outer_fold_2,Family XIII AD3011 group
within_cohort_ling2020,outer_fold_2,Family XIII UCG-001
within_cohort_ling2020,outer_fold_2,Flavonifractor
within_cohort_ling2020,outer_fold_2,Fusicatenibacter
within_cohort_ling2020,outer_fold_2,Gemella
within_cohort_ling2020,outer_fold_2,Gordonibacter
within_cohort_ling2020,outer_fold_2,HT002
within_cohort_ling2020,outer_fold_2,Haemophilus
within_cohort_ling2020,outer_fold_2,Halomonas
within_cohort_ling2020,outer_fold_2,Holdemanella
within_cohort_ling2020,outer_fold_2,Holdemania
within_cohort_ling2020,outer_fold_2,Hungatella
within_cohort_ling2020,outer_fold_2,Incertae Sedis
within_cohort_ling2020,outer_fold_2,Intestinibacter
within_cohort_ling2020,outer_fold_2,Intestinimonas
within_cohort_ling2020,outer_fold_2,Klebsiella
within_cohort_ling2020,outer_fold_2,Lachnoclostridium
within_cohort_ling2020,outer_fold_2,Lachnospira
within_cohort_ling2020,outer_fold_2,Lachnospiraceae FCS020 group
within_cohort_ling2020,outer_fold_2,Lachnospiraceae ND3007 group
within_cohort_ling2020,outer_fold_2,Lachnospiraceae NK4A136 group
within_cohort_ling2020,outer_fold_2,Lachnospiraceae UCG-001
within_cohort_ling2020,outer_fold_2,Lachnospiraceae UCG-004
within_cohort_ling2020,outer_fold_2,Lachnospiraceae UCG-010
within_cohort_ling2020,outer_fold_2,Lactobacillus
within_cohort_ling2020,outer_fold_2,Lactonifactor
within_cohort_ling2020,outer_fold_2,Leuconostoc
within_cohort_ling2020,outer_fold_2,Ligilactobacillus
within_cohort_ling2020,outer_fold_2,Limosilactobacillus
within_cohort_ling2020,outer_fold_2,Marvinbryantia
within_cohort_ling2020,outer_fold_2,Megamonas
within_cohort_ling2020,outer_fold_2,Megasphaera
within_cohort_ling2020,outer_fold_2,Methanobrevibacter
within_cohort_ling2020,outer_fold_2,Monoglobus
within_cohort_ling2020,outer_fold_2,NK4A214 group
within_cohort_ling2020,outer_fold_2,Negativibacillus
within_cohort_ling2020,outer_fold_2,Nesterenkonia
within_cohort_ling2020,outer_fold_2,Oceanicaulis
within_cohort_ling2020,outer_fold_2,Odoribacter
within_cohort_ling2020,outer_fold_2,Olsenella
within_cohort_ling2020,outer_fold_2,Oscillibacter
within_cohort_ling2020,outer_fold_2,Paludicola
within_cohort_ling2020,outer_fold_2,Parabacteroides
within_cohort_ling2020,outer_fold_2,Paraprevotella
within_cohort_ling2020,outer_fold_2,Parasutterella
within_cohort_ling2020,outer_fold_2,Pelagibacterium
within_cohort_ling2020,outer_fold_2,Peptoniphilus
within_cohort_ling2020,outer_fold_2,Phascolarctobacterium
within_cohort_ling2020,outer_fold_2,Porphyromonas
within_cohort_ling2020,outer_fold_2,Prevotella
within_cohort_ling2020,outer_fold_2,Prevotella_9
within_cohort_ling2020,outer_fold_2,Raoultibacter
within_cohort_ling2020,outer_fold_2,Romboutsia
within_cohort_ling2020,outer_fold_2,Roseburia
within_cohort_ling2020,outer_fold_2,Rothia
within_cohort_ling2020,outer_fold_2,Ruminococcus
within_cohort_ling2020,outer_fold_2,Ruminococcus gnavus group
within_cohort_ling2020,outer_fold_2,Ruminococcus torques group
within_cohort_ling2020,outer_fold_2,Sellimonas
within_cohort_ling2020,outer_fold_2,Senegalimassilia
within_cohort_ling2020,outer_fold_2,Solobacterium
within_cohort_ling2020,outer_fold_2,Streptococcus
within_cohort_ling2020,outer_fold_2,Subdoligranulum
within_cohort_ling2020,outer_fold_2,Sutterella
within_cohort_ling2020,outer_fold_2,TM7x
within_cohort_ling2020,outer_fold_2,Terrisporobacter
within_cohort_ling2020,outer_fold_2,Turicibacter
within_cohort_ling2020,outer_fold_2,Tuzzerella
within_cohort_ling2020,outer_fold_2,UBA1819
within_cohort_ling2020,outer_fold_2,UCG-002
within_cohort_ling2020,outer_fold_2,UCG-003
within_cohort_ling2020,outer_fold_2,UCG-005
within_cohort_ling2020,outer_fold_2,Veillonella
within_cohort_ling2020,outer_fold_2,Weissella
within_cohort_ling2020,outer_fold_2,[Clostridium] innocuum group
within_cohort_ling2020,outer_fold_2,[Eubacterium] fissicatena group
within_cohort_ling2020,outer_fold_2,[Eubacterium] nodatum group
within_cohort_ling2020,outer_fold_2,[Eubacterium] ruminantium group
within_cohort_ling2020,outer_fold_2,[Ruminococcus] gauvreauii group
within_cohort_ling2020,outer_fold_3,Acidaminococcus
within_cohort_ling2020,outer_fold_3,Actinomyces
within_cohort_ling2020,outer_fold_3,Adlercreutzia
within_cohort_ling2020,outer_fold_3,Agathobacter
within_cohort_ling2020,outer_fold_3,Akkermansia
within_cohort_ling2020,outer_fold_3,Alistipes
within_cohort_ling2020,outer_fold_3,Allisonella
within_cohort_ling2020,outer_fold_3,Anaerostipes
within_cohort_ling2020,outer_fold_3,Anaerotruncus
within_cohort_ling2020,outer_fold_3,Atopobium
within_cohort_ling2020,outer_fold_3,Bacteroides
within_cohort_ling2020,outer_fold_3,Barnesiella
within_cohort_ling2020,outer_fold_3,Bifidobacterium
within_cohort_ling2020,outer_fold_3,Bilophila
within_cohort_ling2020,outer_fold_3,Blautia
within_cohort_ling2020,outer_fold_3,Butyricicoccus
within_cohort_ling2020,outer_fold_3,Butyricimonas
within_cohort_ling2020,outer_fold_3,CAG-352
within_cohort_ling2020,outer_fold_3,CAG-56
within_cohort_ling2020,outer_fold_3,Candidatus Soleaferrea
within_cohort_ling2020,outer_fold_3,Chelativorans
within_cohort_ling2020,outer_fold_3,Christensenella
within_cohort_ling2020,outer_fold_3,Christensenellaceae R-7 group
within_cohort_ling2020,outer_fold_3,Citrobacter
within_cohort_ling2020,outer_fold_3,Clostridium sensu stricto 1
within_cohort_ling2020,outer_fold_3,Colidextribacter
within_cohort_ling2020,outer_fold_3,Collinsella
within_cohort_ling2020,outer_fold_3,Coprobacillus
within_cohort_ling2020,outer_fold_3,Coprococcus
within_cohort_ling2020,outer_fold_3,Corynebacterium
within_cohort_ling2020,outer_fold_3,DTU089
within_cohort_ling2020,outer_fold_3,Defluviitaleaceae UCG-011
within_cohort_ling2020,outer_fold_3,Desulfovibrio
within_cohort_ling2020,outer_fold_3,Dialister
within_cohort_ling2020,outer_fold_3,Dorea
within_cohort_ling2020,outer_fold_3,Eggerthella
within_cohort_ling2020,outer_fold_3,Eisenbergiella
within_cohort_ling2020,outer_fold_3,Enterobacter
within_cohort_ling2020,outer_fold_3,Enterococcus
within_cohort_ling2020,outer_fold_3,Erysipelatoclostridium
within_cohort_ling2020,outer_fold_3,Erysipelotrichaceae UCG-003
within_cohort_ling2020,outer_fold_3,Escherichia-Shigella
within_cohort_ling2020,outer_fold_3,Eubacterium
within_cohort_ling2020,outer_fold_3,Eubacterium eligens group
within_cohort_ling2020,outer_fold_3,Eubacterium hallii group
within_cohort_ling2020,outer_fold_3,Eubacterium ventriosum group
within_cohort_ling2020,outer_fold_3,Faecalibacterium
within_cohort_ling2020,outer_fold_3,Faecalitalea
within_cohort_ling2020,outer_fold_3,Family XIII AD3011 group
within_cohort_ling2020,outer_fold_3,Family XIII UCG-001
within_cohort_ling2020,outer_fold_3,Flavonifractor
within_cohort_ling2020,outer_fold_3,Fusicatenibacter
within_cohort_ling2020,outer_fold_3,Fusobacterium
within_cohort_ling2020,outer_fold_3,Gemella
within_cohort_ling2020,outer_fold_3,Gordonibacter
within_cohort_ling2020,outer_fold_3,Haemophilus
within_cohort_ling2020,outer_fold_3,Halomonas
within_cohort_ling2020,outer_fold_3,Holdemania
within_cohort_ling2020,outer_fold_3,Hungatella
within_cohort_ling2020,outer_fold_3,Incertae Sedis
within_cohort_ling2020,outer_fold_3,Intestinibacter
within_cohort_ling2020,outer_fold_3,Intestinimonas
within_cohort_ling2020,outer_fold_3,Klebsiella
within_cohort_ling2020,outer_fold_3,Lachnoclostridium
within_cohort_ling2020,outer_fold_3,Lachnospira
within_cohort_ling2020,outer_fold_3,Lachnospiraceae FCS020 group
within_cohort_ling2020,outer_fold_3,Lachnospiraceae ND3007 group
within_cohort_ling2020,outer_fold_3,Lachnospiraceae NK4A136 group
within_cohort_ling2020,outer_fold_3,Lachnospiraceae UCG-001
within_cohort_ling2020,outer_fold_3,Lachnospiraceae UCG-004
within_cohort_ling2020,outer_fold_3,Lachnospiraceae UCG-010
within_cohort_ling2020,outer_fold_3,Lactobacillus
within_cohort_ling2020,outer_fold_3,Lactonifactor
within_cohort_ling2020,outer_fold_3,Leuconostoc
within_cohort_ling2020,outer_fold_3,Ligilactobacillus
within_cohort_ling2020,outer_fold_3,Limosilactobacillus
within_cohort_ling2020,outer_fold_3,Marvinbryantia
within_cohort_ling2020,outer_fold_3,Megamonas
within_cohort_ling2020,outer_fold_3,Megasphaera
within_cohort_ling2020,outer_fold_3,Methanobrevibacter
within_cohort_ling2020,outer_fold_3,Monoglobus
within_cohort_ling2020,outer_fold_3,NK4A214 group
within_cohort_ling2020,outer_fold_3,Negativibacillus
within_cohort_ling2020,outer_fold_3,Nesterenkonia
within_cohort_ling2020,outer_fold_3,Oceanicaulis
within_cohort_ling2020,outer_fold_3,Odoribacter
within_cohort_ling2020,outer_fold_3,Olsenella
within_cohort_ling2020,outer_fold_3,Oscillibacter
within_cohort_ling2020,outer_fold_3,Paludicola
within_cohort_ling2020,outer_fold_3,Parabacteroides
within_cohort_ling2020,outer_fold_3,Paraprevotella
within_cohort_ling2020,outer_fold_3,Parasutterella
within_cohort_ling2020,outer_fold_3,Pelagibacterium
within_cohort_ling2020,outer_fold_3,Peptoniphilus
within_cohort_ling2020,outer_fold_3,Phascolarctobacterium
within_cohort_ling2020,outer_fold_3,Porphyromonas
within_cohort_ling2020,outer_fold_3,Prevotella
within_cohort_ling2020,outer_fold_3,Prevotella_9
within_cohort_ling2020,outer_fold_3,Raoultibacter
within_cohort_ling2020,outer_fold_3,Romboutsia
within_cohort_ling2020,outer_fold_3,Roseburia
within_cohort_ling2020,outer_fold_3,Rothia
within_cohort_ling2020,outer_fold_3,Ruminococcus
within_cohort_ling2020,outer_fold_3,Ruminococcus gnavus group
within_cohort_ling2020,outer_fold_3,Ruminococcus torques group
within_cohort_ling2020,outer_fold_3,Sellimonas
within_cohort_ling2020,outer_fold_3,Solobacterium
within_cohort_ling2020,outer_fold_3,Streptococcus
within_cohort_ling2020,outer_fold_3,Subdoligranulum
within_cohort_ling2020,outer_fold_3,Sutterella
within_cohort_ling2020,outer_fold_3,TM7x
within_cohort_ling2020,outer_fold_3,Terrisporobacter
within_cohort_ling2020,outer_fold_3,Turicibacter
within_cohort_ling2020,outer_fold_3,Tuzzerella
within_cohort_ling2020,outer_fold_3,UBA1819
within_cohort_ling2020,outer_fold_3,UCG-002
within_cohort_ling2020,outer_fold_3,UCG-003
within_cohort_ling2020,outer_fold_3,UCG-005
within_cohort_ling2020,outer_fold_3,Veillonella
within_cohort_ling2020,outer_fold_3,Weissella
within_cohort_ling2020,outer_fold_3,[Clostridium] innocuum group
within_cohort_ling2020,outer_fold_3,[Eubacterium] fissicatena group
within_cohort_ling2020,outer_fold_3,[Eubacterium] nodatum group
within_cohort_ling2020,outer_fold_3,[Eubacterium] ruminantium group
within_cohort_ling2020,outer_fold_3,[Ruminococcus] gauvreauii group
within_cohort_ling2020,outer_fold_4,Acidaminococcus
within_cohort_ling2020,outer_fold_4,Actinomyces
within_cohort_ling2020,outer_fold_4,Adlercreutzia
within_cohort_ling2020,outer_fold_4,Agathobacter
within_cohort_ling2020,outer_fold_4,Akkermansia
within_cohort_ling2020,outer_fold_4,Alistipes
within_cohort_ling2020,outer_fold_4,Allisonella
within_cohort_ling2020,outer_fold_4,Anaerostipes
within_cohort_ling2020,outer_fold_4,Anaerotruncus
within_cohort_ling2020,outer_fold_4,Atopobium
within_cohort_ling2020,outer_fold_4,Bacteroides
within_cohort_ling2020,outer_fold_4,Barnesiella
within_cohort_ling2020,outer_fold_4,Bifidobacterium
within_cohort_ling2020,outer_fold_4,Bilophila
within_cohort_ling2020,outer_fold_4,Blautia
within_cohort_ling2020,outer_fold_4,Butyricicoccus
within_cohort_ling2020,outer_fold_4,Butyricimonas
within_cohort_ling2020,outer_fold_4,CAG-352
within_cohort_ling2020,outer_fold_4,CAG-56
within_cohort_ling2020,outer_fold_4,Candidatus Soleaferrea
within_cohort_ling2020,outer_fold_4,Chelativorans
within_cohort_ling2020,outer_fold_4,Christensenella
within_cohort_ling2020,outer_fold_4,Christensenellaceae R-7 group
within_cohort_ling2020,outer_fold_4,Citrobacter
within_cohort_ling2020,outer_fold_4,Clostridium sensu stricto 1
within_cohort_ling2020,outer_fold_4,Colidextribacter
within_cohort_ling2020,outer_fold_4,Collinsella
within_cohort_ling2020,outer_fold_4,Coprobacillus
within_cohort_ling2020,outer_fold_4,Coprococcus
within_cohort_ling2020,outer_fold_4,Corynebacterium
within_cohort_ling2020,outer_fold_4,DTU089
within_cohort_ling2020,outer_fold_4,Defluviitaleaceae UCG-011
within_cohort_ling2020,outer_fold_4,Desulfovibrio
within_cohort_ling2020,outer_fold_4,Dialister
within_cohort_ling2020,outer_fold_4,Dorea
within_cohort_ling2020,outer_fold_4,Eggerthella
within_cohort_ling2020,outer_fold_4,Eisenbergiella
within_cohort_ling2020,outer_fold_4,Enterobacter
within_cohort_ling2020,outer_fold_4,Enterococcus
within_cohort_ling2020,outer_fold_4,Erysipelatoclostridium
within_cohort_ling2020,outer_fold_4,Erysipelotrichaceae UCG-003
within_cohort_ling2020,outer_fold_4,Escherichia-Shigella
within_cohort_ling2020,outer_fold_4,Eubacterium
within_cohort_ling2020,outer_fold_4,Eubacterium eligens group
within_cohort_ling2020,outer_fold_4,Eubacterium hallii group
within_cohort_ling2020,outer_fold_4,Eubacterium ventriosum group
within_cohort_ling2020,outer_fold_4,Faecalibacterium
within_cohort_ling2020,outer_fold_4,Faecalitalea
within_cohort_ling2020,outer_fold_4,Family XIII AD3011 group
within_cohort_ling2020,outer_fold_4,Family XIII UCG-001
within_cohort_ling2020,outer_fold_4,Flavonifractor
within_cohort_ling2020,outer_fold_4,Fusicatenibacter
within_cohort_ling2020,outer_fold_4,Fusobacterium
within_cohort_ling2020,outer_fold_4,Gemella
within_cohort_ling2020,outer_fold_4,Gordonibacter
within_cohort_ling2020,outer_fold_4,Haemophilus
within_cohort_ling2020,outer_fold_4,Halomonas
within_cohort_ling2020,outer_fold_4,Holdemanella
within_cohort_ling2020,outer_fold_4,Holdemania
within_cohort_ling2020,outer_fold_4,Hungatella
within_cohort_ling2020,outer_fold_4,Incertae Sedis
within_cohort_ling2020,outer_fold_4,Intestinibacter
within_cohort_ling2020,outer_fold_4,Intestinimonas
within_cohort_ling2020,outer_fold_4,Klebsiella
within_cohort_ling2020,outer_fold_4,Lachnoclostridium
within_cohort_ling2020,outer_fold_4,Lachnospira
within_cohort_ling2020,outer_fold_4,Lachnospiraceae FCS020 group
within_cohort_ling2020,outer_fold_4,Lachnospiraceae ND3007 group
within_cohort_ling2020,outer_fold_4,Lachnospiraceae NK4A136 group
within_cohort_ling2020,outer_fold_4,Lachnospiraceae UCG-001
within_cohort_ling2020,outer_fold_4,Lachnospiraceae UCG-004
within_cohort_ling2020,outer_fold_4,Lachnospiraceae UCG-010
within_cohort_ling2020,outer_fold_4,Lactobacillus
within_cohort_ling2020,outer_fold_4,Lactonifactor
within_cohort_ling2020,outer_fold_4,Leuconostoc
within_cohort_ling2020,outer_fold_4,Ligilactobacillus
within_cohort_ling2020,outer_fold_4,Limosilactobacillus
within_cohort_ling2020,outer_fold_4,Marvinbryantia
within_cohort_ling2020,outer_fold_4,Megamonas
within_cohort_ling2020,outer_fold_4,Megasphaera
within_cohort_ling2020,outer_fold_4,Methanobrevibacter
within_cohort_ling2020,outer_fold_4,Monoglobus
within_cohort_ling2020,outer_fold_4,NK4A214 group
within_cohort_ling2020,outer_fold_4,Negativibacillus
within_cohort_ling2020,outer_fold_4,Nesterenkonia
within_cohort_ling2020,outer_fold_4,Oceanicaulis
within_cohort_ling2020,outer_fold_4,Odoribacter
within_cohort_ling2020,outer_fold_4,Olsenella
within_cohort_ling2020,outer_fold_4,Oscillibacter
within_cohort_ling2020,outer_fold_4,Paludicola
within_cohort_ling2020,outer_fold_4,Parabacteroides
within_cohort_ling2020,outer_fold_4,Paraprevotella
within_cohort_ling2020,outer_fold_4,Parasutterella
within_cohort_ling2020,outer_fold_4,Pelagibacterium
within_cohort_ling2020,outer_fold_4,Peptoniphilus
within_cohort_ling2020,outer_fold_4,Phascolarctobacterium
within_cohort_ling2020,outer_fold_4,Porphyromonas
within_cohort_ling2020,outer_fold_4,Prevotella
within_cohort_ling2020,outer_fold_4,Prevotella_9
within_cohort_ling2020,outer_fold_4,Raoultibacter
within_cohort_ling2020,outer_fold_4,Romboutsia
within_cohort_ling2020,outer_fold_4,Roseburia
within_cohort_ling2020,outer_fold_4,Rothia
within_cohort_ling2020,outer_fold_4,Ruminococcus
within_cohort_ling2020,outer_fold_4,Ruminococcus gnavus group
within_cohort_ling2020,outer_fold_4,Ruminococcus torques group
within_cohort_ling2020,outer_fold_4,Sellimonas
within_cohort_ling2020,outer_fold_4,Solobacterium
within_cohort_ling2020,outer_fold_4,Streptococcus
within_cohort_ling2020,outer_fold_4,Subdoligranulum
within_cohort_ling2020,outer_fold_4,Sutterella
within_cohort_ling2020,outer_fold_4,TM7x
within_cohort_ling2020,outer_fold_4,Terrisporobacter
within_cohort_ling2020,outer_fold_4,Turicibacter
within_cohort_ling2020,outer_fold_4,Tuzzerella
within_cohort_ling2020,outer_fold_4,Tyzzerella
within_cohort_ling2020,outer_fold_4,UBA1819
within_cohort_ling2020,outer_fold_4,UCG-002
within_cohort_ling2020,outer_fold_4,UCG-003
within_cohort_ling2020,outer_fold_4,UCG-005
within_cohort_ling2020,outer_fold_4,Veillonella
within_cohort_ling2020,outer_fold_4,Weissella
within_cohort_ling2020,outer_fold_4,[Clostridium] innocuum group
within_cohort_ling2020,outer_fold_4,[Eubacterium] fissicatena group
within_cohort_ling2020,outer_fold_4,[Eubacterium] nodatum group
within_cohort_ling2020,outer_fold_4,[Eubacterium] ruminantium group
within_cohort_ling2020,outer_fold_4,[Ruminococcus] gauvreauii group
within_cohort_ling2020,outer_fold_5,Acidaminococcus
within_cohort_ling2020,outer_fold_5,Actinomyces
within_cohort_ling2020,outer_fold_5,Adlercreutzia
within_cohort_ling2020,outer_fold_5,Agathobacter
within_cohort_ling2020,outer_fold_5,Akkermansia
within_cohort_ling2020,outer_fold_5,Alistipes
within_cohort_ling2020,outer_fold_5,Allisonella
within_cohort_ling2020,outer_fold_5,Anaerostipes
within_cohort_ling2020,outer_fold_5,Anaerotruncus
within_cohort_ling2020,outer_fold_5,Atopobium
within_cohort_ling2020,outer_fold_5,Bacteroides
within_cohort_ling2020,outer_fold_5,Barnesiella
within_cohort_ling2020,outer_fold_5,Bifidobacterium
within_cohort_ling2020,outer_fold_5,Bilophila
within_cohort_ling2020,outer_fold_5,Blautia
within_cohort_ling2020,outer_fold_5,Butyricicoccus
within_cohort_ling2020,outer_fold_5,Butyricimonas
within_cohort_ling2020,outer_fold_5,CAG-352
within_cohort_ling2020,outer_fold_5,CAG-56
within_cohort_ling2020,outer_fold_5,Candidatus Soleaferrea
within_cohort_ling2020,outer_fold_5,Catabacter
within_cohort_ling2020,outer_fold_5,Chelativorans
within_cohort_ling2020,outer_fold_5,Christensenella
within_cohort_ling2020,outer_fold_5,Christensenellaceae R-7 group
within_cohort_ling2020,outer_fold_5,Citrobacter
within_cohort_ling2020,outer_fold_5,Clostridium sensu stricto 1
within_cohort_ling2020,outer_fold_5,Colidextribacter
within_cohort_ling2020,outer_fold_5,Collinsella
within_cohort_ling2020,outer_fold_5,Coprobacillus
within_cohort_ling2020,outer_fold_5,Coprococcus
within_cohort_ling2020,outer_fold_5,Corynebacterium
within_cohort_ling2020,outer_fold_5,DTU089
within_cohort_ling2020,outer_fold_5,Defluviitaleaceae UCG-011
within_cohort_ling2020,outer_fold_5,Desulfovibrio
within_cohort_ling2020,outer_fold_5,Dialister
within_cohort_ling2020,outer_fold_5,Dorea
within_cohort_ling2020,outer_fold_5,Eggerthella
within_cohort_ling2020,outer_fold_5,Eisenbergiella
within_cohort_ling2020,outer_fold_5,Enterobacter
within_cohort_ling2020,outer_fold_5,Enterococcus
within_cohort_ling2020,outer_fold_5,Erysipelatoclostridium
within_cohort_ling2020,outer_fold_5,Erysipelotrichaceae UCG-003
within_cohort_ling2020,outer_fold_5,Escherichia-Shigella
within_cohort_ling2020,outer_fold_5,Eubacterium
within_cohort_ling2020,outer_fold_5,Eubacterium eligens group
within_cohort_ling2020,outer_fold_5,Eubacterium hallii group
within_cohort_ling2020,outer_fold_5,Eubacterium ventriosum group
within_cohort_ling2020,outer_fold_5,Faecalibacterium
within_cohort_ling2020,outer_fold_5,Faecalitalea
within_cohort_ling2020,outer_fold_5,Family XIII AD3011 group
within_cohort_ling2020,outer_fold_5,Family XIII UCG-001
within_cohort_ling2020,outer_fold_5,Flavonifractor
within_cohort_ling2020,outer_fold_5,Fusicatenibacter
within_cohort_ling2020,outer_fold_5,Fusobacterium
within_cohort_ling2020,outer_fold_5,Gemella
within_cohort_ling2020,outer_fold_5,Gordonibacter
within_cohort_ling2020,outer_fold_5,Haemophilus
within_cohort_ling2020,outer_fold_5,Halomonas
within_cohort_ling2020,outer_fold_5,Holdemanella
within_cohort_ling2020,outer_fold_5,Holdemania
within_cohort_ling2020,outer_fold_5,Hungatella
within_cohort_ling2020,outer_fold_5,Incertae Sedis
within_cohort_ling2020,outer_fold_5,Intestinibacter
within_cohort_ling2020,outer_fold_5,Intestinimonas
within_cohort_ling2020,outer_fold_5,Klebsiella
within_cohort_ling2020,outer_fold_5,Lachnoclostridium
within_cohort_ling2020,outer_fold_5,Lachnospira
within_cohort_ling2020,outer_fold_5,Lachnospiraceae FCS020 group
within_cohort_ling2020,outer_fold_5,Lachnospiraceae ND3007 group
within_cohort_ling2020,outer_fold_5,Lachnospiraceae NK4A136 group
within_cohort_ling2020,outer_fold_5,Lachnospiraceae UCG-001
within_cohort_ling2020,outer_fold_5,Lachnospiraceae UCG-004
within_cohort_ling2020,outer_fold_5,Lachnospiraceae UCG-010
within_cohort_ling2020,outer_fold_5,Lactobacillus
within_cohort_ling2020,outer_fold_5,Lactococcus
within_cohort_ling2020,outer_fold_5,Lactonifactor
within_cohort_ling2020,outer_fold_5,Leuconostoc
within_cohort_ling2020,outer_fold_5,Ligilactobacillus
within_cohort_ling2020,outer_fold_5,Limosilactobacillus
within_cohort_ling2020,outer_fold_5,Marvinbryantia
within_cohort_ling2020,outer_fold_5,Megamonas
within_cohort_ling2020,outer_fold_5,Megasphaera
within_cohort_ling2020,outer_fold_5,Methanobrevibacter
within_cohort_ling2020,outer_fold_5,Monoglobus
within_cohort_ling2020,outer_fold_5,NK4A214 group
within_cohort_ling2020,outer_fold_5,Negativibacillus
within_cohort_ling2020,outer_fold_5,Nesterenkonia
within_cohort_ling2020,outer_fold_5,Oceanicaulis
within_cohort_ling2020,outer_fold_5,Odoribacter
within_cohort_ling2020,outer_fold_5,Olsenella
within_cohort_ling2020,outer_fold_5,Oscillibacter
within_cohort_ling2020,outer_fold_5,Paludicola
within_cohort_ling2020,outer_fold_5,Parabacteroides
within_cohort_ling2020,outer_fold_5,Paraprevotella
within_cohort_ling2020,outer_fold_5,Parasutterella
within_cohort_ling2020,outer_fold_5,Pelagibacterium
within_cohort_ling2020,outer_fold_5,Peptoniphilus
within_cohort_ling2020,outer_fold_5,Phascolarctobacterium
within_cohort_ling2020,outer_fold_5,Porphyromonas
within_cohort_ling2020,outer_fold_5,Prevotella
within_cohort_ling2020,outer_fold_5,Prevotella_9
within_cohort_ling2020,outer_fold_5,Raoultibacter
within_cohort_ling2020,outer_fold_5,Romboutsia
within_cohort_ling2020,outer_fold_5,Roseburia
within_cohort_ling2020,outer_fold_5,Rothia
within_cohort_ling2020,outer_fold_5,Ruminococcus
within_cohort_ling2020,outer_fold_5,Ruminococcus gnavus group
within_cohort_ling2020,outer_fold_5,Ruminococcus torques group
within_cohort_ling2020,outer_fold_5,Sellimonas
within_cohort_ling2020,outer_fold_5,Solobacterium
within_cohort_ling2020,outer_fold_5,Streptococcus
within_cohort_ling2020,outer_fold_5,Subdoligranulum
within_cohort_ling2020,outer_fold_5,Sutterella
within_cohort_ling2020,outer_fold_5,TM7x
within_cohort_ling2020,outer_fold_5,Terrisporobacter
within_cohort_ling2020,outer_fold_5,Turicibacter
within_cohort_ling2020,outer_fold_5,Tuzzerella
within_cohort_ling2020,outer_fold_5,UBA1819
within_cohort_ling2020,outer_fold_5,UCG-002
within_cohort_ling2020,outer_fold_5,UCG-003
within_cohort_ling2020,outer_fold_5,UCG-005
within_cohort_ling2020,outer_fold_5,Veillonella
within_cohort_ling2020,outer_fold_5,Weissella
within_cohort_ling2020,outer_fold_5,[Clostridium] innocuum group
within_cohort_ling2020,outer_fold_5,[Eubacterium] fissicatena group
within_cohort_ling2020,outer_fold_5,[Eubacterium] nodatum group
within_cohort_ling2020,outer_fold_5,[Eubacterium] ruminantium group
within_cohort_ling2020,outer_fold_5,[Ruminococcus] gauvreauii group
within_cohort_ling2020,outer_fold_6,Acidaminococcus
within_cohort_ling2020,outer_fold_6,Actinomyces
within_cohort_ling2020,outer_fold_6,Adlercreutzia
within_cohort_ling2020,outer_fold_6,Agathobacter
within_cohort_ling2020,outer_fold_6,Akkermansia
within_cohort_ling2020,outer_fold_6,Alistipes
within_cohort_ling2020,outer_fold_6,Allisonella
within_cohort_ling2020,outer_fold_6,Anaerostipes
within_cohort_ling2020,outer_fold_6,Anaerotruncus
within_cohort_ling2020,outer_fold_6,Atopobium
within_cohort_ling2020,outer_fold_6,Bacteroides
within_cohort_ling2020,outer_fold_6,Barnesiella
within_cohort_ling2020,outer_fold_6,Bifidobacterium
within_cohort_ling2020,outer_fold_6,Bilophila
within_cohort_ling2020,outer_fold_6,Blautia
within_cohort_ling2020,outer_fold_6,Butyricicoccus
within_cohort_ling2020,outer_fold_6,Butyricimonas
within_cohort_ling2020,outer_fold_6,CAG-352
within_cohort_ling2020,outer_fold_6,CAG-56
within_cohort_ling2020,outer_fold_6,Candidatus Soleaferrea
within_cohort_ling2020,outer_fold_6,Catabacter
within_cohort_ling2020,outer_fold_6,Chelativorans
within_cohort_ling2020,outer_fold_6,Christensenella
within_cohort_ling2020,outer_fold_6,Christensenellaceae R-7 group
within_cohort_ling2020,outer_fold_6,Citrobacter
within_cohort_ling2020,outer_fold_6,Clostridium sensu stricto 1
within_cohort_ling2020,outer_fold_6,Colidextribacter
within_cohort_ling2020,outer_fold_6,Collinsella
within_cohort_ling2020,outer_fold_6,Coprobacillus
within_cohort_ling2020,outer_fold_6,Coprococcus
within_cohort_ling2020,outer_fold_6,Corynebacterium
within_cohort_ling2020,outer_fold_6,DTU089
within_cohort_ling2020,outer_fold_6,Defluviitaleaceae UCG-011
within_cohort_ling2020,outer_fold_6,Desulfovibrio
within_cohort_ling2020,outer_fold_6,Dialister
within_cohort_ling2020,outer_fold_6,Dorea
within_cohort_ling2020,outer_fold_6,Eggerthella
within_cohort_ling2020,outer_fold_6,Eisenbergiella
within_cohort_ling2020,outer_fold_6,Enterobacter
within_cohort_ling2020,outer_fold_6,Enterococcus
within_cohort_ling2020,outer_fold_6,Erysipelatoclostridium
within_cohort_ling2020,outer_fold_6,Erysipelotrichaceae UCG-003
within_cohort_ling2020,outer_fold_6,Escherichia-Shigella
within_cohort_ling2020,outer_fold_6,Eubacterium
within_cohort_ling2020,outer_fold_6,Eubacterium eligens group
within_cohort_ling2020,outer_fold_6,Eubacterium hallii group
within_cohort_ling2020,outer_fold_6,Eubacterium ventriosum group
within_cohort_ling2020,outer_fold_6,Faecalibacterium
within_cohort_ling2020,outer_fold_6,Faecalitalea
within_cohort_ling2020,outer_fold_6,Family XIII AD3011 group
within_cohort_ling2020,outer_fold_6,Family XIII UCG-001
within_cohort_ling2020,outer_fold_6,Flavonifractor
within_cohort_ling2020,outer_fold_6,Fusicatenibacter
within_cohort_ling2020,outer_fold_6,Fusobacterium
within_cohort_ling2020,outer_fold_6,Gemella
within_cohort_ling2020,outer_fold_6,Gordonibacter
within_cohort_ling2020,outer_fold_6,Haemophilus
within_cohort_ling2020,outer_fold_6,Halomonas
within_cohort_ling2020,outer_fold_6,Holdemanella
within_cohort_ling2020,outer_fold_6,Holdemania
within_cohort_ling2020,outer_fold_6,Hungatella
within_cohort_ling2020,outer_fold_6,Incertae Sedis
within_cohort_ling2020,outer_fold_6,Intestinibacter
within_cohort_ling2020,outer_fold_6,Intestinimonas
within_cohort_ling2020,outer_fold_6,Klebsiella
within_cohort_ling2020,outer_fold_6,Lachnoclostridium
within_cohort_ling2020,outer_fold_6,Lachnospira
within_cohort_ling2020,outer_fold_6,Lachnospiraceae FCS020 group
within_cohort_ling2020,outer_fold_6,Lachnospiraceae ND3007 group
within_cohort_ling2020,outer_fold_6,Lachnospiraceae NK4A136 group
within_cohort_ling2020,outer_fold_6,Lachnospiraceae UCG-001
within_cohort_ling2020,outer_fold_6,Lachnospiraceae UCG-004
within_cohort_ling2020,outer_fold_6,Lachnospiraceae UCG-010
within_cohort_ling2020,outer_fold_6,Lactobacillus
within_cohort_ling2020,outer_fold_6,Lactococcus
within_cohort_ling2020,outer_fold_6,Lactonifactor
within_cohort_ling2020,outer_fold_6,Leuconostoc
within_cohort_ling2020,outer_fold_6,Ligilactobacillus
within_cohort_ling2020,outer_fold_6,Limosilactobacillus
within_cohort_ling2020,outer_fold_6,Marvinbryantia
within_cohort_ling2020,outer_fold_6,Megamonas
within_cohort_ling2020,outer_fold_6,Megasphaera
within_cohort_ling2020,outer_fold_6,Methanobrevibacter
within_cohort_ling2020,outer_fold_6,Monoglobus
within_cohort_ling2020,outer_fold_6,NK4A214 group
within_cohort_ling2020,outer_fold_6,Negativibacillus
within_cohort_ling2020,outer_fold_6,Nesterenkonia
within_cohort_ling2020,outer_fold_6,Oceanicaulis
within_cohort_ling2020,outer_fold_6,Odoribacter
within_cohort_ling2020,outer_fold_6,Olsenella
within_cohort_ling2020,outer_fold_6,Oscillibacter
within_cohort_ling2020,outer_fold_6,Paludicola
within_cohort_ling2020,outer_fold_6,Parabacteroides
within_cohort_ling2020,outer_fold_6,Paraprevotella
within_cohort_ling2020,outer_fold_6,Parasutterella
within_cohort_ling2020,outer_fold_6,Pelagibacterium
within_cohort_ling2020,outer_fold_6,Peptoniphilus
within_cohort_ling2020,outer_fold_6,Phascolarctobacterium
within_cohort_ling2020,outer_fold_6,Porphyromonas
within_cohort_ling2020,outer_fold_6,Prevotella
within_cohort_ling2020,outer_fold_6,Prevotella_9
within_cohort_ling2020,outer_fold_6,Pyramidobacter
within_cohort_ling2020,outer_fold_6,Raoultibacter
within_cohort_ling2020,outer_fold_6,Romboutsia
within_cohort_ling2020,outer_fold_6,Roseburia
within_cohort_ling2020,outer_fold_6,Rothia
within_cohort_ling2020,outer_fold_6,Ruminococcus
within_cohort_ling2020,outer_fold_6,Ruminococcus gnavus group
within_cohort_ling2020,outer_fold_6,Ruminococcus torques group
within_cohort_ling2020,outer_fold_6,Sellimonas
within_cohort_ling2020,outer_fold_6,Senegalimassilia
within_cohort_ling2020,outer_fold_6,Solobacterium
within_cohort_ling2020,outer_fold_6,Streptococcus
within_cohort_ling2020,outer_fold_6,Subdoligranulum
within_cohort_ling2020,outer_fold_6,Sutterella
within_cohort_ling2020,outer_fold_6,TM7x
within_cohort_ling2020,outer_fold_6,Terrisporobacter
within_cohort_ling2020,outer_fold_6,Turicibacter
within_cohort_ling2020,outer_fold_6,UBA1819
within_cohort_ling2020,outer_fold_6,UCG-002
within_cohort_ling2020,outer_fold_6,UCG-003
within_cohort_ling2020,outer_fold_6,UCG-005
within_cohort_ling2020,outer_fold_6,Veillonella
within_cohort_ling2020,outer_fold_6,Weissella
within_cohort_ling2020,outer_fold_6,[Clostridium] innocuum group
within_cohort_ling2020,outer_fold_6,[Eubacterium] fissicatena group
within_cohort_ling2020,outer_fold_6,[Eubacterium] nodatum group
within_cohort_ling2020,outer_fold_6,[Eubacterium] ruminantium group
within_cohort_ling2020,outer_fold_6,[Ruminococcus] gauvreauii group
within_cohort_ling2020,outer_fold_7,Acidaminococcus
within_cohort_ling2020,outer_fold_7,Actinomyces
within_cohort_ling2020,outer_fold_7,Adlercreutzia
within_cohort_ling2020,outer_fold_7,Agathobacter
within_cohort_ling2020,outer_fold_7,Akkermansia
within_cohort_ling2020,outer_fold_7,Alistipes
within_cohort_ling2020,outer_fold_7,Allisonella
within_cohort_ling2020,outer_fold_7,Anaerostipes
within_cohort_ling2020,outer_fold_7,Anaerotruncus
within_cohort_ling2020,outer_fold_7,Atopobium
within_cohort_ling2020,outer_fold_7,Bacteroides
within_cohort_ling2020,outer_fold_7,Barnesiella
within_cohort_ling2020,outer_fold_7,Bifidobacterium
within_cohort_ling2020,outer_fold_7,Bilophila
within_cohort_ling2020,outer_fold_7,Blautia
within_cohort_ling2020,outer_fold_7,Butyricicoccus
within_cohort_ling2020,outer_fold_7,Butyricimonas
within_cohort_ling2020,outer_fold_7,CAG-352
within_cohort_ling2020,outer_fold_7,CAG-56
within_cohort_ling2020,outer_fold_7,Candidatus Soleaferrea
within_cohort_ling2020,outer_fold_7,Catabacter
within_cohort_ling2020,outer_fold_7,Chelativorans
within_cohort_ling2020,outer_fold_7,Christensenella
within_cohort_ling2020,outer_fold_7,Christensenellaceae R-7 group
within_cohort_ling2020,outer_fold_7,Citrobacter
within_cohort_ling2020,outer_fold_7,Clostridium sensu stricto 1
within_cohort_ling2020,outer_fold_7,Colidextribacter
within_cohort_ling2020,outer_fold_7,Collinsella
within_cohort_ling2020,outer_fold_7,Coprobacillus
within_cohort_ling2020,outer_fold_7,Coprococcus
within_cohort_ling2020,outer_fold_7,Corynebacterium
within_cohort_ling2020,outer_fold_7,DTU089
within_cohort_ling2020,outer_fold_7,Defluviitaleaceae UCG-011
within_cohort_ling2020,outer_fold_7,Desulfovibrio
within_cohort_ling2020,outer_fold_7,Dialister
within_cohort_ling2020,outer_fold_7,Dorea
within_cohort_ling2020,outer_fold_7,Eggerthella
within_cohort_ling2020,outer_fold_7,Eisenbergiella
within_cohort_ling2020,outer_fold_7,Enterobacter
within_cohort_ling2020,outer_fold_7,Enterococcus
within_cohort_ling2020,outer_fold_7,Erysipelatoclostridium
within_cohort_ling2020,outer_fold_7,Erysipelotrichaceae UCG-003
within_cohort_ling2020,outer_fold_7,Escherichia-Shigella
within_cohort_ling2020,outer_fold_7,Eubacterium
within_cohort_ling2020,outer_fold_7,Eubacterium eligens group
within_cohort_ling2020,outer_fold_7,Eubacterium hallii group
within_cohort_ling2020,outer_fold_7,Eubacterium ventriosum group
within_cohort_ling2020,outer_fold_7,Faecalibacterium
within_cohort_ling2020,outer_fold_7,Faecalitalea
within_cohort_ling2020,outer_fold_7,Family XIII AD3011 group
within_cohort_ling2020,outer_fold_7,Family XIII UCG-001
within_cohort_ling2020,outer_fold_7,Flavonifractor
within_cohort_ling2020,outer_fold_7,Fusicatenibacter
within_cohort_ling2020,outer_fold_7,Fusobacterium
within_cohort_ling2020,outer_fold_7,Gemella
within_cohort_ling2020,outer_fold_7,Gordonibacter
within_cohort_ling2020,outer_fold_7,Haemophilus
within_cohort_ling2020,outer_fold_7,Halomonas
within_cohort_ling2020,outer_fold_7,Holdemania
within_cohort_ling2020,outer_fold_7,Hungatella
within_cohort_ling2020,outer_fold_7,Incertae Sedis
within_cohort_ling2020,outer_fold_7,Intestinibacter
within_cohort_ling2020,outer_fold_7,Intestinimonas
within_cohort_ling2020,outer_fold_7,Klebsiella
within_cohort_ling2020,outer_fold_7,Lachnoclostridium
within_cohort_ling2020,outer_fold_7,Lachnospira
within_cohort_ling2020,outer_fold_7,Lachnospiraceae FCS020 group
within_cohort_ling2020,outer_fold_7,Lachnospiraceae ND3007 group
within_cohort_ling2020,outer_fold_7,Lachnospiraceae NK4A136 group
within_cohort_ling2020,outer_fold_7,Lachnospiraceae UCG-001
within_cohort_ling2020,outer_fold_7,Lachnospiraceae UCG-004
within_cohort_ling2020,outer_fold_7,Lachnospiraceae UCG-010
within_cohort_ling2020,outer_fold_7,Lactobacillus
within_cohort_ling2020,outer_fold_7,Lactococcus
within_cohort_ling2020,outer_fold_7,Lactonifactor
within_cohort_ling2020,outer_fold_7,Leuconostoc
within_cohort_ling2020,outer_fold_7,Ligilactobacillus
within_cohort_ling2020,outer_fold_7,Limosilactobacillus
within_cohort_ling2020,outer_fold_7,Marvinbryantia
within_cohort_ling2020,outer_fold_7,Megamonas
within_cohort_ling2020,outer_fold_7,Megasphaera
within_cohort_ling2020,outer_fold_7,Methanobrevibacter
within_cohort_ling2020,outer_fold_7,Monoglobus
within_cohort_ling2020,outer_fold_7,NK4A214 group
within_cohort_ling2020,outer_fold_7,Negativibacillus
within_cohort_ling2020,outer_fold_7,Nesterenkonia
within_cohort_ling2020,outer_fold_7,Oceanicaulis
within_cohort_ling2020,outer_fold_7,Odoribacter
within_cohort_ling2020,outer_fold_7,Olsenella
within_cohort_ling2020,outer_fold_7,Oscillibacter
within_cohort_ling2020,outer_fold_7,Paludicola
within_cohort_ling2020,outer_fold_7,Parabacteroides
within_cohort_ling2020,outer_fold_7,Paraprevotella
within_cohort_ling2020,outer_fold_7,Parasutterella
within_cohort_ling2020,outer_fold_7,Pelagibacterium
within_cohort_ling2020,outer_fold_7,Peptoniphilus
within_cohort_ling2020,outer_fold_7,Peptostreptococcus
within_cohort_ling2020,outer_fold_7,Phascolarctobacterium
within_cohort_ling2020,outer_fold_7,Porphyromonas
within_cohort_ling2020,outer_fold_7,Prevotella
within_cohort_ling2020,outer_fold_7,Prevotella_9
within_cohort_ling2020,outer_fold_7,Raoultibacter
within_cohort_ling2020,outer_fold_7,Romboutsia
within_cohort_ling2020,outer_fold_7,Roseburia
within_cohort_ling2020,outer_fold_7,Rothia
within_cohort_ling2020,outer_fold_7,Ruminococcus
within_cohort_ling2020,outer_fold_7,Ruminococcus gnavus group
within_cohort_ling2020,outer_fold_7,Ruminococcus torques group
within_cohort_ling2020,outer_fold_7,Sellimonas
within_cohort_ling2020,outer_fold_7,Solobacterium
within_cohort_ling2020,outer_fold_7,Streptococcus
within_cohort_ling2020,outer_fold_7,Subdoligranulum
within_cohort_ling2020,outer_fold_7,Sutterella
within_cohort_ling2020,outer_fold_7,TM7x
within_cohort_ling2020,outer_fold_7,Terrisporobacter
within_cohort_ling2020,outer_fold_7,Turicibacter
within_cohort_ling2020,outer_fold_7,Tuzzerella
within_cohort_ling2020,outer_fold_7,UBA1819
within_cohort_ling2020,outer_fold_7,UCG-002
within_cohort_ling2020,outer_fold_7,UCG-003
within_cohort_ling2020,outer_fold_7,UCG-005
within_cohort_ling2020,outer_fold_7,Veillonella
within_cohort_ling2020,outer_fold_7,Weissella
within_cohort_ling2020,outer_fold_7,[Clostridium] innocuum group
within_cohort_ling2020,outer_fold_7,[Eubacterium] fissicatena group
within_cohort_ling2020,outer_fold_7,[Eubacterium] nodatum group
within_cohort_ling2020,outer_fold_7,[Eubacterium] ruminantium group
within_cohort_ling2020,outer_fold_7,[Ruminococcus] gauvreauii group
within_cohort_ling2020,outer_fold_8,Acidaminococcus
within_cohort_ling2020,outer_fold_8,Actinomyces
within_cohort_ling2020,outer_fold_8,Adlercreutzia
within_cohort_ling2020,outer_fold_8,Agathobacter
within_cohort_ling2020,outer_fold_8,Akkermansia
within_cohort_ling2020,outer_fold_8,Alistipes
within_cohort_ling2020,outer_fold_8,Allisonella
within_cohort_ling2020,outer_fold_8,Anaerostipes
within_cohort_ling2020,outer_fold_8,Anaerotruncus
within_cohort_ling2020,outer_fold_8,Atopobium
within_cohort_ling2020,outer_fold_8,Bacteroides
within_cohort_ling2020,outer_fold_8,Barnesiella
within_cohort_ling2020,outer_fold_8,Bifidobacterium
within_cohort_ling2020,outer_fold_8,Bilophila
within_cohort_ling2020,outer_fold_8,Blautia
within_cohort_ling2020,outer_fold_8,Butyricicoccus
within_cohort_ling2020,outer_fold_8,Butyricimonas
within_cohort_ling2020,outer_fold_8,CAG-352
within_cohort_ling2020,outer_fold_8,CAG-56
within_cohort_ling2020,outer_fold_8,Candidatus Soleaferrea
within_cohort_ling2020,outer_fold_8,Catabacter
within_cohort_ling2020,outer_fold_8,Chelativorans
within_cohort_ling2020,outer_fold_8,Christensenella
within_cohort_ling2020,outer_fold_8,Christensenellaceae R-7 group
within_cohort_ling2020,outer_fold_8,Citrobacter
within_cohort_ling2020,outer_fold_8,Clostridium sensu stricto 1
within_cohort_ling2020,outer_fold_8,Colidextribacter
within_cohort_ling2020,outer_fold_8,Collinsella
within_cohort_ling2020,outer_fold_8,Coprobacillus
within_cohort_ling2020,outer_fold_8,Coprococcus
within_cohort_ling2020,outer_fold_8,Corynebacterium
within_cohort_ling2020,outer_fold_8,DTU089
within_cohort_ling2020,outer_fold_8,Defluviitaleaceae UCG-011
within_cohort_ling2020,outer_fold_8,Desulfovibrio
within_cohort_ling2020,outer_fold_8,Dialister
within_cohort_ling2020,outer_fold_8,Dorea
within_cohort_ling2020,outer_fold_8,Eggerthella
within_cohort_ling2020,outer_fold_8,Eisenbergiella
within_cohort_ling2020,outer_fold_8,Enterobacter
within_cohort_ling2020,outer_fold_8,Enterococcus
within_cohort_ling2020,outer_fold_8,Erysipelatoclostridium
within_cohort_ling2020,outer_fold_8,Erysipelotrichaceae UCG-003
within_cohort_ling2020,outer_fold_8,Escherichia-Shigella
within_cohort_ling2020,outer_fold_8,Eubacterium
within_cohort_ling2020,outer_fold_8,Eubacterium eligens group
within_cohort_ling2020,outer_fold_8,Eubacterium hallii group
within_cohort_ling2020,outer_fold_8,Eubacterium ventriosum group
within_cohort_ling2020,outer_fold_8,Faecalibacterium
within_cohort_ling2020,outer_fold_8,Faecalitalea
within_cohort_ling2020,outer_fold_8,Family XIII AD3011 group
within_cohort_ling2020,outer_fold_8,Family XIII UCG-001
within_cohort_ling2020,outer_fold_8,Flavonifractor
within_cohort_ling2020,outer_fold_8,Fusicatenibacter
within_cohort_ling2020,outer_fold_8,Fusobacterium
within_cohort_ling2020,outer_fold_8,Gemella
within_cohort_ling2020,outer_fold_8,Gordonibacter
within_cohort_ling2020,outer_fold_8,Haemophilus
within_cohort_ling2020,outer_fold_8,Halomonas
within_cohort_ling2020,outer_fold_8,Holdemania
within_cohort_ling2020,outer_fold_8,Hungatella
within_cohort_ling2020,outer_fold_8,Incertae Sedis
within_cohort_ling2020,outer_fold_8,Intestinibacter
within_cohort_ling2020,outer_fold_8,Intestinimonas
within_cohort_ling2020,outer_fold_8,Klebsiella
within_cohort_ling2020,outer_fold_8,Lachnoclostridium
within_cohort_ling2020,outer_fold_8,Lachnospira
within_cohort_ling2020,outer_fold_8,Lachnospiraceae FCS020 group
within_cohort_ling2020,outer_fold_8,Lachnospiraceae ND3007 group
within_cohort_ling2020,outer_fold_8,Lachnospiraceae NK4A136 group
within_cohort_ling2020,outer_fold_8,Lachnospiraceae UCG-001
within_cohort_ling2020,outer_fold_8,Lachnospiraceae UCG-004
within_cohort_ling2020,outer_fold_8,Lachnospiraceae UCG-010
within_cohort_ling2020,outer_fold_8,Lactobacillus
within_cohort_ling2020,outer_fold_8,Lactococcus
within_cohort_ling2020,outer_fold_8,Lactonifactor
within_cohort_ling2020,outer_fold_8,Leuconostoc
within_cohort_ling2020,outer_fold_8,Ligilactobacillus
within_cohort_ling2020,outer_fold_8,Limosilactobacillus
within_cohort_ling2020,outer_fold_8,Marvinbryantia
within_cohort_ling2020,outer_fold_8,Megamonas
within_cohort_ling2020,outer_fold_8,Megasphaera
within_cohort_ling2020,outer_fold_8,Methanobrevibacter
within_cohort_ling2020,outer_fold_8,Monoglobus
within_cohort_ling2020,outer_fold_8,NK4A214 group
within_cohort_ling2020,outer_fold_8,Negativibacillus
within_cohort_ling2020,outer_fold_8,Nesterenkonia
within_cohort_ling2020,outer_fold_8,Oceanicaulis
within_cohort_ling2020,outer_fold_8,Odoribacter
within_cohort_ling2020,outer_fold_8,Olsenella
within_cohort_ling2020,outer_fold_8,Oscillibacter
within_cohort_ling2020,outer_fold_8,Paludicola
within_cohort_ling2020,outer_fold_8,Parabacteroides
within_cohort_ling2020,outer_fold_8,Paraprevotella
within_cohort_ling2020,outer_fold_8,Parasutterella
within_cohort_ling2020,outer_fold_8,Pelagibacterium
within_cohort_ling2020,outer_fold_8,Peptoniphilus
within_cohort_ling2020,outer_fold_8,Phascolarctobacterium
within_cohort_ling2020,outer_fold_8,Porphyromonas
within_cohort_ling2020,outer_fold_8,Prevotella
within_cohort_ling2020,outer_fold_8,Prevotella_9
within_cohort_ling2020,outer_fold_8,Raoultibacter
within_cohort_ling2020,outer_fold_8,Romboutsia
within_cohort_ling2020,outer_fold_8,Roseburia
within_cohort_ling2020,outer_fold_8,Rothia
within_cohort_ling2020,outer_fold_8,Ruminococcus
within_cohort_ling2020,outer_fold_8,Ruminococcus gnavus group
within_cohort_ling2020,outer_fold_8,Ruminococcus torques group
within_cohort_ling2020,outer_fold_8,Sellimonas
within_cohort_ling2020,outer_fold_8,Solobacterium
within_cohort_ling2020,outer_fold_8,Streptococcus
within_cohort_ling2020,outer_fold_8,Subdoligranulum
within_cohort_ling2020,outer_fold_8,Sutterella
within_cohort_ling2020,outer_fold_8,TM7x
within_cohort_ling2020,outer_fold_8,Terrisporobacter
within_cohort_ling2020,outer_fold_8,Turicibacter
within_cohort_ling2020,outer_fold_8,Tuzzerella
within_cohort_ling2020,outer_fold_8,UBA1819
within_cohort_ling2020,outer_fold_8,UCG-002
within_cohort_ling2020,outer_fold_8,UCG-003
within_cohort_ling2020,outer_fold_8,UCG-005
within_cohort_ling2020,outer_fold_8,Veillonella
within_cohort_ling2020,outer_fold_8,Weissella
within_cohort_ling2020,outer_fold_8,[Clostridium] innocuum group
within_cohort_ling2020,outer_fold_8,[Eubacterium] fissicatena group
within_cohort_ling2020,outer_fold_8,[Eubacterium] nodatum group
within_cohort_ling2020,outer_fold_8,[Eubacterium] ruminantium group
within_cohort_ling2020,outer_fold_8,[Ruminococcus] gauvreauii group
within_cohort_ling2020,outer_fold_9,Acidaminococcus
within_cohort_ling2020,outer_fold_9,Actinomyces
within_cohort_ling2020,outer_fold_9,Adlercreutzia
within_cohort_ling2020,outer_fold_9,Agathobacter
within_cohort_ling2020,outer_fold_9,Akkermansia
within_cohort_ling2020,outer_fold_9,Alistipes
within_cohort_ling2020,outer_fold_9,Allisonella
within_cohort_ling2020,outer_fold_9,Anaerostipes
within_cohort_ling2020,outer_fold_9,Anaerotruncus
within_cohort_ling2020,outer_fold_9,Atopobium
within_cohort_ling2020,outer_fold_9,Bacteroides
within_cohort_ling2020,outer_fold_9,Barnesiella
within_cohort_ling2020,outer_fold_9,Bifidobacterium
within_cohort_ling2020,outer_fold_9,Bilophila
within_cohort_ling2020,outer_fold_9,Blautia
within_cohort_ling2020,outer_fold_9,Butyricicoccus
within_cohort_ling2020,outer_fold_9,Butyricimonas
within_cohort_ling2020,outer_fold_9,CAG-352
within_cohort_ling2020,outer_fold_9,CAG-56
within_cohort_ling2020,outer_fold_9,Candidatus Soleaferrea
within_cohort_ling2020,outer_fold_9,Catabacter
within_cohort_ling2020,outer_fold_9,Chelativorans
within_cohort_ling2020,outer_fold_9,Christensenella
within_cohort_ling2020,outer_fold_9,Christensenellaceae R-7 group
within_cohort_ling2020,outer_fold_9,Citrobacter
within_cohort_ling2020,outer_fold_9,Clostridium sensu stricto 1
within_cohort_ling2020,outer_fold_9,Colidextribacter
within_cohort_ling2020,outer_fold_9,Collinsella
within_cohort_ling2020,outer_fold_9,Coprobacillus
within_cohort_ling2020,outer_fold_9,Coprococcus
within_cohort_ling2020,outer_fold_9,Corynebacterium
within_cohort_ling2020,outer_fold_9,DTU089
within_cohort_ling2020,outer_fold_9,Defluviitaleaceae UCG-011
within_cohort_ling2020,outer_fold_9,Desulfovibrio
within_cohort_ling2020,outer_fold_9,Dialister
within_cohort_ling2020,outer_fold_9,Dorea
within_cohort_ling2020,outer_fold_9,Eggerthella
within_cohort_ling2020,outer_fold_9,Eisenbergiella
within_cohort_ling2020,outer_fold_9,Enterobacter
within_cohort_ling2020,outer_fold_9,Enterococcus
within_cohort_ling2020,outer_fold_9,Erysipelatoclostridium
within_cohort_ling2020,outer_fold_9,Erysipelotrichaceae UCG-003
within_cohort_ling2020,outer_fold_9,Escherichia-Shigella
within_cohort_ling2020,outer_fold_9,Eubacterium
within_cohort_ling2020,outer_fold_9,Eubacterium eligens group
within_cohort_ling2020,outer_fold_9,Eubacterium hallii group
within_cohort_ling2020,outer_fold_9,Eubacterium ventriosum group
within_cohort_ling2020,outer_fold_9,Faecalibacterium
within_cohort_ling2020,outer_fold_9,Faecalitalea
within_cohort_ling2020,outer_fold_9,Family XIII AD3011 group
within_cohort_ling2020,outer_fold_9,Family XIII UCG-001
within_cohort_ling2020,outer_fold_9,Flavonifractor
within_cohort_ling2020,outer_fold_9,Fusicatenibacter
within_cohort_ling2020,outer_fold_9,Fusobacterium
within_cohort_ling2020,outer_fold_9,Gemella
within_cohort_ling2020,outer_fold_9,Gordonibacter
within_cohort_ling2020,outer_fold_9,Haemophilus
within_cohort_ling2020,outer_fold_9,Halomonas
within_cohort_ling2020,outer_fold_9,Holdemania
within_cohort_ling2020,outer_fold_9,Hungatella
within_cohort_ling2020,outer_fold_9,Incertae Sedis
within_cohort_ling2020,outer_fold_9,Intestinibacter
within_cohort_ling2020,outer_fold_9,Intestinimonas
within_cohort_ling2020,outer_fold_9,Klebsiella
within_cohort_ling2020,outer_fold_9,Lachnoclostridium
within_cohort_ling2020,outer_fold_9,Lachnospira
within_cohort_ling2020,outer_fold_9,Lachnospiraceae FCS020 group
within_cohort_ling2020,outer_fold_9,Lachnospiraceae ND3007 group
within_cohort_ling2020,outer_fold_9,Lachnospiraceae NK4A136 group
within_cohort_ling2020,outer_fold_9,Lachnospiraceae UCG-001
within_cohort_ling2020,outer_fold_9,Lachnospiraceae UCG-004
within_cohort_ling2020,outer_fold_9,Lachnospiraceae UCG-010
within_cohort_ling2020,outer_fold_9,Lactobacillus
within_cohort_ling2020,outer_fold_9,Lactonifactor
within_cohort_ling2020,outer_fold_9,Leuconostoc
within_cohort_ling2020,outer_fold_9,Ligilactobacillus
within_cohort_ling2020,outer_fold_9,Limosilactobacillus
within_cohort_ling2020,outer_fold_9,Marvinbryantia
within_cohort_ling2020,outer_fold_9,Megamonas
within_cohort_ling2020,outer_fold_9,Megasphaera
within_cohort_ling2020,outer_fold_9,Methanobrevibacter
within_cohort_ling2020,outer_fold_9,Monoglobus
within_cohort_ling2020,outer_fold_9,NK4A214 group
within_cohort_ling2020,outer_fold_9,Negativibacillus
within_cohort_ling2020,outer_fold_9,Nesterenkonia
within_cohort_ling2020,outer_fold_9,Oceanicaulis
within_cohort_ling2020,outer_fold_9,Odoribacter
within_cohort_ling2020,outer_fold_9,Olsenella
within_cohort_ling2020,outer_fold_9,Oscillibacter
within_cohort_ling2020,outer_fold_9,Paludicola
within_cohort_ling2020,outer_fold_9,Parabacteroides
within_cohort_ling2020,outer_fold_9,Paraprevotella
within_cohort_ling2020,outer_fold_9,Parasutterella
within_cohort_ling2020,outer_fold_9,Pelagibacterium
within_cohort_ling2020,outer_fold_9,Peptoniphilus
within_cohort_ling2020,outer_fold_9,Phascolarctobacterium
within_cohort_ling2020,outer_fold_9,Porphyromonas
within_cohort_ling2020,outer_fold_9,Prevotella
within_cohort_ling2020,outer_fold_9,Prevotella_9
within_cohort_ling2020,outer_fold_9,Raoultibacter
within_cohort_ling2020,outer_fold_9,Romboutsia
within_cohort_ling2020,outer_fold_9,Roseburia
within_cohort_ling2020,outer_fold_9,Rothia
within_cohort_ling2020,outer_fold_9,Ruminococcus
within_cohort_ling2020,outer_fold_9,Ruminococcus gnavus group
within_cohort_ling2020,outer_fold_9,Ruminococcus torques group
within_cohort_ling2020,outer_fold_9,Sellimonas
within_cohort_ling2020,outer_fold_9,Solobacterium
within_cohort_ling2020,outer_fold_9,Streptococcus
within_cohort_ling2020,outer_fold_9,Subdoligranulum
within_cohort_ling2020,outer_fold_9,Sutterella
within_cohort_ling2020,outer_fold_9,TM7x
within_cohort_ling2020,outer_fold_9,Terrisporobacter
within_cohort_ling2020,outer_fold_9,Turicibacter
within_cohort_ling2020,outer_fold_9,Tuzzerella
within_cohort_ling2020,outer_fold_9,UBA1819
within_cohort_ling2020,outer_fold_9,UCG-002
within_cohort_ling2020,outer_fold_9,UCG-003
within_cohort_ling2020,outer_fold_9,UCG-005
within_cohort_ling2020,outer_fold_9,Veillonella
within_cohort_ling2020,outer_fold_9,Weissella
within_cohort_ling2020,outer_fold_9,[Clostridium] innocuum group
within_cohort_ling2020,outer_fold_9,[Eubacterium] fissicatena group
within_cohort_ling2020,outer_fold_9,[Eubacterium] nodatum group
within_cohort_ling2020,outer_fold_9,[Eubacterium] ruminantium group
within_cohort_ling2020,outer_fold_9,[Ruminococcus] gauvreauii group
within_cohort_shanghai2022,outer_fold_0,Abiotrophia
within_cohort_shanghai2022,outer_fold_0,Actinomyces
within_cohort_shanghai2022,outer_fold_0,Adlercreutzia
within_cohort_shanghai2022,outer_fold_0,Agathobacter
within_cohort_shanghai2022,outer_fold_0,Akkermansia
within_cohort_shanghai2022,outer_fold_0,Aliihoeflea
within_cohort_shanghai2022,outer_fold_0,Alistipes
within_cohort_shanghai2022,outer_fold_0,Allisonella
within_cohort_shanghai2022,outer_fold_0,Anaerostipes
within_cohort_shanghai2022,outer_fold_0,Anaerotruncus
within_cohort_shanghai2022,outer_fold_0,Atopobium
within_cohort_shanghai2022,outer_fold_0,Bacteroides
within_cohort_shanghai2022,outer_fold_0,Barnesiella
within_cohort_shanghai2022,outer_fold_0,Bifidobacterium
within_cohort_shanghai2022,outer_fold_0,Bilophila
within_cohort_shanghai2022,outer_fold_0,Blautia
within_cohort_shanghai2022,outer_fold_0,Butyricicoccus
within_cohort_shanghai2022,outer_fold_0,Butyricimonas
within_cohort_shanghai2022,outer_fold_0,CAG-352
within_cohort_shanghai2022,outer_fold_0,CAG-56
within_cohort_shanghai2022,outer_fold_0,Catabacter
within_cohort_shanghai2022,outer_fold_0,Christensenella
within_cohort_shanghai2022,outer_fold_0,Christensenellaceae R-7 group
within_cohort_shanghai2022,outer_fold_0,Clostridium sensu stricto 1
within_cohort_shanghai2022,outer_fold_0,Colidextribacter
within_cohort_shanghai2022,outer_fold_0,Collinsella
within_cohort_shanghai2022,outer_fold_0,Coprococcus
within_cohort_shanghai2022,outer_fold_0,DTU089
within_cohort_shanghai2022,outer_fold_0,Desulfovibrio
within_cohort_shanghai2022,outer_fold_0,Dialister
within_cohort_shanghai2022,outer_fold_0,Dorea
within_cohort_shanghai2022,outer_fold_0,Eggerthella
within_cohort_shanghai2022,outer_fold_0,Eisenbergiella
within_cohort_shanghai2022,outer_fold_0,Enterobacter
within_cohort_shanghai2022,outer_fold_0,Enterococcus
within_cohort_shanghai2022,outer_fold_0,Erysipelatoclostridium
within_cohort_shanghai2022,outer_fold_0,Erysipelotrichaceae UCG-003
within_cohort_shanghai2022,outer_fold_0,Escherichia-Shigella
within_cohort_shanghai2022,outer_fold_0,Eubacterium brachy group
within_cohort_shanghai2022,outer_fold_0,Eubacterium eligens group
within_cohort_shanghai2022,outer_fold_0,Eubacterium hallii group
within_cohort_shanghai2022,outer_fold_0,Eubacterium ventriosum group
within_cohort_shanghai2022,outer_fold_0,Faecalibacterium
within_cohort_shanghai2022,outer_fold_0,Faecalitalea
within_cohort_shanghai2022,outer_fold_0,Family XIII AD3011 group
within_cohort_shanghai2022,outer_fold_0,Family XIII UCG-001
within_cohort_shanghai2022,outer_fold_0,Flavonifractor
within_cohort_shanghai2022,outer_fold_0,Frisingicoccus
within_cohort_shanghai2022,outer_fold_0,Fusicatenibacter
within_cohort_shanghai2022,outer_fold_0,Fusobacterium
within_cohort_shanghai2022,outer_fold_0,Gemella
within_cohort_shanghai2022,outer_fold_0,Gordonibacter
within_cohort_shanghai2022,outer_fold_0,Granulicatella
within_cohort_shanghai2022,outer_fold_0,Haemophilus
within_cohort_shanghai2022,outer_fold_0,Halomonas
within_cohort_shanghai2022,outer_fold_0,Holdemania
within_cohort_shanghai2022,outer_fold_0,Hungatella
within_cohort_shanghai2022,outer_fold_0,Incertae Sedis
within_cohort_shanghai2022,outer_fold_0,Intestinibacter
within_cohort_shanghai2022,outer_fold_0,Intestinimonas
within_cohort_shanghai2022,outer_fold_0,Klebsiella
within_cohort_shanghai2022,outer_fold_0,Lachnoclostridium
within_cohort_shanghai2022,outer_fold_0,Lachnospira
within_cohort_shanghai2022,outer_fold_0,Lachnospiraceae ND3007 group
within_cohort_shanghai2022,outer_fold_0,Lachnospiraceae NK4A136 group
within_cohort_shanghai2022,outer_fold_0,Lachnospiraceae UCG-001
within_cohort_shanghai2022,outer_fold_0,Lachnospiraceae UCG-004
within_cohort_shanghai2022,outer_fold_0,Lachnospiraceae UCG-010
within_cohort_shanghai2022,outer_fold_0,Lactobacillus
within_cohort_shanghai2022,outer_fold_0,Ligilactobacillus
within_cohort_shanghai2022,outer_fold_0,Limosilactobacillus
within_cohort_shanghai2022,outer_fold_0,Marvinbryantia
within_cohort_shanghai2022,outer_fold_0,Megamonas
within_cohort_shanghai2022,outer_fold_0,Megasphaera
within_cohort_shanghai2022,outer_fold_0,Mogibacterium
within_cohort_shanghai2022,outer_fold_0,Monoglobus
within_cohort_shanghai2022,outer_fold_0,NK4A214 group
within_cohort_shanghai2022,outer_fold_0,Negativibacillus
within_cohort_shanghai2022,outer_fold_0,Odoribacter
within_cohort_shanghai2022,outer_fold_0,Oscillibacter
within_cohort_shanghai2022,outer_fold_0,Oxalobacter
within_cohort_shanghai2022,outer_fold_0,Parabacteroides
within_cohort_shanghai2022,outer_fold_0,Paraprevotella
within_cohort_shanghai2022,outer_fold_0,Parasutterella
within_cohort_shanghai2022,outer_fold_0,Pelagibacterium
within_cohort_shanghai2022,outer_fold_0,Phascolarctobacterium
within_cohort_shanghai2022,outer_fold_0,Phocea
within_cohort_shanghai2022,outer_fold_0,Prevotella
within_cohort_shanghai2022,outer_fold_0,Prevotella_9
within_cohort_shanghai2022,outer_fold_0,Pseudomonas
within_cohort_shanghai2022,outer_fold_0,Pyramidobacter
within_cohort_shanghai2022,outer_fold_0,Romboutsia
within_cohort_shanghai2022,outer_fold_0,Roseburia
within_cohort_shanghai2022,outer_fold_0,Rothia
within_cohort_shanghai2022,outer_fold_0,Ruminococcus
within_cohort_shanghai2022,outer_fold_0,Ruminococcus gnavus group
within_cohort_shanghai2022,outer_fold_0,Ruminococcus torques group
within_cohort_shanghai2022,outer_fold_0,Solobacterium
within_cohort_shanghai2022,outer_fold_0,Streptococcus
within_cohort_shanghai2022,outer_fold_0,Subdoligranulum
within_cohort_shanghai2022,outer_fold_0,Sutterella
within_cohort_shanghai2022,outer_fold_0,TM7x
within_cohort_shanghai2022,outer_fold_0,Terrisporobacter
within_cohort_shanghai2022,outer_fold_0,Turicibacter
within_cohort_shanghai2022,outer_fold_0,Tyzzerella
within_cohort_shanghai2022,outer_fold_0,UBA1819
within_cohort_shanghai2022,outer_fold_0,UCG-002
within_cohort_shanghai2022,outer_fold_0,UCG-003
within_cohort_shanghai2022,outer_fold_0,UCG-005
within_cohort_shanghai2022,outer_fold_0,Veillonella
within_cohort_shanghai2022,outer_fold_0,[Clostridium] innocuum group
within_cohort_shanghai2022,outer_fold_0,[Eubacterium] fissicatena group
within_cohort_shanghai2022,outer_fold_0,[Eubacterium] nodatum group
within_cohort_shanghai2022,outer_fold_0,[Eubacterium] ruminantium group
within_cohort_shanghai2022,outer_fold_0,[Eubacterium] siraeum group
within_cohort_shanghai2022,outer_fold_0,[Eubacterium] xylanophilum group
within_cohort_shanghai2022,outer_fold_0,[Ruminococcus] gauvreauii group
within_cohort_shanghai2022,outer_fold_1,Actinomyces
within_cohort_shanghai2022,outer_fold_1,Adlercreutzia
within_cohort_shanghai2022,outer_fold_1,Agathobacter
within_cohort_shanghai2022,outer_fold_1,Akkermansia
within_cohort_shanghai2022,outer_fold_1,Aliihoeflea
within_cohort_shanghai2022,outer_fold_1,Alistipes
within_cohort_shanghai2022,outer_fold_1,Allisonella
within_cohort_shanghai2022,outer_fold_1,Anaerostipes
within_cohort_shanghai2022,outer_fold_1,Anaerotruncus
within_cohort_shanghai2022,outer_fold_1,Atopobium
within_cohort_shanghai2022,outer_fold_1,Bacteroides
within_cohort_shanghai2022,outer_fold_1,Barnesiella
within_cohort_shanghai2022,outer_fold_1,Bifidobacterium
within_cohort_shanghai2022,outer_fold_1,Bilophila
within_cohort_shanghai2022,outer_fold_1,Blautia
within_cohort_shanghai2022,outer_fold_1,Butyricicoccus
within_cohort_shanghai2022,outer_fold_1,Butyricimonas
within_cohort_shanghai2022,outer_fold_1,CAG-352
within_cohort_shanghai2022,outer_fold_1,CAG-56
within_cohort_shanghai2022,outer_fold_1,Christensenella
within_cohort_shanghai2022,outer_fold_1,Christensenellaceae R-7 group
within_cohort_shanghai2022,outer_fold_1,Clostridium sensu stricto 1
within_cohort_shanghai2022,outer_fold_1,Colidextribacter
within_cohort_shanghai2022,outer_fold_1,Collinsella
within_cohort_shanghai2022,outer_fold_1,Coprococcus
within_cohort_shanghai2022,outer_fold_1,DTU089
within_cohort_shanghai2022,outer_fold_1,Desulfovibrio
within_cohort_shanghai2022,outer_fold_1,Dialister
within_cohort_shanghai2022,outer_fold_1,Dorea
within_cohort_shanghai2022,outer_fold_1,Eggerthella
within_cohort_shanghai2022,outer_fold_1,Eisenbergiella
within_cohort_shanghai2022,outer_fold_1,Enterobacter
within_cohort_shanghai2022,outer_fold_1,Enterococcus
within_cohort_shanghai2022,outer_fold_1,Erysipelatoclostridium
within_cohort_shanghai2022,outer_fold_1,Erysipelotrichaceae UCG-003
within_cohort_shanghai2022,outer_fold_1,Escherichia-Shigella
within_cohort_shanghai2022,outer_fold_1,Eubacterium eligens group
within_cohort_shanghai2022,outer_fold_1,Eubacterium hallii group
within_cohort_shanghai2022,outer_fold_1,Eubacterium ventriosum group
within_cohort_shanghai2022,outer_fold_1,Faecalibacterium
within_cohort_shanghai2022,outer_fold_1,Faecalitalea
within_cohort_shanghai2022,outer_fold_1,Family XIII AD3011 group
within_cohort_shanghai2022,outer_fold_1,Family XIII UCG-001
within_cohort_shanghai2022,outer_fold_1,Flavonifractor
within_cohort_shanghai2022,outer_fold_1,Fusicatenibacter
within_cohort_shanghai2022,outer_fold_1,Fusobacterium
within_cohort_shanghai2022,outer_fold_1,Gemella
within_cohort_shanghai2022,outer_fold_1,Gordonibacter
within_cohort_shanghai2022,outer_fold_1,Granulicatella
within_cohort_shanghai2022,outer_fold_1,Haemophilus
within_cohort_shanghai2022,outer_fold_1,Halomonas
within_cohort_shanghai2022,outer_fold_1,Holdemania
within_cohort_shanghai2022,outer_fold_1,Hungatella
within_cohort_shanghai2022,outer_fold_1,Incertae Sedis
within_cohort_shanghai2022,outer_fold_1,Intestinibacter
within_cohort_shanghai2022,outer_fold_1,Intestinimonas
within_cohort_shanghai2022,outer_fold_1,Klebsiella
within_cohort_shanghai2022,outer_fold_1,Lachnoclostridium
within_cohort_shanghai2022,outer_fold_1,Lachnospira
within_cohort_shanghai2022,outer_fold_1,Lachnospiraceae ND3007 group
within_cohort_shanghai2022,outer_fold_1,Lachnospiraceae NK4A136 group
within_cohort_shanghai2022,outer_fold_1,Lachnospiraceae UCG-001
within_cohort_shanghai2022,outer_fold_1,Lachnospiraceae UCG-004
within_cohort_shanghai2022,outer_fold_1,Lachnospiraceae UCG-010
within_cohort_shanghai2022,outer_fold_1,Lactobacillus
within_cohort_shanghai2022,outer_fold_1,Ligilactobacillus
within_cohort_shanghai2022,outer_fold_1,Limosilactobacillus
within_cohort_shanghai2022,outer_fold_1,Marvinbryantia
within_cohort_shanghai2022,outer_fold_1,Megamonas
within_cohort_shanghai2022,outer_fold_1,Megasphaera
within_cohort_shanghai2022,outer_fold_1,Mogibacterium
within_cohort_shanghai2022,outer_fold_1,Monoglobus
within_cohort_shanghai2022,outer_fold_1,NK4A214 group
within_cohort_shanghai2022,outer_fold_1,Negativibacillus
within_cohort_shanghai2022,outer_fold_1,Odoribacter
within_cohort_shanghai2022,outer_fold_1,Oscillibacter
within_cohort_shanghai2022,outer_fold_1,Oxalobacter
within_cohort_shanghai2022,outer_fold_1,Parabacteroides
within_cohort_shanghai2022,outer_fold_1,Paraprevotella
within_cohort_shanghai2022,outer_fold_1,Parasutterella
within_cohort_shanghai2022,outer_fold_1,Pelagibacterium
within_cohort_shanghai2022,outer_fold_1,Phascolarctobacterium
within_cohort_shanghai2022,outer_fold_1,Phocea
within_cohort_shanghai2022,outer_fold_1,Prevotella
within_cohort_shanghai2022,outer_fold_1,Prevotella_9
within_cohort_shanghai2022,outer_fold_1,Pseudomonas
within_cohort_shanghai2022,outer_fold_1,Pyramidobacter
within_cohort_shanghai2022,outer_fold_1,Romboutsia
within_cohort_shanghai2022,outer_fold_1,Roseburia
within_cohort_shanghai2022,outer_fold_1,Rothia
within_cohort_shanghai2022,outer_fold_1,Ruminococcus
within_cohort_shanghai2022,outer_fold_1,Ruminococcus gnavus group
within_cohort_shanghai2022,outer_fold_1,Ruminococcus torques group
within_cohort_shanghai2022,outer_fold_1,Solobacterium
within_cohort_shanghai2022,outer_fold_1,Streptococcus
within_cohort_shanghai2022,outer_fold_1,Subdoligranulum
within_cohort_shanghai2022,outer_fold_1,Sutterella
within_cohort_shanghai2022,outer_fold_1,TM7x
within_cohort_shanghai2022,outer_fold_1,Terrisporobacter
within_cohort_shanghai2022,outer_fold_1,Turicibacter
within_cohort_shanghai2022,outer_fold_1,Tyzzerella
within_cohort_shanghai2022,outer_fold_1,UBA1819
within_cohort_shanghai2022,outer_fold_1,UCG-002
within_cohort_shanghai2022,outer_fold_1,UCG-003
within_cohort_shanghai2022,outer_fold_1,UCG-005
within_cohort_shanghai2022,outer_fold_1,Veillonella
within_cohort_shanghai2022,outer_fold_1,[Clostridium] innocuum group
within_cohort_shanghai2022,outer_fold_1,[Eubacterium] fissicatena group
within_cohort_shanghai2022,outer_fold_1,[Eubacterium] nodatum group
within_cohort_shanghai2022,outer_fold_1,[Eubacterium] ruminantium group
within_cohort_shanghai2022,outer_fold_1,[Eubacterium] siraeum group
within_cohort_shanghai2022,outer_fold_1,[Eubacterium] xylanophilum group
within_cohort_shanghai2022,outer_fold_1,[Ruminococcus] gauvreauii group
within_cohort_shanghai2022,outer_fold_2,Acetanaerobacterium
within_cohort_shanghai2022,outer_fold_2,Actinomyces
within_cohort_shanghai2022,outer_fold_2,Adlercreutzia
within_cohort_shanghai2022,outer_fold_2,Agathobacter
within_cohort_shanghai2022,outer_fold_2,Akkermansia
within_cohort_shanghai2022,outer_fold_2,Aliihoeflea
within_cohort_shanghai2022,outer_fold_2,Alistipes
within_cohort_shanghai2022,outer_fold_2,Allisonella
within_cohort_shanghai2022,outer_fold_2,Anaerostipes
within_cohort_shanghai2022,outer_fold_2,Anaerotruncus
within_cohort_shanghai2022,outer_fold_2,Atopobium
within_cohort_shanghai2022,outer_fold_2,Bacteroides
within_cohort_shanghai2022,outer_fold_2,Barnesiella
within_cohort_shanghai2022,outer_fold_2,Bifidobacterium
within_cohort_shanghai2022,outer_fold_2,Bilophila
within_cohort_shanghai2022,outer_fold_2,Blautia
within_cohort_shanghai2022,outer_fold_2,Butyricicoccus
within_cohort_shanghai2022,outer_fold_2,Butyricimonas
within_cohort_shanghai2022,outer_fold_2,CAG-352
within_cohort_shanghai2022,outer_fold_2,CAG-56
within_cohort_shanghai2022,outer_fold_2,Candidatus Soleaferrea
within_cohort_shanghai2022,outer_fold_2,Catabacter
within_cohort_shanghai2022,outer_fold_2,Christensenella
within_cohort_shanghai2022,outer_fold_2,Christensenellaceae R-7 group
within_cohort_shanghai2022,outer_fold_2,Clostridium sensu stricto 1
within_cohort_shanghai2022,outer_fold_2,Colidextribacter
within_cohort_shanghai2022,outer_fold_2,Collinsella
within_cohort_shanghai2022,outer_fold_2,Coprococcus
within_cohort_shanghai2022,outer_fold_2,DTU089
within_cohort_shanghai2022,outer_fold_2,Desulfovibrio
within_cohort_shanghai2022,outer_fold_2,Dialister
within_cohort_shanghai2022,outer_fold_2,Dorea
within_cohort_shanghai2022,outer_fold_2,Eggerthella
within_cohort_shanghai2022,outer_fold_2,Eisenbergiella
within_cohort_shanghai2022,outer_fold_2,Enterobacter
within_cohort_shanghai2022,outer_fold_2,Enterococcus
within_cohort_shanghai2022,outer_fold_2,Erysipelatoclostridium
within_cohort_shanghai2022,outer_fold_2,Erysipelotrichaceae UCG-003
within_cohort_shanghai2022,outer_fold_2,Escherichia-Shigella
within_cohort_shanghai2022,outer_fold_2,Eubacterium eligens group
within_cohort_shanghai2022,outer_fold_2,Eubacterium hallii group
within_cohort_shanghai2022,outer_fold_2,Eubacterium ventriosum group
within_cohort_shanghai2022,outer_fold_2,Faecalibacterium
within_cohort_shanghai2022,outer_fold_2,Faecalitalea
within_cohort_shanghai2022,outer_fold_2,Family XIII AD3011 group
within_cohort_shanghai2022,outer_fold_2,Family XIII UCG-001
within_cohort_shanghai2022,outer_fold_2,Flavonifractor
within_cohort_shanghai2022,outer_fold_2,Frisingicoccus
within_cohort_shanghai2022,outer_fold_2,Fusicatenibacter
within_cohort_shanghai2022,outer_fold_2,Fusobacterium
within_cohort_shanghai2022,outer_fold_2,Gemella
within_cohort_shanghai2022,outer_fold_2,Gordonibacter
within_cohort_shanghai2022,outer_fold_2,Granulicatella
within_cohort_shanghai2022,outer_fold_2,Haemophilus
within_cohort_shanghai2022,outer_fold_2,Holdemania
within_cohort_shanghai2022,outer_fold_2,Hungatella
within_cohort_shanghai2022,outer_fold_2,Incertae Sedis
within_cohort_shanghai2022,outer_fold_2,Intestinibacter
within_cohort_shanghai2022,outer_fold_2,Intestinimonas
within_cohort_shanghai2022,outer_fold_2,Klebsiella
within_cohort_shanghai2022,outer_fold_2,Lachnoclostridium
within_cohort_shanghai2022,outer_fold_2,Lachnospira
within_cohort_shanghai2022,outer_fold_2,Lachnospiraceae ND3007 group
within_cohort_shanghai2022,outer_fold_2,Lachnospiraceae NK4A136 group
within_cohort_shanghai2022,outer_fold_2,Lachnospiraceae UCG-001
within_cohort_shanghai2022,outer_fold_2,Lachnospiraceae UCG-004
within_cohort_shanghai2022,outer_fold_2,Lachnospiraceae UCG-010
within_cohort_shanghai2022,outer_fold_2,Lactobacillus
within_cohort_shanghai2022,outer_fold_2,Ligilactobacillus
within_cohort_shanghai2022,outer_fold_2,Limosilactobacillus
within_cohort_shanghai2022,outer_fold_2,Marvinbryantia
within_cohort_shanghai2022,outer_fold_2,Megamonas
within_cohort_shanghai2022,outer_fold_2,Megasphaera
within_cohort_shanghai2022,outer_fold_2,Mogibacterium
within_cohort_shanghai2022,outer_fold_2,Monoglobus
within_cohort_shanghai2022,outer_fold_2,NK4A214 group
within_cohort_shanghai2022,outer_fold_2,Negativibacillus
within_cohort_shanghai2022,outer_fold_2,Odoribacter
within_cohort_shanghai2022,outer_fold_2,Oscillibacter
within_cohort_shanghai2022,outer_fold_2,Oxalobacter
within_cohort_shanghai2022,outer_fold_2,Parabacteroides
within_cohort_shanghai2022,outer_fold_2,Paraprevotella
within_cohort_shanghai2022,outer_fold_2,Parasutterella
within_cohort_shanghai2022,outer_fold_2,Pelagibacterium
within_cohort_shanghai2022,outer_fold_2,Phascolarctobacterium
within_cohort_shanghai2022,outer_fold_2,Phocea
within_cohort_shanghai2022,outer_fold_2,Prevotella
within_cohort_shanghai2022,outer_fold_2,Prevotella_9
within_cohort_shanghai2022,outer_fold_2,Pseudomonas
within_cohort_shanghai2022,outer_fold_2,Pyramidobacter
within_cohort_shanghai2022,outer_fold_2,Romboutsia
within_cohort_shanghai2022,outer_fold_2,Roseburia
within_cohort_shanghai2022,outer_fold_2,Rothia
within_cohort_shanghai2022,outer_fold_2,Ruminococcus
within_cohort_shanghai2022,outer_fold_2,Ruminococcus gnavus group
within_cohort_shanghai2022,outer_fold_2,Ruminococcus torques group
within_cohort_shanghai2022,outer_fold_2,Solobacterium
within_cohort_shanghai2022,outer_fold_2,Streptococcus
within_cohort_shanghai2022,outer_fold_2,Subdoligranulum
within_cohort_shanghai2022,outer_fold_2,Sutterella
within_cohort_shanghai2022,outer_fold_2,TM7x
within_cohort_shanghai2022,outer_fold_2,Terrisporobacter
within_cohort_shanghai2022,outer_fold_2,Turicibacter
within_cohort_shanghai2022,outer_fold_2,Tyzzerella
within_cohort_shanghai2022,outer_fold_2,UBA1819
within_cohort_shanghai2022,outer_fold_2,UCG-002
within_cohort_shanghai2022,outer_fold_2,UCG-003
within_cohort_shanghai2022,outer_fold_2,UCG-005
within_cohort_shanghai2022,outer_fold_2,Veillonella
within_cohort_shanghai2022,outer_fold_2,[Clostridium] innocuum group
within_cohort_shanghai2022,outer_fold_2,[Eubacterium] fissicatena group
within_cohort_shanghai2022,outer_fold_2,[Eubacterium] nodatum group
within_cohort_shanghai2022,outer_fold_2,[Eubacterium] ruminantium group
within_cohort_shanghai2022,outer_fold_2,[Eubacterium] siraeum group
within_cohort_shanghai2022,outer_fold_2,[Eubacterium] xylanophilum group
within_cohort_shanghai2022,outer_fold_2,[Ruminococcus] gauvreauii group
within_cohort_shanghai2022,outer_fold_3,Acetanaerobacterium
within_cohort_shanghai2022,outer_fold_3,Actinomyces
within_cohort_shanghai2022,outer_fold_3,Adlercreutzia
within_cohort_shanghai2022,outer_fold_3,Agathobacter
within_cohort_shanghai2022,outer_fold_3,Akkermansia
within_cohort_shanghai2022,outer_fold_3,Aliihoeflea
within_cohort_shanghai2022,outer_fold_3,Alistipes
within_cohort_shanghai2022,outer_fold_3,Allisonella
within_cohort_shanghai2022,outer_fold_3,Anaerostipes
within_cohort_shanghai2022,outer_fold_3,Anaerotruncus
within_cohort_shanghai2022,outer_fold_3,Atopobium
within_cohort_shanghai2022,outer_fold_3,Bacteroides
within_cohort_shanghai2022,outer_fold_3,Barnesiella
within_cohort_shanghai2022,outer_fold_3,Bifidobacterium
within_cohort_shanghai2022,outer_fold_3,Bilophila
within_cohort_shanghai2022,outer_fold_3,Blautia
within_cohort_shanghai2022,outer_fold_3,Butyricicoccus
within_cohort_shanghai2022,outer_fold_3,Butyricimonas
within_cohort_shanghai2022,outer_fold_3,CAG-352
within_cohort_shanghai2022,outer_fold_3,CAG-56
within_cohort_shanghai2022,outer_fold_3,Christensenella
within_cohort_shanghai2022,outer_fold_3,Christensenellaceae R-7 group
within_cohort_shanghai2022,outer_fold_3,Clostridium sensu stricto 1
within_cohort_shanghai2022,outer_fold_3,Colidextribacter
within_cohort_shanghai2022,outer_fold_3,Collinsella
within_cohort_shanghai2022,outer_fold_3,Coprococcus
within_cohort_shanghai2022,outer_fold_3,DTU089
within_cohort_shanghai2022,outer_fold_3,Desulfovibrio
within_cohort_shanghai2022,outer_fold_3,Dialister
within_cohort_shanghai2022,outer_fold_3,Dorea
within_cohort_shanghai2022,outer_fold_3,Eggerthella
within_cohort_shanghai2022,outer_fold_3,Eisenbergiella
within_cohort_shanghai2022,outer_fold_3,Enterobacter
within_cohort_shanghai2022,outer_fold_3,Enterococcus
within_cohort_shanghai2022,outer_fold_3,Erysipelatoclostridium
within_cohort_shanghai2022,outer_fold_3,Erysipelotrichaceae UCG-003
within_cohort_shanghai2022,outer_fold_3,Escherichia-Shigella
within_cohort_shanghai2022,outer_fold_3,Eubacterium eligens group
within_cohort_shanghai2022,outer_fold_3,Eubacterium hallii group
within_cohort_shanghai2022,outer_fold_3,Eubacterium ventriosum group
within_cohort_shanghai2022,outer_fold_3,Faecalibacterium
within_cohort_shanghai2022,outer_fold_3,Faecalitalea
within_cohort_shanghai2022,outer_fold_3,Family XIII AD3011 group
within_cohort_shanghai2022,outer_fold_3,Family XIII UCG-001
within_cohort_shanghai2022,outer_fold_3,Flavonifractor
within_cohort_shanghai2022,outer_fold_3,Frisingicoccus
within_cohort_shanghai2022,outer_fold_3,Fusicatenibacter
within_cohort_shanghai2022,outer_fold_3,Fusobacterium
within_cohort_shanghai2022,outer_fold_3,Gemella
within_cohort_shanghai2022,outer_fold_3,Gordonibacter
within_cohort_shanghai2022,outer_fold_3,Granulicatella
within_cohort_shanghai2022,outer_fold_3,Haemophilus
within_cohort_shanghai2022,outer_fold_3,Halomonas
within_cohort_shanghai2022,outer_fold_3,Holdemania
within_cohort_shanghai2022,outer_fold_3,Hungatella
within_cohort_shanghai2022,outer_fold_3,Incertae Sedis
within_cohort_shanghai2022,outer_fold_3,Intestinibacter
within_cohort_shanghai2022,outer_fold_3,Intestinimonas
within_cohort_shanghai2022,outer_fold_3,Klebsiella
within_cohort_shanghai2022,outer_fold_3,Lachnoclostridium
within_cohort_shanghai2022,outer_fold_3,Lachnospira
within_cohort_shanghai2022,outer_fold_3,Lachnospiraceae ND3007 group
within_cohort_shanghai2022,outer_fold_3,Lachnospiraceae NK4A136 group
within_cohort_shanghai2022,outer_fold_3,Lachnospiraceae UCG-001
within_cohort_shanghai2022,outer_fold_3,Lachnospiraceae UCG-004
within_cohort_shanghai2022,outer_fold_3,Lachnospiraceae UCG-010
within_cohort_shanghai2022,outer_fold_3,Lactobacillus
within_cohort_shanghai2022,outer_fold_3,Ligilactobacillus
within_cohort_shanghai2022,outer_fold_3,Limosilactobacillus
within_cohort_shanghai2022,outer_fold_3,Marvinbryantia
within_cohort_shanghai2022,outer_fold_3,Megamonas
within_cohort_shanghai2022,outer_fold_3,Megasphaera
within_cohort_shanghai2022,outer_fold_3,Mogibacterium
within_cohort_shanghai2022,outer_fold_3,Monoglobus
within_cohort_shanghai2022,outer_fold_3,NK4A214 group
within_cohort_shanghai2022,outer_fold_3,Negativibacillus
within_cohort_shanghai2022,outer_fold_3,Odoribacter
within_cohort_shanghai2022,outer_fold_3,Oscillibacter
within_cohort_shanghai2022,outer_fold_3,Oxalobacter
within_cohort_shanghai2022,outer_fold_3,Parabacteroides
within_cohort_shanghai2022,outer_fold_3,Paraprevotella
within_cohort_shanghai2022,outer_fold_3,Parasutterella
within_cohort_shanghai2022,outer_fold_3,Pelagibacterium
within_cohort_shanghai2022,outer_fold_3,Phascolarctobacterium
within_cohort_shanghai2022,outer_fold_3,Phocea
within_cohort_shanghai2022,outer_fold_3,Prevotella
within_cohort_shanghai2022,outer_fold_3,Prevotella_9
within_cohort_shanghai2022,outer_fold_3,Pseudomonas
within_cohort_shanghai2022,outer_fold_3,Pyramidobacter
within_cohort_shanghai2022,outer_fold_3,Romboutsia
within_cohort_shanghai2022,outer_fold_3,Roseburia
within_cohort_shanghai2022,outer_fold_3,Rothia
within_cohort_shanghai2022,outer_fold_3,Ruminococcus
within_cohort_shanghai2022,outer_fold_3,Ruminococcus gnavus group
within_cohort_shanghai2022,outer_fold_3,Ruminococcus torques group
within_cohort_shanghai2022,outer_fold_3,Solobacterium
within_cohort_shanghai2022,outer_fold_3,Streptococcus
within_cohort_shanghai2022,outer_fold_3,Subdoligranulum
within_cohort_shanghai2022,outer_fold_3,Sutterella
within_cohort_shanghai2022,outer_fold_3,TM7x
within_cohort_shanghai2022,outer_fold_3,Terrisporobacter
within_cohort_shanghai2022,outer_fold_3,Turicibacter
within_cohort_shanghai2022,outer_fold_3,Tuzzerella
within_cohort_shanghai2022,outer_fold_3,Tyzzerella
within_cohort_shanghai2022,outer_fold_3,UBA1819
within_cohort_shanghai2022,outer_fold_3,UCG-002
within_cohort_shanghai2022,outer_fold_3,UCG-003
within_cohort_shanghai2022,outer_fold_3,UCG-005
within_cohort_shanghai2022,outer_fold_3,Veillonella
within_cohort_shanghai2022,outer_fold_3,[Clostridium] innocuum group
within_cohort_shanghai2022,outer_fold_3,[Eubacterium] fissicatena group
within_cohort_shanghai2022,outer_fold_3,[Eubacterium] nodatum group
within_cohort_shanghai2022,outer_fold_3,[Eubacterium] ruminantium group
within_cohort_shanghai2022,outer_fold_3,[Eubacterium] siraeum group
within_cohort_shanghai2022,outer_fold_3,[Eubacterium] xylanophilum group
within_cohort_shanghai2022,outer_fold_3,[Ruminococcus] gauvreauii group
within_cohort_shanghai2022,outer_fold_4,Actinomyces
within_cohort_shanghai2022,outer_fold_4,Adlercreutzia
within_cohort_shanghai2022,outer_fold_4,Agathobacter
within_cohort_shanghai2022,outer_fold_4,Akkermansia
within_cohort_shanghai2022,outer_fold_4,Aliihoeflea
within_cohort_shanghai2022,outer_fold_4,Alistipes
within_cohort_shanghai2022,outer_fold_4,Allisonella
within_cohort_shanghai2022,outer_fold_4,Anaerostipes
within_cohort_shanghai2022,outer_fold_4,Anaerotruncus
within_cohort_shanghai2022,outer_fold_4,Atopobium
within_cohort_shanghai2022,outer_fold_4,Bacteroides
within_cohort_shanghai2022,outer_fold_4,Barnesiella
within_cohort_shanghai2022,outer_fold_4,Bifidobacterium
within_cohort_shanghai2022,outer_fold_4,Bilophila
within_cohort_shanghai2022,outer_fold_4,Blautia
within_cohort_shanghai2022,outer_fold_4,Butyricicoccus
within_cohort_shanghai2022,outer_fold_4,Butyricimonas
within_cohort_shanghai2022,outer_fold_4,CAG-352
within_cohort_shanghai2022,outer_fold_4,CAG-56
within_cohort_shanghai2022,outer_fold_4,Christensenella
within_cohort_shanghai2022,outer_fold_4,Christensenellaceae R-7 group
within_cohort_shanghai2022,outer_fold_4,Clostridium sensu stricto 1
within_cohort_shanghai2022,outer_fold_4,Colidextribacter
within_cohort_shanghai2022,outer_fold_4,Collinsella
within_cohort_shanghai2022,outer_fold_4,Coprococcus
within_cohort_shanghai2022,outer_fold_4,DTU089
within_cohort_shanghai2022,outer_fold_4,Desulfovibrio
within_cohort_shanghai2022,outer_fold_4,Dialister
within_cohort_shanghai2022,outer_fold_4,Dorea
within_cohort_shanghai2022,outer_fold_4,Eggerthella
within_cohort_shanghai2022,outer_fold_4,Eisenbergiella
within_cohort_shanghai2022,outer_fold_4,Enterobacter
within_cohort_shanghai2022,outer_fold_4,Enterococcus
within_cohort_shanghai2022,outer_fold_4,Erysipelatoclostridium
within_cohort_shanghai2022,outer_fold_4,Erysipelotrichaceae UCG-003
within_cohort_shanghai2022,outer_fold_4,Escherichia-Shigella
within_cohort_shanghai2022,outer_fold_4,Eubacterium eligens group
within_cohort_shanghai2022,outer_fold_4,Eubacterium hallii group
within_cohort_shanghai2022,outer_fold_4,Eubacterium ventriosum group
within_cohort_shanghai2022,outer_fold_4,Faecalibacterium
within_cohort_shanghai2022,outer_fold_4,Faecalitalea
within_cohort_shanghai2022,outer_fold_4,Family XIII AD3011 group
within_cohort_shanghai2022,outer_fold_4,Family XIII UCG-001
within_cohort_shanghai2022,outer_fold_4,Flavonifractor
within_cohort_shanghai2022,outer_fold_4,Frisingicoccus
within_cohort_shanghai2022,outer_fold_4,Fusicatenibacter
within_cohort_shanghai2022,outer_fold_4,Fusobacterium
within_cohort_shanghai2022,outer_fold_4,Gemella
within_cohort_shanghai2022,outer_fold_4,Granulicatella
within_cohort_shanghai2022,outer_fold_4,Haemophilus
within_cohort_shanghai2022,outer_fold_4,Halomonas
within_cohort_shanghai2022,outer_fold_4,Holdemanella
within_cohort_shanghai2022,outer_fold_4,Holdemania
within_cohort_shanghai2022,outer_fold_4,Hungatella
within_cohort_shanghai2022,outer_fold_4,Incertae Sedis
within_cohort_shanghai2022,outer_fold_4,Intestinibacter
within_cohort_shanghai2022,outer_fold_4,Intestinimonas
within_cohort_shanghai2022,outer_fold_4,Klebsiella
within_cohort_shanghai2022,outer_fold_4,Lachnoclostridium
within_cohort_shanghai2022,outer_fold_4,Lachnospira
within_cohort_shanghai2022,outer_fold_4,Lachnospiraceae ND3007 group
within_cohort_shanghai2022,outer_fold_4,Lachnospiraceae NK4A136 group
within_cohort_shanghai2022,outer_fold_4,Lachnospiraceae UCG-001
within_cohort_shanghai2022,outer_fold_4,Lachnospiraceae UCG-004
within_cohort_shanghai2022,outer_fold_4,Lachnospiraceae UCG-010
within_cohort_shanghai2022,outer_fold_4,Lactobacillus
within_cohort_shanghai2022,outer_fold_4,Ligilactobacillus
within_cohort_shanghai2022,outer_fold_4,Limosilactobacillus
within_cohort_shanghai2022,outer_fold_4,Marvinbryantia
within_cohort_shanghai2022,outer_fold_4,Megamonas
within_cohort_shanghai2022,outer_fold_4,Megasphaera
within_cohort_shanghai2022,outer_fold_4,Mogibacterium
within_cohort_shanghai2022,outer_fold_4,Monoglobus
within_cohort_shanghai2022,outer_fold_4,NK4A214 group
within_cohort_shanghai2022,outer_fold_4,Negativibacillus
within_cohort_shanghai2022,outer_fold_4,Odoribacter
within_cohort_shanghai2022,outer_fold_4,Oscillibacter
within_cohort_shanghai2022,outer_fold_4,Oxalobacter
within_cohort_shanghai2022,outer_fold_4,Parabacteroides
within_cohort_shanghai2022,outer_fold_4,Paraprevotella
within_cohort_shanghai2022,outer_fold_4,Parasutterella
within_cohort_shanghai2022,outer_fold_4,Pelagibacterium
within_cohort_shanghai2022,outer_fold_4,Peptococcus
within_cohort_shanghai2022,outer_fold_4,Phascolarctobacterium
within_cohort_shanghai2022,outer_fold_4,Phocea
within_cohort_shanghai2022,outer_fold_4,Prevotella
within_cohort_shanghai2022,outer_fold_4,Prevotella_9
within_cohort_shanghai2022,outer_fold_4,Pseudomonas
within_cohort_shanghai2022,outer_fold_4,Pyramidobacter
within_cohort_shanghai2022,outer_fold_4,Romboutsia
within_cohort_shanghai2022,outer_fold_4,Roseburia
within_cohort_shanghai2022,outer_fold_4,Rothia
within_cohort_shanghai2022,outer_fold_4,Ruminococcus
within_cohort_shanghai2022,outer_fold_4,Ruminococcus gnavus group
within_cohort_shanghai2022,outer_fold_4,Ruminococcus torques group
within_cohort_shanghai2022,outer_fold_4,Solobacterium
within_cohort_shanghai2022,outer_fold_4,Streptococcus
within_cohort_shanghai2022,outer_fold_4,Subdoligranulum
within_cohort_shanghai2022,outer_fold_4,Sutterella
within_cohort_shanghai2022,outer_fold_4,TM7x
within_cohort_shanghai2022,outer_fold_4,Terrisporobacter
within_cohort_shanghai2022,outer_fold_4,Turicibacter
within_cohort_shanghai2022,outer_fold_4,Tuzzerella
within_cohort_shanghai2022,outer_fold_4,Tyzzerella
within_cohort_shanghai2022,outer_fold_4,UBA1819
within_cohort_shanghai2022,outer_fold_4,UCG-002
within_cohort_shanghai2022,outer_fold_4,UCG-003
within_cohort_shanghai2022,outer_fold_4,UCG-005
within_cohort_shanghai2022,outer_fold_4,Veillonella
within_cohort_shanghai2022,outer_fold_4,[Clostridium] innocuum group
within_cohort_shanghai2022,outer_fold_4,[Eubacterium] fissicatena group
within_cohort_shanghai2022,outer_fold_4,[Eubacterium] nodatum group
within_cohort_shanghai2022,outer_fold_4,[Eubacterium] ruminantium group
within_cohort_shanghai2022,outer_fold_4,[Eubacterium] siraeum group
within_cohort_shanghai2022,outer_fold_4,[Eubacterium] xylanophilum group
within_cohort_shanghai2022,outer_fold_4,[Ruminococcus] gauvreauii group
within_cohort_shanghai2022,outer_fold_5,Abiotrophia
within_cohort_shanghai2022,outer_fold_5,Acetanaerobacterium
within_cohort_shanghai2022,outer_fold_5,Actinomyces
within_cohort_shanghai2022,outer_fold_5,Adlercreutzia
within_cohort_shanghai2022,outer_fold_5,Agathobacter
within_cohort_shanghai2022,outer_fold_5,Akkermansia
within_cohort_shanghai2022,outer_fold_5,Aliihoeflea
within_cohort_shanghai2022,outer_fold_5,Alistipes
within_cohort_shanghai2022,outer_fold_5,Allisonella
within_cohort_shanghai2022,outer_fold_5,Anaerostipes
within_cohort_shanghai2022,outer_fold_5,Anaerotruncus
within_cohort_shanghai2022,outer_fold_5,Atopobium
within_cohort_shanghai2022,outer_fold_5,Bacteroides
within_cohort_shanghai2022,outer_fold_5,Barnesiella
within_cohort_shanghai2022,outer_fold_5,Bifidobacterium
within_cohort_shanghai2022,outer_fold_5,Bilophila
within_cohort_shanghai2022,outer_fold_5,Blautia
within_cohort_shanghai2022,outer_fold_5,Butyricicoccus
within_cohort_shanghai2022,outer_fold_5,Butyricimonas
within_cohort_shanghai2022,outer_fold_5,CAG-352
within_cohort_shanghai2022,outer_fold_5,CAG-56
within_cohort_shanghai2022,outer_fold_5,Candidatus Soleaferrea
within_cohort_shanghai2022,outer_fold_5,Catabacter
within_cohort_shanghai2022,outer_fold_5,Christensenella
within_cohort_shanghai2022,outer_fold_5,Christensenellaceae R-7 group
within_cohort_shanghai2022,outer_fold_5,Clostridium sensu stricto 1
within_cohort_shanghai2022,outer_fold_5,Colidextribacter
within_cohort_shanghai2022,outer_fold_5,Collinsella
within_cohort_shanghai2022,outer_fold_5,Coprococcus
within_cohort_shanghai2022,outer_fold_5,DTU089
within_cohort_shanghai2022,outer_fold_5,Desulfovibrio
within_cohort_shanghai2022,outer_fold_5,Dialister
within_cohort_shanghai2022,outer_fold_5,Dorea
within_cohort_shanghai2022,outer_fold_5,Eggerthella
within_cohort_shanghai2022,outer_fold_5,Eisenbergiella
within_cohort_shanghai2022,outer_fold_5,Enterobacter
within_cohort_shanghai2022,outer_fold_5,Enterococcus
within_cohort_shanghai2022,outer_fold_5,Erysipelatoclostridium
within_cohort_shanghai2022,outer_fold_5,Erysipelotrichaceae UCG-003
within_cohort_shanghai2022,outer_fold_5,Escherichia-Shigella
within_cohort_shanghai2022,outer_fold_5,Eubacterium eligens group
within_cohort_shanghai2022,outer_fold_5,Eubacterium hallii group
within_cohort_shanghai2022,outer_fold_5,Eubacterium ventriosum group
within_cohort_shanghai2022,outer_fold_5,Faecalibacterium
within_cohort_shanghai2022,outer_fold_5,Faecalitalea
within_cohort_shanghai2022,outer_fold_5,Family XIII AD3011 group
within_cohort_shanghai2022,outer_fold_5,Family XIII UCG-001
within_cohort_shanghai2022,outer_fold_5,Flavonifractor
within_cohort_shanghai2022,outer_fold_5,Fusicatenibacter
within_cohort_shanghai2022,outer_fold_5,Fusobacterium
within_cohort_shanghai2022,outer_fold_5,Gemella
within_cohort_shanghai2022,outer_fold_5,Gordonibacter
within_cohort_shanghai2022,outer_fold_5,Granulicatella
within_cohort_shanghai2022,outer_fold_5,Haemophilus
within_cohort_shanghai2022,outer_fold_5,Halomonas
within_cohort_shanghai2022,outer_fold_5,Holdemania
within_cohort_shanghai2022,outer_fold_5,Hungatella
within_cohort_shanghai2022,outer_fold_5,Incertae Sedis
within_cohort_shanghai2022,outer_fold_5,Intestinibacter
within_cohort_shanghai2022,outer_fold_5,Intestinimonas
within_cohort_shanghai2022,outer_fold_5,Klebsiella
within_cohort_shanghai2022,outer_fold_5,Lachnoclostridium
within_cohort_shanghai2022,outer_fold_5,Lachnospira
within_cohort_shanghai2022,outer_fold_5,Lachnospiraceae ND3007 group
within_cohort_shanghai2022,outer_fold_5,Lachnospiraceae NK4A136 group
within_cohort_shanghai2022,outer_fold_5,Lachnospiraceae UCG-001
within_cohort_shanghai2022,outer_fold_5,Lachnospiraceae UCG-004
within_cohort_shanghai2022,outer_fold_5,Lachnospiraceae UCG-010
within_cohort_shanghai2022,outer_fold_5,Lactobacillus
within_cohort_shanghai2022,outer_fold_5,Ligilactobacillus
within_cohort_shanghai2022,outer_fold_5,Limosilactobacillus
within_cohort_shanghai2022,outer_fold_5,Marvinbryantia
within_cohort_shanghai2022,outer_fold_5,Megamonas
within_cohort_shanghai2022,outer_fold_5,Megasphaera
within_cohort_shanghai2022,outer_fold_5,Mogibacterium
within_cohort_shanghai2022,outer_fold_5,Monoglobus
within_cohort_shanghai2022,outer_fold_5,NK4A214 group
within_cohort_shanghai2022,outer_fold_5,Negativibacillus
within_cohort_shanghai2022,outer_fold_5,Odoribacter
within_cohort_shanghai2022,outer_fold_5,Oscillibacter
within_cohort_shanghai2022,outer_fold_5,Oxalobacter
within_cohort_shanghai2022,outer_fold_5,Parabacteroides
within_cohort_shanghai2022,outer_fold_5,Paraprevotella
within_cohort_shanghai2022,outer_fold_5,Parasutterella
within_cohort_shanghai2022,outer_fold_5,Pelagibacterium
within_cohort_shanghai2022,outer_fold_5,Phascolarctobacterium
within_cohort_shanghai2022,outer_fold_5,Phocea
within_cohort_shanghai2022,outer_fold_5,Prevotella
within_cohort_shanghai2022,outer_fold_5,Prevotella_9
within_cohort_shanghai2022,outer_fold_5,Pseudomonas
within_cohort_shanghai2022,outer_fold_5,Pyramidobacter
within_cohort_shanghai2022,outer_fold_5,Romboutsia
within_cohort_shanghai2022,outer_fold_5,Roseburia
within_cohort_shanghai2022,outer_fold_5,Rothia
within_cohort_shanghai2022,outer_fold_5,Ruminococcus
within_cohort_shanghai2022,outer_fold_5,Ruminococcus gnavus group
within_cohort_shanghai2022,outer_fold_5,Ruminococcus torques group
within_cohort_shanghai2022,outer_fold_5,Solobacterium
within_cohort_shanghai2022,outer_fold_5,Streptococcus
within_cohort_shanghai2022,outer_fold_5,Subdoligranulum
within_cohort_shanghai2022,outer_fold_5,Sutterella
within_cohort_shanghai2022,outer_fold_5,TM7x
within_cohort_shanghai2022,outer_fold_5,Terrisporobacter
within_cohort_shanghai2022,outer_fold_5,Turicibacter
within_cohort_shanghai2022,outer_fold_5,Tuzzerella
within_cohort_shanghai2022,outer_fold_5,Tyzzerella
within_cohort_shanghai2022,outer_fold_5,UBA1819
within_cohort_shanghai2022,outer_fold_5,UCG-002
within_cohort_shanghai2022,outer_fold_5,UCG-003
within_cohort_shanghai2022,outer_fold_5,UCG-005
within_cohort_shanghai2022,outer_fold_5,Veillonella
within_cohort_shanghai2022,outer_fold_5,[Clostridium] innocuum group
within_cohort_shanghai2022,outer_fold_5,[Eubacterium] fissicatena group
within_cohort_shanghai2022,outer_fold_5,[Eubacterium] nodatum group
within_cohort_shanghai2022,outer_fold_5,[Eubacterium] ruminantium group
within_cohort_shanghai2022,outer_fold_5,[Eubacterium] siraeum group
within_cohort_shanghai2022,outer_fold_5,[Eubacterium] xylanophilum group
within_cohort_shanghai2022,outer_fold_5,[Ruminococcus] gauvreauii group
within_cohort_shanghai2022,outer_fold_6,Actinomyces
within_cohort_shanghai2022,outer_fold_6,Adlercreutzia
within_cohort_shanghai2022,outer_fold_6,Agathobacter
within_cohort_shanghai2022,outer_fold_6,Akkermansia
within_cohort_shanghai2022,outer_fold_6,Aliihoeflea
within_cohort_shanghai2022,outer_fold_6,Alistipes
within_cohort_shanghai2022,outer_fold_6,Allisonella
within_cohort_shanghai2022,outer_fold_6,Anaerostipes
within_cohort_shanghai2022,outer_fold_6,Anaerotruncus
within_cohort_shanghai2022,outer_fold_6,Atopobium
within_cohort_shanghai2022,outer_fold_6,Bacteroides
within_cohort_shanghai2022,outer_fold_6,Barnesiella
within_cohort_shanghai2022,outer_fold_6,Bifidobacterium
within_cohort_shanghai2022,outer_fold_6,Bilophila
within_cohort_shanghai2022,outer_fold_6,Blautia
within_cohort_shanghai2022,outer_fold_6,Butyricicoccus
within_cohort_shanghai2022,outer_fold_6,Butyricimonas
within_cohort_shanghai2022,outer_fold_6,CAG-352
within_cohort_shanghai2022,outer_fold_6,CAG-56
within_cohort_shanghai2022,outer_fold_6,Christensenellaceae R-7 group
within_cohort_shanghai2022,outer_fold_6,Clostridium sensu stricto 1
within_cohort_shanghai2022,outer_fold_6,Colidextribacter
within_cohort_shanghai2022,outer_fold_6,Collinsella
within_cohort_shanghai2022,outer_fold_6,Coprococcus
within_cohort_shanghai2022,outer_fold_6,DTU089
within_cohort_shanghai2022,outer_fold_6,Desulfovibrio
within_cohort_shanghai2022,outer_fold_6,Dialister
within_cohort_shanghai2022,outer_fold_6,Dorea
within_cohort_shanghai2022,outer_fold_6,Eggerthella
within_cohort_shanghai2022,outer_fold_6,Eisenbergiella
within_cohort_shanghai2022,outer_fold_6,Enterobacter
within_cohort_shanghai2022,outer_fold_6,Enterococcus
within_cohort_shanghai2022,outer_fold_6,Erysipelatoclostridium
within_cohort_shanghai2022,outer_fold_6,Erysipelotrichaceae UCG-003
within_cohort_shanghai2022,outer_fold_6,Escherichia-Shigella
within_cohort_shanghai2022,outer_fold_6,Eubacterium eligens group
within_cohort_shanghai2022,outer_fold_6,Eubacterium hallii group
within_cohort_shanghai2022,outer_fold_6,Eubacterium ventriosum group
within_cohort_shanghai2022,outer_fold_6,Faecalibacterium
within_cohort_shanghai2022,outer_fold_6,Family XIII AD3011 group
within_cohort_shanghai2022,outer_fold_6,Family XIII UCG-001
within_cohort_shanghai2022,outer_fold_6,Flavonifractor
within_cohort_shanghai2022,outer_fold_6,Frisingicoccus
within_cohort_shanghai2022,outer_fold_6,Fusicatenibacter
within_cohort_shanghai2022,outer_fold_6,Fusobacterium
within_cohort_shanghai2022,outer_fold_6,Gemella
within_cohort_shanghai2022,outer_fold_6,Gordonibacter
within_cohort_shanghai2022,outer_fold_6,Granulicatella
within_cohort_shanghai2022,outer_fold_6,Haemophilus
within_cohort_shanghai2022,outer_fold_6,Halomonas
within_cohort_shanghai2022,outer_fold_6,Holdemania
within_cohort_shanghai2022,outer_fold_6,Hungatella
within_cohort_shanghai2022,outer_fold_6,Incertae Sedis
within_cohort_shanghai2022,outer_fold_6,Intestinibacter
within_cohort_shanghai2022,outer_fold_6,Intestinimonas
within_cohort_shanghai2022,outer_fold_6,Klebsiella
within_cohort_shanghai2022,outer_fold_6,Lachnoclostridium
within_cohort_shanghai2022,outer_fold_6,Lachnospira
within_cohort_shanghai2022,outer_fold_6,Lachnospiraceae ND3007 group
within_cohort_shanghai2022,outer_fold_6,Lachnospiraceae NK4A136 group
within_cohort_shanghai2022,outer_fold_6,Lachnospiraceae UCG-001
within_cohort_shanghai2022,outer_fold_6,Lachnospiraceae UCG-004
within_cohort_shanghai2022,outer_fold_6,Lachnospiraceae UCG-010
within_cohort_shanghai2022,outer_fold_6,Lactobacillus
within_cohort_shanghai2022,outer_fold_6,Ligilactobacillus
within_cohort_shanghai2022,outer_fold_6,Limosilactobacillus
within_cohort_shanghai2022,outer_fold_6,Marvinbryantia
within_cohort_shanghai2022,outer_fold_6,Megamonas
within_cohort_shanghai2022,outer_fold_6,Megasphaera
within_cohort_shanghai2022,outer_fold_6,Mogibacterium
within_cohort_shanghai2022,outer_fold_6,Monoglobus
within_cohort_shanghai2022,outer_fold_6,NK4A214 group
within_cohort_shanghai2022,outer_fold_6,Negativibacillus
within_cohort_shanghai2022,outer_fold_6,Odoribacter
within_cohort_shanghai2022,outer_fold_6,Oscillibacter
within_cohort_shanghai2022,outer_fold_6,Oxalobacter
within_cohort_shanghai2022,outer_fold_6,Parabacteroides
within_cohort_shanghai2022,outer_fold_6,Paraprevotella
within_cohort_shanghai2022,outer_fold_6,Parasutterella
within_cohort_shanghai2022,outer_fold_6,Pelagibacterium
within_cohort_shanghai2022,outer_fold_6,Phascolarctobacterium
within_cohort_shanghai2022,outer_fold_6,Phocea
within_cohort_shanghai2022,outer_fold_6,Prevotella
within_cohort_shanghai2022,outer_fold_6,Prevotella_9
within_cohort_shanghai2022,outer_fold_6,Pseudomonas
within_cohort_shanghai2022,outer_fold_6,Pyramidobacter
within_cohort_shanghai2022,outer_fold_6,Romboutsia
within_cohort_shanghai2022,outer_fold_6,Roseburia
within_cohort_shanghai2022,outer_fold_6,Rothia
within_cohort_shanghai2022,outer_fold_6,Ruminococcus
within_cohort_shanghai2022,outer_fold_6,Ruminococcus gnavus group
within_cohort_shanghai2022,outer_fold_6,Ruminococcus torques group
within_cohort_shanghai2022,outer_fold_6,Solobacterium
within_cohort_shanghai2022,outer_fold_6,Streptococcus
within_cohort_shanghai2022,outer_fold_6,Subdoligranulum
within_cohort_shanghai2022,outer_fold_6,Sutterella
within_cohort_shanghai2022,outer_fold_6,TM7x
within_cohort_shanghai2022,outer_fold_6,Terrisporobacter
within_cohort_shanghai2022,outer_fold_6,Turicibacter
within_cohort_shanghai2022,outer_fold_6,Tyzzerella
within_cohort_shanghai2022,outer_fold_6,UBA1819
within_cohort_shanghai2022,outer_fold_6,UCG-002
within_cohort_shanghai2022,outer_fold_6,UCG-003
within_cohort_shanghai2022,outer_fold_6,UCG-005
within_cohort_shanghai2022,outer_fold_6,Veillonella
within_cohort_shanghai2022,outer_fold_6,[Clostridium] innocuum group
within_cohort_shanghai2022,outer_fold_6,[Eubacterium] fissicatena group
within_cohort_shanghai2022,outer_fold_6,[Eubacterium] nodatum group
within_cohort_shanghai2022,outer_fold_6,[Eubacterium] ruminantium group
within_cohort_shanghai2022,outer_fold_6,[Eubacterium] siraeum group
within_cohort_shanghai2022,outer_fold_6,[Eubacterium] xylanophilum group
within_cohort_shanghai2022,outer_fold_6,[Ruminococcus] gauvreauii group
within_cohort_shanghai2022,outer_fold_7,Abiotrophia
within_cohort_shanghai2022,outer_fold_7,Actinomyces
within_cohort_shanghai2022,outer_fold_7,Adlercreutzia
within_cohort_shanghai2022,outer_fold_7,Agathobacter
within_cohort_shanghai2022,outer_fold_7,Akkermansia
within_cohort_shanghai2022,outer_fold_7,Aliihoeflea
within_cohort_shanghai2022,outer_fold_7,Alistipes
within_cohort_shanghai2022,outer_fold_7,Allisonella
within_cohort_shanghai2022,outer_fold_7,Anaerostipes
within_cohort_shanghai2022,outer_fold_7,Anaerotruncus
within_cohort_shanghai2022,outer_fold_7,Atopobium
within_cohort_shanghai2022,outer_fold_7,Bacteroides
within_cohort_shanghai2022,outer_fold_7,Barnesiella
within_cohort_shanghai2022,outer_fold_7,Bifidobacterium
within_cohort_shanghai2022,outer_fold_7,Bilophila
within_cohort_shanghai2022,outer_fold_7,Blautia
within_cohort_shanghai2022,outer_fold_7,Butyricicoccus
within_cohort_shanghai2022,outer_fold_7,Butyricimonas
within_cohort_shanghai2022,outer_fold_7,CAG-352
within_cohort_shanghai2022,outer_fold_7,CAG-56
within_cohort_shanghai2022,outer_fold_7,Catabacter
within_cohort_shanghai2022,outer_fold_7,Christensenella
within_cohort_shanghai2022,outer_fold_7,Christensenellaceae R-7 group
within_cohort_shanghai2022,outer_fold_7,Clostridium sensu stricto 1
within_cohort_shanghai2022,outer_fold_7,Colidextribacter
within_cohort_shanghai2022,outer_fold_7,Collinsella
within_cohort_shanghai2022,outer_fold_7,Coprococcus
within_cohort_shanghai2022,outer_fold_7,DTU089
within_cohort_shanghai2022,outer_fold_7,Desulfovibrio
within_cohort_shanghai2022,outer_fold_7,Dialister
within_cohort_shanghai2022,outer_fold_7,Dorea
within_cohort_shanghai2022,outer_fold_7,Eggerthella
within_cohort_shanghai2022,outer_fold_7,Eisenbergiella
within_cohort_shanghai2022,outer_fold_7,Enterobacter
within_cohort_shanghai2022,outer_fold_7,Enterococcus
within_cohort_shanghai2022,outer_fold_7,Erysipelatoclostridium
within_cohort_shanghai2022,outer_fold_7,Erysipelotrichaceae UCG-003
within_cohort_shanghai2022,outer_fold_7,Escherichia-Shigella
within_cohort_shanghai2022,outer_fold_7,Eubacterium eligens group
within_cohort_shanghai2022,outer_fold_7,Eubacterium hallii group
within_cohort_shanghai2022,outer_fold_7,Eubacterium ventriosum group
within_cohort_shanghai2022,outer_fold_7,Faecalibacterium
within_cohort_shanghai2022,outer_fold_7,Faecalitalea
within_cohort_shanghai2022,outer_fold_7,Family XIII AD3011 group
within_cohort_shanghai2022,outer_fold_7,Family XIII UCG-001
within_cohort_shanghai2022,outer_fold_7,Flavonifractor
within_cohort_shanghai2022,outer_fold_7,Frisingicoccus
within_cohort_shanghai2022,outer_fold_7,Fusicatenibacter
within_cohort_shanghai2022,outer_fold_7,Fusobacterium
within_cohort_shanghai2022,outer_fold_7,Gemella
within_cohort_shanghai2022,outer_fold_7,Gordonibacter
within_cohort_shanghai2022,outer_fold_7,Granulicatella
within_cohort_shanghai2022,outer_fold_7,Haemophilus
within_cohort_shanghai2022,outer_fold_7,Halomonas
within_cohort_shanghai2022,outer_fold_7,Holdemanella
within_cohort_shanghai2022,outer_fold_7,Holdemania
within_cohort_shanghai2022,outer_fold_7,Hungatella
within_cohort_shanghai2022,outer_fold_7,Incertae Sedis
within_cohort_shanghai2022,outer_fold_7,Intestinibacter
within_cohort_shanghai2022,outer_fold_7,Intestinimonas
within_cohort_shanghai2022,outer_fold_7,Klebsiella
within_cohort_shanghai2022,outer_fold_7,Lachnoclostridium
within_cohort_shanghai2022,outer_fold_7,Lachnospira
within_cohort_shanghai2022,outer_fold_7,Lachnospiraceae ND3007 group
within_cohort_shanghai2022,outer_fold_7,Lachnospiraceae NK4A136 group
within_cohort_shanghai2022,outer_fold_7,Lachnospiraceae UCG-001
within_cohort_shanghai2022,outer_fold_7,Lachnospiraceae UCG-004
within_cohort_shanghai2022,outer_fold_7,Lachnospiraceae UCG-010
within_cohort_shanghai2022,outer_fold_7,Lactobacillus
within_cohort_shanghai2022,outer_fold_7,Ligilactobacillus
within_cohort_shanghai2022,outer_fold_7,Limosilactobacillus
within_cohort_shanghai2022,outer_fold_7,Marvinbryantia
within_cohort_shanghai2022,outer_fold_7,Megamonas
within_cohort_shanghai2022,outer_fold_7,Megasphaera
within_cohort_shanghai2022,outer_fold_7,Mogibacterium
within_cohort_shanghai2022,outer_fold_7,Monoglobus
within_cohort_shanghai2022,outer_fold_7,NK4A214 group
within_cohort_shanghai2022,outer_fold_7,Negativibacillus
within_cohort_shanghai2022,outer_fold_7,Odoribacter
within_cohort_shanghai2022,outer_fold_7,Oscillibacter
within_cohort_shanghai2022,outer_fold_7,Oxalobacter
within_cohort_shanghai2022,outer_fold_7,Parabacteroides
within_cohort_shanghai2022,outer_fold_7,Paraprevotella
within_cohort_shanghai2022,outer_fold_7,Parasutterella
within_cohort_shanghai2022,outer_fold_7,Pelagibacterium
within_cohort_shanghai2022,outer_fold_7,Peptococcus
within_cohort_shanghai2022,outer_fold_7,Phascolarctobacterium
within_cohort_shanghai2022,outer_fold_7,Phocea
within_cohort_shanghai2022,outer_fold_7,Prevotella
within_cohort_shanghai2022,outer_fold_7,Prevotella_9
within_cohort_shanghai2022,outer_fold_7,Pseudomonas
within_cohort_shanghai2022,outer_fold_7,Pyramidobacter
within_cohort_shanghai2022,outer_fold_7,Romboutsia
within_cohort_shanghai2022,outer_fold_7,Roseburia
within_cohort_shanghai2022,outer_fold_7,Rothia
within_cohort_shanghai2022,outer_fold_7,Ruminococcus
within_cohort_shanghai2022,outer_fold_7,Ruminococcus gnavus group
within_cohort_shanghai2022,outer_fold_7,Ruminococcus torques group
within_cohort_shanghai2022,outer_fold_7,Solobacterium
within_cohort_shanghai2022,outer_fold_7,Streptococcus
within_cohort_shanghai2022,outer_fold_7,Subdoligranulum
within_cohort_shanghai2022,outer_fold_7,Sutterella
within_cohort_shanghai2022,outer_fold_7,TM7x
within_cohort_shanghai2022,outer_fold_7,Terrisporobacter
within_cohort_shanghai2022,outer_fold_7,Turicibacter
within_cohort_shanghai2022,outer_fold_7,Tyzzerella
within_cohort_shanghai2022,outer_fold_7,UBA1819
within_cohort_shanghai2022,outer_fold_7,UCG-002
within_cohort_shanghai2022,outer_fold_7,UCG-003
within_cohort_shanghai2022,outer_fold_7,UCG-005
within_cohort_shanghai2022,outer_fold_7,Veillonella
within_cohort_shanghai2022,outer_fold_7,[Clostridium] innocuum group
within_cohort_shanghai2022,outer_fold_7,[Eubacterium] fissicatena group
within_cohort_shanghai2022,outer_fold_7,[Eubacterium] nodatum group
within_cohort_shanghai2022,outer_fold_7,[Eubacterium] ruminantium group
within_cohort_shanghai2022,outer_fold_7,[Eubacterium] siraeum group
within_cohort_shanghai2022,outer_fold_7,[Eubacterium] xylanophilum group
within_cohort_shanghai2022,outer_fold_7,[Ruminococcus] gauvreauii group
within_cohort_shanghai2022,outer_fold_8,Acetanaerobacterium
within_cohort_shanghai2022,outer_fold_8,Actinomyces
within_cohort_shanghai2022,outer_fold_8,Adlercreutzia
within_cohort_shanghai2022,outer_fold_8,Agathobacter
within_cohort_shanghai2022,outer_fold_8,Akkermansia
within_cohort_shanghai2022,outer_fold_8,Aliihoeflea
within_cohort_shanghai2022,outer_fold_8,Alistipes
within_cohort_shanghai2022,outer_fold_8,Allisonella
within_cohort_shanghai2022,outer_fold_8,Anaerostipes
within_cohort_shanghai2022,outer_fold_8,Anaerotruncus
within_cohort_shanghai2022,outer_fold_8,Atopobium
within_cohort_shanghai2022,outer_fold_8,Bacteroides
within_cohort_shanghai2022,outer_fold_8,Barnesiella
within_cohort_shanghai2022,outer_fold_8,Bifidobacterium
within_cohort_shanghai2022,outer_fold_8,Bilophila
within_cohort_shanghai2022,outer_fold_8,Blautia
within_cohort_shanghai2022,outer_fold_8,Butyricicoccus
within_cohort_shanghai2022,outer_fold_8,Butyricimonas
within_cohort_shanghai2022,outer_fold_8,CAG-352
within_cohort_shanghai2022,outer_fold_8,CAG-56
within_cohort_shanghai2022,outer_fold_8,Catabacter
within_cohort_shanghai2022,outer_fold_8,Christensenella
within_cohort_shanghai2022,outer_fold_8,Christensenellaceae R-7 group
within_cohort_shanghai2022,outer_fold_8,Clostridium sensu stricto 1
within_cohort_shanghai2022,outer_fold_8,Colidextribacter
within_cohort_shanghai2022,outer_fold_8,Collinsella
within_cohort_shanghai2022,outer_fold_8,Coprococcus
within_cohort_shanghai2022,outer_fold_8,DTU089
within_cohort_shanghai2022,outer_fold_8,Desulfovibrio
within_cohort_shanghai2022,outer_fold_8,Dialister
within_cohort_shanghai2022,outer_fold_8,Dorea
within_cohort_shanghai2022,outer_fold_8,Eggerthella
within_cohort_shanghai2022,outer_fold_8,Eisenbergiella
within_cohort_shanghai2022,outer_fold_8,Enterobacter
within_cohort_shanghai2022,outer_fold_8,Enterococcus
within_cohort_shanghai2022,outer_fold_8,Erysipelatoclostridium
within_cohort_shanghai2022,outer_fold_8,Erysipelotrichaceae UCG-003
within_cohort_shanghai2022,outer_fold_8,Escherichia-Shigella
within_cohort_shanghai2022,outer_fold_8,Eubacterium brachy group
within_cohort_shanghai2022,outer_fold_8,Eubacterium eligens group
within_cohort_shanghai2022,outer_fold_8,Eubacterium hallii group
within_cohort_shanghai2022,outer_fold_8,Eubacterium ventriosum group
within_cohort_shanghai2022,outer_fold_8,Faecalibacterium
within_cohort_shanghai2022,outer_fold_8,Family XIII AD3011 group
within_cohort_shanghai2022,outer_fold_8,Family XIII UCG-001
within_cohort_shanghai2022,outer_fold_8,Flavonifractor
within_cohort_shanghai2022,outer_fold_8,Frisingicoccus
within_cohort_shanghai2022,outer_fold_8,Fusicatenibacter
within_cohort_shanghai2022,outer_fold_8,Fusobacterium
within_cohort_shanghai2022,outer_fold_8,Gemella
within_cohort_shanghai2022,outer_fold_8,Gordonibacter
within_cohort_shanghai2022,outer_fold_8,Granulicatella
within_cohort_shanghai2022,outer_fold_8,Haemophilus
within_cohort_shanghai2022,outer_fold_8,Halomonas
within_cohort_shanghai2022,outer_fold_8,Holdemanella
within_cohort_shanghai2022,outer_fold_8,Holdemania
within_cohort_shanghai2022,outer_fold_8,Hungatella
within_cohort_shanghai2022,outer_fold_8,Incertae Sedis
within_cohort_shanghai2022,outer_fold_8,Intestinibacter
within_cohort_shanghai2022,outer_fold_8,Intestinimonas
within_cohort_shanghai2022,outer_fold_8,Klebsiella
within_cohort_shanghai2022,outer_fold_8,Lachnoclostridium
within_cohort_shanghai2022,outer_fold_8,Lachnospira
within_cohort_shanghai2022,outer_fold_8,Lachnospiraceae ND3007 group
within_cohort_shanghai2022,outer_fold_8,Lachnospiraceae NK4A136 group
within_cohort_shanghai2022,outer_fold_8,Lachnospiraceae UCG-001
within_cohort_shanghai2022,outer_fold_8,Lachnospiraceae UCG-004
within_cohort_shanghai2022,outer_fold_8,Lachnospiraceae UCG-010
within_cohort_shanghai2022,outer_fold_8,Lactobacillus
within_cohort_shanghai2022,outer_fold_8,Ligilactobacillus
within_cohort_shanghai2022,outer_fold_8,Limosilactobacillus
within_cohort_shanghai2022,outer_fold_8,Marvinbryantia
within_cohort_shanghai2022,outer_fold_8,Megamonas
within_cohort_shanghai2022,outer_fold_8,Megasphaera
within_cohort_shanghai2022,outer_fold_8,Mogibacterium
within_cohort_shanghai2022,outer_fold_8,Monoglobus
within_cohort_shanghai2022,outer_fold_8,NK4A214 group
within_cohort_shanghai2022,outer_fold_8,Negativibacillus
within_cohort_shanghai2022,outer_fold_8,Odoribacter
within_cohort_shanghai2022,outer_fold_8,Oscillibacter
within_cohort_shanghai2022,outer_fold_8,Oxalobacter
within_cohort_shanghai2022,outer_fold_8,Parabacteroides
within_cohort_shanghai2022,outer_fold_8,Paraprevotella
within_cohort_shanghai2022,outer_fold_8,Parasutterella
within_cohort_shanghai2022,outer_fold_8,Pelagibacterium
within_cohort_shanghai2022,outer_fold_8,Peptococcus
within_cohort_shanghai2022,outer_fold_8,Phascolarctobacterium
within_cohort_shanghai2022,outer_fold_8,Phocea
within_cohort_shanghai2022,outer_fold_8,Prevotella
within_cohort_shanghai2022,outer_fold_8,Prevotella_9
within_cohort_shanghai2022,outer_fold_8,Pseudomonas
within_cohort_shanghai2022,outer_fold_8,Pyramidobacter
within_cohort_shanghai2022,outer_fold_8,Romboutsia
within_cohort_shanghai2022,outer_fold_8,Roseburia
within_cohort_shanghai2022,outer_fold_8,Rothia
within_cohort_shanghai2022,outer_fold_8,Ruminococcus
within_cohort_shanghai2022,outer_fold_8,Ruminococcus gnavus group
within_cohort_shanghai2022,outer_fold_8,Ruminococcus torques group
within_cohort_shanghai2022,outer_fold_8,Solobacterium
within_cohort_shanghai2022,outer_fold_8,Streptococcus
within_cohort_shanghai2022,outer_fold_8,Subdoligranulum
within_cohort_shanghai2022,outer_fold_8,Sutterella
within_cohort_shanghai2022,outer_fold_8,TM7x
within_cohort_shanghai2022,outer_fold_8,Terrisporobacter
within_cohort_shanghai2022,outer_fold_8,Turicibacter
within_cohort_shanghai2022,outer_fold_8,Tuzzerella
within_cohort_shanghai2022,outer_fold_8,Tyzzerella
within_cohort_shanghai2022,outer_fold_8,UBA1819
within_cohort_shanghai2022,outer_fold_8,UCG-002
within_cohort_shanghai2022,outer_fold_8,UCG-003
within_cohort_shanghai2022,outer_fold_8,UCG-005
within_cohort_shanghai2022,outer_fold_8,Veillonella
within_cohort_shanghai2022,outer_fold_8,[Clostridium] innocuum group
within_cohort_shanghai2022,outer_fold_8,[Eubacterium] fissicatena group
within_cohort_shanghai2022,outer_fold_8,[Eubacterium] nodatum group
within_cohort_shanghai2022,outer_fold_8,[Eubacterium] ruminantium group
within_cohort_shanghai2022,outer_fold_8,[Eubacterium] siraeum group
within_cohort_shanghai2022,outer_fold_8,[Eubacterium] xylanophilum group
within_cohort_shanghai2022,outer_fold_8,[Ruminococcus] gauvreauii group
within_cohort_shanghai2022,outer_fold_9,Actinomyces
within_cohort_shanghai2022,outer_fold_9,Adlercreutzia
within_cohort_shanghai2022,outer_fold_9,Agathobacter
within_cohort_shanghai2022,outer_fold_9,Akkermansia
within_cohort_shanghai2022,outer_fold_9,Aliihoeflea
within_cohort_shanghai2022,outer_fold_9,Alistipes
within_cohort_shanghai2022,outer_fold_9,Allisonella
within_cohort_shanghai2022,outer_fold_9,Anaerostipes
within_cohort_shanghai2022,outer_fold_9,Anaerotruncus
within_cohort_shanghai2022,outer_fold_9,Atopobium
within_cohort_shanghai2022,outer_fold_9,Bacteroides
within_cohort_shanghai2022,outer_fold_9,Barnesiella
within_cohort_shanghai2022,outer_fold_9,Bifidobacterium
within_cohort_shanghai2022,outer_fold_9,Bilophila
within_cohort_shanghai2022,outer_fold_9,Blautia
within_cohort_shanghai2022,outer_fold_9,Butyricicoccus
within_cohort_shanghai2022,outer_fold_9,Butyricimonas
within_cohort_shanghai2022,outer_fold_9,CAG-352
within_cohort_shanghai2022,outer_fold_9,CAG-56
within_cohort_shanghai2022,outer_fold_9,Candidatus Soleaferrea
within_cohort_shanghai2022,outer_fold_9,Catabacter
within_cohort_shanghai2022,outer_fold_9,Christensenella
within_cohort_shanghai2022,outer_fold_9,Christensenellaceae R-7 group
within_cohort_shanghai2022,outer_fold_9,Clostridium sensu stricto 1
within_cohort_shanghai2022,outer_fold_9,Colidextribacter
within_cohort_shanghai2022,outer_fold_9,Collinsella
within_cohort_shanghai2022,outer_fold_9,Coprococcus
within_cohort_shanghai2022,outer_fold_9,DTU089
within_cohort_shanghai2022,outer_fold_9,Desulfovibrio
within_cohort_shanghai2022,outer_fold_9,Dialister
within_cohort_shanghai2022,outer_fold_9,Dorea
within_cohort_shanghai2022,outer_fold_9,Eggerthella
within_cohort_shanghai2022,outer_fold_9,Eisenbergiella
within_cohort_shanghai2022,outer_fold_9,Enterobacter
within_cohort_shanghai2022,outer_fold_9,Enterococcus
within_cohort_shanghai2022,outer_fold_9,Erysipelatoclostridium
within_cohort_shanghai2022,outer_fold_9,Erysipelotrichaceae UCG-003
within_cohort_shanghai2022,outer_fold_9,Escherichia-Shigella
within_cohort_shanghai2022,outer_fold_9,Eubacterium brachy group
within_cohort_shanghai2022,outer_fold_9,Eubacterium eligens group
within_cohort_shanghai2022,outer_fold_9,Eubacterium hallii group
within_cohort_shanghai2022,outer_fold_9,Eubacterium ventriosum group
within_cohort_shanghai2022,outer_fold_9,Faecalibacterium
within_cohort_shanghai2022,outer_fold_9,Faecalitalea
within_cohort_shanghai2022,outer_fold_9,Family XIII AD3011 group
within_cohort_shanghai2022,outer_fold_9,Family XIII UCG-001
within_cohort_shanghai2022,outer_fold_9,Flavonifractor
within_cohort_shanghai2022,outer_fold_9,Frisingicoccus
within_cohort_shanghai2022,outer_fold_9,Fusicatenibacter
within_cohort_shanghai2022,outer_fold_9,Fusobacterium
within_cohort_shanghai2022,outer_fold_9,Gemella
within_cohort_shanghai2022,outer_fold_9,Gordonibacter
within_cohort_shanghai2022,outer_fold_9,Granulicatella
within_cohort_shanghai2022,outer_fold_9,Haemophilus
within_cohort_shanghai2022,outer_fold_9,Halomonas
within_cohort_shanghai2022,outer_fold_9,Holdemania
within_cohort_shanghai2022,outer_fold_9,Hungatella
within_cohort_shanghai2022,outer_fold_9,Incertae Sedis
within_cohort_shanghai2022,outer_fold_9,Intestinibacter
within_cohort_shanghai2022,outer_fold_9,Intestinimonas
within_cohort_shanghai2022,outer_fold_9,Klebsiella
within_cohort_shanghai2022,outer_fold_9,Lachnoclostridium
within_cohort_shanghai2022,outer_fold_9,Lachnospira
within_cohort_shanghai2022,outer_fold_9,Lachnospiraceae ND3007 group
within_cohort_shanghai2022,outer_fold_9,Lachnospiraceae NK4A136 group
within_cohort_shanghai2022,outer_fold_9,Lachnospiraceae UCG-001
within_cohort_shanghai2022,outer_fold_9,Lachnospiraceae UCG-004
within_cohort_shanghai2022,outer_fold_9,Lachnospiraceae UCG-010
within_cohort_shanghai2022,outer_fold_9,Lactobacillus
within_cohort_shanghai2022,outer_fold_9,Ligilactobacillus
within_cohort_shanghai2022,outer_fold_9,Limosilactobacillus
within_cohort_shanghai2022,outer_fold_9,Marvinbryantia
within_cohort_shanghai2022,outer_fold_9,Megamonas
within_cohort_shanghai2022,outer_fold_9,Megasphaera
within_cohort_shanghai2022,outer_fold_9,Mogibacterium
within_cohort_shanghai2022,outer_fold_9,Monoglobus
within_cohort_shanghai2022,outer_fold_9,NK4A214 group
within_cohort_shanghai2022,outer_fold_9,Negativibacillus
within_cohort_shanghai2022,outer_fold_9,Odoribacter
within_cohort_shanghai2022,outer_fold_9,Oscillibacter
within_cohort_shanghai2022,outer_fold_9,Oxalobacter
within_cohort_shanghai2022,outer_fold_9,Parabacteroides
within_cohort_shanghai2022,outer_fold_9,Paraprevotella
within_cohort_shanghai2022,outer_fold_9,Parasutterella
within_cohort_shanghai2022,outer_fold_9,Pelagibacterium
within_cohort_shanghai2022,outer_fold_9,Phascolarctobacterium
within_cohort_shanghai2022,outer_fold_9,Phocea
within_cohort_shanghai2022,outer_fold_9,Prevotella
within_cohort_shanghai2022,outer_fold_9,Prevotella_9
within_cohort_shanghai2022,outer_fold_9,Pseudomonas
within_cohort_shanghai2022,outer_fold_9,Pyramidobacter
within_cohort_shanghai2022,outer_fold_9,Romboutsia
within_cohort_shanghai2022,outer_fold_9,Roseburia
within_cohort_shanghai2022,outer_fold_9,Rothia
within_cohort_shanghai2022,outer_fold_9,Ruminococcus
within_cohort_shanghai2022,outer_fold_9,Ruminococcus gnavus group
within_cohort_shanghai2022,outer_fold_9,Ruminococcus torques group
within_cohort_shanghai2022,outer_fold_9,Solobacterium
within_cohort_shanghai2022,outer_fold_9,Streptococcus
within_cohort_shanghai2022,outer_fold_9,Subdoligranulum
within_cohort_shanghai2022,outer_fold_9,Sutterella
within_cohort_shanghai2022,outer_fold_9,TM7x
within_cohort_shanghai2022,outer_fold_9,Terrisporobacter
within_cohort_shanghai2022,outer_fold_9,Turicibacter
within_cohort_shanghai2022,outer_fold_9,Tyzzerella
within_cohort_shanghai2022,outer_fold_9,UBA1819
within_cohort_shanghai2022,outer_fold_9,UCG-002
within_cohort_shanghai2022,outer_fold_9,UCG-003
within_cohort_shanghai2022,outer_fold_9,UCG-005
within_cohort_shanghai2022,outer_fold_9,Veillonella
within_cohort_shanghai2022,outer_fold_9,[Clostridium] innocuum group
within_cohort_shanghai2022,outer_fold_9,[Eubacterium] fissicatena group
within_cohort_shanghai2022,outer_fold_9,[Eubacterium] nodatum group
within_cohort_shanghai2022,outer_fold_9,[Eubacterium] ruminantium group
within_cohort_shanghai2022,outer_fold_9,[Eubacterium] siraeum group
within_cohort_shanghai2022,outer_fold_9,[Eubacterium] xylanophilum group
within_cohort_shanghai2022,outer_fold_9,[Ruminococcus] gauvreauii group
within_cohort_kazakhstan2022,outer_fold_0,ADurb.Bin063-1
within_cohort_kazakhstan2022,outer_fold_0,Acidaminococcus
within_cohort_kazakhstan2022,outer_fold_0,Acidibacter
within_cohort_kazakhstan2022,outer_fold_0,Acinetobacter
within_cohort_kazakhstan2022,outer_fold_0,Actinocorallia
within_cohort_kazakhstan2022,outer_fold_0,Actinomyces
within_cohort_kazakhstan2022,outer_fold_0,Adhaeribacter
within_cohort_kazakhstan2022,outer_fold_0,Adlercreutzia
within_cohort_kazakhstan2022,outer_fold_0,Aeromicrobium
within_cohort_kazakhstan2022,outer_fold_0,Aeromonas
within_cohort_kazakhstan2022,outer_fold_0,Agathobacter
within_cohort_kazakhstan2022,outer_fold_0,Agromyces
within_cohort_kazakhstan2022,outer_fold_0,Ahniella
within_cohort_kazakhstan2022,outer_fold_0,Akkermansia
within_cohort_kazakhstan2022,outer_fold_0,Alistipes
within_cohort_kazakhstan2022,outer_fold_0,Alkalicoccus
within_cohort_kazakhstan2022,outer_fold_0,Allisonella
within_cohort_kazakhstan2022,outer_fold_0,Alloprevotella
within_cohort_kazakhstan2022,outer_fold_0,Allorhizobium-Neorhizobium-Pararhizobium-Rhizobium
within_cohort_kazakhstan2022,outer_fold_0,Altererythrobacter
within_cohort_kazakhstan2022,outer_fold_0,Ammoniphilus
within_cohort_kazakhstan2022,outer_fold_0,Anaerobacillus
within_cohort_kazakhstan2022,outer_fold_0,Anaerococcus
within_cohort_kazakhstan2022,outer_fold_0,Anaerofilum
within_cohort_kazakhstan2022,outer_fold_0,Anaerofustis
within_cohort_kazakhstan2022,outer_fold_0,Anaerostipes
within_cohort_kazakhstan2022,outer_fold_0,Anaerotruncus
within_cohort_kazakhstan2022,outer_fold_0,Angelakisella
within_cohort_kazakhstan2022,outer_fold_0,Aquicella
within_cohort_kazakhstan2022,outer_fold_0,Archangium
within_cohort_kazakhstan2022,outer_fold_0,Arenimonas
within_cohort_kazakhstan2022,outer_fold_0,Aridibacter
within_cohort_kazakhstan2022,outer_fold_0,Asteroleplasma
within_cohort_kazakhstan2022,outer_fold_0,Atopobium
within_cohort_kazakhstan2022,outer_fold_0,Aurantisolimonas
within_cohort_kazakhstan2022,outer_fold_0,Azoarcus
within_cohort_kazakhstan2022,outer_fold_0,BD1-7 clade
within_cohort_kazakhstan2022,outer_fold_0,BIyi10
within_cohort_kazakhstan2022,outer_fold_0,Bacillus
within_cohort_kazakhstan2022,outer_fold_0,Bacteroides
within_cohort_kazakhstan2022,outer_fold_0,Barnesiella
within_cohort_kazakhstan2022,outer_fold_0,Bauldia
within_cohort_kazakhstan2022,outer_fold_0,Bdellovibrio
within_cohort_kazakhstan2022,outer_fold_0,Bifidobacterium
within_cohort_kazakhstan2022,outer_fold_0,Bilophila
within_cohort_kazakhstan2022,outer_fold_0,Blastococcus
within_cohort_kazakhstan2022,outer_fold_0,Blautia
within_cohort_kazakhstan2022,outer_fold_0,Brevundimonas
within_cohort_kazakhstan2022,outer_fold_0,Bryobacter
within_cohort_kazakhstan2022,outer_fold_0,Butyricicoccus
within_cohort_kazakhstan2022,outer_fold_0,Butyricimonas
within_cohort_kazakhstan2022,outer_fold_0,CAG-352
within_cohort_kazakhstan2022,outer_fold_0,CAG-56
within_cohort_kazakhstan2022,outer_fold_0,CAG-873
within_cohort_kazakhstan2022,outer_fold_0,CHKCI002
within_cohort_kazakhstan2022,outer_fold_0,CL500-29 marine group
within_cohort_kazakhstan2022,outer_fold_0,Caenimonas
within_cohort_kazakhstan2022,outer_fold_0,Candidatus Entotheonella
within_cohort_kazakhstan2022,outer_fold_0,Candidatus Nitrocosmicus
within_cohort_kazakhstan2022,outer_fold_0,Candidatus Nitrososphaera
within_cohort_kazakhstan2022,outer_fold_0,Candidatus Soleaferrea
within_cohort_kazakhstan2022,outer_fold_0,Candidatus Solibacter
within_cohort_kazakhstan2022,outer_fold_0,Candidatus Udaeobacter
within_cohort_kazakhstan2022,outer_fold_0,Castellaniella
within_cohort_kazakhstan2022,outer_fold_0,Catenibacillus
within_cohort_kazakhstan2022,outer_fold_0,Catenibacterium
within_cohort_kazakhstan2022,outer_fold_0,Catenisphaera
within_cohort_kazakhstan2022,outer_fold_0,Caulobacter
within_cohort_kazakhstan2022,outer_fold_0,Cellvibrio
within_cohort_kazakhstan2022,outer_fold_0,Chitinophaga
within_cohort_kazakhstan2022,outer_fold_0,Christensenella
within_cohort_kazakhstan2022,outer_fold_0,Christensenellaceae R-7 group
within_cohort_kazakhstan2022,outer_fold_0,Chryseolinea
within_cohort_kazakhstan2022,outer_fold_0,Chthoniobacter
within_cohort_kazakhstan2022,outer_fold_0,Citrifermentans
within_cohort_kazakhstan2022,outer_fold_0,Citrobacter
within_cohort_kazakhstan2022,outer_fold_0,Cloacibacillus
within_cohort_kazakhstan2022,outer_fold_0,Clostridium sensu stricto 1
within_cohort_kazakhstan2022,outer_fold_0,Colidextribacter
within_cohort_kazakhstan2022,outer_fold_0,Collinsella
within_cohort_kazakhstan2022,outer_fold_0,Comamonas
within_cohort_kazakhstan2022,outer_fold_0,Coprobacillus
within_cohort_kazakhstan2022,outer_fold_0,Coprobacter
within_cohort_kazakhstan2022,outer_fold_0,Coprococcus
within_cohort_kazakhstan2022,outer_fold_0,Coriobacteriaceae UCG-003
within_cohort_kazakhstan2022,outer_fold_0,Corynebacterium
within_cohort_kazakhstan2022,outer_fold_0,Cutibacterium
within_cohort_kazakhstan2022,outer_fold_0,DTU089
within_cohort_kazakhstan2022,outer_fold_0,Dactylosporangium
within_cohort_kazakhstan2022,outer_fold_0,Defluviitaleaceae UCG-011
within_cohort_kazakhstan2022,outer_fold_0,Desulfovibrio
within_cohort_kazakhstan2022,outer_fold_0,Dethiobacter
within_cohort_kazakhstan2022,outer_fold_0,Dialister
within_cohort_kazakhstan2022,outer_fold_0,Diaphorobacter
within_cohort_kazakhstan2022,outer_fold_0,Dielma
within_cohort_kazakhstan2022,outer_fold_0,Dinghuibacter
within_cohort_kazakhstan2022,outer_fold_0,Dokdonella
within_cohort_kazakhstan2022,outer_fold_0,Dongia
within_cohort_kazakhstan2022,outer_fold_0,Dorea
within_cohort_kazakhstan2022,outer_fold_0,Edaphobaculum
within_cohort_kazakhstan2022,outer_fold_0,Eggerthella
within_cohort_kazakhstan2022,outer_fold_0,Eisenbergiella
within_cohort_kazakhstan2022,outer_fold_0,Ellin6055
within_cohort_kazakhstan2022,outer_fold_0,Ellin6067
within_cohort_kazakhstan2022,outer_fold_0,Elusimicrobium
within_cohort_kazakhstan2022,outer_fold_0,Enterococcus
within_cohort_kazakhstan2022,outer_fold_0,Enterorhabdus
within_cohort_kazakhstan2022,outer_fold_0,Enteroscipio
within_cohort_kazakhstan2022,outer_fold_0,Epulopiscium
within_cohort_kazakhstan2022,outer_fold_0,Erysipelatoclostridium
within_cohort_kazakhstan2022,outer_fold_0,Erysipelotrichaceae UCG-003
within_cohort_kazakhstan2022,outer_fold_0,Erysipelotrichaceae UCG-006
within_cohort_kazakhstan2022,outer_fold_0,Escherichia-Shigella
within_cohort_kazakhstan2022,outer_fold_0,Eubacterium
within_cohort_kazakhstan2022,outer_fold_0,Eubacterium brachy group
within_cohort_kazakhstan2022,outer_fold_0,Eubacterium eligens group
within_cohort_kazakhstan2022,outer_fold_0,Eubacterium hallii group
within_cohort_kazakhstan2022,outer_fold_0,Eubacterium ventriosum group
within_cohort_kazakhstan2022,outer_fold_0,Ezakiella
within_cohort_kazakhstan2022,outer_fold_0,Faecalibacterium
within_cohort_kazakhstan2022,outer_fold_0,Faecalibaculum
within_cohort_kazakhstan2022,outer_fold_0,Family XIII AD3011 group
within_cohort_kazakhstan2022,outer_fold_0,Family XIII UCG-001
within_cohort_kazakhstan2022,outer_fold_0,Fenollaria
within_cohort_kazakhstan2022,outer_fold_0,Ferruginibacter
within_cohort_kazakhstan2022,outer_fold_0,Finegoldia
within_cohort_kazakhstan2022,outer_fold_0,Flaviaesturariibacter
within_cohort_kazakhstan2022,outer_fold_0,Flavisolibacter
within_cohort_kazakhstan2022,outer_fold_0,Flavitalea
within_cohort_kazakhstan2022,outer_fold_0,Flavobacterium
within_cohort_kazakhstan2022,outer_fold_0,Flavonifractor
within_cohort_kazakhstan2022,outer_fold_0,Fluviicola
within_cohort_kazakhstan2022,outer_fold_0,Fournierella
within_cohort_kazakhstan2022,outer_fold_0,Frisingicoccus
within_cohort_kazakhstan2022,outer_fold_0,Fusicatenibacter
within_cohort_kazakhstan2022,outer_fold_0,Fusobacterium
within_cohort_kazakhstan2022,outer_fold_0,GCA-900066575
within_cohort_kazakhstan2022,outer_fold_0,GCA-900066755
within_cohort_kazakhstan2022,outer_fold_0,Gaiella
within_cohort_kazakhstan2022,outer_fold_0,Gemella
within_cohort_kazakhstan2022,outer_fold_0,Gemmatimonas
within_cohort_kazakhstan2022,outer_fold_0,Gordonibacter
within_cohort_kazakhstan2022,outer_fold_0,HT002
within_cohort_kazakhstan2022,outer_fold_0,Haemophilus
within_cohort_kazakhstan2022,outer_fold_0,Haliangium
within_cohort_kazakhstan2022,outer_fold_0,Harryflintia
within_cohort_kazakhstan2022,outer_fold_0,Hassallia
within_cohort_kazakhstan2022,outer_fold_0,Helicobacter
within_cohort_kazakhstan2022,outer_fold_0,Hirschia
within_cohort_kazakhstan2022,outer_fold_0,Holdemanella
within_cohort_kazakhstan2022,outer_fold_0,Holdemania
within_cohort_kazakhstan2022,outer_fold_0,Howardella
within_cohort_kazakhstan2022,outer_fold_0,Hungatella
within_cohort_kazakhstan2022,outer_fold_0,Hyphomicrobium
within_cohort_kazakhstan2022,outer_fold_0,IS-44
within_cohort_kazakhstan2022,outer_fold_0,Iamia
within_cohort_kazakhstan2022,outer_fold_0,Ilumatobacter
within_cohort_kazakhstan2022,outer_fold_0,Incertae Sedis
within_cohort_kazakhstan2022,outer_fold_0,Intestinibacter
within_cohort_kazakhstan2022,outer_fold_0,Intestinimonas
within_cohort_kazakhstan2022,outer_fold_0,JGI 0001001-H03
within_cohort_kazakhstan2022,outer_fold_0,Klebsiella
within_cohort_kazakhstan2022,outer_fold_0,Kribbella
within_cohort_kazakhstan2022,outer_fold_0,Lachnoclostridium
within_cohort_kazakhstan2022,outer_fold_0,Lachnospira
within_cohort_kazakhstan2022,outer_fold_0,Lachnospiraceae FCS020 group
within_cohort_kazakhstan2022,outer_fold_0,Lachnospiraceae NC2004 group
within_cohort_kazakhstan2022,outer_fold_0,Lachnospiraceae ND3007 group
within_cohort_kazakhstan2022,outer_fold_0,Lachnospiraceae NK3A20 group
within_cohort_kazakhstan2022,outer_fold_0,Lachnospiraceae NK4A136 group
within_cohort_kazakhstan2022,outer_fold_0,Lachnospiraceae UCG-003
within_cohort_kazakhstan2022,outer_fold_0,Lachnospiraceae UCG-004
within_cohort_kazakhstan2022,outer_fold_0,Lachnospiraceae UCG-006
within_cohort_kazakhstan2022,outer_fold_0,Lachnospiraceae UCG-010
within_cohort_kazakhstan2022,outer_fold_0,Lacibacter
within_cohort_kazakhstan2022,outer_fold_0,Lacticaseibacillus
within_cohort_kazakhstan2022,outer_fold_0,Lactiplantibacillus
within_cohort_kazakhstan2022,outer_fold_0,Lactobacillus
within_cohort_kazakhstan2022,outer_fold_0,Lactococcus
within_cohort_kazakhstan2022,outer_fold_0,Lactonifactor
within_cohort_kazakhstan2022,outer_fold_0,Lacunisphaera
within_cohort_kazakhstan2022,outer_fold_0,Latilactobacillus
within_cohort_kazakhstan2022,outer_fold_0,Lechevalieria
within_cohort_kazakhstan2022,outer_fold_0,Levilactobacillus
within_cohort_kazakhstan2022,outer_fold_0,Libanicoccus
within_cohort_kazakhstan2022,outer_fold_0,Ligilactobacillus
within_cohort_kazakhstan2022,outer_fold_0,Limosilactobacillus
within_cohort_kazakhstan2022,outer_fold_0,Longimicrobium
within_cohort_kazakhstan2022,outer_fold_0,Luedemannella
within_cohort_kazakhstan2022,outer_fold_0,Luteolibacter
within_cohort_kazakhstan2022,outer_fold_0,Lysinibacillus
within_cohort_kazakhstan2022,outer_fold_0,Lysobacter
within_cohort_kazakhstan2022,outer_fold_0,MND1
within_cohort_kazakhstan2022,outer_fold_0,Marmoricola
within_cohort_kazakhstan2022,outer_fold_0,Marvinbryantia
within_cohort_kazakhstan2022,outer_fold_0,Megamonas
within_cohort_kazakhstan2022,outer_fold_0,Megasphaera
within_cohort_kazakhstan2022,outer_fold_0,Merdibacter
within_cohort_kazakhstan2022,outer_fold_0,Mesorhizobium
within_cohort_kazakhstan2022,outer_fold_0,Methanobrevibacter
within_cohort_kazakhstan2022,outer_fold_0,Methyloceanibacter
within_cohort_kazakhstan2022,outer_fold_0,Methylotenera
within_cohort_kazakhstan2022,outer_fold_0,Microbacterium
within_cohort_kazakhstan2022,outer_fold_0,Microlunatus
within_cohort_kazakhstan2022,outer_fold_0,Microvirga
within_cohort_kazakhstan2022,outer_fold_0,Mitsuokella
within_cohort_kazakhstan2022,outer_fold_0,Mogibacterium
within_cohort_kazakhstan2022,outer_fold_0,Monoglobus
within_cohort_kazakhstan2022,outer_fold_0,Muribaculum
within_cohort_kazakhstan2022,outer_fold_0,Mycobacterium
within_cohort_kazakhstan2022,outer_fold_0,NK4A214 group
within_cohort_kazakhstan2022,outer_fold_0,Nannocystis
within_cohort_kazakhstan2022,outer_fold_0,Negativibacillus
within_cohort_kazakhstan2022,outer_fold_0,Niastella
within_cohort_kazakhstan2022,outer_fold_0,Nitrolancea
within_cohort_kazakhstan2022,outer_fold_0,Nitrosococcus
within_cohort_kazakhstan2022,outer_fold_0,Nitrosospira
within_cohort_kazakhstan2022,outer_fold_0,Nitrospira
within_cohort_kazakhstan2022,outer_fold_0,Nocardioides
within_cohort_kazakhstan2022,outer_fold_0,Nonomuraea
within_cohort_kazakhstan2022,outer_fold_0,Nordella
within_cohort_kazakhstan2022,outer_fold_0,OLB17
within_cohort_kazakhstan2022,outer_fold_0,OM27 clade
within_cohort_kazakhstan2022,outer_fold_0,Odoribacter
within_cohort_kazakhstan2022,outer_fold_0,Ohtaekwangia
within_cohort_kazakhstan2022,outer_fold_0,Olsenella
within_cohort_kazakhstan2022,outer_fold_0,Opitutus
within_cohort_kazakhstan2022,outer_fold_0,Oribacterium
within_cohort_kazakhstan2022,outer_fold_0,Oscillibacter
within_cohort_kazakhstan2022,outer_fold_0,Oscillospira
within_cohort_kazakhstan2022,outer_fold_0,Oxalobacter
within_cohort_kazakhstan2022,outer_fold_0,P3OB-42
within_cohort_kazakhstan2022,outer_fold_0,Paenibacillus
within_cohort_kazakhstan2022,outer_fold_0,Paeniclostridium
within_cohort_kazakhstan2022,outer_fold_0,Paenisporosarcina
within_cohort_kazakhstan2022,outer_fold_0,Pajaroellobacter
within_cohort_kazakhstan2022,outer_fold_0,Paludicola
within_cohort_kazakhstan2022,outer_fold_0,Papillibacter
within_cohort_kazakhstan2022,outer_fold_0,Parabacteroides
within_cohort_kazakhstan2022,outer_fold_0,Paracoccus
within_cohort_kazakhstan2022,outer_fold_0,Paraprevotella
within_cohort_kazakhstan2022,outer_fold_0,Parapusillimonas
within_cohort_kazakhstan2022,outer_fold_0,Parasutterella
within_cohort_kazakhstan2022,outer_fold_0,Parvimonas
within_cohort_kazakhstan2022,outer_fold_0,Pedobacter
within_cohort_kazakhstan2022,outer_fold_0,Pedomicrobium
within_cohort_kazakhstan2022,outer_fold_0,Peptococcus
within_cohort_kazakhstan2022,outer_fold_0,Peptoniphilus
within_cohort_kazakhstan2022,outer_fold_0,Peptostreptococcus
within_cohort_kazakhstan2022,outer_fold_0,Peredibacter
within_cohort_kazakhstan2022,outer_fold_0,Phascolarctobacterium
within_cohort_kazakhstan2022,outer_fold_0,Phaselicystis
within_cohort_kazakhstan2022,outer_fold_0,Phenylobacterium
within_cohort_kazakhstan2022,outer_fold_0,Phocea
within_cohort_kazakhstan2022,outer_fold_0,Polaromonas
within_cohort_kazakhstan2022,outer_fold_0,Polyangium
within_cohort_kazakhstan2022,outer_fold_0,Polycyclovorans
within_cohort_kazakhstan2022,outer_fold_0,Pontibacter
within_cohort_kazakhstan2022,outer_fold_0,Porphyromonas
within_cohort_kazakhstan2022,outer_fold_0,Prevotella
within_cohort_kazakhstan2022,outer_fold_0,Prevotella_7
within_cohort_kazakhstan2022,outer_fold_0,Prevotella_9
within_cohort_kazakhstan2022,outer_fold_0,Prevotellaceae NK3B31 group
within_cohort_kazakhstan2022,outer_fold_0,Prevotellaceae UCG-001
within_cohort_kazakhstan2022,outer_fold_0,Prevotellaceae UCG-003
within_cohort_kazakhstan2022,outer_fold_0,Pseudenhygromyxa
within_cohort_kazakhstan2022,outer_fold_0,Pseudoduganella
within_cohort_kazakhstan2022,outer_fold_0,Pseudoflavonifractor
within_cohort_kazakhstan2022,outer_fold_0,Pseudolabrys
within_cohort_kazakhstan2022,outer_fold_0,Pseudomonas
within_cohort_kazakhstan2022,outer_fold_0,Pseudonocardia
within_cohort_kazakhstan2022,outer_fold_0,Pseudorhodoplanes
within_cohort_kazakhstan2022,outer_fold_0,Pseudoxanthomonas
within_cohort_kazakhstan2022,outer_fold_0,Psychrobacillus
within_cohort_kazakhstan2022,outer_fold_0,Puia
within_cohort_kazakhstan2022,outer_fold_0,Pyramidobacter
within_cohort_kazakhstan2022,outer_fold_0,RB41
within_cohort_kazakhstan2022,outer_fold_0,Ramlibacter
within_cohort_kazakhstan2022,outer_fold_0,Raoultibacter
within_cohort_kazakhstan2022,outer_fold_0,Reyranella
within_cohort_kazakhstan2022,outer_fold_0,Rhizobacter
within_cohort_kazakhstan2022,outer_fold_0,Rhizocola
within_cohort_kazakhstan2022,outer_fold_0,Rhodococcus
within_cohort_kazakhstan2022,outer_fold_0,Rhodomicrobium
within_cohort_kazakhstan2022,outer_fold_0,Rhodoplanes
within_cohort_kazakhstan2022,outer_fold_0,Rikenellaceae RC9 gut group
within_cohort_kazakhstan2022,outer_fold_0,Romboutsia
within_cohort_kazakhstan2022,outer_fold_0,Roseburia
within_cohort_kazakhstan2022,outer_fold_0,Roseimicrobium
within_cohort_kazakhstan2022,outer_fold_0,Rothia
within_cohort_kazakhstan2022,outer_fold_0,Rubrobacter
within_cohort_kazakhstan2022,outer_fold_0,Ruminococcus
within_cohort_kazakhstan2022,outer_fold_0,Ruminococcus gnavus group
within_cohort_kazakhstan2022,outer_fold_0,Ruminococcus torques group
within_cohort_kazakhstan2022,outer_fold_0,SWB02
within_cohort_kazakhstan2022,outer_fold_0,Salipaludibacillus
within_cohort_kazakhstan2022,outer_fold_0,Salmonella
within_cohort_kazakhstan2022,outer_fold_0,Sandaracinus
within_cohort_kazakhstan2022,outer_fold_0,Sanguibacteroides
within_cohort_kazakhstan2022,outer_fold_0,Sarcina
within_cohort_kazakhstan2022,outer_fold_0,Sellimonas
within_cohort_kazakhstan2022,outer_fold_0,Senegalimassilia
within_cohort_kazakhstan2022,outer_fold_0,Serratia
within_cohort_kazakhstan2022,outer_fold_0,Shuttleworthia
within_cohort_kazakhstan2022,outer_fold_0,Skermanella
within_cohort_kazakhstan2022,outer_fold_0,Slackia
within_cohort_kazakhstan2022,outer_fold_0,Sneathia
within_cohort_kazakhstan2022,outer_fold_0,Solirubrobacter
within_cohort_kazakhstan2022,outer_fold_0,Solitalea
within_cohort_kazakhstan2022,outer_fold_0,Solobacterium
within_cohort_kazakhstan2022,outer_fold_0,Sphingomonas
within_cohort_kazakhstan2022,outer_fold_0,Sporosarcina
within_cohort_kazakhstan2022,outer_fold_0,Staphylococcus
within_cohort_kazakhstan2022,outer_fold_0,Stenotrophobacter
within_cohort_kazakhstan2022,outer_fold_0,Steroidobacter
within_cohort_kazakhstan2022,outer_fold_0,Streptococcus
within_cohort_kazakhstan2022,outer_fold_0,Streptomyces
within_cohort_kazakhstan2022,outer_fold_0,Subdoligranulum
within_cohort_kazakhstan2022,outer_fold_0,Subgroup 10
within_cohort_kazakhstan2022,outer_fold_0,Succinivibrio
within_cohort_kazakhstan2022,outer_fold_0,Sulfurifustis
within_cohort_kazakhstan2022,outer_fold_0,Sumerlaea
within_cohort_kazakhstan2022,outer_fold_0,Sutterella
within_cohort_kazakhstan2022,outer_fold_0,TM7x
within_cohort_kazakhstan2022,outer_fold_0,Taibaiella
within_cohort_kazakhstan2022,outer_fold_0,Terrimonas
within_cohort_kazakhstan2022,outer_fold_0,Truepera
within_cohort_kazakhstan2022,outer_fold_0,Tumebacillus
within_cohort_kazakhstan2022,outer_fold_0,Turicibacter
within_cohort_kazakhstan2022,outer_fold_0,Tuzzerella
within_cohort_kazakhstan2022,outer_fold_0,Tyzzerella
within_cohort_kazakhstan2022,outer_fold_0,UBA1819
within_cohort_kazakhstan2022,outer_fold_0,UC5-1-2E3
within_cohort_kazakhstan2022,outer_fold_0,UCG-002
within_cohort_kazakhstan2022,outer_fold_0,UCG-003
within_cohort_kazakhstan2022,outer_fold_0,UCG-004
within_cohort_kazakhstan2022,outer_fold_0,UCG-005
within_cohort_kazakhstan2022,outer_fold_0,UCG-007
within_cohort_kazakhstan2022,outer_fold_0,UCG-009
within_cohort_kazakhstan2022,outer_fold_0,UTCFX1
within_cohort_kazakhstan2022,outer_fold_0,V9D2013 group
within_cohort_kazakhstan2022,outer_fold_0,Veillonella
within_cohort_kazakhstan2022,outer_fold_0,Vicinamibacter
within_cohort_kazakhstan2022,outer_fold_0,Victivallis
within_cohort_kazakhstan2022,outer_fold_0,Virgisporangium
within_cohort_kazakhstan2022,outer_fold_0,Weissella
within_cohort_kazakhstan2022,outer_fold_0,Woeseia
within_cohort_kazakhstan2022,outer_fold_0,YC-ZSS-LKJ147
within_cohort_kazakhstan2022,outer_fold_0,Z20
within_cohort_kazakhstan2022,outer_fold_0,[Bacteroides] pectinophilus group
within_cohort_kazakhstan2022,outer_fold_0,[Clostridium] innocuum group
within_cohort_kazakhstan2022,outer_fold_0,[Eubacterium] fissicatena group
within_cohort_kazakhstan2022,outer_fold_0,[Eubacterium] nodatum group
within_cohort_kazakhstan2022,outer_fold_0,[Eubacterium] ruminantium group
within_cohort_kazakhstan2022,outer_fold_0,[Eubacterium] siraeum group
within_cohort_kazakhstan2022,outer_fold_0,[Eubacterium] tenue group
within_cohort_kazakhstan2022,outer_fold_0,[Eubacterium] xylanophilum group
within_cohort_kazakhstan2022,outer_fold_0,[Ruminococcus] gauvreauii group
within_cohort_kazakhstan2022,outer_fold_0,mle1-7
within_cohort_kazakhstan2022,outer_fold_0,wb1-A12
within_cohort_kazakhstan2022,outer_fold_0,wb1-P19
within_cohort_kazakhstan2022,outer_fold_1,ADurb.Bin063-1
within_cohort_kazakhstan2022,outer_fold_1,Acidaminococcus
within_cohort_kazakhstan2022,outer_fold_1,Acidibacter
within_cohort_kazakhstan2022,outer_fold_1,Acinetobacter
within_cohort_kazakhstan2022,outer_fold_1,Actinocorallia
within_cohort_kazakhstan2022,outer_fold_1,Actinomyces
within_cohort_kazakhstan2022,outer_fold_1,Adhaeribacter
within_cohort_kazakhstan2022,outer_fold_1,Adlercreutzia
within_cohort_kazakhstan2022,outer_fold_1,Aeromicrobium
within_cohort_kazakhstan2022,outer_fold_1,Aeromonas
within_cohort_kazakhstan2022,outer_fold_1,Agathobacter
within_cohort_kazakhstan2022,outer_fold_1,Agromyces
within_cohort_kazakhstan2022,outer_fold_1,Ahniella
within_cohort_kazakhstan2022,outer_fold_1,Akkermansia
within_cohort_kazakhstan2022,outer_fold_1,Alistipes
within_cohort_kazakhstan2022,outer_fold_1,Alkalicoccus
within_cohort_kazakhstan2022,outer_fold_1,Allisonella
within_cohort_kazakhstan2022,outer_fold_1,Alloprevotella
within_cohort_kazakhstan2022,outer_fold_1,Allorhizobium-Neorhizobium-Pararhizobium-Rhizobium
within_cohort_kazakhstan2022,outer_fold_1,Altererythrobacter
within_cohort_kazakhstan2022,outer_fold_1,Ammoniphilus
within_cohort_kazakhstan2022,outer_fold_1,Anaerobacillus
within_cohort_kazakhstan2022,outer_fold_1,Anaerococcus
within_cohort_kazakhstan2022,outer_fold_1,Anaerofilum
within_cohort_kazakhstan2022,outer_fold_1,Anaerofustis
within_cohort_kazakhstan2022,outer_fold_1,Anaerostipes
within_cohort_kazakhstan2022,outer_fold_1,Anaerotruncus
within_cohort_kazakhstan2022,outer_fold_1,Angelakisella
within_cohort_kazakhstan2022,outer_fold_1,Aquicella
within_cohort_kazakhstan2022,outer_fold_1,Archangium
within_cohort_kazakhstan2022,outer_fold_1,Arenimonas
within_cohort_kazakhstan2022,outer_fold_1,Aridibacter
within_cohort_kazakhstan2022,outer_fold_1,Asteroleplasma
within_cohort_kazakhstan2022,outer_fold_1,Atopobium
within_cohort_kazakhstan2022,outer_fold_1,Azoarcus
within_cohort_kazakhstan2022,outer_fold_1,BD1-7 clade
within_cohort_kazakhstan2022,outer_fold_1,BIyi10
within_cohort_kazakhstan2022,outer_fold_1,Bacillus
within_cohort_kazakhstan2022,outer_fold_1,Bacteroides
within_cohort_kazakhstan2022,outer_fold_1,Barnesiella
within_cohort_kazakhstan2022,outer_fold_1,Bauldia
within_cohort_kazakhstan2022,outer_fold_1,Bdellovibrio
within_cohort_kazakhstan2022,outer_fold_1,Bifidobacterium
within_cohort_kazakhstan2022,outer_fold_1,Bilophila
within_cohort_kazakhstan2022,outer_fold_1,Blastococcus
within_cohort_kazakhstan2022,outer_fold_1,Blautia
within_cohort_kazakhstan2022,outer_fold_1,Brevundimonas
within_cohort_kazakhstan2022,outer_fold_1,Bryobacter
within_cohort_kazakhstan2022,outer_fold_1,Butyricicoccus
within_cohort_kazakhstan2022,outer_fold_1,Butyricimonas
within_cohort_kazakhstan2022,outer_fold_1,CAG-352
within_cohort_kazakhstan2022,outer_fold_1,CAG-56
within_cohort_kazakhstan2022,outer_fold_1,CAG-873
within_cohort_kazakhstan2022,outer_fold_1,CHKCI002
within_cohort_kazakhstan2022,outer_fold_1,CL500-29 marine group
within_cohort_kazakhstan2022,outer_fold_1,Caenimonas
within_cohort_kazakhstan2022,outer_fold_1,Campylobacter
within_cohort_kazakhstan2022,outer_fold_1,Candidatus Entotheonella
within_cohort_kazakhstan2022,outer_fold_1,Candidatus Nitrocosmicus
within_cohort_kazakhstan2022,outer_fold_1,Candidatus Nitrososphaera
within_cohort_kazakhstan2022,outer_fold_1,Candidatus Soleaferrea
within_cohort_kazakhstan2022,outer_fold_1,Candidatus Solibacter
within_cohort_kazakhstan2022,outer_fold_1,Candidatus Udaeobacter
within_cohort_kazakhstan2022,outer_fold_1,Castellaniella
within_cohort_kazakhstan2022,outer_fold_1,Catenibacillus
within_cohort_kazakhstan2022,outer_fold_1,Catenibacterium
within_cohort_kazakhstan2022,outer_fold_1,Catenisphaera
within_cohort_kazakhstan2022,outer_fold_1,Caulobacter
within_cohort_kazakhstan2022,outer_fold_1,Chitinophaga
within_cohort_kazakhstan2022,outer_fold_1,Christensenella
within_cohort_kazakhstan2022,outer_fold_1,Christensenellaceae R-7 group
within_cohort_kazakhstan2022,outer_fold_1,Chryseolinea
within_cohort_kazakhstan2022,outer_fold_1,Chthoniobacter
within_cohort_kazakhstan2022,outer_fold_1,Citrifermentans
within_cohort_kazakhstan2022,outer_fold_1,Citrobacter
within_cohort_kazakhstan2022,outer_fold_1,Cloacibacillus
within_cohort_kazakhstan2022,outer_fold_1,Clostridium sensu stricto 1
within_cohort_kazakhstan2022,outer_fold_1,Colidextribacter
within_cohort_kazakhstan2022,outer_fold_1,Collinsella
within_cohort_kazakhstan2022,outer_fold_1,Comamonas
within_cohort_kazakhstan2022,outer_fold_1,Coprobacillus
within_cohort_kazakhstan2022,outer_fold_1,Coprobacter
within_cohort_kazakhstan2022,outer_fold_1,Coprococcus
within_cohort_kazakhstan2022,outer_fold_1,Coriobacteriaceae UCG-003
within_cohort_kazakhstan2022,outer_fold_1,Corynebacterium
within_cohort_kazakhstan2022,outer_fold_1,Cutibacterium
within_cohort_kazakhstan2022,outer_fold_1,DTU089
within_cohort_kazakhstan2022,outer_fold_1,Dactylosporangium
within_cohort_kazakhstan2022,outer_fold_1,Defluviitaleaceae UCG-011
within_cohort_kazakhstan2022,outer_fold_1,Desulfovibrio
within_cohort_kazakhstan2022,outer_fold_1,Dethiobacter
within_cohort_kazakhstan2022,outer_fold_1,Dialister
within_cohort_kazakhstan2022,outer_fold_1,Diaphorobacter
within_cohort_kazakhstan2022,outer_fold_1,Dielma
within_cohort_kazakhstan2022,outer_fold_1,Dinghuibacter
within_cohort_kazakhstan2022,outer_fold_1,Dokdonella
within_cohort_kazakhstan2022,outer_fold_1,Dongia
within_cohort_kazakhstan2022,outer_fold_1,Dorea
within_cohort_kazakhstan2022,outer_fold_1,Edaphobaculum
within_cohort_kazakhstan2022,outer_fold_1,Eggerthella
within_cohort_kazakhstan2022,outer_fold_1,Eisenbergiella
within_cohort_kazakhstan2022,outer_fold_1,Ellin6055
within_cohort_kazakhstan2022,outer_fold_1,Ellin6067
within_cohort_kazakhstan2022,outer_fold_1,Elusimicrobium
within_cohort_kazakhstan2022,outer_fold_1,Enterococcus
within_cohort_kazakhstan2022,outer_fold_1,Enterorhabdus
within_cohort_kazakhstan2022,outer_fold_1,Enteroscipio
within_cohort_kazakhstan2022,outer_fold_1,Erysipelatoclostridium
within_cohort_kazakhstan2022,outer_fold_1,Erysipelotrichaceae UCG-003
within_cohort_kazakhstan2022,outer_fold_1,Erysipelotrichaceae UCG-006
within_cohort_kazakhstan2022,outer_fold_1,Escherichia-Shigella
within_cohort_kazakhstan2022,outer_fold_1,Eubacterium
within_cohort_kazakhstan2022,outer_fold_1,Eubacterium brachy group
within_cohort_kazakhstan2022,outer_fold_1,Eubacterium eligens group
within_cohort_kazakhstan2022,outer_fold_1,Eubacterium hallii group
within_cohort_kazakhstan2022,outer_fold_1,Eubacterium ventriosum group
within_cohort_kazakhstan2022,outer_fold_1,Ezakiella
within_cohort_kazakhstan2022,outer_fold_1,Faecalibacterium
within_cohort_kazakhstan2022,outer_fold_1,Faecalibaculum
within_cohort_kazakhstan2022,outer_fold_1,Family XIII AD3011 group
within_cohort_kazakhstan2022,outer_fold_1,Family XIII UCG-001
within_cohort_kazakhstan2022,outer_fold_1,Fenollaria
within_cohort_kazakhstan2022,outer_fold_1,Ferruginibacter
within_cohort_kazakhstan2022,outer_fold_1,Finegoldia
within_cohort_kazakhstan2022,outer_fold_1,Flaviaesturariibacter
within_cohort_kazakhstan2022,outer_fold_1,Flavisolibacter
within_cohort_kazakhstan2022,outer_fold_1,Flavitalea
within_cohort_kazakhstan2022,outer_fold_1,Flavobacterium
within_cohort_kazakhstan2022,outer_fold_1,Flavonifractor
within_cohort_kazakhstan2022,outer_fold_1,Fournierella
within_cohort_kazakhstan2022,outer_fold_1,Frisingicoccus
within_cohort_kazakhstan2022,outer_fold_1,Fusicatenibacter
within_cohort_kazakhstan2022,outer_fold_1,Fusobacterium
within_cohort_kazakhstan2022,outer_fold_1,GCA-900066575
within_cohort_kazakhstan2022,outer_fold_1,GCA-900066755
within_cohort_kazakhstan2022,outer_fold_1,Gaiella
within_cohort_kazakhstan2022,outer_fold_1,Gemella
within_cohort_kazakhstan2022,outer_fold_1,Gemmatimonas
within_cohort_kazakhstan2022,outer_fold_1,Gordonibacter
within_cohort_kazakhstan2022,outer_fold_1,HT002
within_cohort_kazakhstan2022,outer_fold_1,Haemophilus
within_cohort_kazakhstan2022,outer_fold_1,Haliangium
within_cohort_kazakhstan2022,outer_fold_1,Harryflintia
within_cohort_kazakhstan2022,outer_fold_1,Hassallia
within_cohort_kazakhstan2022,outer_fold_1,Helicobacter
within_cohort_kazakhstan2022,outer_fold_1,Hirschia
within_cohort_kazakhstan2022,outer_fold_1,Holdemanella
within_cohort_kazakhstan2022,outer_fold_1,Holdemania
within_cohort_kazakhstan2022,outer_fold_1,Howardella
within_cohort_kazakhstan2022,outer_fold_1,Hungatella
within_cohort_kazakhstan2022,outer_fold_1,Hyphomicrobium
within_cohort_kazakhstan2022,outer_fold_1,IS-44
within_cohort_kazakhstan2022,outer_fold_1,Iamia
within_cohort_kazakhstan2022,outer_fold_1,Ilumatobacter
within_cohort_kazakhstan2022,outer_fold_1,Incertae Sedis
within_cohort_kazakhstan2022,outer_fold_1,Intestinibacter
within_cohort_kazakhstan2022,outer_fold_1,Intestinimonas
within_cohort_kazakhstan2022,outer_fold_1,JGI 0001001-H03
within_cohort_kazakhstan2022,outer_fold_1,Klebsiella
within_cohort_kazakhstan2022,outer_fold_1,Kribbella
within_cohort_kazakhstan2022,outer_fold_1,Lachnoclostridium
within_cohort_kazakhstan2022,outer_fold_1,Lachnospira
within_cohort_kazakhstan2022,outer_fold_1,Lachnospiraceae FCS020 group
within_cohort_kazakhstan2022,outer_fold_1,Lachnospiraceae NC2004 group
within_cohort_kazakhstan2022,outer_fold_1,Lachnospiraceae ND3007 group
within_cohort_kazakhstan2022,outer_fold_1,Lachnospiraceae NK3A20 group
within_cohort_kazakhstan2022,outer_fold_1,Lachnospiraceae NK4A136 group
within_cohort_kazakhstan2022,outer_fold_1,Lachnospiraceae UCG-003
within_cohort_kazakhstan2022,outer_fold_1,Lachnospiraceae UCG-004
within_cohort_kazakhstan2022,outer_fold_1,Lachnospiraceae UCG-006
within_cohort_kazakhstan2022,outer_fold_1,Lachnospiraceae UCG-010
within_cohort_kazakhstan2022,outer_fold_1,Lacibacter
within_cohort_kazakhstan2022,outer_fold_1,Lacticaseibacillus
within_cohort_kazakhstan2022,outer_fold_1,Lactiplantibacillus
within_cohort_kazakhstan2022,outer_fold_1,Lactobacillus
within_cohort_kazakhstan2022,outer_fold_1,Lactococcus
within_cohort_kazakhstan2022,outer_fold_1,Lactonifactor
within_cohort_kazakhstan2022,outer_fold_1,Lacunisphaera
within_cohort_kazakhstan2022,outer_fold_1,Latilactobacillus
within_cohort_kazakhstan2022,outer_fold_1,Lechevalieria
within_cohort_kazakhstan2022,outer_fold_1,Levilactobacillus
within_cohort_kazakhstan2022,outer_fold_1,Libanicoccus
within_cohort_kazakhstan2022,outer_fold_1,Ligilactobacillus
within_cohort_kazakhstan2022,outer_fold_1,Limosilactobacillus
within_cohort_kazakhstan2022,outer_fold_1,Luedemannella
within_cohort_kazakhstan2022,outer_fold_1,Luteolibacter
within_cohort_kazakhstan2022,outer_fold_1,Lysinibacillus
within_cohort_kazakhstan2022,outer_fold_1,Lysobacter
within_cohort_kazakhstan2022,outer_fold_1,MND1
within_cohort_kazakhstan2022,outer_fold_1,Marmoricola
within_cohort_kazakhstan2022,outer_fold_1,Marvinbryantia
within_cohort_kazakhstan2022,outer_fold_1,Megamonas
within_cohort_kazakhstan2022,outer_fold_1,Megasphaera
within_cohort_kazakhstan2022,outer_fold_1,Merdibacter
within_cohort_kazakhstan2022,outer_fold_1,Mesorhizobium
within_cohort_kazakhstan2022,outer_fold_1,Methanobrevibacter
within_cohort_kazakhstan2022,outer_fold_1,Methyloceanibacter
within_cohort_kazakhstan2022,outer_fold_1,Methylotenera
within_cohort_kazakhstan2022,outer_fold_1,Microbacterium
within_cohort_kazakhstan2022,outer_fold_1,Microlunatus
within_cohort_kazakhstan2022,outer_fold_1,Microvirga
within_cohort_kazakhstan2022,outer_fold_1,Mitsuokella
within_cohort_kazakhstan2022,outer_fold_1,Mogibacterium
within_cohort_kazakhstan2022,outer_fold_1,Monoglobus
within_cohort_kazakhstan2022,outer_fold_1,Muribaculum
within_cohort_kazakhstan2022,outer_fold_1,Mycobacterium
within_cohort_kazakhstan2022,outer_fold_1,NK4A214 group
within_cohort_kazakhstan2022,outer_fold_1,Nannocystis
within_cohort_kazakhstan2022,outer_fold_1,Negativibacillus
within_cohort_kazakhstan2022,outer_fold_1,Niastella
within_cohort_kazakhstan2022,outer_fold_1,Nitrolancea
within_cohort_kazakhstan2022,outer_fold_1,Nitrosococcus
within_cohort_kazakhstan2022,outer_fold_1,Nitrosospira
within_cohort_kazakhstan2022,outer_fold_1,Nitrospira
within_cohort_kazakhstan2022,outer_fold_1,Nocardioides
within_cohort_kazakhstan2022,outer_fold_1,Nonomuraea
within_cohort_kazakhstan2022,outer_fold_1,Nordella
within_cohort_kazakhstan2022,outer_fold_1,OLB17
within_cohort_kazakhstan2022,outer_fold_1,OM27 clade
within_cohort_kazakhstan2022,outer_fold_1,Odoribacter
within_cohort_kazakhstan2022,outer_fold_1,Ohtaekwangia
within_cohort_kazakhstan2022,outer_fold_1,Olsenella
within_cohort_kazakhstan2022,outer_fold_1,Opitutus
within_cohort_kazakhstan2022,outer_fold_1,Oribacterium
within_cohort_kazakhstan2022,outer_fold_1,Oscillibacter
within_cohort_kazakhstan2022,outer_fold_1,Oscillospira
within_cohort_kazakhstan2022,outer_fold_1,Oxalobacter
within_cohort_kazakhstan2022,outer_fold_1,P3OB-42
within_cohort_kazakhstan2022,outer_fold_1,Paenibacillus
within_cohort_kazakhstan2022,outer_fold_1,Paeniclostridium
within_cohort_kazakhstan2022,outer_fold_1,Paenisporosarcina
within_cohort_kazakhstan2022,outer_fold_1,Pajaroellobacter
within_cohort_kazakhstan2022,outer_fold_1,Paludicola
within_cohort_kazakhstan2022,outer_fold_1,Papillibacter
within_cohort_kazakhstan2022,outer_fold_1,Parabacteroides
within_cohort_kazakhstan2022,outer_fold_1,Paraprevotella
within_cohort_kazakhstan2022,outer_fold_1,Parapusillimonas
within_cohort_kazakhstan2022,outer_fold_1,Parasutterella
within_cohort_kazakhstan2022,outer_fold_1,Parvimonas
within_cohort_kazakhstan2022,outer_fold_1,Pedobacter
within_cohort_kazakhstan2022,outer_fold_1,Pedomicrobium
within_cohort_kazakhstan2022,outer_fold_1,Peptococcus
within_cohort_kazakhstan2022,outer_fold_1,Peptoniphilus
within_cohort_kazakhstan2022,outer_fold_1,Peptostreptococcus
within_cohort_kazakhstan2022,outer_fold_1,Phascolarctobacterium
within_cohort_kazakhstan2022,outer_fold_1,Phaselicystis
within_cohort_kazakhstan2022,outer_fold_1,Phenylobacterium
within_cohort_kazakhstan2022,outer_fold_1,Phocea
within_cohort_kazakhstan2022,outer_fold_1,Polaromonas
within_cohort_kazakhstan2022,outer_fold_1,Polyangium
within_cohort_kazakhstan2022,outer_fold_1,Polycyclovorans
within_cohort_kazakhstan2022,outer_fold_1,Pontibacter
within_cohort_kazakhstan2022,outer_fold_1,Porphyromonas
within_cohort_kazakhstan2022,outer_fold_1,Prevotella
within_cohort_kazakhstan2022,outer_fold_1,Prevotella_7
within_cohort_kazakhstan2022,outer_fold_1,Prevotella_9
within_cohort_kazakhstan2022,outer_fold_1,Prevotellaceae NK3B31 group
within_cohort_kazakhstan2022,outer_fold_1,Prevotellaceae UCG-001
within_cohort_kazakhstan2022,outer_fold_1,Prevotellaceae UCG-003
within_cohort_kazakhstan2022,outer_fold_1,Pseudenhygromyxa
within_cohort_kazakhstan2022,outer_fold_1,Pseudoduganella
within_cohort_kazakhstan2022,outer_fold_1,Pseudoflavonifractor
within_cohort_kazakhstan2022,outer_fold_1,Pseudolabrys
within_cohort_kazakhstan2022,outer_fold_1,Pseudomonas
within_cohort_kazakhstan2022,outer_fold_1,Pseudonocardia
within_cohort_kazakhstan2022,outer_fold_1,Pseudorhodoplanes
within_cohort_kazakhstan2022,outer_fold_1,Pseudoxanthomonas
within_cohort_kazakhstan2022,outer_fold_1,Psychrobacillus
within_cohort_kazakhstan2022,outer_fold_1,Puia
within_cohort_kazakhstan2022,outer_fold_1,Pyramidobacter
within_cohort_kazakhstan2022,outer_fold_1,RB41
within_cohort_kazakhstan2022,outer_fold_1,Ramlibacter
within_cohort_kazakhstan2022,outer_fold_1,Reyranella
within_cohort_kazakhstan2022,outer_fold_1,Rhizobacter
within_cohort_kazakhstan2022,outer_fold_1,Rhizocola
within_cohort_kazakhstan2022,outer_fold_1,Rhodococcus
within_cohort_kazakhstan2022,outer_fold_1,Rhodomicrobium
within_cohort_kazakhstan2022,outer_fold_1,Rhodoplanes
within_cohort_kazakhstan2022,outer_fold_1,Rikenellaceae RC9 gut group
within_cohort_kazakhstan2022,outer_fold_1,Romboutsia
within_cohort_kazakhstan2022,outer_fold_1,Roseburia
within_cohort_kazakhstan2022,outer_fold_1,Rothia
within_cohort_kazakhstan2022,outer_fold_1,Rubrobacter
within_cohort_kazakhstan2022,outer_fold_1,Ruminococcus
within_cohort_kazakhstan2022,outer_fold_1,Ruminococcus gnavus group
within_cohort_kazakhstan2022,outer_fold_1,Ruminococcus torques group
within_cohort_kazakhstan2022,outer_fold_1,SWB02
within_cohort_kazakhstan2022,outer_fold_1,Salipaludibacillus
within_cohort_kazakhstan2022,outer_fold_1,Salmonella
within_cohort_kazakhstan2022,outer_fold_1,Sandaracinus
within_cohort_kazakhstan2022,outer_fold_1,Sanguibacteroides
within_cohort_kazakhstan2022,outer_fold_1,Sarcina
within_cohort_kazakhstan2022,outer_fold_1,Sellimonas
within_cohort_kazakhstan2022,outer_fold_1,Senegalimassilia
within_cohort_kazakhstan2022,outer_fold_1,Shuttleworthia
within_cohort_kazakhstan2022,outer_fold_1,Skermanella
within_cohort_kazakhstan2022,outer_fold_1,Slackia
within_cohort_kazakhstan2022,outer_fold_1,Sneathia
within_cohort_kazakhstan2022,outer_fold_1,Solirubrobacter
within_cohort_kazakhstan2022,outer_fold_1,Solitalea
within_cohort_kazakhstan2022,outer_fold_1,Solobacterium
within_cohort_kazakhstan2022,outer_fold_1,Sphingomonas
within_cohort_kazakhstan2022,outer_fold_1,Sporosarcina
within_cohort_kazakhstan2022,outer_fold_1,Staphylococcus
within_cohort_kazakhstan2022,outer_fold_1,Stenotrophobacter
within_cohort_kazakhstan2022,outer_fold_1,Steroidobacter
within_cohort_kazakhstan2022,outer_fold_1,Streptococcus
within_cohort_kazakhstan2022,outer_fold_1,Streptomyces
within_cohort_kazakhstan2022,outer_fold_1,Subdoligranulum
within_cohort_kazakhstan2022,outer_fold_1,Subgroup 10
within_cohort_kazakhstan2022,outer_fold_1,Succinivibrio
within_cohort_kazakhstan2022,outer_fold_1,Sulfurifustis
within_cohort_kazakhstan2022,outer_fold_1,Sutterella
within_cohort_kazakhstan2022,outer_fold_1,TM7x
within_cohort_kazakhstan2022,outer_fold_1,Taibaiella
within_cohort_kazakhstan2022,outer_fold_1,Terrimonas
within_cohort_kazakhstan2022,outer_fold_1,Truepera
within_cohort_kazakhstan2022,outer_fold_1,Tumebacillus
within_cohort_kazakhstan2022,outer_fold_1,Turicibacter
within_cohort_kazakhstan2022,outer_fold_1,Tuzzerella
within_cohort_kazakhstan2022,outer_fold_1,Tyzzerella
within_cohort_kazakhstan2022,outer_fold_1,UBA1819
within_cohort_kazakhstan2022,outer_fold_1,UC5-1-2E3
within_cohort_kazakhstan2022,outer_fold_1,UCG-002
within_cohort_kazakhstan2022,outer_fold_1,UCG-003
within_cohort_kazakhstan2022,outer_fold_1,UCG-004
within_cohort_kazakhstan2022,outer_fold_1,UCG-005
within_cohort_kazakhstan2022,outer_fold_1,UCG-007
within_cohort_kazakhstan2022,outer_fold_1,UCG-009
within_cohort_kazakhstan2022,outer_fold_1,UTCFX1
within_cohort_kazakhstan2022,outer_fold_1,V9D2013 group
within_cohort_kazakhstan2022,outer_fold_1,Veillonella
within_cohort_kazakhstan2022,outer_fold_1,Vicinamibacter
within_cohort_kazakhstan2022,outer_fold_1,Victivallis
within_cohort_kazakhstan2022,outer_fold_1,Virgisporangium
within_cohort_kazakhstan2022,outer_fold_1,Weissella
within_cohort_kazakhstan2022,outer_fold_1,Woeseia
within_cohort_kazakhstan2022,outer_fold_1,Z20
within_cohort_kazakhstan2022,outer_fold_1,[Bacteroides] pectinophilus group
within_cohort_kazakhstan2022,outer_fold_1,[Clostridium] innocuum group
within_cohort_kazakhstan2022,outer_fold_1,[Eubacterium] fissicatena group
within_cohort_kazakhstan2022,outer_fold_1,[Eubacterium] nodatum group
within_cohort_kazakhstan2022,outer_fold_1,[Eubacterium] ruminantium group
within_cohort_kazakhstan2022,outer_fold_1,[Eubacterium] siraeum group
within_cohort_kazakhstan2022,outer_fold_1,[Eubacterium] tenue group
within_cohort_kazakhstan2022,outer_fold_1,[Eubacterium] xylanophilum group
within_cohort_kazakhstan2022,outer_fold_1,[Ruminococcus] gauvreauii group
within_cohort_kazakhstan2022,outer_fold_1,mle1-7
within_cohort_kazakhstan2022,outer_fold_1,wb1-A12
within_cohort_kazakhstan2022,outer_fold_2,ADurb.Bin063-1
within_cohort_kazakhstan2022,outer_fold_2,Acidaminococcus
within_cohort_kazakhstan2022,outer_fold_2,Acidibacter
within_cohort_kazakhstan2022,outer_fold_2,Acinetobacter
within_cohort_kazakhstan2022,outer_fold_2,Actinocorallia
within_cohort_kazakhstan2022,outer_fold_2,Actinomyces
within_cohort_kazakhstan2022,outer_fold_2,Adhaeribacter
within_cohort_kazakhstan2022,outer_fold_2,Adlercreutzia
within_cohort_kazakhstan2022,outer_fold_2,Aeromicrobium
within_cohort_kazakhstan2022,outer_fold_2,Aeromonas
within_cohort_kazakhstan2022,outer_fold_2,Agathobacter
within_cohort_kazakhstan2022,outer_fold_2,Agromyces
within_cohort_kazakhstan2022,outer_fold_2,Ahniella
within_cohort_kazakhstan2022,outer_fold_2,Akkermansia
within_cohort_kazakhstan2022,outer_fold_2,Alistipes
within_cohort_kazakhstan2022,outer_fold_2,Alkalicoccus
within_cohort_kazakhstan2022,outer_fold_2,Allisonella
within_cohort_kazakhstan2022,outer_fold_2,Alloprevotella
within_cohort_kazakhstan2022,outer_fold_2,Allorhizobium-Neorhizobium-Pararhizobium-Rhizobium
within_cohort_kazakhstan2022,outer_fold_2,Altererythrobacter
within_cohort_kazakhstan2022,outer_fold_2,Ammoniphilus
within_cohort_kazakhstan2022,outer_fold_2,Anaerobacillus
within_cohort_kazakhstan2022,outer_fold_2,Anaerococcus
within_cohort_kazakhstan2022,outer_fold_2,Anaerofilum
within_cohort_kazakhstan2022,outer_fold_2,Anaerofustis
within_cohort_kazakhstan2022,outer_fold_2,Anaerostipes
within_cohort_kazakhstan2022,outer_fold_2,Anaerotruncus
within_cohort_kazakhstan2022,outer_fold_2,Angelakisella
within_cohort_kazakhstan2022,outer_fold_2,Aquicella
within_cohort_kazakhstan2022,outer_fold_2,Archangium
within_cohort_kazakhstan2022,outer_fold_2,Arenimonas
within_cohort_kazakhstan2022,outer_fold_2,Aridibacter
within_cohort_kazakhstan2022,outer_fold_2,Asteroleplasma
within_cohort_kazakhstan2022,outer_fold_2,Atopobium
within_cohort_kazakhstan2022,outer_fold_2,Azoarcus
within_cohort_kazakhstan2022,outer_fold_2,BD1-7 clade
within_cohort_kazakhstan2022,outer_fold_2,BIyi10
within_cohort_kazakhstan2022,outer_fold_2,Bacillus
within_cohort_kazakhstan2022,outer_fold_2,Bacteroides
within_cohort_kazakhstan2022,outer_fold_2,Barnesiella
within_cohort_kazakhstan2022,outer_fold_2,Bauldia
within_cohort_kazakhstan2022,outer_fold_2,Bdellovibrio
within_cohort_kazakhstan2022,outer_fold_2,Bifidobacterium
within_cohort_kazakhstan2022,outer_fold_2,Bilophila
within_cohort_kazakhstan2022,outer_fold_2,Blastococcus
within_cohort_kazakhstan2022,outer_fold_2,Blautia
within_cohort_kazakhstan2022,outer_fold_2,Brevundimonas
within_cohort_kazakhstan2022,outer_fold_2,Bryobacter
within_cohort_kazakhstan2022,outer_fold_2,Butyricicoccus
within_cohort_kazakhstan2022,outer_fold_2,Butyricimonas
within_cohort_kazakhstan2022,outer_fold_2,CAG-352
within_cohort_kazakhstan2022,outer_fold_2,CAG-56
within_cohort_kazakhstan2022,outer_fold_2,CAG-873
within_cohort_kazakhstan2022,outer_fold_2,CHKCI002
within_cohort_kazakhstan2022,outer_fold_2,CL500-29 marine group
within_cohort_kazakhstan2022,outer_fold_2,Caenimonas
within_cohort_kazakhstan2022,outer_fold_2,Candidatus Entotheonella
within_cohort_kazakhstan2022,outer_fold_2,Candidatus Nitrocosmicus
within_cohort_kazakhstan2022,outer_fold_2,Candidatus Nitrososphaera
within_cohort_kazakhstan2022,outer_fold_2,Candidatus Saccharimonas
within_cohort_kazakhstan2022,outer_fold_2,Candidatus Soleaferrea
within_cohort_kazakhstan2022,outer_fold_2,Candidatus Solibacter
within_cohort_kazakhstan2022,outer_fold_2,Candidatus Udaeobacter
within_cohort_kazakhstan2022,outer_fold_2,Castellaniella
within_cohort_kazakhstan2022,outer_fold_2,Catenibacillus
within_cohort_kazakhstan2022,outer_fold_2,Catenibacterium
within_cohort_kazakhstan2022,outer_fold_2,Catenisphaera
within_cohort_kazakhstan2022,outer_fold_2,Caulobacter
within_cohort_kazakhstan2022,outer_fold_2,Cellvibrio
within_cohort_kazakhstan2022,outer_fold_2,Chitinophaga
within_cohort_kazakhstan2022,outer_fold_2,Christensenella
within_cohort_kazakhstan2022,outer_fold_2,Christensenellaceae R-7 group
within_cohort_kazakhstan2022,outer_fold_2,Chryseolinea
within_cohort_kazakhstan2022,outer_fold_2,Chthoniobacter
within_cohort_kazakhstan2022,outer_fold_2,Citrifermentans
within_cohort_kazakhstan2022,outer_fold_2,Citrobacter
within_cohort_kazakhstan2022,outer_fold_2,Cloacibacillus
within_cohort_kazakhstan2022,outer_fold_2,Clostridium sensu stricto 1
within_cohort_kazakhstan2022,outer_fold_2,Colidextribacter
within_cohort_kazakhstan2022,outer_fold_2,Collinsella
within_cohort_kazakhstan2022,outer_fold_2,Comamonas
within_cohort_kazakhstan2022,outer_fold_2,Coprobacillus
within_cohort_kazakhstan2022,outer_fold_2,Coprobacter
within_cohort_kazakhstan2022,outer_fold_2,Coprococcus
within_cohort_kazakhstan2022,outer_fold_2,Coriobacteriaceae UCG-003
within_cohort_kazakhstan2022,outer_fold_2,Corynebacterium
within_cohort_kazakhstan2022,outer_fold_2,Cutibacterium
within_cohort_kazakhstan2022,outer_fold_2,DTU089
within_cohort_kazakhstan2022,outer_fold_2,Dactylosporangium
within_cohort_kazakhstan2022,outer_fold_2,Defluviitaleaceae UCG-011
within_cohort_kazakhstan2022,outer_fold_2,Desulfovibrio
within_cohort_kazakhstan2022,outer_fold_2,Dethiobacter
within_cohort_kazakhstan2022,outer_fold_2,Dialister
within_cohort_kazakhstan2022,outer_fold_2,Diaphorobacter
within_cohort_kazakhstan2022,outer_fold_2,Dielma
within_cohort_kazakhstan2022,outer_fold_2,Dinghuibacter
within_cohort_kazakhstan2022,outer_fold_2,Dokdonella
within_cohort_kazakhstan2022,outer_fold_2,Dongia
within_cohort_kazakhstan2022,outer_fold_2,Dorea
within_cohort_kazakhstan2022,outer_fold_2,Edaphobaculum
within_cohort_kazakhstan2022,outer_fold_2,Eggerthella
within_cohort_kazakhstan2022,outer_fold_2,Eisenbergiella
within_cohort_kazakhstan2022,outer_fold_2,Ellin6055
within_cohort_kazakhstan2022,outer_fold_2,Ellin6067
within_cohort_kazakhstan2022,outer_fold_2,Elusimicrobium
within_cohort_kazakhstan2022,outer_fold_2,Enterococcus
within_cohort_kazakhstan2022,outer_fold_2,Enterorhabdus
within_cohort_kazakhstan2022,outer_fold_2,Enteroscipio
within_cohort_kazakhstan2022,outer_fold_2,Epulopiscium
within_cohort_kazakhstan2022,outer_fold_2,Erysipelatoclostridium
within_cohort_kazakhstan2022,outer_fold_2,Erysipelotrichaceae UCG-003
within_cohort_kazakhstan2022,outer_fold_2,Erysipelotrichaceae UCG-006
within_cohort_kazakhstan2022,outer_fold_2,Escherichia-Shigella
within_cohort_kazakhstan2022,outer_fold_2,Eubacterium
within_cohort_kazakhstan2022,outer_fold_2,Eubacterium brachy group
within_cohort_kazakhstan2022,outer_fold_2,Eubacterium eligens group
within_cohort_kazakhstan2022,outer_fold_2,Eubacterium hallii group
within_cohort_kazakhstan2022,outer_fold_2,Eubacterium oxidoreducens group
within_cohort_kazakhstan2022,outer_fold_2,Eubacterium ventriosum group
within_cohort_kazakhstan2022,outer_fold_2,Ezakiella
within_cohort_kazakhstan2022,outer_fold_2,Faecalibacterium
within_cohort_kazakhstan2022,outer_fold_2,Faecalibaculum
within_cohort_kazakhstan2022,outer_fold_2,Family XIII AD3011 group
within_cohort_kazakhstan2022,outer_fold_2,Family XIII UCG-001
within_cohort_kazakhstan2022,outer_fold_2,Fenollaria
within_cohort_kazakhstan2022,outer_fold_2,Ferruginibacter
within_cohort_kazakhstan2022,outer_fold_2,Finegoldia
within_cohort_kazakhstan2022,outer_fold_2,Flavisolibacter
within_cohort_kazakhstan2022,outer_fold_2,Flavitalea
within_cohort_kazakhstan2022,outer_fold_2,Flavobacterium
within_cohort_kazakhstan2022,outer_fold_2,Flavonifractor
within_cohort_kazakhstan2022,outer_fold_2,Fluviicola
within_cohort_kazakhstan2022,outer_fold_2,Fournierella
within_cohort_kazakhstan2022,outer_fold_2,Frisingicoccus
within_cohort_kazakhstan2022,outer_fold_2,Fusicatenibacter
within_cohort_kazakhstan2022,outer_fold_2,Fusobacterium
within_cohort_kazakhstan2022,outer_fold_2,GCA-900066575
within_cohort_kazakhstan2022,outer_fold_2,GCA-900066755
within_cohort_kazakhstan2022,outer_fold_2,Gaiella
within_cohort_kazakhstan2022,outer_fold_2,Gemella
within_cohort_kazakhstan2022,outer_fold_2,Gemmatimonas
within_cohort_kazakhstan2022,outer_fold_2,Gordonibacter
within_cohort_kazakhstan2022,outer_fold_2,HT002
within_cohort_kazakhstan2022,outer_fold_2,Haemophilus
within_cohort_kazakhstan2022,outer_fold_2,Haliangium
within_cohort_kazakhstan2022,outer_fold_2,Harryflintia
within_cohort_kazakhstan2022,outer_fold_2,Hassallia
within_cohort_kazakhstan2022,outer_fold_2,Helicobacter
within_cohort_kazakhstan2022,outer_fold_2,Hirschia
within_cohort_kazakhstan2022,outer_fold_2,Holdemanella
within_cohort_kazakhstan2022,outer_fold_2,Holdemania
within_cohort_kazakhstan2022,outer_fold_2,Howardella
within_cohort_kazakhstan2022,outer_fold_2,Hungatella
within_cohort_kazakhstan2022,outer_fold_2,Hyphomicrobium
within_cohort_kazakhstan2022,outer_fold_2,IS-44
within_cohort_kazakhstan2022,outer_fold_2,Iamia
within_cohort_kazakhstan2022,outer_fold_2,Ilumatobacter
within_cohort_kazakhstan2022,outer_fold_2,Incertae Sedis
within_cohort_kazakhstan2022,outer_fold_2,Intestinibacter
within_cohort_kazakhstan2022,outer_fold_2,Intestinimonas
within_cohort_kazakhstan2022,outer_fold_2,JGI 0001001-H03
within_cohort_kazakhstan2022,outer_fold_2,Klebsiella
within_cohort_kazakhstan2022,outer_fold_2,Kribbella
within_cohort_kazakhstan2022,outer_fold_2,Lachnoclostridium
within_cohort_kazakhstan2022,outer_fold_2,Lachnospira
within_cohort_kazakhstan2022,outer_fold_2,Lachnospiraceae FCS020 group
within_cohort_kazakhstan2022,outer_fold_2,Lachnospiraceae NC2004 group
within_cohort_kazakhstan2022,outer_fold_2,Lachnospiraceae ND3007 group
within_cohort_kazakhstan2022,outer_fold_2,Lachnospiraceae NK3A20 group
within_cohort_kazakhstan2022,outer_fold_2,Lachnospiraceae NK4A136 group
within_cohort_kazakhstan2022,outer_fold_2,Lachnospiraceae UCG-003
within_cohort_kazakhstan2022,outer_fold_2,Lachnospiraceae UCG-004
within_cohort_kazakhstan2022,outer_fold_2,Lachnospiraceae UCG-006
within_cohort_kazakhstan2022,outer_fold_2,Lachnospiraceae UCG-010
within_cohort_kazakhstan2022,outer_fold_2,Lacibacter
within_cohort_kazakhstan2022,outer_fold_2,Lacticaseibacillus
within_cohort_kazakhstan2022,outer_fold_2,Lactiplantibacillus
within_cohort_kazakhstan2022,outer_fold_2,Lactobacillus
within_cohort_kazakhstan2022,outer_fold_2,Lactococcus
within_cohort_kazakhstan2022,outer_fold_2,Lacunisphaera
within_cohort_kazakhstan2022,outer_fold_2,Latilactobacillus
within_cohort_kazakhstan2022,outer_fold_2,Lechevalieria
within_cohort_kazakhstan2022,outer_fold_2,Lelliottia
within_cohort_kazakhstan2022,outer_fold_2,Levilactobacillus
within_cohort_kazakhstan2022,outer_fold_2,Libanicoccus
within_cohort_kazakhstan2022,outer_fold_2,Ligilactobacillus
within_cohort_kazakhstan2022,outer_fold_2,Limosilactobacillus
within_cohort_kazakhstan2022,outer_fold_2,Longimicrobium
within_cohort_kazakhstan2022,outer_fold_2,Luedemannella
within_cohort_kazakhstan2022,outer_fold_2,Luteolibacter
within_cohort_kazakhstan2022,outer_fold_2,Lysinibacillus
within_cohort_kazakhstan2022,outer_fold_2,Lysobacter
within_cohort_kazakhstan2022,outer_fold_2,MND1
within_cohort_kazakhstan2022,outer_fold_2,Marmoricola
within_cohort_kazakhstan2022,outer_fold_2,Marvinbryantia
within_cohort_kazakhstan2022,outer_fold_2,Megamonas
within_cohort_kazakhstan2022,outer_fold_2,Megasphaera
within_cohort_kazakhstan2022,outer_fold_2,Merdibacter
within_cohort_kazakhstan2022,outer_fold_2,Mesorhizobium
within_cohort_kazakhstan2022,outer_fold_2,Methanobrevibacter
within_cohort_kazakhstan2022,outer_fold_2,Methanosphaera
within_cohort_kazakhstan2022,outer_fold_2,Methyloceanibacter
within_cohort_kazakhstan2022,outer_fold_2,Methylotenera
within_cohort_kazakhstan2022,outer_fold_2,Microbacterium
within_cohort_kazakhstan2022,outer_fold_2,Microlunatus
within_cohort_kazakhstan2022,outer_fold_2,Microvirga
within_cohort_kazakhstan2022,outer_fold_2,Mitsuokella
within_cohort_kazakhstan2022,outer_fold_2,Mogibacterium
within_cohort_kazakhstan2022,outer_fold_2,Monoglobus
within_cohort_kazakhstan2022,outer_fold_2,Muribaculum
within_cohort_kazakhstan2022,outer_fold_2,Mycobacterium
within_cohort_kazakhstan2022,outer_fold_2,NK4A214 group
within_cohort_kazakhstan2022,outer_fold_2,Nannocystis
within_cohort_kazakhstan2022,outer_fold_2,Negativibacillus
within_cohort_kazakhstan2022,outer_fold_2,Niastella
within_cohort_kazakhstan2022,outer_fold_2,Nitrolancea
within_cohort_kazakhstan2022,outer_fold_2,Nitrosococcus
within_cohort_kazakhstan2022,outer_fold_2,Nitrosospira
within_cohort_kazakhstan2022,outer_fold_2,Nitrospira
within_cohort_kazakhstan2022,outer_fold_2,Nocardioides
within_cohort_kazakhstan2022,outer_fold_2,Nonomuraea
within_cohort_kazakhstan2022,outer_fold_2,Nordella
within_cohort_kazakhstan2022,outer_fold_2,OLB17
within_cohort_kazakhstan2022,outer_fold_2,OM27 clade
within_cohort_kazakhstan2022,outer_fold_2,Odoribacter
within_cohort_kazakhstan2022,outer_fold_2,Ohtaekwangia
within_cohort_kazakhstan2022,outer_fold_2,Olsenella
within_cohort_kazakhstan2022,outer_fold_2,Opitutus
within_cohort_kazakhstan2022,outer_fold_2,Oribacterium
within_cohort_kazakhstan2022,outer_fold_2,Oscillibacter
within_cohort_kazakhstan2022,outer_fold_2,Oscillospira
within_cohort_kazakhstan2022,outer_fold_2,Oxalobacter
within_cohort_kazakhstan2022,outer_fold_2,P3OB-42
within_cohort_kazakhstan2022,outer_fold_2,Paenibacillus
within_cohort_kazakhstan2022,outer_fold_2,Paeniclostridium
within_cohort_kazakhstan2022,outer_fold_2,Paenisporosarcina
within_cohort_kazakhstan2022,outer_fold_2,Pajaroellobacter
within_cohort_kazakhstan2022,outer_fold_2,Paludicola
within_cohort_kazakhstan2022,outer_fold_2,Papillibacter
within_cohort_kazakhstan2022,outer_fold_2,Parabacteroides
within_cohort_kazakhstan2022,outer_fold_2,Paraprevotella
within_cohort_kazakhstan2022,outer_fold_2,Parapusillimonas
within_cohort_kazakhstan2022,outer_fold_2,Parasutterella
within_cohort_kazakhstan2022,outer_fold_2,Parvimonas
within_cohort_kazakhstan2022,outer_fold_2,Pedobacter
within_cohort_kazakhstan2022,outer_fold_2,Pedomicrobium
within_cohort_kazakhstan2022,outer_fold_2,Peptococcus
within_cohort_kazakhstan2022,outer_fold_2,Peptoniphilus
within_cohort_kazakhstan2022,outer_fold_2,Peptostreptococcus
within_cohort_kazakhstan2022,outer_fold_2,Peredibacter
within_cohort_kazakhstan2022,outer_fold_2,Phascolarctobacterium
within_cohort_kazakhstan2022,outer_fold_2,Phaselicystis
within_cohort_kazakhstan2022,outer_fold_2,Phenylobacterium
within_cohort_kazakhstan2022,outer_fold_2,Phocea
within_cohort_kazakhstan2022,outer_fold_2,Polaromonas
within_cohort_kazakhstan2022,outer_fold_2,Polyangium
within_cohort_kazakhstan2022,outer_fold_2,Polycyclovorans
within_cohort_kazakhstan2022,outer_fold_2,Pontibacter
within_cohort_kazakhstan2022,outer_fold_2,Porphyromonas
within_cohort_kazakhstan2022,outer_fold_2,Prevotella
within_cohort_kazakhstan2022,outer_fold_2,Prevotella_7
within_cohort_kazakhstan2022,outer_fold_2,Prevotella_9
within_cohort_kazakhstan2022,outer_fold_2,Prevotellaceae NK3B31 group
within_cohort_kazakhstan2022,outer_fold_2,Prevotellaceae UCG-001
within_cohort_kazakhstan2022,outer_fold_2,Prevotellaceae UCG-003
within_cohort_kazakhstan2022,outer_fold_2,Pseudenhygromyxa
within_cohort_kazakhstan2022,outer_fold_2,Pseudoduganella
within_cohort_kazakhstan2022,outer_fold_2,Pseudoflavonifractor
within_cohort_kazakhstan2022,outer_fold_2,Pseudolabrys
within_cohort_kazakhstan2022,outer_fold_2,Pseudomonas
within_cohort_kazakhstan2022,outer_fold_2,Pseudonocardia
within_cohort_kazakhstan2022,outer_fold_2,Pseudorhodoplanes
within_cohort_kazakhstan2022,outer_fold_2,Pseudoxanthomonas
within_cohort_kazakhstan2022,outer_fold_2,Puia
within_cohort_kazakhstan2022,outer_fold_2,Pyramidobacter
within_cohort_kazakhstan2022,outer_fold_2,RB41
within_cohort_kazakhstan2022,outer_fold_2,Ramlibacter
within_cohort_kazakhstan2022,outer_fold_2,Reyranella
within_cohort_kazakhstan2022,outer_fold_2,Rhizobacter
within_cohort_kazakhstan2022,outer_fold_2,Rhizocola
within_cohort_kazakhstan2022,outer_fold_2,Rhodococcus
within_cohort_kazakhstan2022,outer_fold_2,Rhodomicrobium
within_cohort_kazakhstan2022,outer_fold_2,Rhodoplanes
within_cohort_kazakhstan2022,outer_fold_2,Rikenellaceae RC9 gut group
within_cohort_kazakhstan2022,outer_fold_2,Romboutsia
within_cohort_kazakhstan2022,outer_fold_2,Roseburia
within_cohort_kazakhstan2022,outer_fold_2,Rothia
within_cohort_kazakhstan2022,outer_fold_2,Rubrobacter
within_cohort_kazakhstan2022,outer_fold_2,Ruminococcus
within_cohort_kazakhstan2022,outer_fold_2,Ruminococcus gnavus group
within_cohort_kazakhstan2022,outer_fold_2,Ruminococcus torques group
within_cohort_kazakhstan2022,outer_fold_2,SWB02
within_cohort_kazakhstan2022,outer_fold_2,Salipaludibacillus
within_cohort_kazakhstan2022,outer_fold_2,Salmonella
within_cohort_kazakhstan2022,outer_fold_2,Sandaracinus
within_cohort_kazakhstan2022,outer_fold_2,Sanguibacteroides
within_cohort_kazakhstan2022,outer_fold_2,Sarcina
within_cohort_kazakhstan2022,outer_fold_2,Sellimonas
within_cohort_kazakhstan2022,outer_fold_2,Senegalimassilia
within_cohort_kazakhstan2022,outer_fold_2,Serratia
within_cohort_kazakhstan2022,outer_fold_2,Shuttleworthia
within_cohort_kazakhstan2022,outer_fold_2,Skermanella
within_cohort_kazakhstan2022,outer_fold_2,Slackia
within_cohort_kazakhstan2022,outer_fold_2,Solirubrobacter
within_cohort_kazakhstan2022,outer_fold_2,Solitalea
within_cohort_kazakhstan2022,outer_fold_2,Solobacterium
within_cohort_kazakhstan2022,outer_fold_2,Sphingomonas
within_cohort_kazakhstan2022,outer_fold_2,Sporosarcina
within_cohort_kazakhstan2022,outer_fold_2,Staphylococcus
within_cohort_kazakhstan2022,outer_fold_2,Stenotrophobacter
within_cohort_kazakhstan2022,outer_fold_2,Steroidobacter
within_cohort_kazakhstan2022,outer_fold_2,Streptococcus
within_cohort_kazakhstan2022,outer_fold_2,Streptomyces
within_cohort_kazakhstan2022,outer_fold_2,Subdoligranulum
within_cohort_kazakhstan2022,outer_fold_2,Subgroup 10
within_cohort_kazakhstan2022,outer_fold_2,Succinivibrio
within_cohort_kazakhstan2022,outer_fold_2,Sulfurifustis
within_cohort_kazakhstan2022,outer_fold_2,Sumerlaea
within_cohort_kazakhstan2022,outer_fold_2,Sutterella
within_cohort_kazakhstan2022,outer_fold_2,TM7x
within_cohort_kazakhstan2022,outer_fold_2,Taibaiella
within_cohort_kazakhstan2022,outer_fold_2,Terrimonas
within_cohort_kazakhstan2022,outer_fold_2,Truepera
within_cohort_kazakhstan2022,outer_fold_2,Tumebacillus
within_cohort_kazakhstan2022,outer_fold_2,Turicibacter
within_cohort_kazakhstan2022,outer_fold_2,Tuzzerella
within_cohort_kazakhstan2022,outer_fold_2,Tyzzerella
within_cohort_kazakhstan2022,outer_fold_2,UBA1819
within_cohort_kazakhstan2022,outer_fold_2,UC5-1-2E3
within_cohort_kazakhstan2022,outer_fold_2,UCG-002
within_cohort_kazakhstan2022,outer_fold_2,UCG-003
within_cohort_kazakhstan2022,outer_fold_2,UCG-004
within_cohort_kazakhstan2022,outer_fold_2,UCG-005
within_cohort_kazakhstan2022,outer_fold_2,UCG-007
within_cohort_kazakhstan2022,outer_fold_2,UCG-009
within_cohort_kazakhstan2022,outer_fold_2,UTCFX1
within_cohort_kazakhstan2022,outer_fold_2,V9D2013 group
within_cohort_kazakhstan2022,outer_fold_2,Veillonella
within_cohort_kazakhstan2022,outer_fold_2,Vicinamibacter
within_cohort_kazakhstan2022,outer_fold_2,Victivallis
within_cohort_kazakhstan2022,outer_fold_2,Virgisporangium
within_cohort_kazakhstan2022,outer_fold_2,Weissella
within_cohort_kazakhstan2022,outer_fold_2,Woeseia
within_cohort_kazakhstan2022,outer_fold_2,Z20
within_cohort_kazakhstan2022,outer_fold_2,[Bacteroides] pectinophilus group
within_cohort_kazakhstan2022,outer_fold_2,[Clostridium] innocuum group
within_cohort_kazakhstan2022,outer_fold_2,[Eubacterium] fissicatena group
within_cohort_kazakhstan2022,outer_fold_2,[Eubacterium] nodatum group
within_cohort_kazakhstan2022,outer_fold_2,[Eubacterium] ruminantium group
within_cohort_kazakhstan2022,outer_fold_2,[Eubacterium] siraeum group
within_cohort_kazakhstan2022,outer_fold_2,[Eubacterium] tenue group
within_cohort_kazakhstan2022,outer_fold_2,[Eubacterium] xylanophilum group
within_cohort_kazakhstan2022,outer_fold_2,[Ruminococcus] gauvreauii group
within_cohort_kazakhstan2022,outer_fold_2,mle1-7
within_cohort_kazakhstan2022,outer_fold_2,wb1-A12
within_cohort_kazakhstan2022,outer_fold_3,ADurb.Bin063-1
within_cohort_kazakhstan2022,outer_fold_3,Acidaminococcus
within_cohort_kazakhstan2022,outer_fold_3,Acidibacter
within_cohort_kazakhstan2022,outer_fold_3,Acinetobacter
within_cohort_kazakhstan2022,outer_fold_3,Actinocorallia
within_cohort_kazakhstan2022,outer_fold_3,Actinomyces
within_cohort_kazakhstan2022,outer_fold_3,Adhaeribacter
within_cohort_kazakhstan2022,outer_fold_3,Adlercreutzia
within_cohort_kazakhstan2022,outer_fold_3,Aeromicrobium
within_cohort_kazakhstan2022,outer_fold_3,Aeromonas
within_cohort_kazakhstan2022,outer_fold_3,Agathobacter
within_cohort_kazakhstan2022,outer_fold_3,Agromyces
within_cohort_kazakhstan2022,outer_fold_3,Ahniella
within_cohort_kazakhstan2022,outer_fold_3,Akkermansia
within_cohort_kazakhstan2022,outer_fold_3,Alistipes
within_cohort_kazakhstan2022,outer_fold_3,Alkalicoccus
within_cohort_kazakhstan2022,outer_fold_3,Allisonella
within_cohort_kazakhstan2022,outer_fold_3,Alloprevotella
within_cohort_kazakhstan2022,outer_fold_3,Allorhizobium-Neorhizobium-Pararhizobium-Rhizobium
within_cohort_kazakhstan2022,outer_fold_3,Altererythrobacter
within_cohort_kazakhstan2022,outer_fold_3,Ammoniphilus
within_cohort_kazakhstan2022,outer_fold_3,Anaerobacillus
within_cohort_kazakhstan2022,outer_fold_3,Anaerococcus
within_cohort_kazakhstan2022,outer_fold_3,Anaerofilum
within_cohort_kazakhstan2022,outer_fold_3,Anaerofustis
within_cohort_kazakhstan2022,outer_fold_3,Anaerostipes
within_cohort_kazakhstan2022,outer_fold_3,Anaerotruncus
within_cohort_kazakhstan2022,outer_fold_3,Angelakisella
within_cohort_kazakhstan2022,outer_fold_3,Aquicella
within_cohort_kazakhstan2022,outer_fold_3,Archangium
within_cohort_kazakhstan2022,outer_fold_3,Arenimonas
within_cohort_kazakhstan2022,outer_fold_3,Aridibacter
within_cohort_kazakhstan2022,outer_fold_3,Asteroleplasma
within_cohort_kazakhstan2022,outer_fold_3,Atopobium
within_cohort_kazakhstan2022,outer_fold_3,Aurantisolimonas
within_cohort_kazakhstan2022,outer_fold_3,Azoarcus
within_cohort_kazakhstan2022,outer_fold_3,BD1-7 clade
within_cohort_kazakhstan2022,outer_fold_3,BIyi10
within_cohort_kazakhstan2022,outer_fold_3,Bacillus
within_cohort_kazakhstan2022,outer_fold_3,Bacteroides
within_cohort_kazakhstan2022,outer_fold_3,Barnesiella
within_cohort_kazakhstan2022,outer_fold_3,Bauldia
within_cohort_kazakhstan2022,outer_fold_3,Bdellovibrio
within_cohort_kazakhstan2022,outer_fold_3,Bifidobacterium
within_cohort_kazakhstan2022,outer_fold_3,Bilophila
within_cohort_kazakhstan2022,outer_fold_3,Blastococcus
within_cohort_kazakhstan2022,outer_fold_3,Blautia
within_cohort_kazakhstan2022,outer_fold_3,Brevundimonas
within_cohort_kazakhstan2022,outer_fold_3,Bryobacter
within_cohort_kazakhstan2022,outer_fold_3,Butyricicoccus
within_cohort_kazakhstan2022,outer_fold_3,Butyricimonas
within_cohort_kazakhstan2022,outer_fold_3,CAG-352
within_cohort_kazakhstan2022,outer_fold_3,CAG-56
within_cohort_kazakhstan2022,outer_fold_3,CAG-873
within_cohort_kazakhstan2022,outer_fold_3,CHKCI002
within_cohort_kazakhstan2022,outer_fold_3,CL500-29 marine group
within_cohort_kazakhstan2022,outer_fold_3,Caenimonas
within_cohort_kazakhstan2022,outer_fold_3,Candidatus Entotheonella
within_cohort_kazakhstan2022,outer_fold_3,Candidatus Nitrocosmicus
within_cohort_kazakhstan2022,outer_fold_3,Candidatus Nitrososphaera
within_cohort_kazakhstan2022,outer_fold_3,Candidatus Saccharimonas
within_cohort_kazakhstan2022,outer_fold_3,Candidatus Soleaferrea
within_cohort_kazakhstan2022,outer_fold_3,Candidatus Solibacter
within_cohort_kazakhstan2022,outer_fold_3,Candidatus Udaeobacter
within_cohort_kazakhstan2022,outer_fold_3,Castellaniella
within_cohort_kazakhstan2022,outer_fold_3,Catenibacillus
within_cohort_kazakhstan2022,outer_fold_3,Catenibacterium
within_cohort_kazakhstan2022,outer_fold_3,Catenisphaera
within_cohort_kazakhstan2022,outer_fold_3,Caulobacter
within_cohort_kazakhstan2022,outer_fold_3,Chitinophaga
within_cohort_kazakhstan2022,outer_fold_3,Christensenella
within_cohort_kazakhstan2022,outer_fold_3,Christensenellaceae R-7 group
within_cohort_kazakhstan2022,outer_fold_3,Chryseolinea
within_cohort_kazakhstan2022,outer_fold_3,Chthoniobacter
within_cohort_kazakhstan2022,outer_fold_3,Citrifermentans
within_cohort_kazakhstan2022,outer_fold_3,Citrobacter
within_cohort_kazakhstan2022,outer_fold_3,Cloacibacillus
within_cohort_kazakhstan2022,outer_fold_3,Clostridium sensu stricto 1
within_cohort_kazakhstan2022,outer_fold_3,Colidextribacter
within_cohort_kazakhstan2022,outer_fold_3,Collinsella
within_cohort_kazakhstan2022,outer_fold_3,Comamonas
within_cohort_kazakhstan2022,outer_fold_3,Coprobacillus
within_cohort_kazakhstan2022,outer_fold_3,Coprobacter
within_cohort_kazakhstan2022,outer_fold_3,Coprococcus
within_cohort_kazakhstan2022,outer_fold_3,Coriobacteriaceae UCG-003
within_cohort_kazakhstan2022,outer_fold_3,Corynebacterium
within_cohort_kazakhstan2022,outer_fold_3,Cutibacterium
within_cohort_kazakhstan2022,outer_fold_3,DTU089
within_cohort_kazakhstan2022,outer_fold_3,Dactylosporangium
within_cohort_kazakhstan2022,outer_fold_3,Defluviitaleaceae UCG-011
within_cohort_kazakhstan2022,outer_fold_3,Desulfovibrio
within_cohort_kazakhstan2022,outer_fold_3,Dethiobacter
within_cohort_kazakhstan2022,outer_fold_3,Dialister
within_cohort_kazakhstan2022,outer_fold_3,Diaphorobacter
within_cohort_kazakhstan2022,outer_fold_3,Dielma
within_cohort_kazakhstan2022,outer_fold_3,Dinghuibacter
within_cohort_kazakhstan2022,outer_fold_3,Dokdonella
within_cohort_kazakhstan2022,outer_fold_3,Dongia
within_cohort_kazakhstan2022,outer_fold_3,Dorea
within_cohort_kazakhstan2022,outer_fold_3,Edaphobaculum
within_cohort_kazakhstan2022,outer_fold_3,Eggerthella
within_cohort_kazakhstan2022,outer_fold_3,Eisenbergiella
within_cohort_kazakhstan2022,outer_fold_3,Ellin6055
within_cohort_kazakhstan2022,outer_fold_3,Ellin6067
within_cohort_kazakhstan2022,outer_fold_3,Elusimicrobium
within_cohort_kazakhstan2022,outer_fold_3,Enterococcus
within_cohort_kazakhstan2022,outer_fold_3,Enterorhabdus
within_cohort_kazakhstan2022,outer_fold_3,Enteroscipio
within_cohort_kazakhstan2022,outer_fold_3,Erysipelatoclostridium
within_cohort_kazakhstan2022,outer_fold_3,Erysipelotrichaceae UCG-003
within_cohort_kazakhstan2022,outer_fold_3,Erysipelotrichaceae UCG-006
within_cohort_kazakhstan2022,outer_fold_3,Escherichia-Shigella
within_cohort_kazakhstan2022,outer_fold_3,Eubacterium
within_cohort_kazakhstan2022,outer_fold_3,Eubacterium brachy group
within_cohort_kazakhstan2022,outer_fold_3,Eubacterium eligens group
within_cohort_kazakhstan2022,outer_fold_3,Eubacterium hallii group
within_cohort_kazakhstan2022,outer_fold_3,Eubacterium oxidoreducens group
within_cohort_kazakhstan2022,outer_fold_3,Eubacterium ventriosum group
within_cohort_kazakhstan2022,outer_fold_3,Ezakiella
within_cohort_kazakhstan2022,outer_fold_3,Faecalibacterium
within_cohort_kazakhstan2022,outer_fold_3,Faecalibaculum
within_cohort_kazakhstan2022,outer_fold_3,Family XIII AD3011 group
within_cohort_kazakhstan2022,outer_fold_3,Family XIII UCG-001
within_cohort_kazakhstan2022,outer_fold_3,Fenollaria
within_cohort_kazakhstan2022,outer_fold_3,Ferruginibacter
within_cohort_kazakhstan2022,outer_fold_3,Finegoldia
within_cohort_kazakhstan2022,outer_fold_3,Flavisolibacter
within_cohort_kazakhstan2022,outer_fold_3,Flavitalea
within_cohort_kazakhstan2022,outer_fold_3,Flavobacterium
within_cohort_kazakhstan2022,outer_fold_3,Flavonifractor
within_cohort_kazakhstan2022,outer_fold_3,Fluviicola
within_cohort_kazakhstan2022,outer_fold_3,Fournierella
within_cohort_kazakhstan2022,outer_fold_3,Frisingicoccus
within_cohort_kazakhstan2022,outer_fold_3,Fusicatenibacter
within_cohort_kazakhstan2022,outer_fold_3,Fusobacterium
within_cohort_kazakhstan2022,outer_fold_3,GCA-900066575
within_cohort_kazakhstan2022,outer_fold_3,GCA-900066755
within_cohort_kazakhstan2022,outer_fold_3,Gaiella
within_cohort_kazakhstan2022,outer_fold_3,Gemella
within_cohort_kazakhstan2022,outer_fold_3,Gemmatimonas
within_cohort_kazakhstan2022,outer_fold_3,Gordonibacter
within_cohort_kazakhstan2022,outer_fold_3,HT002
within_cohort_kazakhstan2022,outer_fold_3,Haemophilus
within_cohort_kazakhstan2022,outer_fold_3,Haliangium
within_cohort_kazakhstan2022,outer_fold_3,Harryflintia
within_cohort_kazakhstan2022,outer_fold_3,Hassallia
within_cohort_kazakhstan2022,outer_fold_3,Helicobacter
within_cohort_kazakhstan2022,outer_fold_3,Hirschia
within_cohort_kazakhstan2022,outer_fold_3,Holdemanella
within_cohort_kazakhstan2022,outer_fold_3,Holdemania
within_cohort_kazakhstan2022,outer_fold_3,Howardella
within_cohort_kazakhstan2022,outer_fold_3,Hungatella
within_cohort_kazakhstan2022,outer_fold_3,Hyphomicrobium
within_cohort_kazakhstan2022,outer_fold_3,IS-44
within_cohort_kazakhstan2022,outer_fold_3,Iamia
within_cohort_kazakhstan2022,outer_fold_3,Ilumatobacter
within_cohort_kazakhstan2022,outer_fold_3,Incertae Sedis
within_cohort_kazakhstan2022,outer_fold_3,Intestinibacter
within_cohort_kazakhstan2022,outer_fold_3,Intestinimonas
within_cohort_kazakhstan2022,outer_fold_3,JGI 0001001-H03
within_cohort_kazakhstan2022,outer_fold_3,JTB255 marine benthic group
within_cohort_kazakhstan2022,outer_fold_3,Klebsiella
within_cohort_kazakhstan2022,outer_fold_3,Kribbella
within_cohort_kazakhstan2022,outer_fold_3,Lachnoclostridium
within_cohort_kazakhstan2022,outer_fold_3,Lachnospira
within_cohort_kazakhstan2022,outer_fold_3,Lachnospiraceae FCS020 group
within_cohort_kazakhstan2022,outer_fold_3,Lachnospiraceae NC2004 group
within_cohort_kazakhstan2022,outer_fold_3,Lachnospiraceae ND3007 group
within_cohort_kazakhstan2022,outer_fold_3,Lachnospiraceae NK3A20 group
within_cohort_kazakhstan2022,outer_fold_3,Lachnospiraceae NK4A136 group
within_cohort_kazakhstan2022,outer_fold_3,Lachnospiraceae UCG-003
within_cohort_kazakhstan2022,outer_fold_3,Lachnospiraceae UCG-004
within_cohort_kazakhstan2022,outer_fold_3,Lachnospiraceae UCG-006
within_cohort_kazakhstan2022,outer_fold_3,Lachnospiraceae UCG-010
within_cohort_kazakhstan2022,outer_fold_3,Lacibacter
within_cohort_kazakhstan2022,outer_fold_3,Lacticaseibacillus
within_cohort_kazakhstan2022,outer_fold_3,Lactiplantibacillus
within_cohort_kazakhstan2022,outer_fold_3,Lactobacillus
within_cohort_kazakhstan2022,outer_fold_3,Lactococcus
within_cohort_kazakhstan2022,outer_fold_3,Lactonifactor
within_cohort_kazakhstan2022,outer_fold_3,Latilactobacillus
within_cohort_kazakhstan2022,outer_fold_3,Lechevalieria
within_cohort_kazakhstan2022,outer_fold_3,Levilactobacillus
within_cohort_kazakhstan2022,outer_fold_3,Libanicoccus
within_cohort_kazakhstan2022,outer_fold_3,Ligilactobacillus
within_cohort_kazakhstan2022,outer_fold_3,Limosilactobacillus
within_cohort_kazakhstan2022,outer_fold_3,Luedemannella
within_cohort_kazakhstan2022,outer_fold_3,Luteolibacter
within_cohort_kazakhstan2022,outer_fold_3,Lysinibacillus
within_cohort_kazakhstan2022,outer_fold_3,Lysobacter
within_cohort_kazakhstan2022,outer_fold_3,MND1
within_cohort_kazakhstan2022,outer_fold_3,Marmoricola
within_cohort_kazakhstan2022,outer_fold_3,Marvinbryantia
within_cohort_kazakhstan2022,outer_fold_3,Megamonas
within_cohort_kazakhstan2022,outer_fold_3,Megasphaera
within_cohort_kazakhstan2022,outer_fold_3,Merdibacter
within_cohort_kazakhstan2022,outer_fold_3,Mesorhizobium
within_cohort_kazakhstan2022,outer_fold_3,Methanobrevibacter
within_cohort_kazakhstan2022,outer_fold_3,Methanosphaera
within_cohort_kazakhstan2022,outer_fold_3,Methyloceanibacter
within_cohort_kazakhstan2022,outer_fold_3,Methylotenera
within_cohort_kazakhstan2022,outer_fold_3,Microbacterium
within_cohort_kazakhstan2022,outer_fold_3,Microlunatus
within_cohort_kazakhstan2022,outer_fold_3,Microvirga
within_cohort_kazakhstan2022,outer_fold_3,Mitsuokella
within_cohort_kazakhstan2022,outer_fold_3,Mogibacterium
within_cohort_kazakhstan2022,outer_fold_3,Monoglobus
within_cohort_kazakhstan2022,outer_fold_3,Muribaculum
within_cohort_kazakhstan2022,outer_fold_3,Mycobacterium
within_cohort_kazakhstan2022,outer_fold_3,NK4A214 group
within_cohort_kazakhstan2022,outer_fold_3,Nannocystis
within_cohort_kazakhstan2022,outer_fold_3,Negativibacillus
within_cohort_kazakhstan2022,outer_fold_3,Niastella
within_cohort_kazakhstan2022,outer_fold_3,Nitrolancea
within_cohort_kazakhstan2022,outer_fold_3,Nitrosococcus
within_cohort_kazakhstan2022,outer_fold_3,Nitrosospira
within_cohort_kazakhstan2022,outer_fold_3,Nitrospira
within_cohort_kazakhstan2022,outer_fold_3,Nocardioides
within_cohort_kazakhstan2022,outer_fold_3,Nonomuraea
within_cohort_kazakhstan2022,outer_fold_3,Nordella
within_cohort_kazakhstan2022,outer_fold_3,OLB17
within_cohort_kazakhstan2022,outer_fold_3,OM27 clade
within_cohort_kazakhstan2022,outer_fold_3,Odoribacter
within_cohort_kazakhstan2022,outer_fold_3,Ohtaekwangia
within_cohort_kazakhstan2022,outer_fold_3,Olsenella
within_cohort_kazakhstan2022,outer_fold_3,Opitutus
within_cohort_kazakhstan2022,outer_fold_3,Oribacterium
within_cohort_kazakhstan2022,outer_fold_3,Oscillibacter
within_cohort_kazakhstan2022,outer_fold_3,Oscillospira
within_cohort_kazakhstan2022,outer_fold_3,Oxalobacter
within_cohort_kazakhstan2022,outer_fold_3,P3OB-42
within_cohort_kazakhstan2022,outer_fold_3,Paenibacillus
within_cohort_kazakhstan2022,outer_fold_3,Paeniclostridium
within_cohort_kazakhstan2022,outer_fold_3,Paenisporosarcina
within_cohort_kazakhstan2022,outer_fold_3,Pajaroellobacter
within_cohort_kazakhstan2022,outer_fold_3,Paludicola
within_cohort_kazakhstan2022,outer_fold_3,Papillibacter
within_cohort_kazakhstan2022,outer_fold_3,Parabacteroides
within_cohort_kazakhstan2022,outer_fold_3,Paraprevotella
within_cohort_kazakhstan2022,outer_fold_3,Parapusillimonas
within_cohort_kazakhstan2022,outer_fold_3,Parasutterella
within_cohort_kazakhstan2022,outer_fold_3,Parvimonas
within_cohort_kazakhstan2022,outer_fold_3,Pedobacter
within_cohort_kazakhstan2022,outer_fold_3,Pedomicrobium
within_cohort_kazakhstan2022,outer_fold_3,Peptococcus
within_cohort_kazakhstan2022,outer_fold_3,Peptoniphilus
within_cohort_kazakhstan2022,outer_fold_3,Peptostreptococcus
within_cohort_kazakhstan2022,outer_fold_3,Peredibacter
within_cohort_kazakhstan2022,outer_fold_3,Phascolarctobacterium
within_cohort_kazakhstan2022,outer_fold_3,Phaselicystis
within_cohort_kazakhstan2022,outer_fold_3,Phenylobacterium
within_cohort_kazakhstan2022,outer_fold_3,Phocea
within_cohort_kazakhstan2022,outer_fold_3,Polaromonas
within_cohort_kazakhstan2022,outer_fold_3,Polyangium
within_cohort_kazakhstan2022,outer_fold_3,Polycyclovorans
within_cohort_kazakhstan2022,outer_fold_3,Pontibacter
within_cohort_kazakhstan2022,outer_fold_3,Porphyromonas
within_cohort_kazakhstan2022,outer_fold_3,Prevotella
within_cohort_kazakhstan2022,outer_fold_3,Prevotella_7
within_cohort_kazakhstan2022,outer_fold_3,Prevotella_9
within_cohort_kazakhstan2022,outer_fold_3,Prevotellaceae NK3B31 group
within_cohort_kazakhstan2022,outer_fold_3,Prevotellaceae UCG-001
within_cohort_kazakhstan2022,outer_fold_3,Prevotellaceae UCG-003
within_cohort_kazakhstan2022,outer_fold_3,Pseudenhygromyxa
within_cohort_kazakhstan2022,outer_fold_3,Pseudoduganella
within_cohort_kazakhstan2022,outer_fold_3,Pseudoflavonifractor
within_cohort_kazakhstan2022,outer_fold_3,Pseudolabrys
within_cohort_kazakhstan2022,outer_fold_3,Pseudomonas
within_cohort_kazakhstan2022,outer_fold_3,Pseudonocardia
within_cohort_kazakhstan2022,outer_fold_3,Pseudorhodoplanes
within_cohort_kazakhstan2022,outer_fold_3,Pseudoxanthomonas
within_cohort_kazakhstan2022,outer_fold_3,Puia
within_cohort_kazakhstan2022,outer_fold_3,Pyramidobacter
within_cohort_kazakhstan2022,outer_fold_3,RB41
within_cohort_kazakhstan2022,outer_fold_3,Ramlibacter
within_cohort_kazakhstan2022,outer_fold_3,Reyranella
within_cohort_kazakhstan2022,outer_fold_3,Rhizobacter
within_cohort_kazakhstan2022,outer_fold_3,Rhizocola
within_cohort_kazakhstan2022,outer_fold_3,Rhodococcus
within_cohort_kazakhstan2022,outer_fold_3,Rhodomicrobium
within_cohort_kazakhstan2022,outer_fold_3,Rhodoplanes
within_cohort_kazakhstan2022,outer_fold_3,Rikenellaceae RC9 gut group
within_cohort_kazakhstan2022,outer_fold_3,Romboutsia
within_cohort_kazakhstan2022,outer_fold_3,Roseburia
within_cohort_kazakhstan2022,outer_fold_3,Rothia
within_cohort_kazakhstan2022,outer_fold_3,Rubrobacter
within_cohort_kazakhstan2022,outer_fold_3,Ruminococcus
within_cohort_kazakhstan2022,outer_fold_3,Ruminococcus gnavus group
within_cohort_kazakhstan2022,outer_fold_3,Ruminococcus torques group
within_cohort_kazakhstan2022,outer_fold_3,SWB02
within_cohort_kazakhstan2022,outer_fold_3,Salipaludibacillus
within_cohort_kazakhstan2022,outer_fold_3,Salmonella
within_cohort_kazakhstan2022,outer_fold_3,Sandaracinus
within_cohort_kazakhstan2022,outer_fold_3,Sanguibacteroides
within_cohort_kazakhstan2022,outer_fold_3,Sarcina
within_cohort_kazakhstan2022,outer_fold_3,Sellimonas
within_cohort_kazakhstan2022,outer_fold_3,Senegalimassilia
within_cohort_kazakhstan2022,outer_fold_3,Serratia
within_cohort_kazakhstan2022,outer_fold_3,Shuttleworthia
within_cohort_kazakhstan2022,outer_fold_3,Skermanella
within_cohort_kazakhstan2022,outer_fold_3,Slackia
within_cohort_kazakhstan2022,outer_fold_3,Sneathia
within_cohort_kazakhstan2022,outer_fold_3,Solirubrobacter
within_cohort_kazakhstan2022,outer_fold_3,Solitalea
within_cohort_kazakhstan2022,outer_fold_3,Solobacterium
within_cohort_kazakhstan2022,outer_fold_3,Sphingomonas
within_cohort_kazakhstan2022,outer_fold_3,Sporosarcina
within_cohort_kazakhstan2022,outer_fold_3,Staphylococcus
within_cohort_kazakhstan2022,outer_fold_3,Stenotrophobacter
within_cohort_kazakhstan2022,outer_fold_3,Steroidobacter
within_cohort_kazakhstan2022,outer_fold_3,Streptococcus
within_cohort_kazakhstan2022,outer_fold_3,Streptomyces
within_cohort_kazakhstan2022,outer_fold_3,Subdoligranulum
within_cohort_kazakhstan2022,outer_fold_3,Subgroup 10
within_cohort_kazakhstan2022,outer_fold_3,Succinivibrio
within_cohort_kazakhstan2022,outer_fold_3,Sulfurifustis
within_cohort_kazakhstan2022,outer_fold_3,Sutterella
within_cohort_kazakhstan2022,outer_fold_3,TM7x
within_cohort_kazakhstan2022,outer_fold_3,Taibaiella
within_cohort_kazakhstan2022,outer_fold_3,Terrimonas
within_cohort_kazakhstan2022,outer_fold_3,Truepera
within_cohort_kazakhstan2022,outer_fold_3,Tumebacillus
within_cohort_kazakhstan2022,outer_fold_3,Turicibacter
within_cohort_kazakhstan2022,outer_fold_3,Tuzzerella
within_cohort_kazakhstan2022,outer_fold_3,Tyzzerella
within_cohort_kazakhstan2022,outer_fold_3,UBA1819
within_cohort_kazakhstan2022,outer_fold_3,UC5-1-2E3
within_cohort_kazakhstan2022,outer_fold_3,UCG-002
within_cohort_kazakhstan2022,outer_fold_3,UCG-003
within_cohort_kazakhstan2022,outer_fold_3,UCG-004
within_cohort_kazakhstan2022,outer_fold_3,UCG-005
within_cohort_kazakhstan2022,outer_fold_3,UCG-007
within_cohort_kazakhstan2022,outer_fold_3,UCG-009
within_cohort_kazakhstan2022,outer_fold_3,UTCFX1
within_cohort_kazakhstan2022,outer_fold_3,V9D2013 group
within_cohort_kazakhstan2022,outer_fold_3,Veillonella
within_cohort_kazakhstan2022,outer_fold_3,Vicinamibacter
within_cohort_kazakhstan2022,outer_fold_3,Victivallis
within_cohort_kazakhstan2022,outer_fold_3,Virgisporangium
within_cohort_kazakhstan2022,outer_fold_3,Weissella
within_cohort_kazakhstan2022,outer_fold_3,Woeseia
within_cohort_kazakhstan2022,outer_fold_3,YC-ZSS-LKJ147
within_cohort_kazakhstan2022,outer_fold_3,Z20
within_cohort_kazakhstan2022,outer_fold_3,[Bacteroides] pectinophilus group
within_cohort_kazakhstan2022,outer_fold_3,[Clostridium] innocuum group
within_cohort_kazakhstan2022,outer_fold_3,[Eubacterium] fissicatena group
within_cohort_kazakhstan2022,outer_fold_3,[Eubacterium] nodatum group
within_cohort_kazakhstan2022,outer_fold_3,[Eubacterium] ruminantium group
within_cohort_kazakhstan2022,outer_fold_3,[Eubacterium] siraeum group
within_cohort_kazakhstan2022,outer_fold_3,[Eubacterium] tenue group
within_cohort_kazakhstan2022,outer_fold_3,[Eubacterium] xylanophilum group
within_cohort_kazakhstan2022,outer_fold_3,[Ruminococcus] gauvreauii group
within_cohort_kazakhstan2022,outer_fold_3,mle1-7
within_cohort_kazakhstan2022,outer_fold_3,wb1-A12
within_cohort_kazakhstan2022,outer_fold_3,wb1-P19
within_cohort_kazakhstan2022,outer_fold_4,ADurb.Bin063-1
within_cohort_kazakhstan2022,outer_fold_4,Acidaminococcus
within_cohort_kazakhstan2022,outer_fold_4,Acidibacter
within_cohort_kazakhstan2022,outer_fold_4,Acinetobacter
within_cohort_kazakhstan2022,outer_fold_4,Actinocorallia
within_cohort_kazakhstan2022,outer_fold_4,Actinomyces
within_cohort_kazakhstan2022,outer_fold_4,Adhaeribacter
within_cohort_kazakhstan2022,outer_fold_4,Adlercreutzia
within_cohort_kazakhstan2022,outer_fold_4,Aeromicrobium
within_cohort_kazakhstan2022,outer_fold_4,Aeromonas
within_cohort_kazakhstan2022,outer_fold_4,Agathobacter
within_cohort_kazakhstan2022,outer_fold_4,Agromyces
within_cohort_kazakhstan2022,outer_fold_4,Ahniella
within_cohort_kazakhstan2022,outer_fold_4,Akkermansia
within_cohort_kazakhstan2022,outer_fold_4,Alistipes
within_cohort_kazakhstan2022,outer_fold_4,Alkalicoccus
within_cohort_kazakhstan2022,outer_fold_4,Allisonella
within_cohort_kazakhstan2022,outer_fold_4,Alloprevotella
within_cohort_kazakhstan2022,outer_fold_4,Allorhizobium-Neorhizobium-Pararhizobium-Rhizobium
within_cohort_kazakhstan2022,outer_fold_4,Altererythrobacter
within_cohort_kazakhstan2022,outer_fold_4,Ammoniphilus
within_cohort_kazakhstan2022,outer_fold_4,Anaerobacillus
within_cohort_kazakhstan2022,outer_fold_4,Anaerococcus
within_cohort_kazakhstan2022,outer_fold_4,Anaerofilum
within_cohort_kazakhstan2022,outer_fold_4,Anaerofustis
within_cohort_kazakhstan2022,outer_fold_4,Anaerostipes
within_cohort_kazakhstan2022,outer_fold_4,Anaerotruncus
within_cohort_kazakhstan2022,outer_fold_4,Angelakisella
within_cohort_kazakhstan2022,outer_fold_4,Aquicella
within_cohort_kazakhstan2022,outer_fold_4,Archangium
within_cohort_kazakhstan2022,outer_fold_4,Arenimonas
within_cohort_kazakhstan2022,outer_fold_4,Aridibacter
within_cohort_kazakhstan2022,outer_fold_4,Asteroleplasma
within_cohort_kazakhstan2022,outer_fold_4,Atopobium
within_cohort_kazakhstan2022,outer_fold_4,Azoarcus
within_cohort_kazakhstan2022,outer_fold_4,BD1-7 clade
within_cohort_kazakhstan2022,outer_fold_4,BIyi10
within_cohort_kazakhstan2022,outer_fold_4,Bacillus
within_cohort_kazakhstan2022,outer_fold_4,Bacteroides
within_cohort_kazakhstan2022,outer_fold_4,Barnesiella
within_cohort_kazakhstan2022,outer_fold_4,Bauldia
within_cohort_kazakhstan2022,outer_fold_4,Bdellovibrio
within_cohort_kazakhstan2022,outer_fold_4,Bifidobacterium
within_cohort_kazakhstan2022,outer_fold_4,Bilophila
within_cohort_kazakhstan2022,outer_fold_4,Blastococcus
within_cohort_kazakhstan2022,outer_fold_4,Blautia
within_cohort_kazakhstan2022,outer_fold_4,Brevundimonas
within_cohort_kazakhstan2022,outer_fold_4,Bryobacter
within_cohort_kazakhstan2022,outer_fold_4,Butyricicoccus
within_cohort_kazakhstan2022,outer_fold_4,Butyricimonas
within_cohort_kazakhstan2022,outer_fold_4,CAG-352
within_cohort_kazakhstan2022,outer_fold_4,CAG-56
within_cohort_kazakhstan2022,outer_fold_4,CAG-873
within_cohort_kazakhstan2022,outer_fold_4,CHKCI002
within_cohort_kazakhstan2022,outer_fold_4,CL500-29 marine group
within_cohort_kazakhstan2022,outer_fold_4,Caenimonas
within_cohort_kazakhstan2022,outer_fold_4,Candidatus Entotheonella
within_cohort_kazakhstan2022,outer_fold_4,Candidatus Nitrocosmicus
within_cohort_kazakhstan2022,outer_fold_4,Candidatus Nitrososphaera
within_cohort_kazakhstan2022,outer_fold_4,Candidatus Saccharimonas
within_cohort_kazakhstan2022,outer_fold_4,Candidatus Soleaferrea
within_cohort_kazakhstan2022,outer_fold_4,Candidatus Solibacter
within_cohort_kazakhstan2022,outer_fold_4,Candidatus Udaeobacter
within_cohort_kazakhstan2022,outer_fold_4,Castellaniella
within_cohort_kazakhstan2022,outer_fold_4,Catenibacillus
within_cohort_kazakhstan2022,outer_fold_4,Catenibacterium
within_cohort_kazakhstan2022,outer_fold_4,Catenisphaera
within_cohort_kazakhstan2022,outer_fold_4,Caulobacter
within_cohort_kazakhstan2022,outer_fold_4,Chitinophaga
within_cohort_kazakhstan2022,outer_fold_4,Christensenella
within_cohort_kazakhstan2022,outer_fold_4,Christensenellaceae R-7 group
within_cohort_kazakhstan2022,outer_fold_4,Chryseolinea
within_cohort_kazakhstan2022,outer_fold_4,Chthoniobacter
within_cohort_kazakhstan2022,outer_fold_4,Citrifermentans
within_cohort_kazakhstan2022,outer_fold_4,Citrobacter
within_cohort_kazakhstan2022,outer_fold_4,Cloacibacillus
within_cohort_kazakhstan2022,outer_fold_4,Clostridium sensu stricto 1
within_cohort_kazakhstan2022,outer_fold_4,Colidextribacter
within_cohort_kazakhstan2022,outer_fold_4,Collinsella
within_cohort_kazakhstan2022,outer_fold_4,Comamonas
within_cohort_kazakhstan2022,outer_fold_4,Coprobacillus
within_cohort_kazakhstan2022,outer_fold_4,Coprobacter
within_cohort_kazakhstan2022,outer_fold_4,Coprococcus
within_cohort_kazakhstan2022,outer_fold_4,Coriobacteriaceae UCG-003
within_cohort_kazakhstan2022,outer_fold_4,Corynebacterium
within_cohort_kazakhstan2022,outer_fold_4,Cutibacterium
within_cohort_kazakhstan2022,outer_fold_4,DTU089
within_cohort_kazakhstan2022,outer_fold_4,Dactylosporangium
within_cohort_kazakhstan2022,outer_fold_4,Defluviitaleaceae UCG-011
within_cohort_kazakhstan2022,outer_fold_4,Desulfovibrio
within_cohort_kazakhstan2022,outer_fold_4,Dialister
within_cohort_kazakhstan2022,outer_fold_4,Diaphorobacter
within_cohort_kazakhstan2022,outer_fold_4,Dielma
within_cohort_kazakhstan2022,outer_fold_4,Dinghuibacter
within_cohort_kazakhstan2022,outer_fold_4,Dokdonella
within_cohort_kazakhstan2022,outer_fold_4,Dongia
within_cohort_kazakhstan2022,outer_fold_4,Dorea
within_cohort_kazakhstan2022,outer_fold_4,Edaphobaculum
within_cohort_kazakhstan2022,outer_fold_4,Eggerthella
within_cohort_kazakhstan2022,outer_fold_4,Eisenbergiella
within_cohort_kazakhstan2022,outer_fold_4,Ellin6055
within_cohort_kazakhstan2022,outer_fold_4,Ellin6067
within_cohort_kazakhstan2022,outer_fold_4,Elusimicrobium
within_cohort_kazakhstan2022,outer_fold_4,Enterococcus
within_cohort_kazakhstan2022,outer_fold_4,Enterorhabdus
within_cohort_kazakhstan2022,outer_fold_4,Enteroscipio
within_cohort_kazakhstan2022,outer_fold_4,Erysipelatoclostridium
within_cohort_kazakhstan2022,outer_fold_4,Erysipelotrichaceae UCG-003
within_cohort_kazakhstan2022,outer_fold_4,Erysipelotrichaceae UCG-006
within_cohort_kazakhstan2022,outer_fold_4,Escherichia-Shigella
within_cohort_kazakhstan2022,outer_fold_4,Eubacterium
within_cohort_kazakhstan2022,outer_fold_4,Eubacterium brachy group
within_cohort_kazakhstan2022,outer_fold_4,Eubacterium eligens group
within_cohort_kazakhstan2022,outer_fold_4,Eubacterium hallii group
within_cohort_kazakhstan2022,outer_fold_4,Eubacterium oxidoreducens group
within_cohort_kazakhstan2022,outer_fold_4,Eubacterium ventriosum group
within_cohort_kazakhstan2022,outer_fold_4,Ezakiella
within_cohort_kazakhstan2022,outer_fold_4,Faecalibacterium
within_cohort_kazakhstan2022,outer_fold_4,Faecalibaculum
within_cohort_kazakhstan2022,outer_fold_4,Family XIII AD3011 group
within_cohort_kazakhstan2022,outer_fold_4,Family XIII UCG-001
within_cohort_kazakhstan2022,outer_fold_4,Fenollaria
within_cohort_kazakhstan2022,outer_fold_4,Ferruginibacter
within_cohort_kazakhstan2022,outer_fold_4,Finegoldia
within_cohort_kazakhstan2022,outer_fold_4,Flavisolibacter
within_cohort_kazakhstan2022,outer_fold_4,Flavitalea
within_cohort_kazakhstan2022,outer_fold_4,Flavobacterium
within_cohort_kazakhstan2022,outer_fold_4,Flavonifractor
within_cohort_kazakhstan2022,outer_fold_4,Fluviicola
within_cohort_kazakhstan2022,outer_fold_4,Fournierella
within_cohort_kazakhstan2022,outer_fold_4,Frisingicoccus
within_cohort_kazakhstan2022,outer_fold_4,Fusicatenibacter
within_cohort_kazakhstan2022,outer_fold_4,Fusobacterium
within_cohort_kazakhstan2022,outer_fold_4,GCA-900066575
within_cohort_kazakhstan2022,outer_fold_4,GCA-900066755
within_cohort_kazakhstan2022,outer_fold_4,Gaiella
within_cohort_kazakhstan2022,outer_fold_4,Gemella
within_cohort_kazakhstan2022,outer_fold_4,Gemmatimonas
within_cohort_kazakhstan2022,outer_fold_4,Gordonibacter
within_cohort_kazakhstan2022,outer_fold_4,HT002
within_cohort_kazakhstan2022,outer_fold_4,Haemophilus
within_cohort_kazakhstan2022,outer_fold_4,Haliangium
within_cohort_kazakhstan2022,outer_fold_4,Harryflintia
within_cohort_kazakhstan2022,outer_fold_4,Hassallia
within_cohort_kazakhstan2022,outer_fold_4,Helicobacter
within_cohort_kazakhstan2022,outer_fold_4,Hirschia
within_cohort_kazakhstan2022,outer_fold_4,Holdemanella
within_cohort_kazakhstan2022,outer_fold_4,Holdemania
within_cohort_kazakhstan2022,outer_fold_4,Howardella
within_cohort_kazakhstan2022,outer_fold_4,Hungatella
within_cohort_kazakhstan2022,outer_fold_4,Hyphomicrobium
within_cohort_kazakhstan2022,outer_fold_4,IS-44
within_cohort_kazakhstan2022,outer_fold_4,Iamia
within_cohort_kazakhstan2022,outer_fold_4,Ilumatobacter
within_cohort_kazakhstan2022,outer_fold_4,Incertae Sedis
within_cohort_kazakhstan2022,outer_fold_4,Intestinibacter
within_cohort_kazakhstan2022,outer_fold_4,Intestinimonas
within_cohort_kazakhstan2022,outer_fold_4,JGI 0001001-H03
within_cohort_kazakhstan2022,outer_fold_4,Klebsiella
within_cohort_kazakhstan2022,outer_fold_4,Kribbella
within_cohort_kazakhstan2022,outer_fold_4,Lachnoclostridium
within_cohort_kazakhstan2022,outer_fold_4,Lachnospira
within_cohort_kazakhstan2022,outer_fold_4,Lachnospiraceae FCS020 group
within_cohort_kazakhstan2022,outer_fold_4,Lachnospiraceae NC2004 group
within_cohort_kazakhstan2022,outer_fold_4,Lachnospiraceae ND3007 group
within_cohort_kazakhstan2022,outer_fold_4,Lachnospiraceae NK3A20 group
within_cohort_kazakhstan2022,outer_fold_4,Lachnospiraceae NK4A136 group
within_cohort_kazakhstan2022,outer_fold_4,Lachnospiraceae UCG-003
within_cohort_kazakhstan2022,outer_fold_4,Lachnospiraceae UCG-004
within_cohort_kazakhstan2022,outer_fold_4,Lachnospiraceae UCG-006
within_cohort_kazakhstan2022,outer_fold_4,Lachnospiraceae UCG-010
within_cohort_kazakhstan2022,outer_fold_4,Lacibacter
within_cohort_kazakhstan2022,outer_fold_4,Lacticaseibacillus
within_cohort_kazakhstan2022,outer_fold_4,Lactiplantibacillus
within_cohort_kazakhstan2022,outer_fold_4,Lactobacillus
within_cohort_kazakhstan2022,outer_fold_4,Lactococcus
within_cohort_kazakhstan2022,outer_fold_4,Lactonifactor
within_cohort_kazakhstan2022,outer_fold_4,Lacunisphaera
within_cohort_kazakhstan2022,outer_fold_4,Latilactobacillus
within_cohort_kazakhstan2022,outer_fold_4,Lechevalieria
within_cohort_kazakhstan2022,outer_fold_4,Levilactobacillus
within_cohort_kazakhstan2022,outer_fold_4,Libanicoccus
within_cohort_kazakhstan2022,outer_fold_4,Ligilactobacillus
within_cohort_kazakhstan2022,outer_fold_4,Limosilactobacillus
within_cohort_kazakhstan2022,outer_fold_4,Longimicrobium
within_cohort_kazakhstan2022,outer_fold_4,Luedemannella
within_cohort_kazakhstan2022,outer_fold_4,Luteolibacter
within_cohort_kazakhstan2022,outer_fold_4,Lysinibacillus
within_cohort_kazakhstan2022,outer_fold_4,Lysobacter
within_cohort_kazakhstan2022,outer_fold_4,MND1
within_cohort_kazakhstan2022,outer_fold_4,Marmoricola
within_cohort_kazakhstan2022,outer_fold_4,Marvinbryantia
within_cohort_kazakhstan2022,outer_fold_4,Megamonas
within_cohort_kazakhstan2022,outer_fold_4,Megasphaera
within_cohort_kazakhstan2022,outer_fold_4,Merdibacter
within_cohort_kazakhstan2022,outer_fold_4,Mesorhizobium
within_cohort_kazakhstan2022,outer_fold_4,Methanobrevibacter
within_cohort_kazakhstan2022,outer_fold_4,Methyloceanibacter
within_cohort_kazakhstan2022,outer_fold_4,Methylotenera
within_cohort_kazakhstan2022,outer_fold_4,Microbacterium
within_cohort_kazakhstan2022,outer_fold_4,Microlunatus
within_cohort_kazakhstan2022,outer_fold_4,Microvirga
within_cohort_kazakhstan2022,outer_fold_4,Mitsuokella
within_cohort_kazakhstan2022,outer_fold_4,Mogibacterium
within_cohort_kazakhstan2022,outer_fold_4,Monoglobus
within_cohort_kazakhstan2022,outer_fold_4,Muribaculum
within_cohort_kazakhstan2022,outer_fold_4,Mycobacterium
within_cohort_kazakhstan2022,outer_fold_4,NK4A214 group
within_cohort_kazakhstan2022,outer_fold_4,Nannocystis
within_cohort_kazakhstan2022,outer_fold_4,Negativibacillus
within_cohort_kazakhstan2022,outer_fold_4,Niastella
within_cohort_kazakhstan2022,outer_fold_4,Nitrolancea
within_cohort_kazakhstan2022,outer_fold_4,Nitrosococcus
within_cohort_kazakhstan2022,outer_fold_4,Nitrosospira
within_cohort_kazakhstan2022,outer_fold_4,Nitrospira
within_cohort_kazakhstan2022,outer_fold_4,Nocardioides
within_cohort_kazakhstan2022,outer_fold_4,Nonomuraea
within_cohort_kazakhstan2022,outer_fold_4,Nordella
within_cohort_kazakhstan2022,outer_fold_4,OLB17
within_cohort_kazakhstan2022,outer_fold_4,OM27 clade
within_cohort_kazakhstan2022,outer_fold_4,Odoribacter
within_cohort_kazakhstan2022,outer_fold_4,Ohtaekwangia
within_cohort_kazakhstan2022,outer_fold_4,Olsenella
within_cohort_kazakhstan2022,outer_fold_4,Opitutus
within_cohort_kazakhstan2022,outer_fold_4,Oribacterium
within_cohort_kazakhstan2022,outer_fold_4,Oscillibacter
within_cohort_kazakhstan2022,outer_fold_4,Oscillospira
within_cohort_kazakhstan2022,outer_fold_4,Oxalobacter
within_cohort_kazakhstan2022,outer_fold_4,P3OB-42
within_cohort_kazakhstan2022,outer_fold_4,Paenibacillus
within_cohort_kazakhstan2022,outer_fold_4,Paeniclostridium
within_cohort_kazakhstan2022,outer_fold_4,Paenisporosarcina
within_cohort_kazakhstan2022,outer_fold_4,Pajaroellobacter
within_cohort_kazakhstan2022,outer_fold_4,Paludicola
within_cohort_kazakhstan2022,outer_fold_4,Papillibacter
within_cohort_kazakhstan2022,outer_fold_4,Parabacteroides
within_cohort_kazakhstan2022,outer_fold_4,Paraprevotella
within_cohort_kazakhstan2022,outer_fold_4,Parapusillimonas
within_cohort_kazakhstan2022,outer_fold_4,Parasutterella
within_cohort_kazakhstan2022,outer_fold_4,Parvimonas
within_cohort_kazakhstan2022,outer_fold_4,Pedobacter
within_cohort_kazakhstan2022,outer_fold_4,Pedomicrobium
within_cohort_kazakhstan2022,outer_fold_4,Peptococcus
within_cohort_kazakhstan2022,outer_fold_4,Peptoniphilus
within_cohort_kazakhstan2022,outer_fold_4,Peptostreptococcus
within_cohort_kazakhstan2022,outer_fold_4,Phascolarctobacterium
within_cohort_kazakhstan2022,outer_fold_4,Phaselicystis
within_cohort_kazakhstan2022,outer_fold_4,Phenylobacterium
within_cohort_kazakhstan2022,outer_fold_4,Phocea
within_cohort_kazakhstan2022,outer_fold_4,Polaromonas
within_cohort_kazakhstan2022,outer_fold_4,Polyangium
within_cohort_kazakhstan2022,outer_fold_4,Polycyclovorans
within_cohort_kazakhstan2022,outer_fold_4,Pontibacter
within_cohort_kazakhstan2022,outer_fold_4,Porphyromonas
within_cohort_kazakhstan2022,outer_fold_4,Prevotella
within_cohort_kazakhstan2022,outer_fold_4,Prevotella_7
within_cohort_kazakhstan2022,outer_fold_4,Prevotella_9
within_cohort_kazakhstan2022,outer_fold_4,Prevotellaceae NK3B31 group
within_cohort_kazakhstan2022,outer_fold_4,Prevotellaceae UCG-001
within_cohort_kazakhstan2022,outer_fold_4,Prevotellaceae UCG-003
within_cohort_kazakhstan2022,outer_fold_4,Pseudenhygromyxa
within_cohort_kazakhstan2022,outer_fold_4,Pseudoduganella
within_cohort_kazakhstan2022,outer_fold_4,Pseudoflavonifractor
within_cohort_kazakhstan2022,outer_fold_4,Pseudolabrys
within_cohort_kazakhstan2022,outer_fold_4,Pseudomonas
within_cohort_kazakhstan2022,outer_fold_4,Pseudonocardia
within_cohort_kazakhstan2022,outer_fold_4,Pseudorhodoplanes
within_cohort_kazakhstan2022,outer_fold_4,Pseudoxanthomonas
within_cohort_kazakhstan2022,outer_fold_4,Psychrobacillus
within_cohort_kazakhstan2022,outer_fold_4,Puia
within_cohort_kazakhstan2022,outer_fold_4,Pyramidobacter
within_cohort_kazakhstan2022,outer_fold_4,RB41
within_cohort_kazakhstan2022,outer_fold_4,Ramlibacter
within_cohort_kazakhstan2022,outer_fold_4,Reyranella
within_cohort_kazakhstan2022,outer_fold_4,Rhizobacter
within_cohort_kazakhstan2022,outer_fold_4,Rhizocola
within_cohort_kazakhstan2022,outer_fold_4,Rhodococcus
within_cohort_kazakhstan2022,outer_fold_4,Rhodomicrobium
within_cohort_kazakhstan2022,outer_fold_4,Rhodoplanes
within_cohort_kazakhstan2022,outer_fold_4,Rikenellaceae RC9 gut group
within_cohort_kazakhstan2022,outer_fold_4,Romboutsia
within_cohort_kazakhstan2022,outer_fold_4,Roseburia
within_cohort_kazakhstan2022,outer_fold_4,Rothia
within_cohort_kazakhstan2022,outer_fold_4,Rubrobacter
within_cohort_kazakhstan2022,outer_fold_4,Ruminococcus
within_cohort_kazakhstan2022,outer_fold_4,Ruminococcus gnavus group
within_cohort_kazakhstan2022,outer_fold_4,Ruminococcus torques group
within_cohort_kazakhstan2022,outer_fold_4,SWB02
within_cohort_kazakhstan2022,outer_fold_4,Salipaludibacillus
within_cohort_kazakhstan2022,outer_fold_4,Salmonella
within_cohort_kazakhstan2022,outer_fold_4,Sandaracinus
within_cohort_kazakhstan2022,outer_fold_4,Sanguibacteroides
within_cohort_kazakhstan2022,outer_fold_4,Sarcina
within_cohort_kazakhstan2022,outer_fold_4,Sellimonas
within_cohort_kazakhstan2022,outer_fold_4,Senegalimassilia
within_cohort_kazakhstan2022,outer_fold_4,Serratia
within_cohort_kazakhstan2022,outer_fold_4,Shuttleworthia
within_cohort_kazakhstan2022,outer_fold_4,Skermanella
within_cohort_kazakhstan2022,outer_fold_4,Slackia
within_cohort_kazakhstan2022,outer_fold_4,Sneathia
within_cohort_kazakhstan2022,outer_fold_4,Solirubrobacter
within_cohort_kazakhstan2022,outer_fold_4,Solitalea
within_cohort_kazakhstan2022,outer_fold_4,Solobacterium
within_cohort_kazakhstan2022,outer_fold_4,Sphingomonas
within_cohort_kazakhstan2022,outer_fold_4,Sporosarcina
within_cohort_kazakhstan2022,outer_fold_4,Staphylococcus
within_cohort_kazakhstan2022,outer_fold_4,Stenotrophobacter
within_cohort_kazakhstan2022,outer_fold_4,Steroidobacter
within_cohort_kazakhstan2022,outer_fold_4,Streptococcus
within_cohort_kazakhstan2022,outer_fold_4,Streptomyces
within_cohort_kazakhstan2022,outer_fold_4,Subdoligranulum
within_cohort_kazakhstan2022,outer_fold_4,Subgroup 10
within_cohort_kazakhstan2022,outer_fold_4,Succinivibrio
within_cohort_kazakhstan2022,outer_fold_4,Sulfurifustis
within_cohort_kazakhstan2022,outer_fold_4,Sutterella
within_cohort_kazakhstan2022,outer_fold_4,TM7x
within_cohort_kazakhstan2022,outer_fold_4,Taibaiella
within_cohort_kazakhstan2022,outer_fold_4,Terrimonas
within_cohort_kazakhstan2022,outer_fold_4,Truepera
within_cohort_kazakhstan2022,outer_fold_4,Tumebacillus
within_cohort_kazakhstan2022,outer_fold_4,Turicibacter
within_cohort_kazakhstan2022,outer_fold_4,Tuzzerella
within_cohort_kazakhstan2022,outer_fold_4,Tyzzerella
within_cohort_kazakhstan2022,outer_fold_4,UBA1819
within_cohort_kazakhstan2022,outer_fold_4,UC5-1-2E3
within_cohort_kazakhstan2022,outer_fold_4,UCG-002
within_cohort_kazakhstan2022,outer_fold_4,UCG-003
within_cohort_kazakhstan2022,outer_fold_4,UCG-004
within_cohort_kazakhstan2022,outer_fold_4,UCG-005
within_cohort_kazakhstan2022,outer_fold_4,UCG-007
within_cohort_kazakhstan2022,outer_fold_4,UCG-009
within_cohort_kazakhstan2022,outer_fold_4,UTCFX1
within_cohort_kazakhstan2022,outer_fold_4,V9D2013 group
within_cohort_kazakhstan2022,outer_fold_4,Veillonella
within_cohort_kazakhstan2022,outer_fold_4,Vicinamibacter
within_cohort_kazakhstan2022,outer_fold_4,Victivallis
within_cohort_kazakhstan2022,outer_fold_4,Virgisporangium
within_cohort_kazakhstan2022,outer_fold_4,Weissella
within_cohort_kazakhstan2022,outer_fold_4,Woeseia
within_cohort_kazakhstan2022,outer_fold_4,Z20
within_cohort_kazakhstan2022,outer_fold_4,[Bacteroides] pectinophilus group
within_cohort_kazakhstan2022,outer_fold_4,[Clostridium] innocuum group
within_cohort_kazakhstan2022,outer_fold_4,[Eubacterium] fissicatena group
within_cohort_kazakhstan2022,outer_fold_4,[Eubacterium] nodatum group
within_cohort_kazakhstan2022,outer_fold_4,[Eubacterium] ruminantium group
within_cohort_kazakhstan2022,outer_fold_4,[Eubacterium] siraeum group
within_cohort_kazakhstan2022,outer_fold_4,[Eubacterium] tenue group
within_cohort_kazakhstan2022,outer_fold_4,[Eubacterium] xylanophilum group
within_cohort_kazakhstan2022,outer_fold_4,[Ruminococcus] gauvreauii group
within_cohort_kazakhstan2022,outer_fold_4,mle1-7
within_cohort_kazakhstan2022,outer_fold_4,wb1-A12
within_cohort_kazakhstan2022,outer_fold_5,ADurb.Bin063-1
within_cohort_kazakhstan2022,outer_fold_5,Acidaminococcus
within_cohort_kazakhstan2022,outer_fold_5,Acidibacter
within_cohort_kazakhstan2022,outer_fold_5,Acinetobacter
within_cohort_kazakhstan2022,outer_fold_5,Actinocorallia
within_cohort_kazakhstan2022,outer_fold_5,Actinomyces
within_cohort_kazakhstan2022,outer_fold_5,Adhaeribacter
within_cohort_kazakhstan2022,outer_fold_5,Adlercreutzia
within_cohort_kazakhstan2022,outer_fold_5,Aeromicrobium
within_cohort_kazakhstan2022,outer_fold_5,Aeromonas
within_cohort_kazakhstan2022,outer_fold_5,Agathobacter
within_cohort_kazakhstan2022,outer_fold_5,Agromyces
within_cohort_kazakhstan2022,outer_fold_5,Ahniella
within_cohort_kazakhstan2022,outer_fold_5,Akkermansia
within_cohort_kazakhstan2022,outer_fold_5,Alistipes
within_cohort_kazakhstan2022,outer_fold_5,Alkalicoccus
within_cohort_kazakhstan2022,outer_fold_5,Allisonella
within_cohort_kazakhstan2022,outer_fold_5,Alloprevotella
within_cohort_kazakhstan2022,outer_fold_5,Allorhizobium-Neorhizobium-Pararhizobium-Rhizobium
within_cohort_kazakhstan2022,outer_fold_5,Altererythrobacter
within_cohort_kazakhstan2022,outer_fold_5,Ammoniphilus
within_cohort_kazakhstan2022,outer_fold_5,Anaerobacillus
within_cohort_kazakhstan2022,outer_fold_5,Anaerococcus
within_cohort_kazakhstan2022,outer_fold_5,Anaerofilum
within_cohort_kazakhstan2022,outer_fold_5,Anaerofustis
within_cohort_kazakhstan2022,outer_fold_5,Anaerostipes
within_cohort_kazakhstan2022,outer_fold_5,Anaerotruncus
within_cohort_kazakhstan2022,outer_fold_5,Angelakisella
within_cohort_kazakhstan2022,outer_fold_5,Aquicella
within_cohort_kazakhstan2022,outer_fold_5,Archangium
within_cohort_kazakhstan2022,outer_fold_5,Arenimonas
within_cohort_kazakhstan2022,outer_fold_5,Aridibacter
within_cohort_kazakhstan2022,outer_fold_5,Asteroleplasma
within_cohort_kazakhstan2022,outer_fold_5,Atopobium
within_cohort_kazakhstan2022,outer_fold_5,Azoarcus
within_cohort_kazakhstan2022,outer_fold_5,BD1-7 clade
within_cohort_kazakhstan2022,outer_fold_5,BIyi10
within_cohort_kazakhstan2022,outer_fold_5,Bacillus
within_cohort_kazakhstan2022,outer_fold_5,Bacteroides
within_cohort_kazakhstan2022,outer_fold_5,Barnesiella
within_cohort_kazakhstan2022,outer_fold_5,Bauldia
within_cohort_kazakhstan2022,outer_fold_5,Bdellovibrio
within_cohort_kazakhstan2022,outer_fold_5,Bifidobacterium
within_cohort_kazakhstan2022,outer_fold_5,Bilophila
within_cohort_kazakhstan2022,outer_fold_5,Blastococcus
within_cohort_kazakhstan2022,outer_fold_5,Blautia
within_cohort_kazakhstan2022,outer_fold_5,Brevundimonas
within_cohort_kazakhstan2022,outer_fold_5,Bryobacter
within_cohort_kazakhstan2022,outer_fold_5,Butyricicoccus
within_cohort_kazakhstan2022,outer_fold_5,Butyricimonas
within_cohort_kazakhstan2022,outer_fold_5,CAG-352
within_cohort_kazakhstan2022,outer_fold_5,CAG-56
within_cohort_kazakhstan2022,outer_fold_5,CAG-873
within_cohort_kazakhstan2022,outer_fold_5,CHKCI002
within_cohort_kazakhstan2022,outer_fold_5,CL500-29 marine group
within_cohort_kazakhstan2022,outer_fold_5,Caenimonas
within_cohort_kazakhstan2022,outer_fold_5,Candidatus Entotheonella
within_cohort_kazakhstan2022,outer_fold_5,Candidatus Nitrocosmicus
within_cohort_kazakhstan2022,outer_fold_5,Candidatus Nitrososphaera
within_cohort_kazakhstan2022,outer_fold_5,Candidatus Soleaferrea
within_cohort_kazakhstan2022,outer_fold_5,Candidatus Solibacter
within_cohort_kazakhstan2022,outer_fold_5,Candidatus Udaeobacter
within_cohort_kazakhstan2022,outer_fold_5,Castellaniella
within_cohort_kazakhstan2022,outer_fold_5,Catenibacillus
within_cohort_kazakhstan2022,outer_fold_5,Catenibacterium
within_cohort_kazakhstan2022,outer_fold_5,Catenisphaera
within_cohort_kazakhstan2022,outer_fold_5,Caulobacter
within_cohort_kazakhstan2022,outer_fold_5,Chitinophaga
within_cohort_kazakhstan2022,outer_fold_5,Christensenella
within_cohort_kazakhstan2022,outer_fold_5,Christensenellaceae R-7 group
within_cohort_kazakhstan2022,outer_fold_5,Chryseolinea
within_cohort_kazakhstan2022,outer_fold_5,Chthoniobacter
within_cohort_kazakhstan2022,outer_fold_5,Citrifermentans
within_cohort_kazakhstan2022,outer_fold_5,Citrobacter
within_cohort_kazakhstan2022,outer_fold_5,Cloacibacillus
within_cohort_kazakhstan2022,outer_fold_5,Clostridium sensu stricto 1
within_cohort_kazakhstan2022,outer_fold_5,Colidextribacter
within_cohort_kazakhstan2022,outer_fold_5,Collinsella
within_cohort_kazakhstan2022,outer_fold_5,Comamonas
within_cohort_kazakhstan2022,outer_fold_5,Coprobacillus
within_cohort_kazakhstan2022,outer_fold_5,Coprobacter
within_cohort_kazakhstan2022,outer_fold_5,Coprococcus
within_cohort_kazakhstan2022,outer_fold_5,Coriobacteriaceae UCG-003
within_cohort_kazakhstan2022,outer_fold_5,Corynebacterium
within_cohort_kazakhstan2022,outer_fold_5,Cutibacterium
within_cohort_kazakhstan2022,outer_fold_5,DTU089
within_cohort_kazakhstan2022,outer_fold_5,Dactylosporangium
within_cohort_kazakhstan2022,outer_fold_5,Defluviitaleaceae UCG-011
within_cohort_kazakhstan2022,outer_fold_5,Desulfovibrio
within_cohort_kazakhstan2022,outer_fold_5,Dethiobacter
within_cohort_kazakhstan2022,outer_fold_5,Dialister
within_cohort_kazakhstan2022,outer_fold_5,Diaphorobacter
within_cohort_kazakhstan2022,outer_fold_5,Dielma
within_cohort_kazakhstan2022,outer_fold_5,Dinghuibacter
within_cohort_kazakhstan2022,outer_fold_5,Dongia
within_cohort_kazakhstan2022,outer_fold_5,Dorea
within_cohort_kazakhstan2022,outer_fold_5,Edaphobaculum
within_cohort_kazakhstan2022,outer_fold_5,Eggerthella
within_cohort_kazakhstan2022,outer_fold_5,Eisenbergiella
within_cohort_kazakhstan2022,outer_fold_5,Ellin6055
within_cohort_kazakhstan2022,outer_fold_5,Ellin6067
within_cohort_kazakhstan2022,outer_fold_5,Elusimicrobium
within_cohort_kazakhstan2022,outer_fold_5,Enterococcus
within_cohort_kazakhstan2022,outer_fold_5,Enterorhabdus
within_cohort_kazakhstan2022,outer_fold_5,Enteroscipio
within_cohort_kazakhstan2022,outer_fold_5,Erysipelatoclostridium
within_cohort_kazakhstan2022,outer_fold_5,Erysipelotrichaceae UCG-003
within_cohort_kazakhstan2022,outer_fold_5,Erysipelotrichaceae UCG-006
within_cohort_kazakhstan2022,outer_fold_5,Escherichia-Shigella
within_cohort_kazakhstan2022,outer_fold_5,Eubacterium
within_cohort_kazakhstan2022,outer_fold_5,Eubacterium brachy group
within_cohort_kazakhstan2022,outer_fold_5,Eubacterium eligens group
within_cohort_kazakhstan2022,outer_fold_5,Eubacterium hallii group
within_cohort_kazakhstan2022,outer_fold_5,Eubacterium ventriosum group
within_cohort_kazakhstan2022,outer_fold_5,Ezakiella
within_cohort_kazakhstan2022,outer_fold_5,Faecalibacterium
within_cohort_kazakhstan2022,outer_fold_5,Faecalibaculum
within_cohort_kazakhstan2022,outer_fold_5,Family XIII AD3011 group
within_cohort_kazakhstan2022,outer_fold_5,Family XIII UCG-001
within_cohort_kazakhstan2022,outer_fold_5,Fenollaria
within_cohort_kazakhstan2022,outer_fold_5,Ferruginibacter
within_cohort_kazakhstan2022,outer_fold_5,Finegoldia
within_cohort_kazakhstan2022,outer_fold_5,Flavisolibacter
within_cohort_kazakhstan2022,outer_fold_5,Flavitalea
within_cohort_kazakhstan2022,outer_fold_5,Flavobacterium
within_cohort_kazakhstan2022,outer_fold_5,Flavonifractor
within_cohort_kazakhstan2022,outer_fold_5,Fluviicola
within_cohort_kazakhstan2022,outer_fold_5,Fournierella
within_cohort_kazakhstan2022,outer_fold_5,Frisingicoccus
within_cohort_kazakhstan2022,outer_fold_5,Fusicatenibacter
within_cohort_kazakhstan2022,outer_fold_5,Fusobacterium
within_cohort_kazakhstan2022,outer_fold_5,GCA-900066575
within_cohort_kazakhstan2022,outer_fold_5,GCA-900066755
within_cohort_kazakhstan2022,outer_fold_5,Gaiella
within_cohort_kazakhstan2022,outer_fold_5,Gemella
within_cohort_kazakhstan2022,outer_fold_5,Gemmatimonas
within_cohort_kazakhstan2022,outer_fold_5,Gordonibacter
within_cohort_kazakhstan2022,outer_fold_5,HT002
within_cohort_kazakhstan2022,outer_fold_5,Haemophilus
within_cohort_kazakhstan2022,outer_fold_5,Haliangium
within_cohort_kazakhstan2022,outer_fold_5,Harryflintia
within_cohort_kazakhstan2022,outer_fold_5,Hassallia
within_cohort_kazakhstan2022,outer_fold_5,Helicobacter
within_cohort_kazakhstan2022,outer_fold_5,Hirschia
within_cohort_kazakhstan2022,outer_fold_5,Holdemanella
within_cohort_kazakhstan2022,outer_fold_5,Holdemania
within_cohort_kazakhstan2022,outer_fold_5,Howardella
within_cohort_kazakhstan2022,outer_fold_5,Hungatella
within_cohort_kazakhstan2022,outer_fold_5,Hyphomicrobium
within_cohort_kazakhstan2022,outer_fold_5,IS-44
within_cohort_kazakhstan2022,outer_fold_5,Iamia
within_cohort_kazakhstan2022,outer_fold_5,Ilumatobacter
within_cohort_kazakhstan2022,outer_fold_5,Incertae Sedis
within_cohort_kazakhstan2022,outer_fold_5,Intestinibacter
within_cohort_kazakhstan2022,outer_fold_5,Intestinimonas
within_cohort_kazakhstan2022,outer_fold_5,JGI 0001001-H03
within_cohort_kazakhstan2022,outer_fold_5,Klebsiella
within_cohort_kazakhstan2022,outer_fold_5,Kribbella
within_cohort_kazakhstan2022,outer_fold_5,Lachnoclostridium
within_cohort_kazakhstan2022,outer_fold_5,Lachnospira
within_cohort_kazakhstan2022,outer_fold_5,Lachnospiraceae FCS020 group
within_cohort_kazakhstan2022,outer_fold_5,Lachnospiraceae NC2004 group
within_cohort_kazakhstan2022,outer_fold_5,Lachnospiraceae ND3007 group
within_cohort_kazakhstan2022,outer_fold_5,Lachnospiraceae NK3A20 group
within_cohort_kazakhstan2022,outer_fold_5,Lachnospiraceae NK4A136 group
within_cohort_kazakhstan2022,outer_fold_5,Lachnospiraceae UCG-003
within_cohort_kazakhstan2022,outer_fold_5,Lachnospiraceae UCG-004
within_cohort_kazakhstan2022,outer_fold_5,Lachnospiraceae UCG-006
within_cohort_kazakhstan2022,outer_fold_5,Lachnospiraceae UCG-010
within_cohort_kazakhstan2022,outer_fold_5,Lacibacter
within_cohort_kazakhstan2022,outer_fold_5,Lacticaseibacillus
within_cohort_kazakhstan2022,outer_fold_5,Lactiplantibacillus
within_cohort_kazakhstan2022,outer_fold_5,Lactobacillus
within_cohort_kazakhstan2022,outer_fold_5,Lactococcus
within_cohort_kazakhstan2022,outer_fold_5,Lactonifactor
within_cohort_kazakhstan2022,outer_fold_5,Latilactobacillus
within_cohort_kazakhstan2022,outer_fold_5,Lechevalieria
within_cohort_kazakhstan2022,outer_fold_5,Levilactobacillus
within_cohort_kazakhstan2022,outer_fold_5,Libanicoccus
within_cohort_kazakhstan2022,outer_fold_5,Ligilactobacillus
within_cohort_kazakhstan2022,outer_fold_5,Limosilactobacillus
within_cohort_kazakhstan2022,outer_fold_5,Luedemannella
within_cohort_kazakhstan2022,outer_fold_5,Luteolibacter
within_cohort_kazakhstan2022,outer_fold_5,Lysinibacillus
within_cohort_kazakhstan2022,outer_fold_5,Lysobacter
within_cohort_kazakhstan2022,outer_fold_5,MND1
within_cohort_kazakhstan2022,outer_fold_5,Marmoricola
within_cohort_kazakhstan2022,outer_fold_5,Marvinbryantia
within_cohort_kazakhstan2022,outer_fold_5,Megamonas
within_cohort_kazakhstan2022,outer_fold_5,Megasphaera
within_cohort_kazakhstan2022,outer_fold_5,Merdibacter
within_cohort_kazakhstan2022,outer_fold_5,Mesorhizobium
within_cohort_kazakhstan2022,outer_fold_5,Methanobrevibacter
within_cohort_kazakhstan2022,outer_fold_5,Methyloceanibacter
within_cohort_kazakhstan2022,outer_fold_5,Methylotenera
within_cohort_kazakhstan2022,outer_fold_5,Microbacterium
within_cohort_kazakhstan2022,outer_fold_5,Microlunatus
within_cohort_kazakhstan2022,outer_fold_5,Microvirga
within_cohort_kazakhstan2022,outer_fold_5,Mitsuokella
within_cohort_kazakhstan2022,outer_fold_5,Mogibacterium
within_cohort_kazakhstan2022,outer_fold_5,Monoglobus
within_cohort_kazakhstan2022,outer_fold_5,Muribaculum
within_cohort_kazakhstan2022,outer_fold_5,Mycobacterium
within_cohort_kazakhstan2022,outer_fold_5,NK4A214 group
within_cohort_kazakhstan2022,outer_fold_5,Nannocystis
within_cohort_kazakhstan2022,outer_fold_5,Negativibacillus
within_cohort_kazakhstan2022,outer_fold_5,Niastella
within_cohort_kazakhstan2022,outer_fold_5,Nitrolancea
within_cohort_kazakhstan2022,outer_fold_5,Nitrosococcus
within_cohort_kazakhstan2022,outer_fold_5,Nitrosospira
within_cohort_kazakhstan2022,outer_fold_5,Nitrospira
within_cohort_kazakhstan2022,outer_fold_5,Nocardioides
within_cohort_kazakhstan2022,outer_fold_5,Nordella
within_cohort_kazakhstan2022,outer_fold_5,OLB17
within_cohort_kazakhstan2022,outer_fold_5,OM27 clade
within_cohort_kazakhstan2022,outer_fold_5,Odoribacter
within_cohort_kazakhstan2022,outer_fold_5,Ohtaekwangia
within_cohort_kazakhstan2022,outer_fold_5,Olsenella
within_cohort_kazakhstan2022,outer_fold_5,Opitutus
within_cohort_kazakhstan2022,outer_fold_5,Oribacterium
within_cohort_kazakhstan2022,outer_fold_5,Oscillibacter
within_cohort_kazakhstan2022,outer_fold_5,Oscillospira
within_cohort_kazakhstan2022,outer_fold_5,Oxalobacter
within_cohort_kazakhstan2022,outer_fold_5,P3OB-42
within_cohort_kazakhstan2022,outer_fold_5,Paenibacillus
within_cohort_kazakhstan2022,outer_fold_5,Paeniclostridium
within_cohort_kazakhstan2022,outer_fold_5,Paenisporosarcina
within_cohort_kazakhstan2022,outer_fold_5,Pajaroellobacter
within_cohort_kazakhstan2022,outer_fold_5,Paludicola
within_cohort_kazakhstan2022,outer_fold_5,Papillibacter
within_cohort_kazakhstan2022,outer_fold_5,Parabacteroides
within_cohort_kazakhstan2022,outer_fold_5,Paraprevotella
within_cohort_kazakhstan2022,outer_fold_5,Parapusillimonas
within_cohort_kazakhstan2022,outer_fold_5,Parasutterella
within_cohort_kazakhstan2022,outer_fold_5,Parvimonas
within_cohort_kazakhstan2022,outer_fold_5,Pedobacter
within_cohort_kazakhstan2022,outer_fold_5,Pedomicrobium
within_cohort_kazakhstan2022,outer_fold_5,Peptococcus
within_cohort_kazakhstan2022,outer_fold_5,Peptoniphilus
within_cohort_kazakhstan2022,outer_fold_5,Peptostreptococcus
within_cohort_kazakhstan2022,outer_fold_5,Peredibacter
within_cohort_kazakhstan2022,outer_fold_5,Phascolarctobacterium
within_cohort_kazakhstan2022,outer_fold_5,Phaselicystis
within_cohort_kazakhstan2022,outer_fold_5,Phenylobacterium
within_cohort_kazakhstan2022,outer_fold_5,Phocea
within_cohort_kazakhstan2022,outer_fold_5,Polaromonas
within_cohort_kazakhstan2022,outer_fold_5,Polyangium
within_cohort_kazakhstan2022,outer_fold_5,Polycyclovorans
within_cohort_kazakhstan2022,outer_fold_5,Pontibacter
within_cohort_kazakhstan2022,outer_fold_5,Porphyromonas
within_cohort_kazakhstan2022,outer_fold_5,Prevotella
within_cohort_kazakhstan2022,outer_fold_5,Prevotella_7
within_cohort_kazakhstan2022,outer_fold_5,Prevotella_9
within_cohort_kazakhstan2022,outer_fold_5,Prevotellaceae NK3B31 group
within_cohort_kazakhstan2022,outer_fold_5,Prevotellaceae UCG-001
within_cohort_kazakhstan2022,outer_fold_5,Prevotellaceae UCG-003
within_cohort_kazakhstan2022,outer_fold_5,Pseudenhygromyxa
within_cohort_kazakhstan2022,outer_fold_5,Pseudoflavonifractor
within_cohort_kazakhstan2022,outer_fold_5,Pseudolabrys
within_cohort_kazakhstan2022,outer_fold_5,Pseudomonas
within_cohort_kazakhstan2022,outer_fold_5,Pseudonocardia
within_cohort_kazakhstan2022,outer_fold_5,Pseudorhodoplanes
within_cohort_kazakhstan2022,outer_fold_5,Pseudoxanthomonas
within_cohort_kazakhstan2022,outer_fold_5,Puia
within_cohort_kazakhstan2022,outer_fold_5,Pyramidobacter
within_cohort_kazakhstan2022,outer_fold_5,RB41
within_cohort_kazakhstan2022,outer_fold_5,Ramlibacter
within_cohort_kazakhstan2022,outer_fold_5,Reyranella
within_cohort_kazakhstan2022,outer_fold_5,Rhizobacter
within_cohort_kazakhstan2022,outer_fold_5,Rhizocola
within_cohort_kazakhstan2022,outer_fold_5,Rhodococcus
within_cohort_kazakhstan2022,outer_fold_5,Rhodomicrobium
within_cohort_kazakhstan2022,outer_fold_5,Rhodoplanes
within_cohort_kazakhstan2022,outer_fold_5,Rikenellaceae RC9 gut group
within_cohort_kazakhstan2022,outer_fold_5,Romboutsia
within_cohort_kazakhstan2022,outer_fold_5,Roseburia
within_cohort_kazakhstan2022,outer_fold_5,Rothia
within_cohort_kazakhstan2022,outer_fold_5,Rubrobacter
within_cohort_kazakhstan2022,outer_fold_5,Ruminococcus
within_cohort_kazakhstan2022,outer_fold_5,Ruminococcus gnavus group
within_cohort_kazakhstan2022,outer_fold_5,Ruminococcus torques group
within_cohort_kazakhstan2022,outer_fold_5,SWB02
within_cohort_kazakhstan2022,outer_fold_5,Salipaludibacillus
within_cohort_kazakhstan2022,outer_fold_5,Salmonella
within_cohort_kazakhstan2022,outer_fold_5,Sandaracinus
within_cohort_kazakhstan2022,outer_fold_5,Sanguibacteroides
within_cohort_kazakhstan2022,outer_fold_5,Sarcina
within_cohort_kazakhstan2022,outer_fold_5,Sellimonas
within_cohort_kazakhstan2022,outer_fold_5,Senegalimassilia
within_cohort_kazakhstan2022,outer_fold_5,Shuttleworthia
within_cohort_kazakhstan2022,outer_fold_5,Skermanella
within_cohort_kazakhstan2022,outer_fold_5,Slackia
within_cohort_kazakhstan2022,outer_fold_5,Sneathia
within_cohort_kazakhstan2022,outer_fold_5,Solirubrobacter
within_cohort_kazakhstan2022,outer_fold_5,Solitalea
within_cohort_kazakhstan2022,outer_fold_5,Solobacterium
within_cohort_kazakhstan2022,outer_fold_5,Sphingomonas
within_cohort_kazakhstan2022,outer_fold_5,Sporosarcina
within_cohort_kazakhstan2022,outer_fold_5,Staphylococcus
within_cohort_kazakhstan2022,outer_fold_5,Stenotrophobacter
within_cohort_kazakhstan2022,outer_fold_5,Steroidobacter
within_cohort_kazakhstan2022,outer_fold_5,Streptococcus
within_cohort_kazakhstan2022,outer_fold_5,Streptomyces
within_cohort_kazakhstan2022,outer_fold_5,Subdoligranulum
within_cohort_kazakhstan2022,outer_fold_5,Subgroup 10
within_cohort_kazakhstan2022,outer_fold_5,Succinivibrio
within_cohort_kazakhstan2022,outer_fold_5,Sulfurifustis
within_cohort_kazakhstan2022,outer_fold_5,Sumerlaea
within_cohort_kazakhstan2022,outer_fold_5,Sutterella
within_cohort_kazakhstan2022,outer_fold_5,TM7x
within_cohort_kazakhstan2022,outer_fold_5,Terrimonas
within_cohort_kazakhstan2022,outer_fold_5,Truepera
within_cohort_kazakhstan2022,outer_fold_5,Tumebacillus
within_cohort_kazakhstan2022,outer_fold_5,Turicibacter
within_cohort_kazakhstan2022,outer_fold_5,Tuzzerella
within_cohort_kazakhstan2022,outer_fold_5,Tyzzerella
within_cohort_kazakhstan2022,outer_fold_5,UBA1819
within_cohort_kazakhstan2022,outer_fold_5,UC5-1-2E3
within_cohort_kazakhstan2022,outer_fold_5,UCG-002
within_cohort_kazakhstan2022,outer_fold_5,UCG-003
within_cohort_kazakhstan2022,outer_fold_5,UCG-004
within_cohort_kazakhstan2022,outer_fold_5,UCG-005
within_cohort_kazakhstan2022,outer_fold_5,UCG-007
within_cohort_kazakhstan2022,outer_fold_5,UCG-009
within_cohort_kazakhstan2022,outer_fold_5,UTCFX1
within_cohort_kazakhstan2022,outer_fold_5,Veillonella
within_cohort_kazakhstan2022,outer_fold_5,Vicinamibacter
within_cohort_kazakhstan2022,outer_fold_5,Victivallis
within_cohort_kazakhstan2022,outer_fold_5,Virgisporangium
within_cohort_kazakhstan2022,outer_fold_5,Weissella
within_cohort_kazakhstan2022,outer_fold_5,Woeseia
within_cohort_kazakhstan2022,outer_fold_5,[Bacteroides] pectinophilus group
within_cohort_kazakhstan2022,outer_fold_5,[Clostridium] innocuum group
within_cohort_kazakhstan2022,outer_fold_5,[Eubacterium] fissicatena group
within_cohort_kazakhstan2022,outer_fold_5,[Eubacterium] nodatum group
within_cohort_kazakhstan2022,outer_fold_5,[Eubacterium] ruminantium group
within_cohort_kazakhstan2022,outer_fold_5,[Eubacterium] siraeum group
within_cohort_kazakhstan2022,outer_fold_5,[Eubacterium] tenue group
within_cohort_kazakhstan2022,outer_fold_5,[Eubacterium] xylanophilum group
within_cohort_kazakhstan2022,outer_fold_5,[Ruminococcus] gauvreauii group
within_cohort_kazakhstan2022,outer_fold_5,mle1-7
within_cohort_kazakhstan2022,outer_fold_5,wb1-A12
within_cohort_kazakhstan2022,outer_fold_6,ADurb.Bin063-1
within_cohort_kazakhstan2022,outer_fold_6,Acidaminococcus
within_cohort_kazakhstan2022,outer_fold_6,Acidibacter
within_cohort_kazakhstan2022,outer_fold_6,Acinetobacter
within_cohort_kazakhstan2022,outer_fold_6,Actinocorallia
within_cohort_kazakhstan2022,outer_fold_6,Actinomyces
within_cohort_kazakhstan2022,outer_fold_6,Adhaeribacter
within_cohort_kazakhstan2022,outer_fold_6,Adlercreutzia
within_cohort_kazakhstan2022,outer_fold_6,Aeromicrobium
within_cohort_kazakhstan2022,outer_fold_6,Aeromonas
within_cohort_kazakhstan2022,outer_fold_6,Agathobacter
within_cohort_kazakhstan2022,outer_fold_6,Agromyces
within_cohort_kazakhstan2022,outer_fold_6,Ahniella
within_cohort_kazakhstan2022,outer_fold_6,Akkermansia
within_cohort_kazakhstan2022,outer_fold_6,Alistipes
within_cohort_kazakhstan2022,outer_fold_6,Alkalicoccus
within_cohort_kazakhstan2022,outer_fold_6,Allisonella
within_cohort_kazakhstan2022,outer_fold_6,Alloprevotella
within_cohort_kazakhstan2022,outer_fold_6,Allorhizobium-Neorhizobium-Pararhizobium-Rhizobium
within_cohort_kazakhstan2022,outer_fold_6,Altererythrobacter
within_cohort_kazakhstan2022,outer_fold_6,Ammoniphilus
within_cohort_kazakhstan2022,outer_fold_6,Anaerobacillus
within_cohort_kazakhstan2022,outer_fold_6,Anaerococcus
within_cohort_kazakhstan2022,outer_fold_6,Anaerofilum
within_cohort_kazakhstan2022,outer_fold_6,Anaerofustis
within_cohort_kazakhstan2022,outer_fold_6,Anaerostipes
within_cohort_kazakhstan2022,outer_fold_6,Anaerotruncus
within_cohort_kazakhstan2022,outer_fold_6,Angelakisella
within_cohort_kazakhstan2022,outer_fold_6,Aquicella
within_cohort_kazakhstan2022,outer_fold_6,Archangium
within_cohort_kazakhstan2022,outer_fold_6,Arenimonas
within_cohort_kazakhstan2022,outer_fold_6,Aridibacter
within_cohort_kazakhstan2022,outer_fold_6,Asteroleplasma
within_cohort_kazakhstan2022,outer_fold_6,Atopobium
within_cohort_kazakhstan2022,outer_fold_6,Azoarcus
within_cohort_kazakhstan2022,outer_fold_6,BD1-7 clade
within_cohort_kazakhstan2022,outer_fold_6,BIyi10
within_cohort_kazakhstan2022,outer_fold_6,Bacillus
within_cohort_kazakhstan2022,outer_fold_6,Bacteroides
within_cohort_kazakhstan2022,outer_fold_6,Barnesiella
within_cohort_kazakhstan2022,outer_fold_6,Bauldia
within_cohort_kazakhstan2022,outer_fold_6,Bdellovibrio
within_cohort_kazakhstan2022,outer_fold_6,Bifidobacterium
within_cohort_kazakhstan2022,outer_fold_6,Bilophila
within_cohort_kazakhstan2022,outer_fold_6,Blastococcus
within_cohort_kazakhstan2022,outer_fold_6,Blautia
within_cohort_kazakhstan2022,outer_fold_6,Brevundimonas
within_cohort_kazakhstan2022,outer_fold_6,Bryobacter
within_cohort_kazakhstan2022,outer_fold_6,Butyricicoccus
within_cohort_kazakhstan2022,outer_fold_6,Butyricimonas
within_cohort_kazakhstan2022,outer_fold_6,CAG-352
within_cohort_kazakhstan2022,outer_fold_6,CAG-56
within_cohort_kazakhstan2022,outer_fold_6,CAG-873
within_cohort_kazakhstan2022,outer_fold_6,CHKCI002
within_cohort_kazakhstan2022,outer_fold_6,CL500-29 marine group
within_cohort_kazakhstan2022,outer_fold_6,Caenimonas
within_cohort_kazakhstan2022,outer_fold_6,Candidatus Entotheonella
within_cohort_kazakhstan2022,outer_fold_6,Candidatus Nitrocosmicus
within_cohort_kazakhstan2022,outer_fold_6,Candidatus Nitrososphaera
within_cohort_kazakhstan2022,outer_fold_6,Candidatus Soleaferrea
within_cohort_kazakhstan2022,outer_fold_6,Candidatus Solibacter
within_cohort_kazakhstan2022,outer_fold_6,Candidatus Udaeobacter
within_cohort_kazakhstan2022,outer_fold_6,Castellaniella
within_cohort_kazakhstan2022,outer_fold_6,Catenibacillus
within_cohort_kazakhstan2022,outer_fold_6,Catenibacterium
within_cohort_kazakhstan2022,outer_fold_6,Catenisphaera
within_cohort_kazakhstan2022,outer_fold_6,Caulobacter
within_cohort_kazakhstan2022,outer_fold_6,Chitinophaga
within_cohort_kazakhstan2022,outer_fold_6,Christensenella
within_cohort_kazakhstan2022,outer_fold_6,Christensenellaceae R-7 group
within_cohort_kazakhstan2022,outer_fold_6,Chryseolinea
within_cohort_kazakhstan2022,outer_fold_6,Chthoniobacter
within_cohort_kazakhstan2022,outer_fold_6,Citrifermentans
within_cohort_kazakhstan2022,outer_fold_6,Citrobacter
within_cohort_kazakhstan2022,outer_fold_6,Cloacibacillus
within_cohort_kazakhstan2022,outer_fold_6,Clostridium sensu stricto 1
within_cohort_kazakhstan2022,outer_fold_6,Colidextribacter
within_cohort_kazakhstan2022,outer_fold_6,Collinsella
within_cohort_kazakhstan2022,outer_fold_6,Comamonas
within_cohort_kazakhstan2022,outer_fold_6,Coprobacillus
within_cohort_kazakhstan2022,outer_fold_6,Coprobacter
within_cohort_kazakhstan2022,outer_fold_6,Coprococcus
within_cohort_kazakhstan2022,outer_fold_6,Coriobacteriaceae UCG-003
within_cohort_kazakhstan2022,outer_fold_6,Corynebacterium
within_cohort_kazakhstan2022,outer_fold_6,Cutibacterium
within_cohort_kazakhstan2022,outer_fold_6,DTU089
within_cohort_kazakhstan2022,outer_fold_6,Dactylosporangium
within_cohort_kazakhstan2022,outer_fold_6,Defluviitaleaceae UCG-011
within_cohort_kazakhstan2022,outer_fold_6,Desulfovibrio
within_cohort_kazakhstan2022,outer_fold_6,Dethiobacter
within_cohort_kazakhstan2022,outer_fold_6,Dialister
within_cohort_kazakhstan2022,outer_fold_6,Diaphorobacter
within_cohort_kazakhstan2022,outer_fold_6,Dielma
within_cohort_kazakhstan2022,outer_fold_6,Dinghuibacter
within_cohort_kazakhstan2022,outer_fold_6,Dokdonella
within_cohort_kazakhstan2022,outer_fold_6,Dongia
within_cohort_kazakhstan2022,outer_fold_6,Dorea
within_cohort_kazakhstan2022,outer_fold_6,Edaphobaculum
within_cohort_kazakhstan2022,outer_fold_6,Eggerthella
within_cohort_kazakhstan2022,outer_fold_6,Eisenbergiella
within_cohort_kazakhstan2022,outer_fold_6,Ellin6055
within_cohort_kazakhstan2022,outer_fold_6,Ellin6067
within_cohort_kazakhstan2022,outer_fold_6,Elusimicrobium
within_cohort_kazakhstan2022,outer_fold_6,Enterococcus
within_cohort_kazakhstan2022,outer_fold_6,Enterorhabdus
within_cohort_kazakhstan2022,outer_fold_6,Enteroscipio
within_cohort_kazakhstan2022,outer_fold_6,Erysipelatoclostridium
within_cohort_kazakhstan2022,outer_fold_6,Erysipelotrichaceae UCG-003
within_cohort_kazakhstan2022,outer_fold_6,Erysipelotrichaceae UCG-006
within_cohort_kazakhstan2022,outer_fold_6,Escherichia-Shigella
within_cohort_kazakhstan2022,outer_fold_6,Eubacterium
within_cohort_kazakhstan2022,outer_fold_6,Eubacterium brachy group
within_cohort_kazakhstan2022,outer_fold_6,Eubacterium eligens group
within_cohort_kazakhstan2022,outer_fold_6,Eubacterium hallii group
within_cohort_kazakhstan2022,outer_fold_6,Eubacterium oxidoreducens group
within_cohort_kazakhstan2022,outer_fold_6,Eubacterium ventriosum group
within_cohort_kazakhstan2022,outer_fold_6,Ezakiella
within_cohort_kazakhstan2022,outer_fold_6,Faecalibacterium
within_cohort_kazakhstan2022,outer_fold_6,Faecalibaculum
within_cohort_kazakhstan2022,outer_fold_6,Family XIII AD3011 group
within_cohort_kazakhstan2022,outer_fold_6,Family XIII UCG-001
within_cohort_kazakhstan2022,outer_fold_6,Fenollaria
within_cohort_kazakhstan2022,outer_fold_6,Ferruginibacter
within_cohort_kazakhstan2022,outer_fold_6,Finegoldia
within_cohort_kazakhstan2022,outer_fold_6,Flavisolibacter
within_cohort_kazakhstan2022,outer_fold_6,Flavitalea
within_cohort_kazakhstan2022,outer_fold_6,Flavobacterium
within_cohort_kazakhstan2022,outer_fold_6,Flavonifractor
within_cohort_kazakhstan2022,outer_fold_6,Fluviicola
within_cohort_kazakhstan2022,outer_fold_6,Fournierella
within_cohort_kazakhstan2022,outer_fold_6,Frisingicoccus
within_cohort_kazakhstan2022,outer_fold_6,Fusicatenibacter
within_cohort_kazakhstan2022,outer_fold_6,Fusobacterium
within_cohort_kazakhstan2022,outer_fold_6,GCA-900066575
within_cohort_kazakhstan2022,outer_fold_6,GCA-900066755
within_cohort_kazakhstan2022,outer_fold_6,Gaiella
within_cohort_kazakhstan2022,outer_fold_6,Gemella
within_cohort_kazakhstan2022,outer_fold_6,Gemmatimonas
within_cohort_kazakhstan2022,outer_fold_6,Gordonibacter
within_cohort_kazakhstan2022,outer_fold_6,HT002
within_cohort_kazakhstan2022,outer_fold_6,Haemophilus
within_cohort_kazakhstan2022,outer_fold_6,Haliangium
within_cohort_kazakhstan2022,outer_fold_6,Harryflintia
within_cohort_kazakhstan2022,outer_fold_6,Hassallia
within_cohort_kazakhstan2022,outer_fold_6,Helicobacter
within_cohort_kazakhstan2022,outer_fold_6,Hirschia
within_cohort_kazakhstan2022,outer_fold_6,Holdemanella
within_cohort_kazakhstan2022,outer_fold_6,Holdemania
within_cohort_kazakhstan2022,outer_fold_6,Howardella
within_cohort_kazakhstan2022,outer_fold_6,Hungatella
within_cohort_kazakhstan2022,outer_fold_6,Hyphomicrobium
within_cohort_kazakhstan2022,outer_fold_6,IS-44
within_cohort_kazakhstan2022,outer_fold_6,Iamia
within_cohort_kazakhstan2022,outer_fold_6,Ilumatobacter
within_cohort_kazakhstan2022,outer_fold_6,Incertae Sedis
within_cohort_kazakhstan2022,outer_fold_6,Intestinibacter
within_cohort_kazakhstan2022,outer_fold_6,Intestinimonas
within_cohort_kazakhstan2022,outer_fold_6,JGI 0001001-H03
within_cohort_kazakhstan2022,outer_fold_6,Klebsiella
within_cohort_kazakhstan2022,outer_fold_6,Kribbella
within_cohort_kazakhstan2022,outer_fold_6,Lachnoclostridium
within_cohort_kazakhstan2022,outer_fold_6,Lachnospira
within_cohort_kazakhstan2022,outer_fold_6,Lachnospiraceae FCS020 group
within_cohort_kazakhstan2022,outer_fold_6,Lachnospiraceae NC2004 group
within_cohort_kazakhstan2022,outer_fold_6,Lachnospiraceae ND3007 group
within_cohort_kazakhstan2022,outer_fold_6,Lachnospiraceae NK3A20 group
within_cohort_kazakhstan2022,outer_fold_6,Lachnospiraceae NK4A136 group
within_cohort_kazakhstan2022,outer_fold_6,Lachnospiraceae UCG-003
within_cohort_kazakhstan2022,outer_fold_6,Lachnospiraceae UCG-004
within_cohort_kazakhstan2022,outer_fold_6,Lachnospiraceae UCG-006
within_cohort_kazakhstan2022,outer_fold_6,Lachnospiraceae UCG-010
within_cohort_kazakhstan2022,outer_fold_6,Lacibacter
within_cohort_kazakhstan2022,outer_fold_6,Lacticaseibacillus
within_cohort_kazakhstan2022,outer_fold_6,Lactiplantibacillus
within_cohort_kazakhstan2022,outer_fold_6,Lactobacillus
within_cohort_kazakhstan2022,outer_fold_6,Lactococcus
within_cohort_kazakhstan2022,outer_fold_6,Lactonifactor
within_cohort_kazakhstan2022,outer_fold_6,Latilactobacillus
within_cohort_kazakhstan2022,outer_fold_6,Lechevalieria
within_cohort_kazakhstan2022,outer_fold_6,Levilactobacillus
within_cohort_kazakhstan2022,outer_fold_6,Libanicoccus
within_cohort_kazakhstan2022,outer_fold_6,Ligilactobacillus
within_cohort_kazakhstan2022,outer_fold_6,Limosilactobacillus
within_cohort_kazakhstan2022,outer_fold_6,Luedemannella
within_cohort_kazakhstan2022,outer_fold_6,Luteolibacter
within_cohort_kazakhstan2022,outer_fold_6,Lysobacter
within_cohort_kazakhstan2022,outer_fold_6,MND1
within_cohort_kazakhstan2022,outer_fold_6,Marmoricola
within_cohort_kazakhstan2022,outer_fold_6,Marvinbryantia
within_cohort_kazakhstan2022,outer_fold_6,Megamonas
within_cohort_kazakhstan2022,outer_fold_6,Megasphaera
within_cohort_kazakhstan2022,outer_fold_6,Merdibacter
within_cohort_kazakhstan2022,outer_fold_6,Mesorhizobium
within_cohort_kazakhstan2022,outer_fold_6,Methanobrevibacter
within_cohort_kazakhstan2022,outer_fold_6,Methyloceanibacter
within_cohort_kazakhstan2022,outer_fold_6,Methylotenera
within_cohort_kazakhstan2022,outer_fold_6,Microbacterium
within_cohort_kazakhstan2022,outer_fold_6,Microlunatus
within_cohort_kazakhstan2022,outer_fold_6,Microvirga
within_cohort_kazakhstan2022,outer_fold_6,Mitsuokella
within_cohort_kazakhstan2022,outer_fold_6,Mogibacterium
within_cohort_kazakhstan2022,outer_fold_6,Monoglobus
within_cohort_kazakhstan2022,outer_fold_6,Muribaculum
within_cohort_kazakhstan2022,outer_fold_6,Mycobacterium
within_cohort_kazakhstan2022,outer_fold_6,NK4A214 group
within_cohort_kazakhstan2022,outer_fold_6,Nannocystis
within_cohort_kazakhstan2022,outer_fold_6,Negativibacillus
within_cohort_kazakhstan2022,outer_fold_6,Niastella
within_cohort_kazakhstan2022,outer_fold_6,Nitrolancea
within_cohort_kazakhstan2022,outer_fold_6,Nitrosococcus
within_cohort_kazakhstan2022,outer_fold_6,Nitrosospira
within_cohort_kazakhstan2022,outer_fold_6,Nitrospira
within_cohort_kazakhstan2022,outer_fold_6,Nocardioides
within_cohort_kazakhstan2022,outer_fold_6,Nordella
within_cohort_kazakhstan2022,outer_fold_6,OLB17
within_cohort_kazakhstan2022,outer_fold_6,OM27 clade
within_cohort_kazakhstan2022,outer_fold_6,Odoribacter
within_cohort_kazakhstan2022,outer_fold_6,Ohtaekwangia
within_cohort_kazakhstan2022,outer_fold_6,Olsenella
within_cohort_kazakhstan2022,outer_fold_6,Opitutus
within_cohort_kazakhstan2022,outer_fold_6,Oribacterium
within_cohort_kazakhstan2022,outer_fold_6,Oscillibacter
within_cohort_kazakhstan2022,outer_fold_6,Oscillospira
within_cohort_kazakhstan2022,outer_fold_6,Oxalobacter
within_cohort_kazakhstan2022,outer_fold_6,P3OB-42
within_cohort_kazakhstan2022,outer_fold_6,Paenibacillus
within_cohort_kazakhstan2022,outer_fold_6,Paeniclostridium
within_cohort_kazakhstan2022,outer_fold_6,Pajaroellobacter
within_cohort_kazakhstan2022,outer_fold_6,Paludicola
within_cohort_kazakhstan2022,outer_fold_6,Papillibacter
within_cohort_kazakhstan2022,outer_fold_6,Parabacteroides
within_cohort_kazakhstan2022,outer_fold_6,Paraprevotella
within_cohort_kazakhstan2022,outer_fold_6,Parapusillimonas
within_cohort_kazakhstan2022,outer_fold_6,Parasutterella
within_cohort_kazakhstan2022,outer_fold_6,Parvimonas
within_cohort_kazakhstan2022,outer_fold_6,Pedobacter
within_cohort_kazakhstan2022,outer_fold_6,Pedomicrobium
within_cohort_kazakhstan2022,outer_fold_6,Peptococcus
within_cohort_kazakhstan2022,outer_fold_6,Peptoniphilus
within_cohort_kazakhstan2022,outer_fold_6,Peptostreptococcus
within_cohort_kazakhstan2022,outer_fold_6,Peredibacter
within_cohort_kazakhstan2022,outer_fold_6,Phascolarctobacterium
within_cohort_kazakhstan2022,outer_fold_6,Phaselicystis
within_cohort_kazakhstan2022,outer_fold_6,Phenylobacterium
within_cohort_kazakhstan2022,outer_fold_6,Phocea
within_cohort_kazakhstan2022,outer_fold_6,Polaromonas
within_cohort_kazakhstan2022,outer_fold_6,Polyangium
within_cohort_kazakhstan2022,outer_fold_6,Polycyclovorans
within_cohort_kazakhstan2022,outer_fold_6,Pontibacter
within_cohort_kazakhstan2022,outer_fold_6,Porphyromonas
within_cohort_kazakhstan2022,outer_fold_6,Prevotella
within_cohort_kazakhstan2022,outer_fold_6,Prevotella_7
within_cohort_kazakhstan2022,outer_fold_6,Prevotella_9
within_cohort_kazakhstan2022,outer_fold_6,Prevotellaceae NK3B31 group
within_cohort_kazakhstan2022,outer_fold_6,Prevotellaceae UCG-001
within_cohort_kazakhstan2022,outer_fold_6,Prevotellaceae UCG-003
within_cohort_kazakhstan2022,outer_fold_6,Pseudenhygromyxa
within_cohort_kazakhstan2022,outer_fold_6,Pseudoduganella
within_cohort_kazakhstan2022,outer_fold_6,Pseudoflavonifractor
within_cohort_kazakhstan2022,outer_fold_6,Pseudolabrys
within_cohort_kazakhstan2022,outer_fold_6,Pseudomonas
within_cohort_kazakhstan2022,outer_fold_6,Pseudonocardia
within_cohort_kazakhstan2022,outer_fold_6,Pseudorhodoplanes
within_cohort_kazakhstan2022,outer_fold_6,Pseudoxanthomonas
within_cohort_kazakhstan2022,outer_fold_6,Psychrobacillus
within_cohort_kazakhstan2022,outer_fold_6,Puia
within_cohort_kazakhstan2022,outer_fold_6,Pyramidobacter
within_cohort_kazakhstan2022,outer_fold_6,RB41
within_cohort_kazakhstan2022,outer_fold_6,Ramlibacter
within_cohort_kazakhstan2022,outer_fold_6,Reyranella
within_cohort_kazakhstan2022,outer_fold_6,Rhizobacter
within_cohort_kazakhstan2022,outer_fold_6,Rhizocola
within_cohort_kazakhstan2022,outer_fold_6,Rhodococcus
within_cohort_kazakhstan2022,outer_fold_6,Rhodomicrobium
within_cohort_kazakhstan2022,outer_fold_6,Rhodoplanes
within_cohort_kazakhstan2022,outer_fold_6,Rikenellaceae RC9 gut group
within_cohort_kazakhstan2022,outer_fold_6,Romboutsia
within_cohort_kazakhstan2022,outer_fold_6,Roseburia
within_cohort_kazakhstan2022,outer_fold_6,Rothia
within_cohort_kazakhstan2022,outer_fold_6,Rubrobacter
within_cohort_kazakhstan2022,outer_fold_6,Ruminococcus
within_cohort_kazakhstan2022,outer_fold_6,Ruminococcus gnavus group
within_cohort_kazakhstan2022,outer_fold_6,Ruminococcus torques group
within_cohort_kazakhstan2022,outer_fold_6,SWB02
within_cohort_kazakhstan2022,outer_fold_6,Salipaludibacillus
within_cohort_kazakhstan2022,outer_fold_6,Salmonella
within_cohort_kazakhstan2022,outer_fold_6,Sandaracinus
within_cohort_kazakhstan2022,outer_fold_6,Sanguibacteroides
within_cohort_kazakhstan2022,outer_fold_6,Sarcina
within_cohort_kazakhstan2022,outer_fold_6,Sellimonas
within_cohort_kazakhstan2022,outer_fold_6,Senegalimassilia
within_cohort_kazakhstan2022,outer_fold_6,Serratia
within_cohort_kazakhstan2022,outer_fold_6,Shuttleworthia
within_cohort_kazakhstan2022,outer_fold_6,Skermanella
within_cohort_kazakhstan2022,outer_fold_6,Slackia
within_cohort_kazakhstan2022,outer_fold_6,Sneathia
within_cohort_kazakhstan2022,outer_fold_6,Solirubrobacter
within_cohort_kazakhstan2022,outer_fold_6,Solitalea
within_cohort_kazakhstan2022,outer_fold_6,Solobacterium
within_cohort_kazakhstan2022,outer_fold_6,Sphingomonas
within_cohort_kazakhstan2022,outer_fold_6,Sporosarcina
within_cohort_kazakhstan2022,outer_fold_6,Staphylococcus
within_cohort_kazakhstan2022,outer_fold_6,Stenotrophobacter
within_cohort_kazakhstan2022,outer_fold_6,Steroidobacter
within_cohort_kazakhstan2022,outer_fold_6,Streptococcus
within_cohort_kazakhstan2022,outer_fold_6,Streptomyces
within_cohort_kazakhstan2022,outer_fold_6,Subdoligranulum
within_cohort_kazakhstan2022,outer_fold_6,Subgroup 10
within_cohort_kazakhstan2022,outer_fold_6,Succinivibrio
within_cohort_kazakhstan2022,outer_fold_6,Sulfurifustis
within_cohort_kazakhstan2022,outer_fold_6,Sumerlaea
within_cohort_kazakhstan2022,outer_fold_6,Sutterella
within_cohort_kazakhstan2022,outer_fold_6,TM7x
within_cohort_kazakhstan2022,outer_fold_6,Taibaiella
within_cohort_kazakhstan2022,outer_fold_6,Terrimonas
within_cohort_kazakhstan2022,outer_fold_6,Truepera
within_cohort_kazakhstan2022,outer_fold_6,Tumebacillus
within_cohort_kazakhstan2022,outer_fold_6,Turicibacter
within_cohort_kazakhstan2022,outer_fold_6,Tuzzerella
within_cohort_kazakhstan2022,outer_fold_6,Tyzzerella
within_cohort_kazakhstan2022,outer_fold_6,UBA1819
within_cohort_kazakhstan2022,outer_fold_6,UC5-1-2E3
within_cohort_kazakhstan2022,outer_fold_6,UCG-002
within_cohort_kazakhstan2022,outer_fold_6,UCG-003
within_cohort_kazakhstan2022,outer_fold_6,UCG-004
within_cohort_kazakhstan2022,outer_fold_6,UCG-005
within_cohort_kazakhstan2022,outer_fold_6,UCG-007
within_cohort_kazakhstan2022,outer_fold_6,UCG-009
within_cohort_kazakhstan2022,outer_fold_6,UTCFX1
within_cohort_kazakhstan2022,outer_fold_6,V9D2013 group
within_cohort_kazakhstan2022,outer_fold_6,Veillonella
within_cohort_kazakhstan2022,outer_fold_6,Vicinamibacter
within_cohort_kazakhstan2022,outer_fold_6,Victivallis
within_cohort_kazakhstan2022,outer_fold_6,Virgisporangium
within_cohort_kazakhstan2022,outer_fold_6,Weissella
within_cohort_kazakhstan2022,outer_fold_6,Woeseia
within_cohort_kazakhstan2022,outer_fold_6,YC-ZSS-LKJ147
within_cohort_kazakhstan2022,outer_fold_6,[Bacteroides] pectinophilus group
within_cohort_kazakhstan2022,outer_fold_6,[Clostridium] innocuum group
within_cohort_kazakhstan2022,outer_fold_6,[Eubacterium] fissicatena group
within_cohort_kazakhstan2022,outer_fold_6,[Eubacterium] nodatum group
within_cohort_kazakhstan2022,outer_fold_6,[Eubacterium] ruminantium group
within_cohort_kazakhstan2022,outer_fold_6,[Eubacterium] siraeum group
within_cohort_kazakhstan2022,outer_fold_6,[Eubacterium] tenue group
within_cohort_kazakhstan2022,outer_fold_6,[Eubacterium] xylanophilum group
within_cohort_kazakhstan2022,outer_fold_6,[Ruminococcus] gauvreauii group
within_cohort_kazakhstan2022,outer_fold_6,mle1-7
within_cohort_kazakhstan2022,outer_fold_6,wb1-A12
within_cohort_kazakhstan2022,outer_fold_7,ADurb.Bin063-1
within_cohort_kazakhstan2022,outer_fold_7,Acidaminococcus
within_cohort_kazakhstan2022,outer_fold_7,Acidibacter
within_cohort_kazakhstan2022,outer_fold_7,Acinetobacter
within_cohort_kazakhstan2022,outer_fold_7,Actinocorallia
within_cohort_kazakhstan2022,outer_fold_7,Actinomyces
within_cohort_kazakhstan2022,outer_fold_7,Adhaeribacter
within_cohort_kazakhstan2022,outer_fold_7,Adlercreutzia
within_cohort_kazakhstan2022,outer_fold_7,Aeromicrobium
within_cohort_kazakhstan2022,outer_fold_7,Aeromonas
within_cohort_kazakhstan2022,outer_fold_7,Agathobacter
within_cohort_kazakhstan2022,outer_fold_7,Agromyces
within_cohort_kazakhstan2022,outer_fold_7,Ahniella
within_cohort_kazakhstan2022,outer_fold_7,Akkermansia
within_cohort_kazakhstan2022,outer_fold_7,Alistipes
within_cohort_kazakhstan2022,outer_fold_7,Alkalicoccus
within_cohort_kazakhstan2022,outer_fold_7,Allisonella
within_cohort_kazakhstan2022,outer_fold_7,Alloprevotella
within_cohort_kazakhstan2022,outer_fold_7,Allorhizobium-Neorhizobium-Pararhizobium-Rhizobium
within_cohort_kazakhstan2022,outer_fold_7,Altererythrobacter
within_cohort_kazakhstan2022,outer_fold_7,Ammoniphilus
within_cohort_kazakhstan2022,outer_fold_7,Anaerobacillus
within_cohort_kazakhstan2022,outer_fold_7,Anaerococcus
within_cohort_kazakhstan2022,outer_fold_7,Anaerofilum
within_cohort_kazakhstan2022,outer_fold_7,Anaerofustis
within_cohort_kazakhstan2022,outer_fold_7,Anaerostipes
within_cohort_kazakhstan2022,outer_fold_7,Anaerotruncus
within_cohort_kazakhstan2022,outer_fold_7,Angelakisella
within_cohort_kazakhstan2022,outer_fold_7,Aquicella
within_cohort_kazakhstan2022,outer_fold_7,Archangium
within_cohort_kazakhstan2022,outer_fold_7,Arenimonas
within_cohort_kazakhstan2022,outer_fold_7,Aridibacter
within_cohort_kazakhstan2022,outer_fold_7,Asteroleplasma
within_cohort_kazakhstan2022,outer_fold_7,Atopobium
within_cohort_kazakhstan2022,outer_fold_7,Azoarcus
within_cohort_kazakhstan2022,outer_fold_7,BD1-7 clade
within_cohort_kazakhstan2022,outer_fold_7,BIyi10
within_cohort_kazakhstan2022,outer_fold_7,Bacillus
within_cohort_kazakhstan2022,outer_fold_7,Bacteroides
within_cohort_kazakhstan2022,outer_fold_7,Barnesiella
within_cohort_kazakhstan2022,outer_fold_7,Bauldia
within_cohort_kazakhstan2022,outer_fold_7,Bdellovibrio
within_cohort_kazakhstan2022,outer_fold_7,Bifidobacterium
within_cohort_kazakhstan2022,outer_fold_7,Bilophila
within_cohort_kazakhstan2022,outer_fold_7,Blastococcus
within_cohort_kazakhstan2022,outer_fold_7,Blautia
within_cohort_kazakhstan2022,outer_fold_7,Brevundimonas
within_cohort_kazakhstan2022,outer_fold_7,Bryobacter
within_cohort_kazakhstan2022,outer_fold_7,Butyricicoccus
within_cohort_kazakhstan2022,outer_fold_7,Butyricimonas
within_cohort_kazakhstan2022,outer_fold_7,CAG-352
within_cohort_kazakhstan2022,outer_fold_7,CAG-56
within_cohort_kazakhstan2022,outer_fold_7,CAG-873
within_cohort_kazakhstan2022,outer_fold_7,CHKCI002
within_cohort_kazakhstan2022,outer_fold_7,CL500-29 marine group
within_cohort_kazakhstan2022,outer_fold_7,Caenimonas
within_cohort_kazakhstan2022,outer_fold_7,Candidatus Entotheonella
within_cohort_kazakhstan2022,outer_fold_7,Candidatus Nitrocosmicus
within_cohort_kazakhstan2022,outer_fold_7,Candidatus Nitrososphaera
within_cohort_kazakhstan2022,outer_fold_7,Candidatus Soleaferrea
within_cohort_kazakhstan2022,outer_fold_7,Candidatus Solibacter
within_cohort_kazakhstan2022,outer_fold_7,Candidatus Udaeobacter
within_cohort_kazakhstan2022,outer_fold_7,Castellaniella
within_cohort_kazakhstan2022,outer_fold_7,Catenibacillus
within_cohort_kazakhstan2022,outer_fold_7,Catenibacterium
within_cohort_kazakhstan2022,outer_fold_7,Catenisphaera
within_cohort_kazakhstan2022,outer_fold_7,Caulobacter
within_cohort_kazakhstan2022,outer_fold_7,Cellvibrio
within_cohort_kazakhstan2022,outer_fold_7,Chitinophaga
within_cohort_kazakhstan2022,outer_fold_7,Christensenella
within_cohort_kazakhstan2022,outer_fold_7,Christensenellaceae R-7 group
within_cohort_kazakhstan2022,outer_fold_7,Chryseolinea
within_cohort_kazakhstan2022,outer_fold_7,Chthoniobacter
within_cohort_kazakhstan2022,outer_fold_7,Citrifermentans
within_cohort_kazakhstan2022,outer_fold_7,Citrobacter
within_cohort_kazakhstan2022,outer_fold_7,Cloacibacillus
within_cohort_kazakhstan2022,outer_fold_7,Clostridium sensu stricto 1
within_cohort_kazakhstan2022,outer_fold_7,Colidextribacter
within_cohort_kazakhstan2022,outer_fold_7,Collinsella
within_cohort_kazakhstan2022,outer_fold_7,Comamonas
within_cohort_kazakhstan2022,outer_fold_7,Coprobacillus
within_cohort_kazakhstan2022,outer_fold_7,Coprobacter
within_cohort_kazakhstan2022,outer_fold_7,Coprococcus
within_cohort_kazakhstan2022,outer_fold_7,Coriobacteriaceae UCG-003
within_cohort_kazakhstan2022,outer_fold_7,Corynebacterium
within_cohort_kazakhstan2022,outer_fold_7,Cutibacterium
within_cohort_kazakhstan2022,outer_fold_7,DTU089
within_cohort_kazakhstan2022,outer_fold_7,Dactylosporangium
within_cohort_kazakhstan2022,outer_fold_7,Defluviitaleaceae UCG-011
within_cohort_kazakhstan2022,outer_fold_7,Desulfovibrio
within_cohort_kazakhstan2022,outer_fold_7,Dethiobacter
within_cohort_kazakhstan2022,outer_fold_7,Dialister
within_cohort_kazakhstan2022,outer_fold_7,Diaphorobacter
within_cohort_kazakhstan2022,outer_fold_7,Dielma
within_cohort_kazakhstan2022,outer_fold_7,Dinghuibacter
within_cohort_kazakhstan2022,outer_fold_7,Dokdonella
within_cohort_kazakhstan2022,outer_fold_7,Dongia
within_cohort_kazakhstan2022,outer_fold_7,Dorea
within_cohort_kazakhstan2022,outer_fold_7,Edaphobaculum
within_cohort_kazakhstan2022,outer_fold_7,Eggerthella
within_cohort_kazakhstan2022,outer_fold_7,Eisenbergiella
within_cohort_kazakhstan2022,outer_fold_7,Ellin6055
within_cohort_kazakhstan2022,outer_fold_7,Ellin6067
within_cohort_kazakhstan2022,outer_fold_7,Elusimicrobium
within_cohort_kazakhstan2022,outer_fold_7,Enterococcus
within_cohort_kazakhstan2022,outer_fold_7,Enterorhabdus
within_cohort_kazakhstan2022,outer_fold_7,Enteroscipio
within_cohort_kazakhstan2022,outer_fold_7,Epulopiscium
within_cohort_kazakhstan2022,outer_fold_7,Erysipelatoclostridium
within_cohort_kazakhstan2022,outer_fold_7,Erysipelotrichaceae UCG-003
within_cohort_kazakhstan2022,outer_fold_7,Erysipelotrichaceae UCG-006
within_cohort_kazakhstan2022,outer_fold_7,Escherichia-Shigella
within_cohort_kazakhstan2022,outer_fold_7,Eubacterium
within_cohort_kazakhstan2022,outer_fold_7,Eubacterium brachy group
within_cohort_kazakhstan2022,outer_fold_7,Eubacterium eligens group
within_cohort_kazakhstan2022,outer_fold_7,Eubacterium hallii group
within_cohort_kazakhstan2022,outer_fold_7,Eubacterium oxidoreducens group
within_cohort_kazakhstan2022,outer_fold_7,Eubacterium ventriosum group
within_cohort_kazakhstan2022,outer_fold_7,Ezakiella
within_cohort_kazakhstan2022,outer_fold_7,Faecalibacterium
within_cohort_kazakhstan2022,outer_fold_7,Faecalibaculum
within_cohort_kazakhstan2022,outer_fold_7,Family XIII AD3011 group
within_cohort_kazakhstan2022,outer_fold_7,Family XIII UCG-001
within_cohort_kazakhstan2022,outer_fold_7,Fenollaria
within_cohort_kazakhstan2022,outer_fold_7,Ferruginibacter
within_cohort_kazakhstan2022,outer_fold_7,Finegoldia
within_cohort_kazakhstan2022,outer_fold_7,Flaviaesturariibacter
within_cohort_kazakhstan2022,outer_fold_7,Flavisolibacter
within_cohort_kazakhstan2022,outer_fold_7,Flavitalea
within_cohort_kazakhstan2022,outer_fold_7,Flavobacterium
within_cohort_kazakhstan2022,outer_fold_7,Flavonifractor
within_cohort_kazakhstan2022,outer_fold_7,Fluviicola
within_cohort_kazakhstan2022,outer_fold_7,Fournierella
within_cohort_kazakhstan2022,outer_fold_7,Frisingicoccus
within_cohort_kazakhstan2022,outer_fold_7,Fusicatenibacter
within_cohort_kazakhstan2022,outer_fold_7,Fusobacterium
within_cohort_kazakhstan2022,outer_fold_7,GCA-900066575
within_cohort_kazakhstan2022,outer_fold_7,GCA-900066755
within_cohort_kazakhstan2022,outer_fold_7,Gaiella
within_cohort_kazakhstan2022,outer_fold_7,Gemella
within_cohort_kazakhstan2022,outer_fold_7,Gemmatimonas
within_cohort_kazakhstan2022,outer_fold_7,Gordonibacter
within_cohort_kazakhstan2022,outer_fold_7,HT002
within_cohort_kazakhstan2022,outer_fold_7,Haemophilus
within_cohort_kazakhstan2022,outer_fold_7,Haliangium
within_cohort_kazakhstan2022,outer_fold_7,Harryflintia
within_cohort_kazakhstan2022,outer_fold_7,Hassallia
within_cohort_kazakhstan2022,outer_fold_7,Helicobacter
within_cohort_kazakhstan2022,outer_fold_7,Hirschia
within_cohort_kazakhstan2022,outer_fold_7,Holdemanella
within_cohort_kazakhstan2022,outer_fold_7,Holdemania
within_cohort_kazakhstan2022,outer_fold_7,Howardella
within_cohort_kazakhstan2022,outer_fold_7,Hungatella
within_cohort_kazakhstan2022,outer_fold_7,Hyphomicrobium
within_cohort_kazakhstan2022,outer_fold_7,IS-44
within_cohort_kazakhstan2022,outer_fold_7,Iamia
within_cohort_kazakhstan2022,outer_fold_7,Ilumatobacter
within_cohort_kazakhstan2022,outer_fold_7,Incertae Sedis
within_cohort_kazakhstan2022,outer_fold_7,Intestinibacter
within_cohort_kazakhstan2022,outer_fold_7,Intestinimonas
within_cohort_kazakhstan2022,outer_fold_7,JGI 0001001-H03
within_cohort_kazakhstan2022,outer_fold_7,Klebsiella
within_cohort_kazakhstan2022,outer_fold_7,Kribbella
within_cohort_kazakhstan2022,outer_fold_7,Lachnoclostridium
within_cohort_kazakhstan2022,outer_fold_7,Lachnospira
within_cohort_kazakhstan2022,outer_fold_7,Lachnospiraceae FCS020 group
within_cohort_kazakhstan2022,outer_fold_7,Lachnospiraceae NC2004 group
within_cohort_kazakhstan2022,outer_fold_7,Lachnospiraceae ND3007 group
within_cohort_kazakhstan2022,outer_fold_7,Lachnospiraceae NK3A20 group
within_cohort_kazakhstan2022,outer_fold_7,Lachnospiraceae NK4A136 group
within_cohort_kazakhstan2022,outer_fold_7,Lachnospiraceae UCG-003
within_cohort_kazakhstan2022,outer_fold_7,Lachnospiraceae UCG-004
within_cohort_kazakhstan2022,outer_fold_7,Lachnospiraceae UCG-006
within_cohort_kazakhstan2022,outer_fold_7,Lachnospiraceae UCG-010
within_cohort_kazakhstan2022,outer_fold_7,Lacibacter
within_cohort_kazakhstan2022,outer_fold_7,Lacticaseibacillus
within_cohort_kazakhstan2022,outer_fold_7,Lactiplantibacillus
within_cohort_kazakhstan2022,outer_fold_7,Lactobacillus
within_cohort_kazakhstan2022,outer_fold_7,Lactococcus
within_cohort_kazakhstan2022,outer_fold_7,Lactonifactor
within_cohort_kazakhstan2022,outer_fold_7,Lacunisphaera
within_cohort_kazakhstan2022,outer_fold_7,Latilactobacillus
within_cohort_kazakhstan2022,outer_fold_7,Lechevalieria
within_cohort_kazakhstan2022,outer_fold_7,Levilactobacillus
within_cohort_kazakhstan2022,outer_fold_7,Libanicoccus
within_cohort_kazakhstan2022,outer_fold_7,Ligilactobacillus
within_cohort_kazakhstan2022,outer_fold_7,Limosilactobacillus
within_cohort_kazakhstan2022,outer_fold_7,Longimicrobium
within_cohort_kazakhstan2022,outer_fold_7,Luedemannella
within_cohort_kazakhstan2022,outer_fold_7,Luteolibacter
within_cohort_kazakhstan2022,outer_fold_7,Lysinibacillus
within_cohort_kazakhstan2022,outer_fold_7,Lysobacter
within_cohort_kazakhstan2022,outer_fold_7,MND1
within_cohort_kazakhstan2022,outer_fold_7,Marmoricola
within_cohort_kazakhstan2022,outer_fold_7,Marvinbryantia
within_cohort_kazakhstan2022,outer_fold_7,Megamonas
within_cohort_kazakhstan2022,outer_fold_7,Megasphaera
within_cohort_kazakhstan2022,outer_fold_7,Merdibacter
within_cohort_kazakhstan2022,outer_fold_7,Mesorhizobium
within_cohort_kazakhstan2022,outer_fold_7,Methanobrevibacter
within_cohort_kazakhstan2022,outer_fold_7,Methyloceanibacter
within_cohort_kazakhstan2022,outer_fold_7,Methylotenera
within_cohort_kazakhstan2022,outer_fold_7,Microbacterium
within_cohort_kazakhstan2022,outer_fold_7,Microlunatus
within_cohort_kazakhstan2022,outer_fold_7,Microvirga
within_cohort_kazakhstan2022,outer_fold_7,Mitsuokella
within_cohort_kazakhstan2022,outer_fold_7,Mogibacterium
within_cohort_kazakhstan2022,outer_fold_7,Monoglobus
within_cohort_kazakhstan2022,outer_fold_7,Muribaculum
within_cohort_kazakhstan2022,outer_fold_7,Mycobacterium
within_cohort_kazakhstan2022,outer_fold_7,NK4A214 group
within_cohort_kazakhstan2022,outer_fold_7,Nannocystis
within_cohort_kazakhstan2022,outer_fold_7,Negativibacillus
within_cohort_kazakhstan2022,outer_fold_7,Niastella
within_cohort_kazakhstan2022,outer_fold_7,Nitrolancea
within_cohort_kazakhstan2022,outer_fold_7,Nitrosococcus
within_cohort_kazakhstan2022,outer_fold_7,Nitrosospira
within_cohort_kazakhstan2022,outer_fold_7,Nitrospira
within_cohort_kazakhstan2022,outer_fold_7,Nocardioides
within_cohort_kazakhstan2022,outer_fold_7,Nonomuraea
within_cohort_kazakhstan2022,outer_fold_7,Nordella
within_cohort_kazakhstan2022,outer_fold_7,OLB17
within_cohort_kazakhstan2022,outer_fold_7,OM27 clade
within_cohort_kazakhstan2022,outer_fold_7,Odoribacter
within_cohort_kazakhstan2022,outer_fold_7,Ohtaekwangia
within_cohort_kazakhstan2022,outer_fold_7,Olsenella
within_cohort_kazakhstan2022,outer_fold_7,Opitutus
within_cohort_kazakhstan2022,outer_fold_7,Oribacterium
within_cohort_kazakhstan2022,outer_fold_7,Oscillibacter
within_cohort_kazakhstan2022,outer_fold_7,Oscillospira
within_cohort_kazakhstan2022,outer_fold_7,Oxalobacter
within_cohort_kazakhstan2022,outer_fold_7,P3OB-42
within_cohort_kazakhstan2022,outer_fold_7,Paenibacillus
within_cohort_kazakhstan2022,outer_fold_7,Paeniclostridium
within_cohort_kazakhstan2022,outer_fold_7,Paenisporosarcina
within_cohort_kazakhstan2022,outer_fold_7,Pajaroellobacter
within_cohort_kazakhstan2022,outer_fold_7,Paludicola
within_cohort_kazakhstan2022,outer_fold_7,Papillibacter
within_cohort_kazakhstan2022,outer_fold_7,Parabacteroides
within_cohort_kazakhstan2022,outer_fold_7,Paraprevotella
within_cohort_kazakhstan2022,outer_fold_7,Parapusillimonas
within_cohort_kazakhstan2022,outer_fold_7,Parasutterella
within_cohort_kazakhstan2022,outer_fold_7,Parvimonas
within_cohort_kazakhstan2022,outer_fold_7,Pedobacter
within_cohort_kazakhstan2022,outer_fold_7,Pedomicrobium
within_cohort_kazakhstan2022,outer_fold_7,Peptococcus
within_cohort_kazakhstan2022,outer_fold_7,Peptoniphilus
within_cohort_kazakhstan2022,outer_fold_7,Peptostreptococcus
within_cohort_kazakhstan2022,outer_fold_7,Peredibacter
within_cohort_kazakhstan2022,outer_fold_7,Phascolarctobacterium
within_cohort_kazakhstan2022,outer_fold_7,Phaselicystis
within_cohort_kazakhstan2022,outer_fold_7,Phenylobacterium
within_cohort_kazakhstan2022,outer_fold_7,Phocea
within_cohort_kazakhstan2022,outer_fold_7,Polaromonas
within_cohort_kazakhstan2022,outer_fold_7,Polyangium
within_cohort_kazakhstan2022,outer_fold_7,Polycyclovorans
within_cohort_kazakhstan2022,outer_fold_7,Pontibacter
within_cohort_kazakhstan2022,outer_fold_7,Porphyromonas
within_cohort_kazakhstan2022,outer_fold_7,Prevotella
within_cohort_kazakhstan2022,outer_fold_7,Prevotella_7
within_cohort_kazakhstan2022,outer_fold_7,Prevotella_9
within_cohort_kazakhstan2022,outer_fold_7,Prevotellaceae NK3B31 group
within_cohort_kazakhstan2022,outer_fold_7,Prevotellaceae UCG-001
within_cohort_kazakhstan2022,outer_fold_7,Prevotellaceae UCG-003
within_cohort_kazakhstan2022,outer_fold_7,Pseudenhygromyxa
within_cohort_kazakhstan2022,outer_fold_7,Pseudoduganella
within_cohort_kazakhstan2022,outer_fold_7,Pseudoflavonifractor
within_cohort_kazakhstan2022,outer_fold_7,Pseudolabrys
within_cohort_kazakhstan2022,outer_fold_7,Pseudomonas
within_cohort_kazakhstan2022,outer_fold_7,Pseudonocardia
within_cohort_kazakhstan2022,outer_fold_7,Pseudorhodoplanes
within_cohort_kazakhstan2022,outer_fold_7,Pseudoxanthomonas
within_cohort_kazakhstan2022,outer_fold_7,Psychrobacillus
within_cohort_kazakhstan2022,outer_fold_7,Puia
within_cohort_kazakhstan2022,outer_fold_7,Pyramidobacter
within_cohort_kazakhstan2022,outer_fold_7,RB41
within_cohort_kazakhstan2022,outer_fold_7,Ramlibacter
within_cohort_kazakhstan2022,outer_fold_7,Reyranella
within_cohort_kazakhstan2022,outer_fold_7,Rhizobacter
within_cohort_kazakhstan2022,outer_fold_7,Rhizocola
within_cohort_kazakhstan2022,outer_fold_7,Rhodococcus
within_cohort_kazakhstan2022,outer_fold_7,Rhodomicrobium
within_cohort_kazakhstan2022,outer_fold_7,Rhodoplanes
within_cohort_kazakhstan2022,outer_fold_7,Rikenellaceae RC9 gut group
within_cohort_kazakhstan2022,outer_fold_7,Romboutsia
within_cohort_kazakhstan2022,outer_fold_7,Roseburia
within_cohort_kazakhstan2022,outer_fold_7,Rothia
within_cohort_kazakhstan2022,outer_fold_7,Rubrobacter
within_cohort_kazakhstan2022,outer_fold_7,Ruminococcus
within_cohort_kazakhstan2022,outer_fold_7,Ruminococcus gnavus group
within_cohort_kazakhstan2022,outer_fold_7,Ruminococcus torques group
within_cohort_kazakhstan2022,outer_fold_7,SWB02
within_cohort_kazakhstan2022,outer_fold_7,Salipaludibacillus
within_cohort_kazakhstan2022,outer_fold_7,Salmonella
within_cohort_kazakhstan2022,outer_fold_7,Sandaracinus
within_cohort_kazakhstan2022,outer_fold_7,Sanguibacteroides
within_cohort_kazakhstan2022,outer_fold_7,Sarcina
within_cohort_kazakhstan2022,outer_fold_7,Sellimonas
within_cohort_kazakhstan2022,outer_fold_7,Senegalimassilia
within_cohort_kazakhstan2022,outer_fold_7,Shuttleworthia
within_cohort_kazakhstan2022,outer_fold_7,Skermanella
within_cohort_kazakhstan2022,outer_fold_7,Slackia
within_cohort_kazakhstan2022,outer_fold_7,Solirubrobacter
within_cohort_kazakhstan2022,outer_fold_7,Solitalea
within_cohort_kazakhstan2022,outer_fold_7,Solobacterium
within_cohort_kazakhstan2022,outer_fold_7,Sphingomonas
within_cohort_kazakhstan2022,outer_fold_7,Sporosarcina
within_cohort_kazakhstan2022,outer_fold_7,Staphylococcus
within_cohort_kazakhstan2022,outer_fold_7,Stenotrophobacter
within_cohort_kazakhstan2022,outer_fold_7,Steroidobacter
within_cohort_kazakhstan2022,outer_fold_7,Streptococcus
within_cohort_kazakhstan2022,outer_fold_7,Streptomyces
within_cohort_kazakhstan2022,outer_fold_7,Streptosporangium
within_cohort_kazakhstan2022,outer_fold_7,Subdoligranulum
within_cohort_kazakhstan2022,outer_fold_7,Subgroup 10
within_cohort_kazakhstan2022,outer_fold_7,Succinivibrio
within_cohort_kazakhstan2022,outer_fold_7,Sulfurifustis
within_cohort_kazakhstan2022,outer_fold_7,Sumerlaea
within_cohort_kazakhstan2022,outer_fold_7,Sutterella
within_cohort_kazakhstan2022,outer_fold_7,TM7x
within_cohort_kazakhstan2022,outer_fold_7,Taibaiella
within_cohort_kazakhstan2022,outer_fold_7,Terrimonas
within_cohort_kazakhstan2022,outer_fold_7,Truepera
within_cohort_kazakhstan2022,outer_fold_7,Tumebacillus
within_cohort_kazakhstan2022,outer_fold_7,Turicibacter
within_cohort_kazakhstan2022,outer_fold_7,Tuzzerella
within_cohort_kazakhstan2022,outer_fold_7,Tyzzerella
within_cohort_kazakhstan2022,outer_fold_7,UBA1819
within_cohort_kazakhstan2022,outer_fold_7,UC5-1-2E3
within_cohort_kazakhstan2022,outer_fold_7,UCG-002
within_cohort_kazakhstan2022,outer_fold_7,UCG-003
within_cohort_kazakhstan2022,outer_fold_7,UCG-004
within_cohort_kazakhstan2022,outer_fold_7,UCG-005
within_cohort_kazakhstan2022,outer_fold_7,UCG-007
within_cohort_kazakhstan2022,outer_fold_7,UCG-009
within_cohort_kazakhstan2022,outer_fold_7,UTCFX1
within_cohort_kazakhstan2022,outer_fold_7,Veillonella
within_cohort_kazakhstan2022,outer_fold_7,Vicinamibacter
within_cohort_kazakhstan2022,outer_fold_7,Victivallis
within_cohort_kazakhstan2022,outer_fold_7,Virgisporangium
within_cohort_kazakhstan2022,outer_fold_7,Weissella
within_cohort_kazakhstan2022,outer_fold_7,Woeseia
within_cohort_kazakhstan2022,outer_fold_7,YC-ZSS-LKJ147
within_cohort_kazakhstan2022,outer_fold_7,[Bacteroides] pectinophilus group
within_cohort_kazakhstan2022,outer_fold_7,[Clostridium] innocuum group
within_cohort_kazakhstan2022,outer_fold_7,[Eubacterium] fissicatena group
within_cohort_kazakhstan2022,outer_fold_7,[Eubacterium] nodatum group
within_cohort_kazakhstan2022,outer_fold_7,[Eubacterium] ruminantium group
within_cohort_kazakhstan2022,outer_fold_7,[Eubacterium] siraeum group
within_cohort_kazakhstan2022,outer_fold_7,[Eubacterium] tenue group
within_cohort_kazakhstan2022,outer_fold_7,[Eubacterium] xylanophilum group
within_cohort_kazakhstan2022,outer_fold_7,[Ruminococcus] gauvreauii group
within_cohort_kazakhstan2022,outer_fold_7,mle1-7
within_cohort_kazakhstan2022,outer_fold_7,wb1-A12
within_cohort_kazakhstan2022,outer_fold_7,wb1-P19
within_cohort_kazakhstan2022,outer_fold_8,ADurb.Bin063-1
within_cohort_kazakhstan2022,outer_fold_8,Acidaminococcus
within_cohort_kazakhstan2022,outer_fold_8,Acidibacter
within_cohort_kazakhstan2022,outer_fold_8,Acinetobacter
within_cohort_kazakhstan2022,outer_fold_8,Actinocorallia
within_cohort_kazakhstan2022,outer_fold_8,Actinomyces
within_cohort_kazakhstan2022,outer_fold_8,Adhaeribacter
within_cohort_kazakhstan2022,outer_fold_8,Adlercreutzia
within_cohort_kazakhstan2022,outer_fold_8,Aeromicrobium
within_cohort_kazakhstan2022,outer_fold_8,Aeromonas
within_cohort_kazakhstan2022,outer_fold_8,Agathobacter
within_cohort_kazakhstan2022,outer_fold_8,Agromyces
within_cohort_kazakhstan2022,outer_fold_8,Ahniella
within_cohort_kazakhstan2022,outer_fold_8,Akkermansia
within_cohort_kazakhstan2022,outer_fold_8,Alistipes
within_cohort_kazakhstan2022,outer_fold_8,Alkalicoccus
within_cohort_kazakhstan2022,outer_fold_8,Allisonella
within_cohort_kazakhstan2022,outer_fold_8,Alloprevotella
within_cohort_kazakhstan2022,outer_fold_8,Allorhizobium-Neorhizobium-Pararhizobium-Rhizobium
within_cohort_kazakhstan2022,outer_fold_8,Altererythrobacter
within_cohort_kazakhstan2022,outer_fold_8,Ammoniphilus
within_cohort_kazakhstan2022,outer_fold_8,Anaerobacillus
within_cohort_kazakhstan2022,outer_fold_8,Anaerococcus
within_cohort_kazakhstan2022,outer_fold_8,Anaerofilum
within_cohort_kazakhstan2022,outer_fold_8,Anaerofustis
within_cohort_kazakhstan2022,outer_fold_8,Anaerostipes
within_cohort_kazakhstan2022,outer_fold_8,Anaerotruncus
within_cohort_kazakhstan2022,outer_fold_8,Angelakisella
within_cohort_kazakhstan2022,outer_fold_8,Aquicella
within_cohort_kazakhstan2022,outer_fold_8,Archangium
within_cohort_kazakhstan2022,outer_fold_8,Arenimonas
within_cohort_kazakhstan2022,outer_fold_8,Aridibacter
within_cohort_kazakhstan2022,outer_fold_8,Asteroleplasma
within_cohort_kazakhstan2022,outer_fold_8,Atopobium
within_cohort_kazakhstan2022,outer_fold_8,Aurantisolimonas
within_cohort_kazakhstan2022,outer_fold_8,Azoarcus
within_cohort_kazakhstan2022,outer_fold_8,BD1-7 clade
within_cohort_kazakhstan2022,outer_fold_8,BIyi10
within_cohort_kazakhstan2022,outer_fold_8,Bacillus
within_cohort_kazakhstan2022,outer_fold_8,Bacteroides
within_cohort_kazakhstan2022,outer_fold_8,Barnesiella
within_cohort_kazakhstan2022,outer_fold_8,Bauldia
within_cohort_kazakhstan2022,outer_fold_8,Bdellovibrio
within_cohort_kazakhstan2022,outer_fold_8,Bifidobacterium
within_cohort_kazakhstan2022,outer_fold_8,Bilophila
within_cohort_kazakhstan2022,outer_fold_8,Blastococcus
within_cohort_kazakhstan2022,outer_fold_8,Blautia
within_cohort_kazakhstan2022,outer_fold_8,Brevundimonas
within_cohort_kazakhstan2022,outer_fold_8,Bryobacter
within_cohort_kazakhstan2022,outer_fold_8,Butyricicoccus
within_cohort_kazakhstan2022,outer_fold_8,Butyricimonas
within_cohort_kazakhstan2022,outer_fold_8,CAG-352
within_cohort_kazakhstan2022,outer_fold_8,CAG-56
within_cohort_kazakhstan2022,outer_fold_8,CAG-873
within_cohort_kazakhstan2022,outer_fold_8,CHKCI002
within_cohort_kazakhstan2022,outer_fold_8,CL500-29 marine group
within_cohort_kazakhstan2022,outer_fold_8,Caenimonas
within_cohort_kazakhstan2022,outer_fold_8,Candidatus Entotheonella
within_cohort_kazakhstan2022,outer_fold_8,Candidatus Nitrocosmicus
within_cohort_kazakhstan2022,outer_fold_8,Candidatus Nitrososphaera
within_cohort_kazakhstan2022,outer_fold_8,Candidatus Soleaferrea
within_cohort_kazakhstan2022,outer_fold_8,Candidatus Solibacter
within_cohort_kazakhstan2022,outer_fold_8,Candidatus Udaeobacter
within_cohort_kazakhstan2022,outer_fold_8,Castellaniella
within_cohort_kazakhstan2022,outer_fold_8,Catenibacillus
within_cohort_kazakhstan2022,outer_fold_8,Catenibacterium
within_cohort_kazakhstan2022,outer_fold_8,Catenisphaera
within_cohort_kazakhstan2022,outer_fold_8,Caulobacter
within_cohort_kazakhstan2022,outer_fold_8,Cellvibrio
within_cohort_kazakhstan2022,outer_fold_8,Chitinophaga
within_cohort_kazakhstan2022,outer_fold_8,Christensenella
within_cohort_kazakhstan2022,outer_fold_8,Christensenellaceae R-7 group
within_cohort_kazakhstan2022,outer_fold_8,Chryseolinea
within_cohort_kazakhstan2022,outer_fold_8,Chthoniobacter
within_cohort_kazakhstan2022,outer_fold_8,Citrifermentans
within_cohort_kazakhstan2022,outer_fold_8,Citrobacter
within_cohort_kazakhstan2022,outer_fold_8,Cloacibacillus
within_cohort_kazakhstan2022,outer_fold_8,Clostridium sensu stricto 1
within_cohort_kazakhstan2022,outer_fold_8,Colidextribacter
within_cohort_kazakhstan2022,outer_fold_8,Collinsella
within_cohort_kazakhstan2022,outer_fold_8,Comamonas
within_cohort_kazakhstan2022,outer_fold_8,Coprobacillus
within_cohort_kazakhstan2022,outer_fold_8,Coprobacter
within_cohort_kazakhstan2022,outer_fold_8,Coprococcus
within_cohort_kazakhstan2022,outer_fold_8,Coriobacteriaceae UCG-003
within_cohort_kazakhstan2022,outer_fold_8,Corynebacterium
within_cohort_kazakhstan2022,outer_fold_8,Cutibacterium
within_cohort_kazakhstan2022,outer_fold_8,DTU089
within_cohort_kazakhstan2022,outer_fold_8,Dactylosporangium
within_cohort_kazakhstan2022,outer_fold_8,Defluviitaleaceae UCG-011
within_cohort_kazakhstan2022,outer_fold_8,Desulfovibrio
within_cohort_kazakhstan2022,outer_fold_8,Dialister
within_cohort_kazakhstan2022,outer_fold_8,Diaphorobacter
within_cohort_kazakhstan2022,outer_fold_8,Dielma
within_cohort_kazakhstan2022,outer_fold_8,Dinghuibacter
within_cohort_kazakhstan2022,outer_fold_8,Dokdonella
within_cohort_kazakhstan2022,outer_fold_8,Dongia
within_cohort_kazakhstan2022,outer_fold_8,Dorea
within_cohort_kazakhstan2022,outer_fold_8,Edaphobaculum
within_cohort_kazakhstan2022,outer_fold_8,Eggerthella
within_cohort_kazakhstan2022,outer_fold_8,Eisenbergiella
within_cohort_kazakhstan2022,outer_fold_8,Ellin6055
within_cohort_kazakhstan2022,outer_fold_8,Ellin6067
within_cohort_kazakhstan2022,outer_fold_8,Elusimicrobium
within_cohort_kazakhstan2022,outer_fold_8,Enterococcus
within_cohort_kazakhstan2022,outer_fold_8,Enterorhabdus
within_cohort_kazakhstan2022,outer_fold_8,Enteroscipio
within_cohort_kazakhstan2022,outer_fold_8,Erysipelatoclostridium
within_cohort_kazakhstan2022,outer_fold_8,Erysipelotrichaceae UCG-003
within_cohort_kazakhstan2022,outer_fold_8,Erysipelotrichaceae UCG-006
within_cohort_kazakhstan2022,outer_fold_8,Escherichia-Shigella
within_cohort_kazakhstan2022,outer_fold_8,Eubacterium
within_cohort_kazakhstan2022,outer_fold_8,Eubacterium brachy group
within_cohort_kazakhstan2022,outer_fold_8,Eubacterium eligens group
within_cohort_kazakhstan2022,outer_fold_8,Eubacterium hallii group
within_cohort_kazakhstan2022,outer_fold_8,Eubacterium ventriosum group
within_cohort_kazakhstan2022,outer_fold_8,Ezakiella
within_cohort_kazakhstan2022,outer_fold_8,Faecalibacterium
within_cohort_kazakhstan2022,outer_fold_8,Faecalibaculum
within_cohort_kazakhstan2022,outer_fold_8,Family XIII AD3011 group
within_cohort_kazakhstan2022,outer_fold_8,Family XIII UCG-001
within_cohort_kazakhstan2022,outer_fold_8,Fenollaria
within_cohort_kazakhstan2022,outer_fold_8,Ferruginibacter
within_cohort_kazakhstan2022,outer_fold_8,Finegoldia
within_cohort_kazakhstan2022,outer_fold_8,Flaviaesturariibacter
within_cohort_kazakhstan2022,outer_fold_8,Flavisolibacter
within_cohort_kazakhstan2022,outer_fold_8,Flavitalea
within_cohort_kazakhstan2022,outer_fold_8,Flavobacterium
within_cohort_kazakhstan2022,outer_fold_8,Flavonifractor
within_cohort_kazakhstan2022,outer_fold_8,Fluviicola
within_cohort_kazakhstan2022,outer_fold_8,Fournierella
within_cohort_kazakhstan2022,outer_fold_8,Frisingicoccus
within_cohort_kazakhstan2022,outer_fold_8,Fusicatenibacter
within_cohort_kazakhstan2022,outer_fold_8,Fusobacterium
within_cohort_kazakhstan2022,outer_fold_8,GCA-900066575
within_cohort_kazakhstan2022,outer_fold_8,GCA-900066755
within_cohort_kazakhstan2022,outer_fold_8,Gaiella
within_cohort_kazakhstan2022,outer_fold_8,Gemella
within_cohort_kazakhstan2022,outer_fold_8,Gemmatimonas
within_cohort_kazakhstan2022,outer_fold_8,Gordonibacter
within_cohort_kazakhstan2022,outer_fold_8,HT002
within_cohort_kazakhstan2022,outer_fold_8,Haemophilus
within_cohort_kazakhstan2022,outer_fold_8,Haliangium
within_cohort_kazakhstan2022,outer_fold_8,Harryflintia
within_cohort_kazakhstan2022,outer_fold_8,Hassallia
within_cohort_kazakhstan2022,outer_fold_8,Helicobacter
within_cohort_kazakhstan2022,outer_fold_8,Hirschia
within_cohort_kazakhstan2022,outer_fold_8,Holdemanella
within_cohort_kazakhstan2022,outer_fold_8,Holdemania
within_cohort_kazakhstan2022,outer_fold_8,Howardella
within_cohort_kazakhstan2022,outer_fold_8,Hungatella
within_cohort_kazakhstan2022,outer_fold_8,Hyphomicrobium
within_cohort_kazakhstan2022,outer_fold_8,IS-44
within_cohort_kazakhstan2022,outer_fold_8,Iamia
within_cohort_kazakhstan2022,outer_fold_8,Ilumatobacter
within_cohort_kazakhstan2022,outer_fold_8,Incertae Sedis
within_cohort_kazakhstan2022,outer_fold_8,Intestinibacter
within_cohort_kazakhstan2022,outer_fold_8,Intestinimonas
within_cohort_kazakhstan2022,outer_fold_8,JGI 0001001-H03
within_cohort_kazakhstan2022,outer_fold_8,Klebsiella
within_cohort_kazakhstan2022,outer_fold_8,Kribbella
within_cohort_kazakhstan2022,outer_fold_8,Lachnoclostridium
within_cohort_kazakhstan2022,outer_fold_8,Lachnospira
within_cohort_kazakhstan2022,outer_fold_8,Lachnospiraceae FCS020 group
within_cohort_kazakhstan2022,outer_fold_8,Lachnospiraceae NC2004 group
within_cohort_kazakhstan2022,outer_fold_8,Lachnospiraceae ND3007 group
within_cohort_kazakhstan2022,outer_fold_8,Lachnospiraceae NK3A20 group
within_cohort_kazakhstan2022,outer_fold_8,Lachnospiraceae NK4A136 group
within_cohort_kazakhstan2022,outer_fold_8,Lachnospiraceae UCG-003
within_cohort_kazakhstan2022,outer_fold_8,Lachnospiraceae UCG-004
within_cohort_kazakhstan2022,outer_fold_8,Lachnospiraceae UCG-006
within_cohort_kazakhstan2022,outer_fold_8,Lachnospiraceae UCG-010
within_cohort_kazakhstan2022,outer_fold_8,Lacibacter
within_cohort_kazakhstan2022,outer_fold_8,Lacticaseibacillus
within_cohort_kazakhstan2022,outer_fold_8,Lactiplantibacillus
within_cohort_kazakhstan2022,outer_fold_8,Lactobacillus
within_cohort_kazakhstan2022,outer_fold_8,Lactococcus
within_cohort_kazakhstan2022,outer_fold_8,Lactonifactor
within_cohort_kazakhstan2022,outer_fold_8,Lacunisphaera
within_cohort_kazakhstan2022,outer_fold_8,Latilactobacillus
within_cohort_kazakhstan2022,outer_fold_8,Lechevalieria
within_cohort_kazakhstan2022,outer_fold_8,Levilactobacillus
within_cohort_kazakhstan2022,outer_fold_8,Libanicoccus
within_cohort_kazakhstan2022,outer_fold_8,Ligilactobacillus
within_cohort_kazakhstan2022,outer_fold_8,Limosilactobacillus
within_cohort_kazakhstan2022,outer_fold_8,Longimicrobium
within_cohort_kazakhstan2022,outer_fold_8,Luedemannella
within_cohort_kazakhstan2022,outer_fold_8,Luteolibacter
within_cohort_kazakhstan2022,outer_fold_8,Lysinibacillus
within_cohort_kazakhstan2022,outer_fold_8,Lysobacter
within_cohort_kazakhstan2022,outer_fold_8,MND1
within_cohort_kazakhstan2022,outer_fold_8,Marmoricola
within_cohort_kazakhstan2022,outer_fold_8,Marvinbryantia
within_cohort_kazakhstan2022,outer_fold_8,Megamonas
within_cohort_kazakhstan2022,outer_fold_8,Megasphaera
within_cohort_kazakhstan2022,outer_fold_8,Merdibacter
within_cohort_kazakhstan2022,outer_fold_8,Mesorhizobium
within_cohort_kazakhstan2022,outer_fold_8,Methanobrevibacter
within_cohort_kazakhstan2022,outer_fold_8,Methyloceanibacter
within_cohort_kazakhstan2022,outer_fold_8,Methylotenera
within_cohort_kazakhstan2022,outer_fold_8,Microbacterium
within_cohort_kazakhstan2022,outer_fold_8,Microlunatus
within_cohort_kazakhstan2022,outer_fold_8,Microvirga
within_cohort_kazakhstan2022,outer_fold_8,Mitsuokella
within_cohort_kazakhstan2022,outer_fold_8,Mogibacterium
within_cohort_kazakhstan2022,outer_fold_8,Monoglobus
within_cohort_kazakhstan2022,outer_fold_8,Muribaculum
within_cohort_kazakhstan2022,outer_fold_8,Mycobacterium
within_cohort_kazakhstan2022,outer_fold_8,NK4A214 group
within_cohort_kazakhstan2022,outer_fold_8,Nannocystis
within_cohort_kazakhstan2022,outer_fold_8,Negativibacillus
within_cohort_kazakhstan2022,outer_fold_8,Niastella
within_cohort_kazakhstan2022,outer_fold_8,Nitrolancea
within_cohort_kazakhstan2022,outer_fold_8,Nitrosococcus
within_cohort_kazakhstan2022,outer_fold_8,Nitrosospira
within_cohort_kazakhstan2022,outer_fold_8,Nitrospira
within_cohort_kazakhstan2022,outer_fold_8,Nocardioides
within_cohort_kazakhstan2022,outer_fold_8,Nonomuraea
within_cohort_kazakhstan2022,outer_fold_8,Nordella
within_cohort_kazakhstan2022,outer_fold_8,OLB17
within_cohort_kazakhstan2022,outer_fold_8,OM27 clade
within_cohort_kazakhstan2022,outer_fold_8,Odoribacter
within_cohort_kazakhstan2022,outer_fold_8,Ohtaekwangia
within_cohort_kazakhstan2022,outer_fold_8,Olsenella
within_cohort_kazakhstan2022,outer_fold_8,Opitutus
within_cohort_kazakhstan2022,outer_fold_8,Oribacterium
within_cohort_kazakhstan2022,outer_fold_8,Oscillibacter
within_cohort_kazakhstan2022,outer_fold_8,Oscillospira
within_cohort_kazakhstan2022,outer_fold_8,Oxalobacter
within_cohort_kazakhstan2022,outer_fold_8,P3OB-42
within_cohort_kazakhstan2022,outer_fold_8,Paenibacillus
within_cohort_kazakhstan2022,outer_fold_8,Paeniclostridium
within_cohort_kazakhstan2022,outer_fold_8,Paenisporosarcina
within_cohort_kazakhstan2022,outer_fold_8,Pajaroellobacter
within_cohort_kazakhstan2022,outer_fold_8,Paludicola
within_cohort_kazakhstan2022,outer_fold_8,Papillibacter
within_cohort_kazakhstan2022,outer_fold_8,Parabacteroides
within_cohort_kazakhstan2022,outer_fold_8,Paraprevotella
within_cohort_kazakhstan2022,outer_fold_8,Parapusillimonas
within_cohort_kazakhstan2022,outer_fold_8,Parasutterella
within_cohort_kazakhstan2022,outer_fold_8,Parvimonas
within_cohort_kazakhstan2022,outer_fold_8,Pedobacter
within_cohort_kazakhstan2022,outer_fold_8,Pedomicrobium
within_cohort_kazakhstan2022,outer_fold_8,Peptococcus
within_cohort_kazakhstan2022,outer_fold_8,Peptoniphilus
within_cohort_kazakhstan2022,outer_fold_8,Peptostreptococcus
within_cohort_kazakhstan2022,outer_fold_8,Peredibacter
within_cohort_kazakhstan2022,outer_fold_8,Phascolarctobacterium
within_cohort_kazakhstan2022,outer_fold_8,Phaselicystis
within_cohort_kazakhstan2022,outer_fold_8,Phenylobacterium
within_cohort_kazakhstan2022,outer_fold_8,Phocea
within_cohort_kazakhstan2022,outer_fold_8,Polaromonas
within_cohort_kazakhstan2022,outer_fold_8,Polyangium
within_cohort_kazakhstan2022,outer_fold_8,Polycyclovorans
within_cohort_kazakhstan2022,outer_fold_8,Pontibacter
within_cohort_kazakhstan2022,outer_fold_8,Porphyromonas
within_cohort_kazakhstan2022,outer_fold_8,Prevotella
within_cohort_kazakhstan2022,outer_fold_8,Prevotella_7
within_cohort_kazakhstan2022,outer_fold_8,Prevotella_9
within_cohort_kazakhstan2022,outer_fold_8,Prevotellaceae NK3B31 group
within_cohort_kazakhstan2022,outer_fold_8,Prevotellaceae UCG-001
within_cohort_kazakhstan2022,outer_fold_8,Prevotellaceae UCG-003
within_cohort_kazakhstan2022,outer_fold_8,Pseudenhygromyxa
within_cohort_kazakhstan2022,outer_fold_8,Pseudoduganella
within_cohort_kazakhstan2022,outer_fold_8,Pseudoflavonifractor
within_cohort_kazakhstan2022,outer_fold_8,Pseudolabrys
within_cohort_kazakhstan2022,outer_fold_8,Pseudomonas
within_cohort_kazakhstan2022,outer_fold_8,Pseudonocardia
within_cohort_kazakhstan2022,outer_fold_8,Pseudorhodoplanes
within_cohort_kazakhstan2022,outer_fold_8,Pseudoxanthomonas
within_cohort_kazakhstan2022,outer_fold_8,Puia
within_cohort_kazakhstan2022,outer_fold_8,Pyramidobacter
within_cohort_kazakhstan2022,outer_fold_8,RB41
within_cohort_kazakhstan2022,outer_fold_8,Ramlibacter
within_cohort_kazakhstan2022,outer_fold_8,Reyranella
within_cohort_kazakhstan2022,outer_fold_8,Rhizobacter
within_cohort_kazakhstan2022,outer_fold_8,Rhizocola
within_cohort_kazakhstan2022,outer_fold_8,Rhodococcus
within_cohort_kazakhstan2022,outer_fold_8,Rhodomicrobium
within_cohort_kazakhstan2022,outer_fold_8,Rhodoplanes
within_cohort_kazakhstan2022,outer_fold_8,Rikenellaceae RC9 gut group
within_cohort_kazakhstan2022,outer_fold_8,Romboutsia
within_cohort_kazakhstan2022,outer_fold_8,Roseburia
within_cohort_kazakhstan2022,outer_fold_8,Rothia
within_cohort_kazakhstan2022,outer_fold_8,Rubrobacter
within_cohort_kazakhstan2022,outer_fold_8,Ruminococcus
within_cohort_kazakhstan2022,outer_fold_8,Ruminococcus gnavus group
within_cohort_kazakhstan2022,outer_fold_8,Ruminococcus torques group
within_cohort_kazakhstan2022,outer_fold_8,SWB02
within_cohort_kazakhstan2022,outer_fold_8,Salipaludibacillus
within_cohort_kazakhstan2022,outer_fold_8,Salmonella
within_cohort_kazakhstan2022,outer_fold_8,Sandaracinus
within_cohort_kazakhstan2022,outer_fold_8,Sanguibacteroides
within_cohort_kazakhstan2022,outer_fold_8,Sarcina
within_cohort_kazakhstan2022,outer_fold_8,Sellimonas
within_cohort_kazakhstan2022,outer_fold_8,Senegalimassilia
within_cohort_kazakhstan2022,outer_fold_8,Shuttleworthia
within_cohort_kazakhstan2022,outer_fold_8,Skermanella
within_cohort_kazakhstan2022,outer_fold_8,Slackia
within_cohort_kazakhstan2022,outer_fold_8,Sneathia
within_cohort_kazakhstan2022,outer_fold_8,Solirubrobacter
within_cohort_kazakhstan2022,outer_fold_8,Solitalea
within_cohort_kazakhstan2022,outer_fold_8,Solobacterium
within_cohort_kazakhstan2022,outer_fold_8,Sphingomonas
within_cohort_kazakhstan2022,outer_fold_8,Sporosarcina
within_cohort_kazakhstan2022,outer_fold_8,Staphylococcus
within_cohort_kazakhstan2022,outer_fold_8,Stenotrophobacter
within_cohort_kazakhstan2022,outer_fold_8,Steroidobacter
within_cohort_kazakhstan2022,outer_fold_8,Streptococcus
within_cohort_kazakhstan2022,outer_fold_8,Streptomyces
within_cohort_kazakhstan2022,outer_fold_8,Streptosporangium
within_cohort_kazakhstan2022,outer_fold_8,Subdoligranulum
within_cohort_kazakhstan2022,outer_fold_8,Subgroup 10
within_cohort_kazakhstan2022,outer_fold_8,Succinivibrio
within_cohort_kazakhstan2022,outer_fold_8,Sulfurifustis
within_cohort_kazakhstan2022,outer_fold_8,Sutterella
within_cohort_kazakhstan2022,outer_fold_8,TM7x
within_cohort_kazakhstan2022,outer_fold_8,Taibaiella
within_cohort_kazakhstan2022,outer_fold_8,Terrimonas
within_cohort_kazakhstan2022,outer_fold_8,Truepera
within_cohort_kazakhstan2022,outer_fold_8,Tumebacillus
within_cohort_kazakhstan2022,outer_fold_8,Turicibacter
within_cohort_kazakhstan2022,outer_fold_8,Tuzzerella
within_cohort_kazakhstan2022,outer_fold_8,Tyzzerella
within_cohort_kazakhstan2022,outer_fold_8,UBA1819
within_cohort_kazakhstan2022,outer_fold_8,UC5-1-2E3
within_cohort_kazakhstan2022,outer_fold_8,UCG-002
within_cohort_kazakhstan2022,outer_fold_8,UCG-003
within_cohort_kazakhstan2022,outer_fold_8,UCG-004
within_cohort_kazakhstan2022,outer_fold_8,UCG-005
within_cohort_kazakhstan2022,outer_fold_8,UCG-007
within_cohort_kazakhstan2022,outer_fold_8,UCG-009
within_cohort_kazakhstan2022,outer_fold_8,UTCFX1
within_cohort_kazakhstan2022,outer_fold_8,Veillonella
within_cohort_kazakhstan2022,outer_fold_8,Vicinamibacter
within_cohort_kazakhstan2022,outer_fold_8,Victivallis
within_cohort_kazakhstan2022,outer_fold_8,Virgisporangium
within_cohort_kazakhstan2022,outer_fold_8,Weissella
within_cohort_kazakhstan2022,outer_fold_8,Woeseia
within_cohort_kazakhstan2022,outer_fold_8,YC-ZSS-LKJ147
within_cohort_kazakhstan2022,outer_fold_8,[Bacteroides] pectinophilus group
within_cohort_kazakhstan2022,outer_fold_8,[Clostridium] innocuum group
within_cohort_kazakhstan2022,outer_fold_8,[Eubacterium] fissicatena group
within_cohort_kazakhstan2022,outer_fold_8,[Eubacterium] nodatum group
within_cohort_kazakhstan2022,outer_fold_8,[Eubacterium] ruminantium group
within_cohort_kazakhstan2022,outer_fold_8,[Eubacterium] siraeum group
within_cohort_kazakhstan2022,outer_fold_8,[Eubacterium] tenue group
within_cohort_kazakhstan2022,outer_fold_8,[Eubacterium] xylanophilum group
within_cohort_kazakhstan2022,outer_fold_8,[Ruminococcus] gauvreauii group
within_cohort_kazakhstan2022,outer_fold_8,mle1-7
within_cohort_kazakhstan2022,outer_fold_8,wb1-A12
within_cohort_kazakhstan2022,outer_fold_8,wb1-P19
within_cohort_kazakhstan2022,outer_fold_9,ADurb.Bin063-1
within_cohort_kazakhstan2022,outer_fold_9,Acidaminococcus
within_cohort_kazakhstan2022,outer_fold_9,Acidibacter
within_cohort_kazakhstan2022,outer_fold_9,Acinetobacter
within_cohort_kazakhstan2022,outer_fold_9,Actinocorallia
within_cohort_kazakhstan2022,outer_fold_9,Actinomyces
within_cohort_kazakhstan2022,outer_fold_9,Adhaeribacter
within_cohort_kazakhstan2022,outer_fold_9,Adlercreutzia
within_cohort_kazakhstan2022,outer_fold_9,Aeromicrobium
within_cohort_kazakhstan2022,outer_fold_9,Aeromonas
within_cohort_kazakhstan2022,outer_fold_9,Agathobacter
within_cohort_kazakhstan2022,outer_fold_9,Agromyces
within_cohort_kazakhstan2022,outer_fold_9,Ahniella
within_cohort_kazakhstan2022,outer_fold_9,Akkermansia
within_cohort_kazakhstan2022,outer_fold_9,Alistipes
within_cohort_kazakhstan2022,outer_fold_9,Alkalicoccus
within_cohort_kazakhstan2022,outer_fold_9,Allisonella
within_cohort_kazakhstan2022,outer_fold_9,Alloprevotella
within_cohort_kazakhstan2022,outer_fold_9,Allorhizobium-Neorhizobium-Pararhizobium-Rhizobium
within_cohort_kazakhstan2022,outer_fold_9,Altererythrobacter
within_cohort_kazakhstan2022,outer_fold_9,Ammoniphilus
within_cohort_kazakhstan2022,outer_fold_9,Anaerobacillus
within_cohort_kazakhstan2022,outer_fold_9,Anaerococcus
within_cohort_kazakhstan2022,outer_fold_9,Anaerofilum
within_cohort_kazakhstan2022,outer_fold_9,Anaerofustis
within_cohort_kazakhstan2022,outer_fold_9,Anaerostipes
within_cohort_kazakhstan2022,outer_fold_9,Anaerotruncus
within_cohort_kazakhstan2022,outer_fold_9,Angelakisella
within_cohort_kazakhstan2022,outer_fold_9,Aquicella
within_cohort_kazakhstan2022,outer_fold_9,Archangium
within_cohort_kazakhstan2022,outer_fold_9,Arenimonas
within_cohort_kazakhstan2022,outer_fold_9,Aridibacter
within_cohort_kazakhstan2022,outer_fold_9,Asteroleplasma
within_cohort_kazakhstan2022,outer_fold_9,Atopobium
within_cohort_kazakhstan2022,outer_fold_9,Azoarcus
within_cohort_kazakhstan2022,outer_fold_9,BD1-7 clade
within_cohort_kazakhstan2022,outer_fold_9,BIyi10
within_cohort_kazakhstan2022,outer_fold_9,Bacillus
within_cohort_kazakhstan2022,outer_fold_9,Bacteroides
within_cohort_kazakhstan2022,outer_fold_9,Barnesiella
within_cohort_kazakhstan2022,outer_fold_9,Bauldia
within_cohort_kazakhstan2022,outer_fold_9,Bdellovibrio
within_cohort_kazakhstan2022,outer_fold_9,Bifidobacterium
within_cohort_kazakhstan2022,outer_fold_9,Bilophila
within_cohort_kazakhstan2022,outer_fold_9,Blastococcus
within_cohort_kazakhstan2022,outer_fold_9,Blautia
within_cohort_kazakhstan2022,outer_fold_9,Brevundimonas
within_cohort_kazakhstan2022,outer_fold_9,Bryobacter
within_cohort_kazakhstan2022,outer_fold_9,Butyricicoccus
within_cohort_kazakhstan2022,outer_fold_9,Butyricimonas
within_cohort_kazakhstan2022,outer_fold_9,CAG-352
within_cohort_kazakhstan2022,outer_fold_9,CAG-56
within_cohort_kazakhstan2022,outer_fold_9,CAG-873
within_cohort_kazakhstan2022,outer_fold_9,CHKCI002
within_cohort_kazakhstan2022,outer_fold_9,CL500-29 marine group
within_cohort_kazakhstan2022,outer_fold_9,Caenimonas
within_cohort_kazakhstan2022,outer_fold_9,Candidatus Entotheonella
within_cohort_kazakhstan2022,outer_fold_9,Candidatus Nitrocosmicus
within_cohort_kazakhstan2022,outer_fold_9,Candidatus Nitrososphaera
within_cohort_kazakhstan2022,outer_fold_9,Candidatus Soleaferrea
within_cohort_kazakhstan2022,outer_fold_9,Candidatus Solibacter
within_cohort_kazakhstan2022,outer_fold_9,Candidatus Udaeobacter
within_cohort_kazakhstan2022,outer_fold_9,Castellaniella
within_cohort_kazakhstan2022,outer_fold_9,Catenibacillus
within_cohort_kazakhstan2022,outer_fold_9,Catenibacterium
within_cohort_kazakhstan2022,outer_fold_9,Catenisphaera
within_cohort_kazakhstan2022,outer_fold_9,Caulobacter
within_cohort_kazakhstan2022,outer_fold_9,Cellvibrio
within_cohort_kazakhstan2022,outer_fold_9,Chitinophaga
within_cohort_kazakhstan2022,outer_fold_9,Christensenella
within_cohort_kazakhstan2022,outer_fold_9,Christensenellaceae R-7 group
within_cohort_kazakhstan2022,outer_fold_9,Chryseolinea
within_cohort_kazakhstan2022,outer_fold_9,Chthoniobacter
within_cohort_kazakhstan2022,outer_fold_9,Citrifermentans
within_cohort_kazakhstan2022,outer_fold_9,Citrobacter
within_cohort_kazakhstan2022,outer_fold_9,Cloacibacillus
within_cohort_kazakhstan2022,outer_fold_9,Clostridium sensu stricto 1
within_cohort_kazakhstan2022,outer_fold_9,Colidextribacter
within_cohort_kazakhstan2022,outer_fold_9,Collinsella
within_cohort_kazakhstan2022,outer_fold_9,Comamonas
within_cohort_kazakhstan2022,outer_fold_9,Coprobacillus
within_cohort_kazakhstan2022,outer_fold_9,Coprobacter
within_cohort_kazakhstan2022,outer_fold_9,Coprococcus
within_cohort_kazakhstan2022,outer_fold_9,Coriobacteriaceae UCG-003
within_cohort_kazakhstan2022,outer_fold_9,Corynebacterium
within_cohort_kazakhstan2022,outer_fold_9,Cutibacterium
within_cohort_kazakhstan2022,outer_fold_9,DTU089
within_cohort_kazakhstan2022,outer_fold_9,Dactylosporangium
within_cohort_kazakhstan2022,outer_fold_9,Defluviitaleaceae UCG-011
within_cohort_kazakhstan2022,outer_fold_9,Desulfovibrio
within_cohort_kazakhstan2022,outer_fold_9,Dethiobacter
within_cohort_kazakhstan2022,outer_fold_9,Dialister
within_cohort_kazakhstan2022,outer_fold_9,Diaphorobacter
within_cohort_kazakhstan2022,outer_fold_9,Dielma
within_cohort_kazakhstan2022,outer_fold_9,Dinghuibacter
within_cohort_kazakhstan2022,outer_fold_9,Dokdonella
within_cohort_kazakhstan2022,outer_fold_9,Dongia
within_cohort_kazakhstan2022,outer_fold_9,Dorea
within_cohort_kazakhstan2022,outer_fold_9,Edaphobaculum
within_cohort_kazakhstan2022,outer_fold_9,Eggerthella
within_cohort_kazakhstan2022,outer_fold_9,Eisenbergiella
within_cohort_kazakhstan2022,outer_fold_9,Ellin6055
within_cohort_kazakhstan2022,outer_fold_9,Ellin6067
within_cohort_kazakhstan2022,outer_fold_9,Elusimicrobium
within_cohort_kazakhstan2022,outer_fold_9,Enterococcus
within_cohort_kazakhstan2022,outer_fold_9,Enterorhabdus
within_cohort_kazakhstan2022,outer_fold_9,Enteroscipio
within_cohort_kazakhstan2022,outer_fold_9,Erysipelatoclostridium
within_cohort_kazakhstan2022,outer_fold_9,Erysipelotrichaceae UCG-003
within_cohort_kazakhstan2022,outer_fold_9,Erysipelotrichaceae UCG-006
within_cohort_kazakhstan2022,outer_fold_9,Escherichia-Shigella
within_cohort_kazakhstan2022,outer_fold_9,Eubacterium
within_cohort_kazakhstan2022,outer_fold_9,Eubacterium brachy group
within_cohort_kazakhstan2022,outer_fold_9,Eubacterium eligens group
within_cohort_kazakhstan2022,outer_fold_9,Eubacterium hallii group
within_cohort_kazakhstan2022,outer_fold_9,Eubacterium oxidoreducens group
within_cohort_kazakhstan2022,outer_fold_9,Eubacterium ventriosum group
within_cohort_kazakhstan2022,outer_fold_9,Ezakiella
within_cohort_kazakhstan2022,outer_fold_9,Faecalibacterium
within_cohort_kazakhstan2022,outer_fold_9,Faecalibaculum
within_cohort_kazakhstan2022,outer_fold_9,Family XIII AD3011 group
within_cohort_kazakhstan2022,outer_fold_9,Family XIII UCG-001
within_cohort_kazakhstan2022,outer_fold_9,Fenollaria
within_cohort_kazakhstan2022,outer_fold_9,Ferruginibacter
within_cohort_kazakhstan2022,outer_fold_9,Finegoldia
within_cohort_kazakhstan2022,outer_fold_9,Flavisolibacter
within_cohort_kazakhstan2022,outer_fold_9,Flavitalea
within_cohort_kazakhstan2022,outer_fold_9,Flavobacterium
within_cohort_kazakhstan2022,outer_fold_9,Flavonifractor
within_cohort_kazakhstan2022,outer_fold_9,Fluviicola
within_cohort_kazakhstan2022,outer_fold_9,Fournierella
within_cohort_kazakhstan2022,outer_fold_9,Frisingicoccus
within_cohort_kazakhstan2022,outer_fold_9,Fusicatenibacter
within_cohort_kazakhstan2022,outer_fold_9,Fusobacterium
within_cohort_kazakhstan2022,outer_fold_9,GCA-900066575
within_cohort_kazakhstan2022,outer_fold_9,GCA-900066755
within_cohort_kazakhstan2022,outer_fold_9,Gaiella
within_cohort_kazakhstan2022,outer_fold_9,Gemella
within_cohort_kazakhstan2022,outer_fold_9,Gemmatimonas
within_cohort_kazakhstan2022,outer_fold_9,Gordonibacter
within_cohort_kazakhstan2022,outer_fold_9,HT002
within_cohort_kazakhstan2022,outer_fold_9,Haemophilus
within_cohort_kazakhstan2022,outer_fold_9,Haliangium
within_cohort_kazakhstan2022,outer_fold_9,Harryflintia
within_cohort_kazakhstan2022,outer_fold_9,Hassallia
within_cohort_kazakhstan2022,outer_fold_9,Helicobacter
within_cohort_kazakhstan2022,outer_fold_9,Hirschia
within_cohort_kazakhstan2022,outer_fold_9,Holdemanella
within_cohort_kazakhstan2022,outer_fold_9,Holdemania
within_cohort_kazakhstan2022,outer_fold_9,Howardella
within_cohort_kazakhstan2022,outer_fold_9,Hungatella
within_cohort_kazakhstan2022,outer_fold_9,Hyphomicrobium
within_cohort_kazakhstan2022,outer_fold_9,IS-44
within_cohort_kazakhstan2022,outer_fold_9,Iamia
within_cohort_kazakhstan2022,outer_fold_9,Ilumatobacter
within_cohort_kazakhstan2022,outer_fold_9,Incertae Sedis
within_cohort_kazakhstan2022,outer_fold_9,Intestinibacter
within_cohort_kazakhstan2022,outer_fold_9,Intestinimonas
within_cohort_kazakhstan2022,outer_fold_9,JGI 0001001-H03
within_cohort_kazakhstan2022,outer_fold_9,Klebsiella
within_cohort_kazakhstan2022,outer_fold_9,Kribbella
within_cohort_kazakhstan2022,outer_fold_9,Lachnoclostridium
within_cohort_kazakhstan2022,outer_fold_9,Lachnospira
within_cohort_kazakhstan2022,outer_fold_9,Lachnospiraceae FCS020 group
within_cohort_kazakhstan2022,outer_fold_9,Lachnospiraceae NC2004 group
within_cohort_kazakhstan2022,outer_fold_9,Lachnospiraceae ND3007 group
within_cohort_kazakhstan2022,outer_fold_9,Lachnospiraceae NK3A20 group
within_cohort_kazakhstan2022,outer_fold_9,Lachnospiraceae NK4A136 group
within_cohort_kazakhstan2022,outer_fold_9,Lachnospiraceae UCG-003
within_cohort_kazakhstan2022,outer_fold_9,Lachnospiraceae UCG-004
within_cohort_kazakhstan2022,outer_fold_9,Lachnospiraceae UCG-006
within_cohort_kazakhstan2022,outer_fold_9,Lachnospiraceae UCG-010
within_cohort_kazakhstan2022,outer_fold_9,Lacibacter
within_cohort_kazakhstan2022,outer_fold_9,Lacibacterium
within_cohort_kazakhstan2022,outer_fold_9,Lacticaseibacillus
within_cohort_kazakhstan2022,outer_fold_9,Lactiplantibacillus
within_cohort_kazakhstan2022,outer_fold_9,Lactobacillus
within_cohort_kazakhstan2022,outer_fold_9,Lactococcus
within_cohort_kazakhstan2022,outer_fold_9,Lactonifactor
within_cohort_kazakhstan2022,outer_fold_9,Lacunisphaera
within_cohort_kazakhstan2022,outer_fold_9,Latilactobacillus
within_cohort_kazakhstan2022,outer_fold_9,Lechevalieria
within_cohort_kazakhstan2022,outer_fold_9,Levilactobacillus
within_cohort_kazakhstan2022,outer_fold_9,Libanicoccus
within_cohort_kazakhstan2022,outer_fold_9,Ligilactobacillus
within_cohort_kazakhstan2022,outer_fold_9,Limosilactobacillus
within_cohort_kazakhstan2022,outer_fold_9,Longimicrobium
within_cohort_kazakhstan2022,outer_fold_9,Luedemannella
within_cohort_kazakhstan2022,outer_fold_9,Luteolibacter
within_cohort_kazakhstan2022,outer_fold_9,Lysinibacillus
within_cohort_kazakhstan2022,outer_fold_9,Lysobacter
within_cohort_kazakhstan2022,outer_fold_9,MND1
within_cohort_kazakhstan2022,outer_fold_9,Marmoricola
within_cohort_kazakhstan2022,outer_fold_9,Marvinbryantia
within_cohort_kazakhstan2022,outer_fold_9,Megamonas
within_cohort_kazakhstan2022,outer_fold_9,Megasphaera
within_cohort_kazakhstan2022,outer_fold_9,Merdibacter
within_cohort_kazakhstan2022,outer_fold_9,Mesorhizobium
within_cohort_kazakhstan2022,outer_fold_9,Methanobrevibacter
within_cohort_kazakhstan2022,outer_fold_9,Methyloceanibacter
within_cohort_kazakhstan2022,outer_fold_9,Methylotenera
within_cohort_kazakhstan2022,outer_fold_9,Microbacterium
within_cohort_kazakhstan2022,outer_fold_9,Microlunatus
within_cohort_kazakhstan2022,outer_fold_9,Microvirga
within_cohort_kazakhstan2022,outer_fold_9,Mitsuokella
within_cohort_kazakhstan2022,outer_fold_9,Mogibacterium
within_cohort_kazakhstan2022,outer_fold_9,Monoglobus
within_cohort_kazakhstan2022,outer_fold_9,Muribaculum
within_cohort_kazakhstan2022,outer_fold_9,Mycobacterium
within_cohort_kazakhstan2022,outer_fold_9,NK4A214 group
within_cohort_kazakhstan2022,outer_fold_9,Nannocystis
within_cohort_kazakhstan2022,outer_fold_9,Negativibacillus
within_cohort_kazakhstan2022,outer_fold_9,Niastella
within_cohort_kazakhstan2022,outer_fold_9,Nitrolancea
within_cohort_kazakhstan2022,outer_fold_9,Nitrosococcus
within_cohort_kazakhstan2022,outer_fold_9,Nitrosospira
within_cohort_kazakhstan2022,outer_fold_9,Nitrospira
within_cohort_kazakhstan2022,outer_fold_9,Nocardioides
within_cohort_kazakhstan2022,outer_fold_9,Nonomuraea
within_cohort_kazakhstan2022,outer_fold_9,Nordella
within_cohort_kazakhstan2022,outer_fold_9,OLB17
within_cohort_kazakhstan2022,outer_fold_9,OM27 clade
within_cohort_kazakhstan2022,outer_fold_9,Odoribacter
within_cohort_kazakhstan2022,outer_fold_9,Ohtaekwangia
within_cohort_kazakhstan2022,outer_fold_9,Olsenella
within_cohort_kazakhstan2022,outer_fold_9,Opitutus
within_cohort_kazakhstan2022,outer_fold_9,Oribacterium
within_cohort_kazakhstan2022,outer_fold_9,Oscillibacter
within_cohort_kazakhstan2022,outer_fold_9,Oscillospira
within_cohort_kazakhstan2022,outer_fold_9,Oxalobacter
within_cohort_kazakhstan2022,outer_fold_9,P3OB-42
within_cohort_kazakhstan2022,outer_fold_9,Paenibacillus
within_cohort_kazakhstan2022,outer_fold_9,Paeniclostridium
within_cohort_kazakhstan2022,outer_fold_9,Paenisporosarcina
within_cohort_kazakhstan2022,outer_fold_9,Pajaroellobacter
within_cohort_kazakhstan2022,outer_fold_9,Paludicola
within_cohort_kazakhstan2022,outer_fold_9,Papillibacter
within_cohort_kazakhstan2022,outer_fold_9,Parabacteroides
within_cohort_kazakhstan2022,outer_fold_9,Paraprevotella
within_cohort_kazakhstan2022,outer_fold_9,Parapusillimonas
within_cohort_kazakhstan2022,outer_fold_9,Parasutterella
within_cohort_kazakhstan2022,outer_fold_9,Parvimonas
within_cohort_kazakhstan2022,outer_fold_9,Pedobacter
within_cohort_kazakhstan2022,outer_fold_9,Pedomicrobium
within_cohort_kazakhstan2022,outer_fold_9,Peptococcus
within_cohort_kazakhstan2022,outer_fold_9,Peptoniphilus
within_cohort_kazakhstan2022,outer_fold_9,Peptostreptococcus
within_cohort_kazakhstan2022,outer_fold_9,Peredibacter
within_cohort_kazakhstan2022,outer_fold_9,Phascolarctobacterium
within_cohort_kazakhstan2022,outer_fold_9,Phaselicystis
within_cohort_kazakhstan2022,outer_fold_9,Phenylobacterium
within_cohort_kazakhstan2022,outer_fold_9,Phocea
within_cohort_kazakhstan2022,outer_fold_9,Polaromonas
within_cohort_kazakhstan2022,outer_fold_9,Polyangium
within_cohort_kazakhstan2022,outer_fold_9,Polycyclovorans
within_cohort_kazakhstan2022,outer_fold_9,Pontibacter
within_cohort_kazakhstan2022,outer_fold_9,Porphyromonas
within_cohort_kazakhstan2022,outer_fold_9,Prevotella
within_cohort_kazakhstan2022,outer_fold_9,Prevotella_7
within_cohort_kazakhstan2022,outer_fold_9,Prevotella_9
within_cohort_kazakhstan2022,outer_fold_9,Prevotellaceae NK3B31 group
within_cohort_kazakhstan2022,outer_fold_9,Prevotellaceae UCG-001
within_cohort_kazakhstan2022,outer_fold_9,Prevotellaceae UCG-003
within_cohort_kazakhstan2022,outer_fold_9,Pseudenhygromyxa
within_cohort_kazakhstan2022,outer_fold_9,Pseudoduganella
within_cohort_kazakhstan2022,outer_fold_9,Pseudoflavonifractor
within_cohort_kazakhstan2022,outer_fold_9,Pseudolabrys
within_cohort_kazakhstan2022,outer_fold_9,Pseudomonas
within_cohort_kazakhstan2022,outer_fold_9,Pseudonocardia
within_cohort_kazakhstan2022,outer_fold_9,Pseudorhodoplanes
within_cohort_kazakhstan2022,outer_fold_9,Pseudoxanthomonas
within_cohort_kazakhstan2022,outer_fold_9,Puia
within_cohort_kazakhstan2022,outer_fold_9,Pyramidobacter
within_cohort_kazakhstan2022,outer_fold_9,RB41
within_cohort_kazakhstan2022,outer_fold_9,Ramlibacter
within_cohort_kazakhstan2022,outer_fold_9,Reyranella
within_cohort_kazakhstan2022,outer_fold_9,Rhizobacter
within_cohort_kazakhstan2022,outer_fold_9,Rhizocola
within_cohort_kazakhstan2022,outer_fold_9,Rhodococcus
within_cohort_kazakhstan2022,outer_fold_9,Rhodomicrobium
within_cohort_kazakhstan2022,outer_fold_9,Rhodoplanes
within_cohort_kazakhstan2022,outer_fold_9,Rikenellaceae RC9 gut group
within_cohort_kazakhstan2022,outer_fold_9,Romboutsia
within_cohort_kazakhstan2022,outer_fold_9,Roseburia
within_cohort_kazakhstan2022,outer_fold_9,Rothia
within_cohort_kazakhstan2022,outer_fold_9,Rubrobacter
within_cohort_kazakhstan2022,outer_fold_9,Ruminococcus
within_cohort_kazakhstan2022,outer_fold_9,Ruminococcus gnavus group
within_cohort_kazakhstan2022,outer_fold_9,Ruminococcus torques group
within_cohort_kazakhstan2022,outer_fold_9,SWB02
within_cohort_kazakhstan2022,outer_fold_9,Salipaludibacillus
within_cohort_kazakhstan2022,outer_fold_9,Salmonella
within_cohort_kazakhstan2022,outer_fold_9,Sandaracinus
within_cohort_kazakhstan2022,outer_fold_9,Sanguibacteroides
within_cohort_kazakhstan2022,outer_fold_9,Sarcina
within_cohort_kazakhstan2022,outer_fold_9,Sellimonas
within_cohort_kazakhstan2022,outer_fold_9,Senegalimassilia
within_cohort_kazakhstan2022,outer_fold_9,Shuttleworthia
within_cohort_kazakhstan2022,outer_fold_9,Skermanella
within_cohort_kazakhstan2022,outer_fold_9,Slackia
within_cohort_kazakhstan2022,outer_fold_9,Sneathia
within_cohort_kazakhstan2022,outer_fold_9,Solirubrobacter
within_cohort_kazakhstan2022,outer_fold_9,Solitalea
within_cohort_kazakhstan2022,outer_fold_9,Solobacterium
within_cohort_kazakhstan2022,outer_fold_9,Sphingomonas
within_cohort_kazakhstan2022,outer_fold_9,Sporosarcina
within_cohort_kazakhstan2022,outer_fold_9,Staphylococcus
within_cohort_kazakhstan2022,outer_fold_9,Stenotrophobacter
within_cohort_kazakhstan2022,outer_fold_9,Steroidobacter
within_cohort_kazakhstan2022,outer_fold_9,Streptococcus
within_cohort_kazakhstan2022,outer_fold_9,Streptomyces
within_cohort_kazakhstan2022,outer_fold_9,Subdoligranulum
within_cohort_kazakhstan2022,outer_fold_9,Subgroup 10
within_cohort_kazakhstan2022,outer_fold_9,Succinivibrio
within_cohort_kazakhstan2022,outer_fold_9,Sulfurifustis
within_cohort_kazakhstan2022,outer_fold_9,Sumerlaea
within_cohort_kazakhstan2022,outer_fold_9,Sutterella
within_cohort_kazakhstan2022,outer_fold_9,TM7x
within_cohort_kazakhstan2022,outer_fold_9,Taibaiella
within_cohort_kazakhstan2022,outer_fold_9,Terrimonas
within_cohort_kazakhstan2022,outer_fold_9,Truepera
within_cohort_kazakhstan2022,outer_fold_9,Tumebacillus
within_cohort_kazakhstan2022,outer_fold_9,Turicibacter
within_cohort_kazakhstan2022,outer_fold_9,Tuzzerella
within_cohort_kazakhstan2022,outer_fold_9,Tyzzerella
within_cohort_kazakhstan2022,outer_fold_9,UBA1819
within_cohort_kazakhstan2022,outer_fold_9,UC5-1-2E3
within_cohort_kazakhstan2022,outer_fold_9,UCG-002
within_cohort_kazakhstan2022,outer_fold_9,UCG-003
within_cohort_kazakhstan2022,outer_fold_9,UCG-004
within_cohort_kazakhstan2022,outer_fold_9,UCG-005
within_cohort_kazakhstan2022,outer_fold_9,UCG-007
within_cohort_kazakhstan2022,outer_fold_9,UCG-009
within_cohort_kazakhstan2022,outer_fold_9,UTCFX1
within_cohort_kazakhstan2022,outer_fold_9,V9D2013 group
within_cohort_kazakhstan2022,outer_fold_9,Veillonella
within_cohort_kazakhstan2022,outer_fold_9,Vicinamibacter
within_cohort_kazakhstan2022,outer_fold_9,Victivallis
within_cohort_kazakhstan2022,outer_fold_9,Virgisporangium
within_cohort_kazakhstan2022,outer_fold_9,Weissella
within_cohort_kazakhstan2022,outer_fold_9,Woeseia
within_cohort_kazakhstan2022,outer_fold_9,Z20
within_cohort_kazakhstan2022,outer_fold_9,[Bacteroides] pectinophilus group
within_cohort_kazakhstan2022,outer_fold_9,[Clostridium] innocuum group
within_cohort_kazakhstan2022,outer_fold_9,[Eubacterium] fissicatena group
within_cohort_kazakhstan2022,outer_fold_9,[Eubacterium] nodatum group
within_cohort_kazakhstan2022,outer_fold_9,[Eubacterium] ruminantium group
within_cohort_kazakhstan2022,outer_fold_9,[Eubacterium] siraeum group
within_cohort_kazakhstan2022,outer_fold_9,[Eubacterium] tenue group
within_cohort_kazakhstan2022,outer_fold_9,[Eubacterium] xylanophilum group
within_cohort_kazakhstan2022,outer_fold_9,[Ruminococcus] gauvreauii group
within_cohort_kazakhstan2022,outer_fold_9,mle1-7
within_cohort_kazakhstan2022,outer_fold_9,wb1-A12
within_cohort_kazakhstan2022,outer_fold_9,wb1-P19
loco,holdout_zhuang2018,ADurb.Bin063-1
loco,holdout_zhuang2018,Acidaminococcus
loco,holdout_zhuang2018,Acidibacter
loco,holdout_zhuang2018,Acinetobacter
loco,holdout_zhuang2018,Actinocorallia
loco,holdout_zhuang2018,Actinomyces
loco,holdout_zhuang2018,Adhaeribacter
loco,holdout_zhuang2018,Adlercreutzia
loco,holdout_zhuang2018,Aeromicrobium
loco,holdout_zhuang2018,Aeromonas
loco,holdout_zhuang2018,Agathobacter
loco,holdout_zhuang2018,Agromyces
loco,holdout_zhuang2018,Ahniella
loco,holdout_zhuang2018,Akkermansia
loco,holdout_zhuang2018,Aliihoeflea
loco,holdout_zhuang2018,Alistipes
loco,holdout_zhuang2018,Alkalicoccus
loco,holdout_zhuang2018,Allisonella
loco,holdout_zhuang2018,Alloprevotella
loco,holdout_zhuang2018,Allorhizobium-Neorhizobium-Pararhizobium-Rhizobium
loco,holdout_zhuang2018,Altererythrobacter
loco,holdout_zhuang2018,Ammoniphilus
loco,holdout_zhuang2018,Anaerobacillus
loco,holdout_zhuang2018,Anaerococcus
loco,holdout_zhuang2018,Anaerofilum
loco,holdout_zhuang2018,Anaerofustis
loco,holdout_zhuang2018,Anaerostipes
loco,holdout_zhuang2018,Anaerotruncus
loco,holdout_zhuang2018,Angelakisella
loco,holdout_zhuang2018,Aquicella
loco,holdout_zhuang2018,Archangium
loco,holdout_zhuang2018,Arenimonas
loco,holdout_zhuang2018,Aridibacter
loco,holdout_zhuang2018,Asteroleplasma
loco,holdout_zhuang2018,Atopobium
loco,holdout_zhuang2018,Azoarcus
loco,holdout_zhuang2018,BD1-7 clade
loco,holdout_zhuang2018,BIyi10
loco,holdout_zhuang2018,Bacillus
loco,holdout_zhuang2018,Bacteroides
loco,holdout_zhuang2018,Barnesiella
loco,holdout_zhuang2018,Bauldia
loco,holdout_zhuang2018,Bdellovibrio
loco,holdout_zhuang2018,Bifidobacterium
loco,holdout_zhuang2018,Bilophila
loco,holdout_zhuang2018,Blastococcus
loco,holdout_zhuang2018,Blautia
loco,holdout_zhuang2018,Brevundimonas
loco,holdout_zhuang2018,Bryobacter
loco,holdout_zhuang2018,Butyricicoccus
loco,holdout_zhuang2018,Butyricimonas
loco,holdout_zhuang2018,CAG-352
loco,holdout_zhuang2018,CAG-56
loco,holdout_zhuang2018,CAG-873
loco,holdout_zhuang2018,CHKCI002
loco,holdout_zhuang2018,CL500-29 marine group
loco,holdout_zhuang2018,Caenimonas
loco,holdout_zhuang2018,Candidatus Entotheonella
loco,holdout_zhuang2018,Candidatus Nitrocosmicus
loco,holdout_zhuang2018,Candidatus Nitrososphaera
loco,holdout_zhuang2018,Candidatus Soleaferrea
loco,holdout_zhuang2018,Candidatus Solibacter
loco,holdout_zhuang2018,Candidatus Udaeobacter
loco,holdout_zhuang2018,Castellaniella
loco,holdout_zhuang2018,Catabacter
loco,holdout_zhuang2018,Catenibacillus
loco,holdout_zhuang2018,Catenibacterium
loco,holdout_zhuang2018,Catenisphaera
loco,holdout_zhuang2018,Caulobacter
loco,holdout_zhuang2018,Cellvibrio
loco,holdout_zhuang2018,Chelativorans
loco,holdout_zhuang2018,Chitinophaga
loco,holdout_zhuang2018,Christensenella
loco,holdout_zhuang2018,Christensenellaceae R-7 group
loco,holdout_zhuang2018,Chryseolinea
loco,holdout_zhuang2018,Chthoniobacter
loco,holdout_zhuang2018,Citrifermentans
loco,holdout_zhuang2018,Citrobacter
loco,holdout_zhuang2018,Cloacibacillus
loco,holdout_zhuang2018,Clostridium sensu stricto 1
loco,holdout_zhuang2018,Colidextribacter
loco,holdout_zhuang2018,Collinsella
loco,holdout_zhuang2018,Comamonas
loco,holdout_zhuang2018,Coprobacillus
loco,holdout_zhuang2018,Coprobacter
loco,holdout_zhuang2018,Coprococcus
loco,holdout_zhuang2018,Coriobacteriaceae UCG-003
loco,holdout_zhuang2018,Corynebacterium
loco,holdout_zhuang2018,Cutibacterium
loco,holdout_zhuang2018,DTU089
loco,holdout_zhuang2018,Dactylosporangium
loco,holdout_zhuang2018,Defluviitaleaceae UCG-011
loco,holdout_zhuang2018,Desulfovibrio
loco,holdout_zhuang2018,Dethiobacter
loco,holdout_zhuang2018,Dialister
loco,holdout_zhuang2018,Diaphorobacter
loco,holdout_zhuang2018,Dielma
loco,holdout_zhuang2018,Dinghuibacter
loco,holdout_zhuang2018,Dokdonella
loco,holdout_zhuang2018,Dongia
loco,holdout_zhuang2018,Dorea
loco,holdout_zhuang2018,Edaphobaculum
loco,holdout_zhuang2018,Eggerthella
loco,holdout_zhuang2018,Eisenbergiella
loco,holdout_zhuang2018,Ellin6055
loco,holdout_zhuang2018,Ellin6067
loco,holdout_zhuang2018,Elusimicrobium
loco,holdout_zhuang2018,Enterobacter
loco,holdout_zhuang2018,Enterococcus
loco,holdout_zhuang2018,Enterorhabdus
loco,holdout_zhuang2018,Enteroscipio
loco,holdout_zhuang2018,Erysipelatoclostridium
loco,holdout_zhuang2018,Erysipelotrichaceae UCG-003
loco,holdout_zhuang2018,Erysipelotrichaceae UCG-006
loco,holdout_zhuang2018,Escherichia-Shigella
loco,holdout_zhuang2018,Eubacterium
loco,holdout_zhuang2018,Eubacterium brachy group
loco,holdout_zhuang2018,Eubacterium eligens group
loco,holdout_zhuang2018,Eubacterium hallii group
loco,holdout_zhuang2018,Eubacterium oxidoreducens group
loco,holdout_zhuang2018,Eubacterium ventriosum group
loco,holdout_zhuang2018,Ezakiella
loco,holdout_zhuang2018,Faecalibacterium
loco,holdout_zhuang2018,Faecalibaculum
loco,holdout_zhuang2018,Faecalitalea
loco,holdout_zhuang2018,Family XIII AD3011 group
loco,holdout_zhuang2018,Family XIII UCG-001
loco,holdout_zhuang2018,Fenollaria
loco,holdout_zhuang2018,Ferruginibacter
loco,holdout_zhuang2018,Finegoldia
loco,holdout_zhuang2018,Flavisolibacter
loco,holdout_zhuang2018,Flavitalea
loco,holdout_zhuang2018,Flavobacterium
loco,holdout_zhuang2018,Flavonifractor
loco,holdout_zhuang2018,Fluviicola
loco,holdout_zhuang2018,Fournierella
loco,holdout_zhuang2018,Frisingicoccus
loco,holdout_zhuang2018,Fusicatenibacter
loco,holdout_zhuang2018,Fusobacterium
loco,holdout_zhuang2018,GCA-900066575
loco,holdout_zhuang2018,GCA-900066755
loco,holdout_zhuang2018,Gaiella
loco,holdout_zhuang2018,Gemella
loco,holdout_zhuang2018,Gemmatimonas
loco,holdout_zhuang2018,Gordonibacter
loco,holdout_zhuang2018,Granulicatella
loco,holdout_zhuang2018,HT002
loco,holdout_zhuang2018,Haemophilus
loco,holdout_zhuang2018,Haliangium
loco,holdout_zhuang2018,Halomonas
loco,holdout_zhuang2018,Harryflintia
loco,holdout_zhuang2018,Hassallia
loco,holdout_zhuang2018,Helicobacter
loco,holdout_zhuang2018,Hirschia
loco,holdout_zhuang2018,Holdemanella
loco,holdout_zhuang2018,Holdemania
loco,holdout_zhuang2018,Howardella
loco,holdout_zhuang2018,Hungatella
loco,holdout_zhuang2018,Hyphomicrobium
loco,holdout_zhuang2018,IS-44
loco,holdout_zhuang2018,Iamia
loco,holdout_zhuang2018,Ilumatobacter
loco,holdout_zhuang2018,Incertae Sedis
loco,holdout_zhuang2018,Intestinibacter
loco,holdout_zhuang2018,Intestinimonas
loco,holdout_zhuang2018,JGI 0001001-H03
loco,holdout_zhuang2018,Klebsiella
loco,holdout_zhuang2018,Kribbella
loco,holdout_zhuang2018,Lachnoclostridium
loco,holdout_zhuang2018,Lachnospira
loco,holdout_zhuang2018,Lachnospiraceae FCS020 group
loco,holdout_zhuang2018,Lachnospiraceae NC2004 group
loco,holdout_zhuang2018,Lachnospiraceae ND3007 group
loco,holdout_zhuang2018,Lachnospiraceae NK3A20 group
loco,holdout_zhuang2018,Lachnospiraceae NK4A136 group
loco,holdout_zhuang2018,Lachnospiraceae UCG-001
loco,holdout_zhuang2018,Lachnospiraceae UCG-003
loco,holdout_zhuang2018,Lachnospiraceae UCG-004
loco,holdout_zhuang2018,Lachnospiraceae UCG-006
loco,holdout_zhuang2018,Lachnospiraceae UCG-010
loco,holdout_zhuang2018,Lacibacter
loco,holdout_zhuang2018,Lacticaseibacillus
loco,holdout_zhuang2018,Lactiplantibacillus
loco,holdout_zhuang2018,Lactobacillus
loco,holdout_zhuang2018,Lactococcus
loco,holdout_zhuang2018,Lactonifactor
loco,holdout_zhuang2018,Lacunisphaera
loco,holdout_zhuang2018,Latilactobacillus
loco,holdout_zhuang2018,Lechevalieria
loco,holdout_zhuang2018,Leuconostoc
loco,holdout_zhuang2018,Levilactobacillus
loco,holdout_zhuang2018,Libanicoccus
loco,holdout_zhuang2018,Ligilactobacillus
loco,holdout_zhuang2018,Limosilactobacillus
loco,holdout_zhuang2018,Longimicrobium
loco,holdout_zhuang2018,Luedemannella
loco,holdout_zhuang2018,Luteolibacter
loco,holdout_zhuang2018,Lysinibacillus
loco,holdout_zhuang2018,Lysobacter
loco,holdout_zhuang2018,MND1
loco,holdout_zhuang2018,Marmoricola
loco,holdout_zhuang2018,Marvinbryantia
loco,holdout_zhuang2018,Megamonas
loco,holdout_zhuang2018,Megasphaera
loco,holdout_zhuang2018,Merdibacter
loco,holdout_zhuang2018,Mesorhizobium
loco,holdout_zhuang2018,Methanobrevibacter
loco,holdout_zhuang2018,Methyloceanibacter
loco,holdout_zhuang2018,Methylotenera
loco,holdout_zhuang2018,Microbacterium
loco,holdout_zhuang2018,Microlunatus
loco,holdout_zhuang2018,Microvirga
loco,holdout_zhuang2018,Mitsuokella
loco,holdout_zhuang2018,Mogibacterium
loco,holdout_zhuang2018,Monoglobus
loco,holdout_zhuang2018,Muribaculum
loco,holdout_zhuang2018,Mycobacterium
loco,holdout_zhuang2018,NK4A214 group
loco,holdout_zhuang2018,Nannocystis
loco,holdout_zhuang2018,Negativibacillus
loco,holdout_zhuang2018,Nesterenkonia
loco,holdout_zhuang2018,Niastella
loco,holdout_zhuang2018,Nitrolancea
loco,holdout_zhuang2018,Nitrosococcus
loco,holdout_zhuang2018,Nitrosospira
loco,holdout_zhuang2018,Nitrospira
loco,holdout_zhuang2018,Nocardioides
loco,holdout_zhuang2018,Nonomuraea
loco,holdout_zhuang2018,Nordella
loco,holdout_zhuang2018,OLB17
loco,holdout_zhuang2018,OM27 clade
loco,holdout_zhuang2018,Oceanicaulis
loco,holdout_zhuang2018,Odoribacter
loco,holdout_zhuang2018,Ohtaekwangia
loco,holdout_zhuang2018,Olsenella
loco,holdout_zhuang2018,Opitutus
loco,holdout_zhuang2018,Oribacterium
loco,holdout_zhuang2018,Oscillibacter
loco,holdout_zhuang2018,Oscillospira
loco,holdout_zhuang2018,Oxalobacter
loco,holdout_zhuang2018,P3OB-42
loco,holdout_zhuang2018,Paenibacillus
loco,holdout_zhuang2018,Paeniclostridium
loco,holdout_zhuang2018,Paenisporosarcina
loco,holdout_zhuang2018,Pajaroellobacter
loco,holdout_zhuang2018,Paludicola
loco,holdout_zhuang2018,Papillibacter
loco,holdout_zhuang2018,Parabacteroides
loco,holdout_zhuang2018,Paraprevotella
loco,holdout_zhuang2018,Parapusillimonas
loco,holdout_zhuang2018,Parasutterella
loco,holdout_zhuang2018,Parvimonas
loco,holdout_zhuang2018,Pedobacter
loco,holdout_zhuang2018,Pedomicrobium
loco,holdout_zhuang2018,Pelagibacterium
loco,holdout_zhuang2018,Peptococcus
loco,holdout_zhuang2018,Peptoniphilus
loco,holdout_zhuang2018,Peptostreptococcus
loco,holdout_zhuang2018,Peredibacter
loco,holdout_zhuang2018,Phascolarctobacterium
loco,holdout_zhuang2018,Phaselicystis
loco,holdout_zhuang2018,Phenylobacterium
loco,holdout_zhuang2018,Phocea
loco,holdout_zhuang2018,Polaromonas
loco,holdout_zhuang2018,Polyangium
loco,holdout_zhuang2018,Polycyclovorans
loco,holdout_zhuang2018,Pontibacter
loco,holdout_zhuang2018,Porphyromonas
loco,holdout_zhuang2018,Prevotella
loco,holdout_zhuang2018,Prevotella_7
loco,holdout_zhuang2018,Prevotella_9
loco,holdout_zhuang2018,Prevotellaceae NK3B31 group
loco,holdout_zhuang2018,Prevotellaceae UCG-001
loco,holdout_zhuang2018,Prevotellaceae UCG-003
loco,holdout_zhuang2018,Pseudenhygromyxa
loco,holdout_zhuang2018,Pseudoduganella
loco,holdout_zhuang2018,Pseudoflavonifractor
loco,holdout_zhuang2018,Pseudolabrys
loco,holdout_zhuang2018,Pseudomonas
loco,holdout_zhuang2018,Pseudonocardia
loco,holdout_zhuang2018,Pseudorhodoplanes
loco,holdout_zhuang2018,Pseudoxanthomonas
loco,holdout_zhuang2018,Psychrobacillus
loco,holdout_zhuang2018,Puia
loco,holdout_zhuang2018,Pyramidobacter
loco,holdout_zhuang2018,RB41
loco,holdout_zhuang2018,Ramlibacter
loco,holdout_zhuang2018,Raoultibacter
loco,holdout_zhuang2018,Reyranella
loco,holdout_zhuang2018,Rhizobacter
loco,holdout_zhuang2018,Rhizocola
loco,holdout_zhuang2018,Rhodococcus
loco,holdout_zhuang2018,Rhodomicrobium
loco,holdout_zhuang2018,Rhodoplanes
loco,holdout_zhuang2018,Rikenellaceae RC9 gut group
loco,holdout_zhuang2018,Romboutsia
loco,holdout_zhuang2018,Roseburia
loco,holdout_zhuang2018,Rothia
loco,holdout_zhuang2018,Rubrobacter
loco,holdout_zhuang2018,Ruminococcus
loco,holdout_zhuang2018,Ruminococcus gnavus group
loco,holdout_zhuang2018,Ruminococcus torques group
loco,holdout_zhuang2018,SWB02
loco,holdout_zhuang2018,Salipaludibacillus
loco,holdout_zhuang2018,Salmonella
loco,holdout_zhuang2018,Sandaracinus
loco,holdout_zhuang2018,Sanguibacteroides
loco,holdout_zhuang2018,Sarcina
loco,holdout_zhuang2018,Sellimonas
loco,holdout_zhuang2018,Senegalimassilia
loco,holdout_zhuang2018,Serratia
loco,holdout_zhuang2018,Shuttleworthia
loco,holdout_zhuang2018,Skermanella
loco,holdout_zhuang2018,Slackia
loco,holdout_zhuang2018,Sneathia
loco,holdout_zhuang2018,Solirubrobacter
loco,holdout_zhuang2018,Solitalea
loco,holdout_zhuang2018,Solobacterium
loco,holdout_zhuang2018,Sphingomonas
loco,holdout_zhuang2018,Sporosarcina
loco,holdout_zhuang2018,Staphylococcus
loco,holdout_zhuang2018,Stenotrophobacter
loco,holdout_zhuang2018,Steroidobacter
loco,holdout_zhuang2018,Streptococcus
loco,holdout_zhuang2018,Streptomyces
loco,holdout_zhuang2018,Subdoligranulum
loco,holdout_zhuang2018,Subgroup 10
loco,holdout_zhuang2018,Succinivibrio
loco,holdout_zhuang2018,Sulfurifustis
loco,holdout_zhuang2018,Sumerlaea
loco,holdout_zhuang2018,Sutterella
loco,holdout_zhuang2018,TM7x
loco,holdout_zhuang2018,Taibaiella
loco,holdout_zhuang2018,Terrimonas
loco,holdout_zhuang2018,Terrisporobacter
loco,holdout_zhuang2018,Truepera
loco,holdout_zhuang2018,Tumebacillus
loco,holdout_zhuang2018,Turicibacter
loco,holdout_zhuang2018,Tuzzerella
loco,holdout_zhuang2018,Tyzzerella
loco,holdout_zhuang2018,UBA1819
loco,holdout_zhuang2018,UC5-1-2E3
loco,holdout_zhuang2018,UCG-002
loco,holdout_zhuang2018,UCG-003
loco,holdout_zhuang2018,UCG-004
loco,holdout_zhuang2018,UCG-005
loco,holdout_zhuang2018,UCG-007
loco,holdout_zhuang2018,UCG-009
loco,holdout_zhuang2018,UTCFX1
loco,holdout_zhuang2018,V9D2013 group
loco,holdout_zhuang2018,Veillonella
loco,holdout_zhuang2018,Vicinamibacter
loco,holdout_zhuang2018,Victivallis
loco,holdout_zhuang2018,Virgisporangium
loco,holdout_zhuang2018,Weissella
loco,holdout_zhuang2018,Woeseia
loco,holdout_zhuang2018,YC-ZSS-LKJ147
loco,holdout_zhuang2018,Z20
loco,holdout_zhuang2018,[Bacteroides] pectinophilus group
loco,holdout_zhuang2018,[Clostridium] innocuum group
loco,holdout_zhuang2018,[Eubacterium] fissicatena group
loco,holdout_zhuang2018,[Eubacterium] nodatum group
loco,holdout_zhuang2018,[Eubacterium] ruminantium group
loco,holdout_zhuang2018,[Eubacterium] siraeum group
loco,holdout_zhuang2018,[Eubacterium] tenue group
loco,holdout_zhuang2018,[Eubacterium] xylanophilum group
loco,holdout_zhuang2018,[Ruminococcus] gauvreauii group
loco,holdout_zhuang2018,mle1-7
loco,holdout_zhuang2018,wb1-A12
loco,holdout_zhuang2018,wb1-P19
loco,holdout_ling2020,ADurb.Bin063-1
loco,holdout_ling2020,Acidaminococcus
loco,holdout_ling2020,Acidibacter
loco,holdout_ling2020,Acinetobacter
loco,holdout_ling2020,Actinocorallia
loco,holdout_ling2020,Actinomyces
loco,holdout_ling2020,Adhaeribacter
loco,holdout_ling2020,Adlercreutzia
loco,holdout_ling2020,Aeromicrobium
loco,holdout_ling2020,Aeromonas
loco,holdout_ling2020,Agathobacter
loco,holdout_ling2020,Agromyces
loco,holdout_ling2020,Ahniella
loco,holdout_ling2020,Akkermansia
loco,holdout_ling2020,Aliihoeflea
loco,holdout_ling2020,Alistipes
loco,holdout_ling2020,Alkalicoccus
loco,holdout_ling2020,Allisonella
loco,holdout_ling2020,Alloprevotella
loco,holdout_ling2020,Allorhizobium-Neorhizobium-Pararhizobium-Rhizobium
loco,holdout_ling2020,Altererythrobacter
loco,holdout_ling2020,Ammoniphilus
loco,holdout_ling2020,Anaerobacillus
loco,holdout_ling2020,Anaerococcus
loco,holdout_ling2020,Anaerofilum
loco,holdout_ling2020,Anaerofustis
loco,holdout_ling2020,Anaerostipes
loco,holdout_ling2020,Anaerotruncus
loco,holdout_ling2020,Angelakisella
loco,holdout_ling2020,Aquicella
loco,holdout_ling2020,Archangium
loco,holdout_ling2020,Arenimonas
loco,holdout_ling2020,Aridibacter
loco,holdout_ling2020,Asteroleplasma
loco,holdout_ling2020,Atopobium
loco,holdout_ling2020,Azoarcus
loco,holdout_ling2020,BD1-7 clade
loco,holdout_ling2020,BIyi10
loco,holdout_ling2020,Bacillus
loco,holdout_ling2020,Bacteroides
loco,holdout_ling2020,Barnesiella
loco,holdout_ling2020,Bauldia
loco,holdout_ling2020,Bdellovibrio
loco,holdout_ling2020,Bifidobacterium
loco,holdout_ling2020,Bilophila
loco,holdout_ling2020,Blastococcus
loco,holdout_ling2020,Blautia
loco,holdout_ling2020,Brevundimonas
loco,holdout_ling2020,Bryobacter
loco,holdout_ling2020,Butyricicoccus
loco,holdout_ling2020,Butyricimonas
loco,holdout_ling2020,CAG-352
loco,holdout_ling2020,CAG-56
loco,holdout_ling2020,CAG-873
loco,holdout_ling2020,CHKCI002
loco,holdout_ling2020,CL500-29 marine group
loco,holdout_ling2020,Caenimonas
loco,holdout_ling2020,Candidatus Entotheonella
loco,holdout_ling2020,Candidatus Nitrocosmicus
loco,holdout_ling2020,Candidatus Nitrososphaera
loco,holdout_ling2020,Candidatus Soleaferrea
loco,holdout_ling2020,Candidatus Solibacter
loco,holdout_ling2020,Candidatus Udaeobacter
loco,holdout_ling2020,Castellaniella
loco,holdout_ling2020,Catabacter
loco,holdout_ling2020,Catenibacillus
loco,holdout_ling2020,Catenibacterium
loco,holdout_ling2020,Catenisphaera
loco,holdout_ling2020,Caulobacter
loco,holdout_ling2020,Cellvibrio
loco,holdout_ling2020,Chitinophaga
loco,holdout_ling2020,Christensenella
loco,holdout_ling2020,Christensenellaceae R-7 group
loco,holdout_ling2020,Chryseolinea
loco,holdout_ling2020,Chthoniobacter
loco,holdout_ling2020,Citrifermentans
loco,holdout_ling2020,Citrobacter
loco,holdout_ling2020,Cloacibacillus
loco,holdout_ling2020,Clostridium sensu stricto 1
loco,holdout_ling2020,Colidextribacter
loco,holdout_ling2020,Collinsella
loco,holdout_ling2020,Comamonas
loco,holdout_ling2020,Coprobacillus
loco,holdout_ling2020,Coprobacter
loco,holdout_ling2020,Coprococcus
loco,holdout_ling2020,Coriobacteriaceae UCG-003
loco,holdout_ling2020,Corynebacterium
loco,holdout_ling2020,Cutibacterium
loco,holdout_ling2020,DTU089
loco,holdout_ling2020,Dactylosporangium
loco,holdout_ling2020,Defluviitaleaceae UCG-011
loco,holdout_ling2020,Desulfovibrio
loco,holdout_ling2020,Dethiobacter
loco,holdout_ling2020,Dialister
loco,holdout_ling2020,Diaphorobacter
loco,holdout_ling2020,Dielma
loco,holdout_ling2020,Dinghuibacter
loco,holdout_ling2020,Dokdonella
loco,holdout_ling2020,Dongia
loco,holdout_ling2020,Dorea
loco,holdout_ling2020,Edaphobaculum
loco,holdout_ling2020,Eggerthella
loco,holdout_ling2020,Eisenbergiella
loco,holdout_ling2020,Ellin6055
loco,holdout_ling2020,Ellin6067
loco,holdout_ling2020,Elusimicrobium
loco,holdout_ling2020,Enterobacter
loco,holdout_ling2020,Enterococcus
loco,holdout_ling2020,Enterorhabdus
loco,holdout_ling2020,Enteroscipio
loco,holdout_ling2020,Erysipelatoclostridium
loco,holdout_ling2020,Erysipelotrichaceae UCG-003
loco,holdout_ling2020,Erysipelotrichaceae UCG-006
loco,holdout_ling2020,Escherichia-Shigella
loco,holdout_ling2020,Eubacterium
loco,holdout_ling2020,Eubacterium brachy group
loco,holdout_ling2020,Eubacterium eligens group
loco,holdout_ling2020,Eubacterium hallii group
loco,holdout_ling2020,Eubacterium oxidoreducens group
loco,holdout_ling2020,Eubacterium ventriosum group
loco,holdout_ling2020,Ezakiella
loco,holdout_ling2020,Faecalibacterium
loco,holdout_ling2020,Faecalibaculum
loco,holdout_ling2020,Faecalitalea
loco,holdout_ling2020,Family XIII AD3011 group
loco,holdout_ling2020,Family XIII UCG-001
loco,holdout_ling2020,Fenollaria
loco,holdout_ling2020,Ferruginibacter
loco,holdout_ling2020,Finegoldia
loco,holdout_ling2020,Flavisolibacter
loco,holdout_ling2020,Flavitalea
loco,holdout_ling2020,Flavobacterium
loco,holdout_ling2020,Flavonifractor
loco,holdout_ling2020,Fluviicola
loco,holdout_ling2020,Fournierella
loco,holdout_ling2020,Frisingicoccus
loco,holdout_ling2020,Fusicatenibacter
loco,holdout_ling2020,Fusobacterium
loco,holdout_ling2020,GCA-900066575
loco,holdout_ling2020,GCA-900066755
loco,holdout_ling2020,Gaiella
loco,holdout_ling2020,Gemella
loco,holdout_ling2020,Gemmatimonas
loco,holdout_ling2020,Gordonibacter
loco,holdout_ling2020,Granulicatella
loco,holdout_ling2020,HT002
loco,holdout_ling2020,Haemophilus
loco,holdout_ling2020,Haliangium
loco,holdout_ling2020,Halomonas
loco,holdout_ling2020,Harryflintia
loco,holdout_ling2020,Hassallia
loco,holdout_ling2020,Helicobacter
loco,holdout_ling2020,Hirschia
loco,holdout_ling2020,Holdemanella
loco,holdout_ling2020,Holdemania
loco,holdout_ling2020,Howardella
loco,holdout_ling2020,Hungatella
loco,holdout_ling2020,Hyphomicrobium
loco,holdout_ling2020,IS-44
loco,holdout_ling2020,Iamia
loco,holdout_ling2020,Ilumatobacter
loco,holdout_ling2020,Incertae Sedis
loco,holdout_ling2020,Intestinibacter
loco,holdout_ling2020,Intestinimonas
loco,holdout_ling2020,JGI 0001001-H03
loco,holdout_ling2020,Klebsiella
loco,holdout_ling2020,Kribbella
loco,holdout_ling2020,Lachnoclostridium
loco,holdout_ling2020,Lachnospira
loco,holdout_ling2020,Lachnospiraceae FCS020 group
loco,holdout_ling2020,Lachnospiraceae NC2004 group
loco,holdout_ling2020,Lachnospiraceae ND3007 group
loco,holdout_ling2020,Lachnospiraceae NK3A20 group
loco,holdout_ling2020,Lachnospiraceae NK4A136 group
loco,holdout_ling2020,Lachnospiraceae UCG-001
loco,holdout_ling2020,Lachnospiraceae UCG-003
loco,holdout_ling2020,Lachnospiraceae UCG-004
loco,holdout_ling2020,Lachnospiraceae UCG-006
loco,holdout_ling2020,Lachnospiraceae UCG-010
loco,holdout_ling2020,Lacibacter
loco,holdout_ling2020,Lacticaseibacillus
loco,holdout_ling2020,Lactiplantibacillus
loco,holdout_ling2020,Lactobacillus
loco,holdout_ling2020,Lactococcus
loco,holdout_ling2020,Lactonifactor
loco,holdout_ling2020,Lacunisphaera
loco,holdout_ling2020,Latilactobacillus
loco,holdout_ling2020,Lechevalieria
loco,holdout_ling2020,Levilactobacillus
loco,holdout_ling2020,Libanicoccus
loco,holdout_ling2020,Ligilactobacillus
loco,holdout_ling2020,Limosilactobacillus
loco,holdout_ling2020,Longimicrobium
loco,holdout_ling2020,Luedemannella
loco,holdout_ling2020,Luteolibacter
loco,holdout_ling2020,Lysinibacillus
loco,holdout_ling2020,Lysobacter
loco,holdout_ling2020,MND1
loco,holdout_ling2020,Marmoricola
loco,holdout_ling2020,Marvinbryantia
loco,holdout_ling2020,Massilia
loco,holdout_ling2020,Megamonas
loco,holdout_ling2020,Megasphaera
loco,holdout_ling2020,Merdibacter
loco,holdout_ling2020,Mesorhizobium
loco,holdout_ling2020,Methanobrevibacter
loco,holdout_ling2020,Methylobacterium-Methylorubrum
loco,holdout_ling2020,Methyloceanibacter
loco,holdout_ling2020,Methylotenera
loco,holdout_ling2020,Microbacterium
loco,holdout_ling2020,Microlunatus
loco,holdout_ling2020,Microvirga
loco,holdout_ling2020,Mitsuokella
loco,holdout_ling2020,Mogibacterium
loco,holdout_ling2020,Monoglobus
loco,holdout_ling2020,Muribaculum
loco,holdout_ling2020,Mycobacterium
loco,holdout_ling2020,NK4A214 group
loco,holdout_ling2020,Nannocystis
loco,holdout_ling2020,Negativibacillus
loco,holdout_ling2020,Niastella
loco,holdout_ling2020,Nitrolancea
loco,holdout_ling2020,Nitrosococcus
loco,holdout_ling2020,Nitrosospira
loco,holdout_ling2020,Nitrospira
loco,holdout_ling2020,Nocardioides
loco,holdout_ling2020,Nonomuraea
loco,holdout_ling2020,Nordella
loco,holdout_ling2020,OLB17
loco,holdout_ling2020,OM27 clade
loco,holdout_ling2020,Odoribacter
loco,holdout_ling2020,Ohtaekwangia
loco,holdout_ling2020,Olsenella
loco,holdout_ling2020,Opitutus
loco,holdout_ling2020,Oribacterium
loco,holdout_ling2020,Oscillibacter
loco,holdout_ling2020,Oscillospira
loco,holdout_ling2020,Oxalobacter
loco,holdout_ling2020,P3OB-42
loco,holdout_ling2020,Paenibacillus
loco,holdout_ling2020,Paeniclostridium
loco,holdout_ling2020,Paenisporosarcina
loco,holdout_ling2020,Pajaroellobacter
loco,holdout_ling2020,Paludicola
loco,holdout_ling2020,Papillibacter
loco,holdout_ling2020,Parabacteroides
loco,holdout_ling2020,Paracoccus
loco,holdout_ling2020,Paraprevotella
loco,holdout_ling2020,Parapusillimonas
loco,holdout_ling2020,Parasutterella
loco,holdout_ling2020,Parvimonas
loco,holdout_ling2020,Pedobacter
loco,holdout_ling2020,Pedomicrobium
loco,holdout_ling2020,Pelagibacterium
loco,holdout_ling2020,Peptococcus
loco,holdout_ling2020,Peptoniphilus
loco,holdout_ling2020,Peptostreptococcus
loco,holdout_ling2020,Peredibacter
loco,holdout_ling2020,Phascolarctobacterium
loco,holdout_ling2020,Phaselicystis
loco,holdout_ling2020,Phenylobacterium
loco,holdout_ling2020,Phocea
loco,holdout_ling2020,Polaromonas
loco,holdout_ling2020,Polyangium
loco,holdout_ling2020,Polycyclovorans
loco,holdout_ling2020,Pontibacter
loco,holdout_ling2020,Porphyromonas
loco,holdout_ling2020,Prevotella
loco,holdout_ling2020,Prevotella_7
loco,holdout_ling2020,Prevotella_9
loco,holdout_ling2020,Prevotellaceae NK3B31 group
loco,holdout_ling2020,Prevotellaceae UCG-001
loco,holdout_ling2020,Prevotellaceae UCG-003
loco,holdout_ling2020,Pseudenhygromyxa
loco,holdout_ling2020,Pseudoduganella
loco,holdout_ling2020,Pseudoflavonifractor
loco,holdout_ling2020,Pseudolabrys
loco,holdout_ling2020,Pseudomonas
loco,holdout_ling2020,Pseudonocardia
loco,holdout_ling2020,Pseudorhodoplanes
loco,holdout_ling2020,Pseudoxanthomonas
loco,holdout_ling2020,Psychrobacillus
loco,holdout_ling2020,Puia
loco,holdout_ling2020,Pyramidobacter
loco,holdout_ling2020,RB41
loco,holdout_ling2020,Ramlibacter
loco,holdout_ling2020,Raoultibacter
loco,holdout_ling2020,Reyranella
loco,holdout_ling2020,Rhizobacter
loco,holdout_ling2020,Rhizocola
loco,holdout_ling2020,Rhodococcus
loco,holdout_ling2020,Rhodomicrobium
loco,holdout_ling2020,Rhodoplanes
loco,holdout_ling2020,Rikenellaceae RC9 gut group
loco,holdout_ling2020,Romboutsia
loco,holdout_ling2020,Roseburia
loco,holdout_ling2020,Rothia
loco,holdout_ling2020,Rubrobacter
loco,holdout_ling2020,Ruminococcus
loco,holdout_ling2020,Ruminococcus gnavus group
loco,holdout_ling2020,Ruminococcus torques group
loco,holdout_ling2020,SWB02
loco,holdout_ling2020,Salipaludibacillus
loco,holdout_ling2020,Salmonella
loco,holdout_ling2020,Sandaracinus
loco,holdout_ling2020,Sanguibacteroides
loco,holdout_ling2020,Sarcina
loco,holdout_ling2020,Sellimonas
loco,holdout_ling2020,Senegalimassilia
loco,holdout_ling2020,Serratia
loco,holdout_ling2020,Shuttleworthia
loco,holdout_ling2020,Skermanella
loco,holdout_ling2020,Slackia
loco,holdout_ling2020,Sneathia
loco,holdout_ling2020,Solirubrobacter
loco,holdout_ling2020,Solitalea
loco,holdout_ling2020,Solobacterium
loco,holdout_ling2020,Sphingomonas
loco,holdout_ling2020,Sporosarcina
loco,holdout_ling2020,Staphylococcus
loco,holdout_ling2020,Stenotrophobacter
loco,holdout_ling2020,Steroidobacter
loco,holdout_ling2020,Streptococcus
loco,holdout_ling2020,Streptomyces
loco,holdout_ling2020,Subdoligranulum
loco,holdout_ling2020,Subgroup 10
loco,holdout_ling2020,Succinivibrio
loco,holdout_ling2020,Sulfurifustis
loco,holdout_ling2020,Sumerlaea
loco,holdout_ling2020,Sutterella
loco,holdout_ling2020,TM7x
loco,holdout_ling2020,Taibaiella
loco,holdout_ling2020,Terrimonas
loco,holdout_ling2020,Terrisporobacter
loco,holdout_ling2020,Thermus
loco,holdout_ling2020,Truepera
loco,holdout_ling2020,Tumebacillus
loco,holdout_ling2020,Turicibacter
loco,holdout_ling2020,Tuzzerella
loco,holdout_ling2020,Tyzzerella
loco,holdout_ling2020,UBA1819
loco,holdout_ling2020,UC5-1-2E3
loco,holdout_ling2020,UCG-002
loco,holdout_ling2020,UCG-003
loco,holdout_ling2020,UCG-004
loco,holdout_ling2020,UCG-005
loco,holdout_ling2020,UCG-007
loco,holdout_ling2020,UCG-009
loco,holdout_ling2020,UTCFX1
loco,holdout_ling2020,V9D2013 group
loco,holdout_ling2020,Veillonella
loco,holdout_ling2020,Vicinamibacter
loco,holdout_ling2020,Victivallis
loco,holdout_ling2020,Virgisporangium
loco,holdout_ling2020,Weissella
loco,holdout_ling2020,Woeseia
loco,holdout_ling2020,YC-ZSS-LKJ147
loco,holdout_ling2020,Z20
loco,holdout_ling2020,[Bacteroides] pectinophilus group
loco,holdout_ling2020,[Clostridium] innocuum group
loco,holdout_ling2020,[Eubacterium] fissicatena group
loco,holdout_ling2020,[Eubacterium] nodatum group
loco,holdout_ling2020,[Eubacterium] ruminantium group
loco,holdout_ling2020,[Eubacterium] siraeum group
loco,holdout_ling2020,[Eubacterium] tenue group
loco,holdout_ling2020,[Eubacterium] xylanophilum group
loco,holdout_ling2020,[Ruminococcus] gauvreauii group
loco,holdout_ling2020,mle1-7
loco,holdout_ling2020,wb1-A12
loco,holdout_ling2020,wb1-P19
loco,holdout_shanghai2022,ADurb.Bin063-1
loco,holdout_shanghai2022,Acidaminococcus
loco,holdout_shanghai2022,Acidibacter
loco,holdout_shanghai2022,Acinetobacter
loco,holdout_shanghai2022,Actinocorallia
loco,holdout_shanghai2022,Actinomyces
loco,holdout_shanghai2022,Adhaeribacter
loco,holdout_shanghai2022,Adlercreutzia
loco,holdout_shanghai2022,Aeromicrobium
loco,holdout_shanghai2022,Aeromonas
loco,holdout_shanghai2022,Agathobacter
loco,holdout_shanghai2022,Agromyces
loco,holdout_shanghai2022,Ahniella
loco,holdout_shanghai2022,Akkermansia
loco,holdout_shanghai2022,Alistipes
loco,holdout_shanghai2022,Alkalicoccus
loco,holdout_shanghai2022,Allisonella
loco,holdout_shanghai2022,Alloprevotella
loco,holdout_shanghai2022,Allorhizobium-Neorhizobium-Pararhizobium-Rhizobium
loco,holdout_shanghai2022,Altererythrobacter
loco,holdout_shanghai2022,Ammoniphilus
loco,holdout_shanghai2022,Anaerobacillus
loco,holdout_shanghai2022,Anaerococcus
loco,holdout_shanghai2022,Anaerofilum
loco,holdout_shanghai2022,Anaerofustis
loco,holdout_shanghai2022,Anaerostipes
loco,holdout_shanghai2022,Anaerotruncus
loco,holdout_shanghai2022,Angelakisella
loco,holdout_shanghai2022,Aquicella
loco,holdout_shanghai2022,Archangium
loco,holdout_shanghai2022,Arenimonas
loco,holdout_shanghai2022,Aridibacter
loco,holdout_shanghai2022,Asteroleplasma
loco,holdout_shanghai2022,Atopobium
loco,holdout_shanghai2022,Azoarcus
loco,holdout_shanghai2022,BD1-7 clade
loco,holdout_shanghai2022,BIyi10
loco,holdout_shanghai2022,Bacillus
loco,holdout_shanghai2022,Bacteroides
loco,holdout_shanghai2022,Barnesiella
loco,holdout_shanghai2022,Bauldia
loco,holdout_shanghai2022,Bdellovibrio
loco,holdout_shanghai2022,Bifidobacterium
loco,holdout_shanghai2022,Bilophila
loco,holdout_shanghai2022,Blastococcus
loco,holdout_shanghai2022,Blautia
loco,holdout_shanghai2022,Brevundimonas
loco,holdout_shanghai2022,Bryobacter
loco,holdout_shanghai2022,Butyricicoccus
loco,holdout_shanghai2022,Butyricimonas
loco,holdout_shanghai2022,CAG-352
loco,holdout_shanghai2022,CAG-56
loco,holdout_shanghai2022,CAG-873
loco,holdout_shanghai2022,CHKCI002
loco,holdout_shanghai2022,CL500-29 marine group
loco,holdout_shanghai2022,Caenimonas
loco,holdout_shanghai2022,Candidatus Entotheonella
loco,holdout_shanghai2022,Candidatus Nitrocosmicus
loco,holdout_shanghai2022,Candidatus Nitrososphaera
loco,holdout_shanghai2022,Candidatus Soleaferrea
loco,holdout_shanghai2022,Candidatus Solibacter
loco,holdout_shanghai2022,Candidatus Udaeobacter
loco,holdout_shanghai2022,Castellaniella
loco,holdout_shanghai2022,Catabacter
loco,holdout_shanghai2022,Catenibacillus
loco,holdout_shanghai2022,Catenibacterium
loco,holdout_shanghai2022,Catenisphaera
loco,holdout_shanghai2022,Caulobacter
loco,holdout_shanghai2022,Cellvibrio
loco,holdout_shanghai2022,Chelativorans
loco,holdout_shanghai2022,Chitinophaga
loco,holdout_shanghai2022,Christensenella
loco,holdout_shanghai2022,Christensenellaceae R-7 group
loco,holdout_shanghai2022,Chryseolinea
loco,holdout_shanghai2022,Chthoniobacter
loco,holdout_shanghai2022,Citrifermentans
loco,holdout_shanghai2022,Citrobacter
loco,holdout_shanghai2022,Cloacibacillus
loco,holdout_shanghai2022,Clostridium sensu stricto 1
loco,holdout_shanghai2022,Colidextribacter
loco,holdout_shanghai2022,Collinsella
loco,holdout_shanghai2022,Comamonas
loco,holdout_shanghai2022,Coprobacillus
loco,holdout_shanghai2022,Coprobacter
loco,holdout_shanghai2022,Coprococcus
loco,holdout_shanghai2022,Coriobacteriaceae UCG-003
loco,holdout_shanghai2022,Corynebacterium
loco,holdout_shanghai2022,Cutibacterium
loco,holdout_shanghai2022,DTU089
loco,holdout_shanghai2022,Dactylosporangium
loco,holdout_shanghai2022,Defluviitaleaceae UCG-011
loco,holdout_shanghai2022,Desulfovibrio
loco,holdout_shanghai2022,Dethiobacter
loco,holdout_shanghai2022,Dialister
loco,holdout_shanghai2022,Diaphorobacter
loco,holdout_shanghai2022,Dielma
loco,holdout_shanghai2022,Dinghuibacter
loco,holdout_shanghai2022,Dokdonella
loco,holdout_shanghai2022,Dongia
loco,holdout_shanghai2022,Dorea
loco,holdout_shanghai2022,Edaphobaculum
loco,holdout_shanghai2022,Eggerthella
loco,holdout_shanghai2022,Eisenbergiella
loco,holdout_shanghai2022,Ellin6055
loco,holdout_shanghai2022,Ellin6067
loco,holdout_shanghai2022,Elusimicrobium
loco,holdout_shanghai2022,Enterobacter
loco,holdout_shanghai2022,Enterococcus
loco,holdout_shanghai2022,Enterorhabdus
loco,holdout_shanghai2022,Enteroscipio
loco,holdout_shanghai2022,Erysipelatoclostridium
loco,holdout_shanghai2022,Erysipelotrichaceae UCG-003
loco,holdout_shanghai2022,Erysipelotrichaceae UCG-006
loco,holdout_shanghai2022,Escherichia-Shigella
loco,holdout_shanghai2022,Eubacterium
loco,holdout_shanghai2022,Eubacterium brachy group
loco,holdout_shanghai2022,Eubacterium eligens group
loco,holdout_shanghai2022,Eubacterium hallii group
loco,holdout_shanghai2022,Eubacterium oxidoreducens group
loco,holdout_shanghai2022,Eubacterium ventriosum group
loco,holdout_shanghai2022,Ezakiella
loco,holdout_shanghai2022,Faecalibacterium
loco,holdout_shanghai2022,Faecalibaculum
loco,holdout_shanghai2022,Faecalitalea
loco,holdout_shanghai2022,Family XIII AD3011 group
loco,holdout_shanghai2022,Family XIII UCG-001
loco,holdout_shanghai2022,Fenollaria
loco,holdout_shanghai2022,Ferruginibacter
loco,holdout_shanghai2022,Finegoldia
loco,holdout_shanghai2022,Flavisolibacter
loco,holdout_shanghai2022,Flavitalea
loco,holdout_shanghai2022,Flavobacterium
loco,holdout_shanghai2022,Flavonifractor
loco,holdout_shanghai2022,Fluviicola
loco,holdout_shanghai2022,Fournierella
loco,holdout_shanghai2022,Frisingicoccus
loco,holdout_shanghai2022,Fusicatenibacter
loco,holdout_shanghai2022,Fusobacterium
loco,holdout_shanghai2022,GCA-900066575
loco,holdout_shanghai2022,GCA-900066755
loco,holdout_shanghai2022,Gaiella
loco,holdout_shanghai2022,Gemella
loco,holdout_shanghai2022,Gemmatimonas
loco,holdout_shanghai2022,Gordonibacter
loco,holdout_shanghai2022,Granulicatella
loco,holdout_shanghai2022,HT002
loco,holdout_shanghai2022,Haemophilus
loco,holdout_shanghai2022,Haliangium
loco,holdout_shanghai2022,Halomonas
loco,holdout_shanghai2022,Harryflintia
loco,holdout_shanghai2022,Hassallia
loco,holdout_shanghai2022,Helicobacter
loco,holdout_shanghai2022,Hirschia
loco,holdout_shanghai2022,Holdemanella
loco,holdout_shanghai2022,Holdemania
loco,holdout_shanghai2022,Howardella
loco,holdout_shanghai2022,Hungatella
loco,holdout_shanghai2022,Hyphomicrobium
loco,holdout_shanghai2022,IS-44
loco,holdout_shanghai2022,Iamia
loco,holdout_shanghai2022,Ilumatobacter
loco,holdout_shanghai2022,Incertae Sedis
loco,holdout_shanghai2022,Intestinibacter
loco,holdout_shanghai2022,Intestinimonas
loco,holdout_shanghai2022,JGI 0001001-H03
loco,holdout_shanghai2022,Klebsiella
loco,holdout_shanghai2022,Kribbella
loco,holdout_shanghai2022,Lachnoclostridium
loco,holdout_shanghai2022,Lachnospira
loco,holdout_shanghai2022,Lachnospiraceae FCS020 group
loco,holdout_shanghai2022,Lachnospiraceae NC2004 group
loco,holdout_shanghai2022,Lachnospiraceae ND3007 group
loco,holdout_shanghai2022,Lachnospiraceae NK3A20 group
loco,holdout_shanghai2022,Lachnospiraceae NK4A136 group
loco,holdout_shanghai2022,Lachnospiraceae UCG-001
loco,holdout_shanghai2022,Lachnospiraceae UCG-003
loco,holdout_shanghai2022,Lachnospiraceae UCG-004
loco,holdout_shanghai2022,Lachnospiraceae UCG-006
loco,holdout_shanghai2022,Lachnospiraceae UCG-010
loco,holdout_shanghai2022,Lacibacter
loco,holdout_shanghai2022,Lacticaseibacillus
loco,holdout_shanghai2022,Lactiplantibacillus
loco,holdout_shanghai2022,Lactobacillus
loco,holdout_shanghai2022,Lactococcus
loco,holdout_shanghai2022,Lactonifactor
loco,holdout_shanghai2022,Lacunisphaera
loco,holdout_shanghai2022,Latilactobacillus
loco,holdout_shanghai2022,Lechevalieria
loco,holdout_shanghai2022,Leuconostoc
loco,holdout_shanghai2022,Levilactobacillus
loco,holdout_shanghai2022,Libanicoccus
loco,holdout_shanghai2022,Ligilactobacillus
loco,holdout_shanghai2022,Limosilactobacillus
loco,holdout_shanghai2022,Longimicrobium
loco,holdout_shanghai2022,Luedemannella
loco,holdout_shanghai2022,Luteolibacter
loco,holdout_shanghai2022,Lysinibacillus
loco,holdout_shanghai2022,Lysobacter
loco,holdout_shanghai2022,MND1
loco,holdout_shanghai2022,Marmoricola
loco,holdout_shanghai2022,Marvinbryantia
loco,holdout_shanghai2022,Massilia
loco,holdout_shanghai2022,Megamonas
loco,holdout_shanghai2022,Megasphaera
loco,holdout_shanghai2022,Merdibacter
loco,holdout_shanghai2022,Mesorhizobium
loco,holdout_shanghai2022,Methanobrevibacter
loco,holdout_shanghai2022,Methylobacterium-Methylorubrum
loco,holdout_shanghai2022,Methyloceanibacter
loco,holdout_shanghai2022,Methylotenera
loco,holdout_shanghai2022,Microbacterium
loco,holdout_shanghai2022,Microlunatus
loco,holdout_shanghai2022,Microvirga
loco,holdout_shanghai2022,Mitsuokella
loco,holdout_shanghai2022,Mogibacterium
loco,holdout_shanghai2022,Monoglobus
loco,holdout_shanghai2022,Muribaculum
loco,holdout_shanghai2022,Mycobacterium
loco,holdout_shanghai2022,NK4A214 group
loco,holdout_shanghai2022,Nannocystis
loco,holdout_shanghai2022,Negativibacillus
loco,holdout_shanghai2022,Nesterenkonia
loco,holdout_shanghai2022,Niastella
loco,holdout_shanghai2022,Nitrolancea
loco,holdout_shanghai2022,Nitrosococcus
loco,holdout_shanghai2022,Nitrosospira
loco,holdout_shanghai2022,Nitrospira
loco,holdout_shanghai2022,Nocardioides
loco,holdout_shanghai2022,Nonomuraea
loco,holdout_shanghai2022,Nordella
loco,holdout_shanghai2022,OLB17
loco,holdout_shanghai2022,OM27 clade
loco,holdout_shanghai2022,Oceanicaulis
loco,holdout_shanghai2022,Odoribacter
loco,holdout_shanghai2022,Ohtaekwangia
loco,holdout_shanghai2022,Olsenella
loco,holdout_shanghai2022,Opitutus
loco,holdout_shanghai2022,Oribacterium
loco,holdout_shanghai2022,Oscillibacter
loco,holdout_shanghai2022,Oscillospira
loco,holdout_shanghai2022,Oxalobacter
loco,holdout_shanghai2022,P3OB-42
loco,holdout_shanghai2022,Paenibacillus
loco,holdout_shanghai2022,Paeniclostridium
loco,holdout_shanghai2022,Paenisporosarcina
loco,holdout_shanghai2022,Pajaroellobacter
loco,holdout_shanghai2022,Paludicola
loco,holdout_shanghai2022,Papillibacter
loco,holdout_shanghai2022,Parabacteroides
loco,holdout_shanghai2022,Paracoccus
loco,holdout_shanghai2022,Paraprevotella
loco,holdout_shanghai2022,Parapusillimonas
loco,holdout_shanghai2022,Parasutterella
loco,holdout_shanghai2022,Parvimonas
loco,holdout_shanghai2022,Pedobacter
loco,holdout_shanghai2022,Pedomicrobium
loco,holdout_shanghai2022,Pelagibacterium
loco,holdout_shanghai2022,Peptococcus
loco,holdout_shanghai2022,Peptoniphilus
loco,holdout_shanghai2022,Peptostreptococcus
loco,holdout_shanghai2022,Peredibacter
loco,holdout_shanghai2022,Phascolarctobacterium
loco,holdout_shanghai2022,Phaselicystis
loco,holdout_shanghai2022,Phenylobacterium
loco,holdout_shanghai2022,Phocea
loco,holdout_shanghai2022,Polaromonas
loco,holdout_shanghai2022,Polyangium
loco,holdout_shanghai2022,Polycyclovorans
loco,holdout_shanghai2022,Pontibacter
loco,holdout_shanghai2022,Porphyromonas
loco,holdout_shanghai2022,Prevotella
loco,holdout_shanghai2022,Prevotella_7
loco,holdout_shanghai2022,Prevotella_9
loco,holdout_shanghai2022,Prevotellaceae NK3B31 group
loco,holdout_shanghai2022,Prevotellaceae UCG-001
loco,holdout_shanghai2022,Prevotellaceae UCG-003
loco,holdout_shanghai2022,Pseudenhygromyxa
loco,holdout_shanghai2022,Pseudoduganella
loco,holdout_shanghai2022,Pseudoflavonifractor
loco,holdout_shanghai2022,Pseudolabrys
loco,holdout_shanghai2022,Pseudomonas
loco,holdout_shanghai2022,Pseudonocardia
loco,holdout_shanghai2022,Pseudorhodoplanes
loco,holdout_shanghai2022,Pseudoxanthomonas
loco,holdout_shanghai2022,Psychrobacillus
loco,holdout_shanghai2022,Puia
loco,holdout_shanghai2022,Pyramidobacter
loco,holdout_shanghai2022,RB41
loco,holdout_shanghai2022,Ramlibacter
loco,holdout_shanghai2022,Raoultibacter
loco,holdout_shanghai2022,Reyranella
loco,holdout_shanghai2022,Rhizobacter
loco,holdout_shanghai2022,Rhizocola
loco,holdout_shanghai2022,Rhodococcus
loco,holdout_shanghai2022,Rhodomicrobium
loco,holdout_shanghai2022,Rhodoplanes
loco,holdout_shanghai2022,Rikenellaceae RC9 gut group
loco,holdout_shanghai2022,Romboutsia
loco,holdout_shanghai2022,Roseburia
loco,holdout_shanghai2022,Rothia
loco,holdout_shanghai2022,Rubrobacter
loco,holdout_shanghai2022,Ruminococcus
loco,holdout_shanghai2022,Ruminococcus gnavus group
loco,holdout_shanghai2022,Ruminococcus torques group
loco,holdout_shanghai2022,SWB02
loco,holdout_shanghai2022,Salipaludibacillus
loco,holdout_shanghai2022,Salmonella
loco,holdout_shanghai2022,Sandaracinus
loco,holdout_shanghai2022,Sanguibacteroides
loco,holdout_shanghai2022,Sarcina
loco,holdout_shanghai2022,Sellimonas
loco,holdout_shanghai2022,Senegalimassilia
loco,holdout_shanghai2022,Serratia
loco,holdout_shanghai2022,Shuttleworthia
loco,holdout_shanghai2022,Skermanella
loco,holdout_shanghai2022,Slackia
loco,holdout_shanghai2022,Sneathia
loco,holdout_shanghai2022,Solirubrobacter
loco,holdout_shanghai2022,Solitalea
loco,holdout_shanghai2022,Solobacterium
loco,holdout_shanghai2022,Sphingomonas
loco,holdout_shanghai2022,Sporosarcina
loco,holdout_shanghai2022,Staphylococcus
loco,holdout_shanghai2022,Stenotrophobacter
loco,holdout_shanghai2022,Steroidobacter
loco,holdout_shanghai2022,Streptococcus
loco,holdout_shanghai2022,Streptomyces
loco,holdout_shanghai2022,Subdoligranulum
loco,holdout_shanghai2022,Subgroup 10
loco,holdout_shanghai2022,Succinivibrio
loco,holdout_shanghai2022,Sulfurifustis
loco,holdout_shanghai2022,Sumerlaea
loco,holdout_shanghai2022,Sutterella
loco,holdout_shanghai2022,TM7x
loco,holdout_shanghai2022,Taibaiella
loco,holdout_shanghai2022,Terrimonas
loco,holdout_shanghai2022,Terrisporobacter
loco,holdout_shanghai2022,Thermus
loco,holdout_shanghai2022,Truepera
loco,holdout_shanghai2022,Tumebacillus
loco,holdout_shanghai2022,Turicibacter
loco,holdout_shanghai2022,Tuzzerella
loco,holdout_shanghai2022,Tyzzerella
loco,holdout_shanghai2022,UBA1819
loco,holdout_shanghai2022,UC5-1-2E3
loco,holdout_shanghai2022,UCG-002
loco,holdout_shanghai2022,UCG-003
loco,holdout_shanghai2022,UCG-004
loco,holdout_shanghai2022,UCG-005
loco,holdout_shanghai2022,UCG-007
loco,holdout_shanghai2022,UCG-009
loco,holdout_shanghai2022,UTCFX1
loco,holdout_shanghai2022,V9D2013 group
loco,holdout_shanghai2022,Veillonella
loco,holdout_shanghai2022,Vicinamibacter
loco,holdout_shanghai2022,Victivallis
loco,holdout_shanghai2022,Virgisporangium
loco,holdout_shanghai2022,Weissella
loco,holdout_shanghai2022,Woeseia
loco,holdout_shanghai2022,YC-ZSS-LKJ147
loco,holdout_shanghai2022,Z20
loco,holdout_shanghai2022,[Bacteroides] pectinophilus group
loco,holdout_shanghai2022,[Clostridium] innocuum group
loco,holdout_shanghai2022,[Eubacterium] fissicatena group
loco,holdout_shanghai2022,[Eubacterium] nodatum group
loco,holdout_shanghai2022,[Eubacterium] ruminantium group
loco,holdout_shanghai2022,[Eubacterium] siraeum group
loco,holdout_shanghai2022,[Eubacterium] tenue group
loco,holdout_shanghai2022,[Eubacterium] xylanophilum group
loco,holdout_shanghai2022,[Ruminococcus] gauvreauii group
loco,holdout_shanghai2022,mle1-7
loco,holdout_shanghai2022,wb1-A12
loco,holdout_shanghai2022,wb1-P19
loco,holdout_kazakhstan2022,Acidaminococcus
loco,holdout_kazakhstan2022,Acinetobacter
loco,holdout_kazakhstan2022,Actinomyces
loco,holdout_kazakhstan2022,Adlercreutzia
loco,holdout_kazakhstan2022,Agathobacter
loco,holdout_kazakhstan2022,Akkermansia
loco,holdout_kazakhstan2022,Aliihoeflea
loco,holdout_kazakhstan2022,Alistipes
loco,holdout_kazakhstan2022,Allisonella
loco,holdout_kazakhstan2022,Anaerostipes
loco,holdout_kazakhstan2022,Anaerotruncus
loco,holdout_kazakhstan2022,Atopobium
loco,holdout_kazakhstan2022,Bacteroides
loco,holdout_kazakhstan2022,Barnesiella
loco,holdout_kazakhstan2022,Bifidobacterium
loco,holdout_kazakhstan2022,Bilophila
loco,holdout_kazakhstan2022,Blautia
loco,holdout_kazakhstan2022,Butyricicoccus
loco,holdout_kazakhstan2022,Butyricimonas
loco,holdout_kazakhstan2022,CAG-352
loco,holdout_kazakhstan2022,CAG-56
loco,holdout_kazakhstan2022,Candidatus Soleaferrea
loco,holdout_kazakhstan2022,Catabacter
loco,holdout_kazakhstan2022,Chelativorans
loco,holdout_kazakhstan2022,Christensenella
loco,holdout_kazakhstan2022,Christensenellaceae R-7 group
loco,holdout_kazakhstan2022,Citrobacter
loco,holdout_kazakhstan2022,Clostridium sensu stricto 1
loco,holdout_kazakhstan2022,Colidextribacter
loco,holdout_kazakhstan2022,Collinsella
loco,holdout_kazakhstan2022,Coprobacillus
loco,holdout_kazakhstan2022,Coprococcus
loco,holdout_kazakhstan2022,Corynebacterium
loco,holdout_kazakhstan2022,DTU089
loco,holdout_kazakhstan2022,Defluviitaleaceae UCG-011
loco,holdout_kazakhstan2022,Desulfovibrio
loco,holdout_kazakhstan2022,Dialister
loco,holdout_kazakhstan2022,Dorea
loco,holdout_kazakhstan2022,Eggerthella
loco,holdout_kazakhstan2022,Eisenbergiella
loco,holdout_kazakhstan2022,Enterobacter
loco,holdout_kazakhstan2022,Enterococcus
loco,holdout_kazakhstan2022,Erysipelatoclostridium
loco,holdout_kazakhstan2022,Erysipelotrichaceae UCG-003
loco,holdout_kazakhstan2022,Escherichia-Shigella
loco,holdout_kazakhstan2022,Eubacterium
loco,holdout_kazakhstan2022,Eubacterium brachy group
loco,holdout_kazakhstan2022,Eubacterium eligens group
loco,holdout_kazakhstan2022,Eubacterium hallii group
loco,holdout_kazakhstan2022,Eubacterium ventriosum group
loco,holdout_kazakhstan2022,Faecalibacterium
loco,holdout_kazakhstan2022,Faecalitalea
loco,holdout_kazakhstan2022,Family XIII AD3011 group
loco,holdout_kazakhstan2022,Family XIII UCG-001
loco,holdout_kazakhstan2022,Flavonifractor
loco,holdout_kazakhstan2022,Frisingicoccus
loco,holdout_kazakhstan2022,Fusicatenibacter
loco,holdout_kazakhstan2022,Fusobacterium
loco,holdout_kazakhstan2022,GCA-900066575
loco,holdout_kazakhstan2022,Gemella
loco,holdout_kazakhstan2022,Gordonibacter
loco,holdout_kazakhstan2022,Granulicatella
loco,holdout_kazakhstan2022,HT002
loco,holdout_kazakhstan2022,Haemophilus
loco,holdout_kazakhstan2022,Halomonas
loco,holdout_kazakhstan2022,Holdemanella
loco,holdout_kazakhstan2022,Holdemania
loco,holdout_kazakhstan2022,Hungatella
loco,holdout_kazakhstan2022,Incertae Sedis
loco,holdout_kazakhstan2022,Intestinibacter
loco,holdout_kazakhstan2022,Intestinimonas
loco,holdout_kazakhstan2022,Klebsiella
loco,holdout_kazakhstan2022,Lachnoclostridium
loco,holdout_kazakhstan2022,Lachnospira
loco,holdout_kazakhstan2022,Lachnospiraceae FCS020 group
loco,holdout_kazakhstan2022,Lachnospiraceae ND3007 group
loco,holdout_kazakhstan2022,Lachnospiraceae NK4A136 group
loco,holdout_kazakhstan2022,Lachnospiraceae UCG-001
loco,holdout_kazakhstan2022,Lachnospiraceae UCG-004
loco,holdout_kazakhstan2022,Lachnospiraceae UCG-010
loco,holdout_kazakhstan2022,Lactobacillus
loco,holdout_kazakhstan2022,Lactococcus
loco,holdout_kazakhstan2022,Lactonifactor
loco,holdout_kazakhstan2022,Leuconostoc
loco,holdout_kazakhstan2022,Ligilactobacillus
loco,holdout_kazakhstan2022,Limosilactobacillus
loco,holdout_kazakhstan2022,Marvinbryantia
loco,holdout_kazakhstan2022,Massilia
loco,holdout_kazakhstan2022,Megamonas
loco,holdout_kazakhstan2022,Megasphaera
loco,holdout_kazakhstan2022,Methanobrevibacter
loco,holdout_kazakhstan2022,Methylobacterium-Methylorubrum
loco,holdout_kazakhstan2022,Mogibacterium
loco,holdout_kazakhstan2022,Monoglobus
loco,holdout_kazakhstan2022,NK4A214 group
loco,holdout_kazakhstan2022,Negativibacillus
loco,holdout_kazakhstan2022,Nesterenkonia
loco,holdout_kazakhstan2022,Oceanicaulis
loco,holdout_kazakhstan2022,Odoribacter
loco,holdout_kazakhstan2022,Olsenella
loco,holdout_kazakhstan2022,Oscillibacter
loco,holdout_kazakhstan2022,Oxalobacter
loco,holdout_kazakhstan2022,Paludicola
loco,holdout_kazakhstan2022,Parabacteroides
loco,holdout_kazakhstan2022,Paracoccus
loco,holdout_kazakhstan2022,Paraprevotella
loco,holdout_kazakhstan2022,Parasutterella
loco,holdout_kazakhstan2022,Pelagibacterium
loco,holdout_kazakhstan2022,Peptoniphilus
loco,holdout_kazakhstan2022,Peptostreptococcus
loco,holdout_kazakhstan2022,Phascolarctobacterium
loco,holdout_kazakhstan2022,Phocea
loco,holdout_kazakhstan2022,Porphyromonas
loco,holdout_kazakhstan2022,Prevotella
loco,holdout_kazakhstan2022,Prevotella_9
loco,holdout_kazakhstan2022,Pseudomonas
loco,holdout_kazakhstan2022,Pyramidobacter
loco,holdout_kazakhstan2022,Raoultibacter
loco,holdout_kazakhstan2022,Rhodococcus
loco,holdout_kazakhstan2022,Romboutsia
loco,holdout_kazakhstan2022,Roseburia
loco,holdout_kazakhstan2022,Rothia
loco,holdout_kazakhstan2022,Ruminococcus
loco,holdout_kazakhstan2022,Ruminococcus gnavus group
loco,holdout_kazakhstan2022,Ruminococcus torques group
loco,holdout_kazakhstan2022,Sellimonas
loco,holdout_kazakhstan2022,Solobacterium
loco,holdout_kazakhstan2022,Streptococcus
loco,holdout_kazakhstan2022,Subdoligranulum
loco,holdout_kazakhstan2022,Sutterella
loco,holdout_kazakhstan2022,TM7x
loco,holdout_kazakhstan2022,Terrisporobacter
loco,holdout_kazakhstan2022,Thermus
loco,holdout_kazakhstan2022,Turicibacter
loco,holdout_kazakhstan2022,Tuzzerella
loco,holdout_kazakhstan2022,Tyzzerella
loco,holdout_kazakhstan2022,UBA1819
loco,holdout_kazakhstan2022,UCG-002
loco,holdout_kazakhstan2022,UCG-003
loco,holdout_kazakhstan2022,UCG-005
loco,holdout_kazakhstan2022,UCG-009
loco,holdout_kazakhstan2022,Veillonella
loco,holdout_kazakhstan2022,Weissella
loco,holdout_kazakhstan2022,[Clostridium] innocuum group
loco,holdout_kazakhstan2022,[Eubacterium] fissicatena group
loco,holdout_kazakhstan2022,[Eubacterium] nodatum group
loco,holdout_kazakhstan2022,[Eubacterium] ruminantium group
loco,holdout_kazakhstan2022,[Eubacterium] siraeum group
loco,holdout_kazakhstan2022,[Eubacterium] xylanophilum group
loco,holdout_kazakhstan2022,[Ruminococcus] gauvreauii group
pairwise,train_zhuang2018,Acinetobacter
pairwise,train_zhuang2018,Actinomyces
pairwise,train_zhuang2018,Adlercreutzia
pairwise,train_zhuang2018,Agathobacter
pairwise,train_zhuang2018,Akkermansia
pairwise,train_zhuang2018,Alistipes
pairwise,train_zhuang2018,Allisonella
pairwise,train_zhuang2018,Anaerostipes
pairwise,train_zhuang2018,Anaerotruncus
pairwise,train_zhuang2018,Atopobium
pairwise,train_zhuang2018,Bacteroides
pairwise,train_zhuang2018,Barnesiella
pairwise,train_zhuang2018,Bifidobacterium
pairwise,train_zhuang2018,Bilophila
pairwise,train_zhuang2018,Blautia
pairwise,train_zhuang2018,Butyricicoccus
pairwise,train_zhuang2018,Butyricimonas
pairwise,train_zhuang2018,CAG-352
pairwise,train_zhuang2018,CAG-56
pairwise,train_zhuang2018,Candidatus Soleaferrea
pairwise,train_zhuang2018,Catabacter
pairwise,train_zhuang2018,Christensenella
pairwise,train_zhuang2018,Christensenellaceae R-7 group
pairwise,train_zhuang2018,Clostridium sensu stricto 1
pairwise,train_zhuang2018,Colidextribacter
pairwise,train_zhuang2018,Collinsella
pairwise,train_zhuang2018,Coprobacillus
pairwise,train_zhuang2018,Coprococcus
pairwise,train_zhuang2018,Corynebacterium
pairwise,train_zhuang2018,DTU089
pairwise,train_zhuang2018,Defluviitaleaceae UCG-011
pairwise,train_zhuang2018,Desulfovibrio
pairwise,train_zhuang2018,Dialister
pairwise,train_zhuang2018,Dorea
pairwise,train_zhuang2018,Eggerthella
pairwise,train_zhuang2018,Eisenbergiella
pairwise,train_zhuang2018,Enterobacter
pairwise,train_zhuang2018,Enterococcus
pairwise,train_zhuang2018,Erysipelatoclostridium
pairwise,train_zhuang2018,Erysipelotrichaceae UCG-003
pairwise,train_zhuang2018,Escherichia-Shigella
pairwise,train_zhuang2018,Eubacterium
pairwise,train_zhuang2018,Eubacterium brachy group
pairwise,train_zhuang2018,Eubacterium eligens group
pairwise,train_zhuang2018,Eubacterium hallii group
pairwise,train_zhuang2018,Eubacterium ventriosum group
pairwise,train_zhuang2018,Faecalibacterium
pairwise,train_zhuang2018,Faecalitalea
pairwise,train_zhuang2018,Family XIII AD3011 group
pairwise,train_zhuang2018,Family XIII UCG-001
pairwise,train_zhuang2018,Flavonifractor
pairwise,train_zhuang2018,Fusicatenibacter
pairwise,train_zhuang2018,Fusobacterium
pairwise,train_zhuang2018,GCA-900066575
pairwise,train_zhuang2018,Gemella
pairwise,train_zhuang2018,Gordonibacter
pairwise,train_zhuang2018,Granulicatella
pairwise,train_zhuang2018,HT002
pairwise,train_zhuang2018,Haemophilus
pairwise,train_zhuang2018,Holdemanella
pairwise,train_zhuang2018,Holdemania
pairwise,train_zhuang2018,Hungatella
pairwise,train_zhuang2018,Incertae Sedis
pairwise,train_zhuang2018,Intestinibacter
pairwise,train_zhuang2018,Intestinimonas
pairwise,train_zhuang2018,Klebsiella
pairwise,train_zhuang2018,Lachnoclostridium
pairwise,train_zhuang2018,Lachnospira
pairwise,train_zhuang2018,Lachnospiraceae FCS020 group
pairwise,train_zhuang2018,Lachnospiraceae ND3007 group
pairwise,train_zhuang2018,Lachnospiraceae NK4A136 group
pairwise,train_zhuang2018,Lachnospiraceae UCG-001
pairwise,train_zhuang2018,Lachnospiraceae UCG-004
pairwise,train_zhuang2018,Lachnospiraceae UCG-010
pairwise,train_zhuang2018,Lactobacillus
pairwise,train_zhuang2018,Lactococcus
pairwise,train_zhuang2018,Ligilactobacillus
pairwise,train_zhuang2018,Limosilactobacillus
pairwise,train_zhuang2018,Marvinbryantia
pairwise,train_zhuang2018,Massilia
pairwise,train_zhuang2018,Megamonas
pairwise,train_zhuang2018,Megasphaera
pairwise,train_zhuang2018,Methylobacterium-Methylorubrum
pairwise,train_zhuang2018,Monoglobus
pairwise,train_zhuang2018,NK4A214 group
pairwise,train_zhuang2018,Negativibacillus
pairwise,train_zhuang2018,Odoribacter
pairwise,train_zhuang2018,Oscillibacter
pairwise,train_zhuang2018,Paludicola
pairwise,train_zhuang2018,Parabacteroides
pairwise,train_zhuang2018,Paracoccus
pairwise,train_zhuang2018,Paraprevotella
pairwise,train_zhuang2018,Parasutterella
pairwise,train_zhuang2018,Peptostreptococcus
pairwise,train_zhuang2018,Phascolarctobacterium
pairwise,train_zhuang2018,Phocea
pairwise,train_zhuang2018,Prevotella
pairwise,train_zhuang2018,Prevotella_9
pairwise,train_zhuang2018,Pseudomonas
pairwise,train_zhuang2018,Raoultibacter
pairwise,train_zhuang2018,Rhodococcus
pairwise,train_zhuang2018,Romboutsia
pairwise,train_zhuang2018,Roseburia
pairwise,train_zhuang2018,Rothia
pairwise,train_zhuang2018,Ruminococcus
pairwise,train_zhuang2018,Ruminococcus gnavus group
pairwise,train_zhuang2018,Ruminococcus torques group
pairwise,train_zhuang2018,Sellimonas
pairwise,train_zhuang2018,Solobacterium
pairwise,train_zhuang2018,Streptococcus
pairwise,train_zhuang2018,Subdoligranulum
pairwise,train_zhuang2018,Sutterella
pairwise,train_zhuang2018,TM7x
pairwise,train_zhuang2018,Terrisporobacter
pairwise,train_zhuang2018,Thermus
pairwise,train_zhuang2018,Turicibacter
pairwise,train_zhuang2018,Tyzzerella
pairwise,train_zhuang2018,UBA1819
pairwise,train_zhuang2018,UCG-002
pairwise,train_zhuang2018,UCG-003
pairwise,train_zhuang2018,UCG-005
pairwise,train_zhuang2018,UCG-009
pairwise,train_zhuang2018,Veillonella
pairwise,train_zhuang2018,Weissella
pairwise,train_zhuang2018,[Clostridium] innocuum group
pairwise,train_zhuang2018,[Eubacterium] fissicatena group
pairwise,train_zhuang2018,[Eubacterium] nodatum group
pairwise,train_zhuang2018,[Eubacterium] ruminantium group
pairwise,train_zhuang2018,[Eubacterium] siraeum group
pairwise,train_zhuang2018,[Eubacterium] xylanophilum group
pairwise,train_zhuang2018,[Ruminococcus] gauvreauii group
pairwise,train_ling2020,Acidaminococcus
pairwise,train_ling2020,Actinomyces
pairwise,train_ling2020,Adlercreutzia
pairwise,train_ling2020,Agathobacter
pairwise,train_ling2020,Akkermansia
pairwise,train_ling2020,Alistipes
pairwise,train_ling2020,Allisonella
pairwise,train_ling2020,Anaerostipes
pairwise,train_ling2020,Anaerotruncus
pairwise,train_ling2020,Atopobium
pairwise,train_ling2020,Bacteroides
pairwise,train_ling2020,Barnesiella
pairwise,train_ling2020,Bifidobacterium
pairwise,train_ling2020,Bilophila
pairwise,train_ling2020,Blautia
pairwise,train_ling2020,Butyricicoccus
pairwise,train_ling2020,Butyricimonas
pairwise,train_ling2020,CAG-352
pairwise,train_ling2020,CAG-56
pairwise,train_ling2020,Candidatus Soleaferrea
pairwise,train_ling2020,Catabacter
pairwise,train_ling2020,Chelativorans
pairwise,train_ling2020,Christensenella
pairwise,train_ling2020,Christensenellaceae R-7 group
pairwise,train_ling2020,Citrobacter
pairwise,train_ling2020,Clostridium sensu stricto 1
pairwise,train_ling2020,Colidextribacter
pairwise,train_ling2020,Collinsella
pairwise,train_ling2020,Coprobacillus
pairwise,train_ling2020,Coprococcus
pairwise,train_ling2020,Corynebacterium
pairwise,train_ling2020,DTU089
pairwise,train_ling2020,Defluviitaleaceae UCG-011
pairwise,train_ling2020,Desulfovibrio
pairwise,train_ling2020,Dialister
pairwise,train_ling2020,Dorea
pairwise,train_ling2020,Eggerthella
pairwise,train_ling2020,Eisenbergiella
pairwise,train_ling2020,Enterobacter
pairwise,train_ling2020,Enterococcus
pairwise,train_ling2020,Erysipelatoclostridium
pairwise,train_ling2020,Erysipelotrichaceae UCG-003
pairwise,train_ling2020,Escherichia-Shigella
pairwise,train_ling2020,Eubacterium
pairwise,train_ling2020,Eubacterium eligens group
pairwise,train_ling2020,Eubacterium hallii group
pairwise,train_ling2020,Eubacterium ventriosum group
pairwise,train_ling2020,Faecalibacterium
pairwise,train_ling2020,Faecalitalea
pairwise,train_ling2020,Family XIII AD3011 group
pairwise,train_ling2020,Family XIII UCG-001
pairwise,train_ling2020,Flavonifractor
pairwise,train_ling2020,Fusicatenibacter
pairwise,train_ling2020,Fusobacterium
pairwise,train_ling2020,Gemella
pairwise,train_ling2020,Gordonibacter
pairwise,train_ling2020,Haemophilus
pairwise,train_ling2020,Halomonas
pairwise,train_ling2020,Holdemania
pairwise,train_ling2020,Hungatella
pairwise,train_ling2020,Incertae Sedis
pairwise,train_ling2020,Intestinibacter
pairwise,train_ling2020,Intestinimonas
pairwise,train_ling2020,Klebsiella
pairwise,train_ling2020,Lachnoclostridium
pairwise,train_ling2020,Lachnospira
pairwise,train_ling2020,Lachnospiraceae FCS020 group
pairwise,train_ling2020,Lachnospiraceae ND3007 group
pairwise,train_ling2020,Lachnospiraceae NK4A136 group
pairwise,train_ling2020,Lachnospiraceae UCG-001
pairwise,train_ling2020,Lachnospiraceae UCG-004
pairwise,train_ling2020,Lachnospiraceae UCG-010
pairwise,train_ling2020,Lactobacillus
pairwise,train_ling2020,Lactonifactor
pairwise,train_ling2020,Leuconostoc
pairwise,train_ling2020,Ligilactobacillus
pairwise,train_ling2020,Limosilactobacillus
pairwise,train_ling2020,Marvinbryantia
pairwise,train_ling2020,Megamonas
pairwise,train_ling2020,Megasphaera
pairwise,train_ling2020,Methanobrevibacter
pairwise,train_ling2020,Monoglobus
pairwise,train_ling2020,NK4A214 group
pairwise,train_ling2020,Negativibacillus
pairwise,train_ling2020,Nesterenkonia
pairwise,train_ling2020,Oceanicaulis
pairwise,train_ling2020,Odoribacter
pairwise,train_ling2020,Olsenella
pairwise,train_ling2020,Oscillibacter
pairwise,train_ling2020,Paludicola
pairwise,train_ling2020,Parabacteroides
pairwise,train_ling2020,Paraprevotella
pairwise,train_ling2020,Parasutterella
pairwise,train_ling2020,Pelagibacterium
pairwise,train_ling2020,Peptoniphilus
pairwise,train_ling2020,Phascolarctobacterium
pairwise,train_ling2020,Porphyromonas
pairwise,train_ling2020,Prevotella
pairwise,train_ling2020,Prevotella_9
pairwise,train_ling2020,Raoultibacter
pairwise,train_ling2020,Romboutsia
pairwise,train_ling2020,Roseburia
pairwise,train_ling2020,Rothia
pairwise,train_ling2020,Ruminococcus
pairwise,train_ling2020,Ruminococcus gnavus group
pairwise,train_ling2020,Ruminococcus torques group
pairwise,train_ling2020,Sellimonas
pairwise,train_ling2020,Solobacterium
pairwise,train_ling2020,Streptococcus
pairwise,train_ling2020,Subdoligranulum
pairwise,train_ling2020,Sutterella
pairwise,train_ling2020,TM7x
pairwise,train_ling2020,Terrisporobacter
pairwise,train_ling2020,Turicibacter
pairwise,train_ling2020,Tuzzerella
pairwise,train_ling2020,UBA1819
pairwise,train_ling2020,UCG-002
pairwise,train_ling2020,UCG-003
pairwise,train_ling2020,UCG-005
pairwise,train_ling2020,Veillonella
pairwise,train_ling2020,Weissella
pairwise,train_ling2020,[Clostridium] innocuum group
pairwise,train_ling2020,[Eubacterium] fissicatena group
pairwise,train_ling2020,[Eubacterium] nodatum group
pairwise,train_ling2020,[Eubacterium] ruminantium group
pairwise,train_ling2020,[Ruminococcus] gauvreauii group
pairwise,train_shanghai2022,Actinomyces
pairwise,train_shanghai2022,Adlercreutzia
pairwise,train_shanghai2022,Agathobacter
pairwise,train_shanghai2022,Akkermansia
pairwise,train_shanghai2022,Aliihoeflea
pairwise,train_shanghai2022,Alistipes
pairwise,train_shanghai2022,Allisonella
pairwise,train_shanghai2022,Anaerostipes
pairwise,train_shanghai2022,Anaerotruncus
pairwise,train_shanghai2022,Atopobium
pairwise,train_shanghai2022,Bacteroides
pairwise,train_shanghai2022,Barnesiella
pairwise,train_shanghai2022,Bifidobacterium
pairwise,train_shanghai2022,Bilophila
pairwise,train_shanghai2022,Blautia
pairwise,train_shanghai2022,Butyricicoccus
pairwise,train_shanghai2022,Butyricimonas
pairwise,train_shanghai2022,CAG-352
pairwise,train_shanghai2022,CAG-56
pairwise,train_shanghai2022,Catabacter
pairwise,train_shanghai2022,Christensenella
pairwise,train_shanghai2022,Christensenellaceae R-7 group
pairwise,train_shanghai2022,Clostridium sensu stricto 1
pairwise,train_shanghai2022,Colidextribacter
pairwise,train_shanghai2022,Collinsella
pairwise,train_shanghai2022,Coprococcus
pairwise,train_shanghai2022,DTU089
pairwise,train_shanghai2022,Desulfovibrio
pairwise,train_shanghai2022,Dialister
pairwise,train_shanghai2022,Dorea
pairwise,train_shanghai2022,Eggerthella
pairwise,train_shanghai2022,Eisenbergiella
pairwise,train_shanghai2022,Enterobacter
pairwise,train_shanghai2022,Enterococcus
pairwise,train_shanghai2022,Erysipelatoclostridium
pairwise,train_shanghai2022,Erysipelotrichaceae UCG-003
pairwise,train_shanghai2022,Escherichia-Shigella
pairwise,train_shanghai2022,Eubacterium eligens group
pairwise,train_shanghai2022,Eubacterium hallii group
pairwise,train_shanghai2022,Eubacterium ventriosum group
pairwise,train_shanghai2022,Faecalibacterium
pairwise,train_shanghai2022,Faecalitalea
pairwise,train_shanghai2022,Family XIII AD3011 group
pairwise,train_shanghai2022,Family XIII UCG-001
pairwise,train_shanghai2022,Flavonifractor
pairwise,train_shanghai2022,Frisingicoccus
pairwise,train_shanghai2022,Fusicatenibacter
pairwise,train_shanghai2022,Fusobacterium
pairwise,train_shanghai2022,Gemella
pairwise,train_shanghai2022,Gordonibacter
pairwise,train_shanghai2022,Granulicatella
pairwise,train_shanghai2022,Haemophilus
pairwise,train_shanghai2022,Halomonas
pairwise,train_shanghai2022,Holdemania
pairwise,train_shanghai2022,Hungatella
pairwise,train_shanghai2022,Incertae Sedis
pairwise,train_shanghai2022,Intestinibacter
pairwise,train_shanghai2022,Intestinimonas
pairwise,train_shanghai2022,Klebsiella
pairwise,train_shanghai2022,Lachnoclostridium
pairwise,train_shanghai2022,Lachnospira
pairwise,train_shanghai2022,Lachnospiraceae ND3007 group
pairwise,train_shanghai2022,Lachnospiraceae NK4A136 group
pairwise,train_shanghai2022,Lachnospiraceae UCG-001
pairwise,train_shanghai2022,Lachnospiraceae UCG-004
pairwise,train_shanghai2022,Lachnospiraceae UCG-010
pairwise,train_shanghai2022,Lactobacillus
pairwise,train_shanghai2022,Ligilactobacillus
pairwise,train_shanghai2022,Limosilactobacillus
pairwise,train_shanghai2022,Marvinbryantia
pairwise,train_shanghai2022,Megamonas
pairwise,train_shanghai2022,Megasphaera
pairwise,train_shanghai2022,Mogibacterium
pairwise,train_shanghai2022,Monoglobus
pairwise,train_shanghai2022,NK4A214 group
pairwise,train_shanghai2022,Negativibacillus
pairwise,train_shanghai2022,Odoribacter
pairwise,train_shanghai2022,Oscillibacter
pairwise,train_shanghai2022,Oxalobacter
pairwise,train_shanghai2022,Parabacteroides
pairwise,train_shanghai2022,Paraprevotella
pairwise,train_shanghai2022,Parasutterella
pairwise,train_shanghai2022,Pelagibacterium
pairwise,train_shanghai2022,Phascolarctobacterium
pairwise,train_shanghai2022,Phocea
pairwise,train_shanghai2022,Prevotella
pairwise,train_shanghai2022,Prevotella_9
pairwise,train_shanghai2022,Pseudomonas
pairwise,train_shanghai2022,Pyramidobacter
pairwise,train_shanghai2022,Romboutsia
pairwise,train_shanghai2022,Roseburia
pairwise,train_shanghai2022,Rothia
pairwise,train_shanghai2022,Ruminococcus
pairwise,train_shanghai2022,Ruminococcus gnavus group
pairwise,train_shanghai2022,Ruminococcus torques group
pairwise,train_shanghai2022,Solobacterium
pairwise,train_shanghai2022,Streptococcus
pairwise,train_shanghai2022,Subdoligranulum
pairwise,train_shanghai2022,Sutterella
pairwise,train_shanghai2022,TM7x
pairwise,train_shanghai2022,Terrisporobacter
pairwise,train_shanghai2022,Turicibacter
pairwise,train_shanghai2022,Tyzzerella
pairwise,train_shanghai2022,UBA1819
pairwise,train_shanghai2022,UCG-002
pairwise,train_shanghai2022,UCG-003
pairwise,train_shanghai2022,UCG-005
pairwise,train_shanghai2022,Veillonella
pairwise,train_shanghai2022,[Clostridium] innocuum group
pairwise,train_shanghai2022,[Eubacterium] fissicatena group
pairwise,train_shanghai2022,[Eubacterium] nodatum group
pairwise,train_shanghai2022,[Eubacterium] ruminantium group
pairwise,train_shanghai2022,[Eubacterium] siraeum group
pairwise,train_shanghai2022,[Eubacterium] xylanophilum group
pairwise,train_shanghai2022,[Ruminococcus] gauvreauii group
pairwise,train_kazakhstan2022,ADurb.Bin063-1
pairwise,train_kazakhstan2022,Acidaminococcus
pairwise,train_kazakhstan2022,Acidibacter
pairwise,train_kazakhstan2022,Acinetobacter
pairwise,train_kazakhstan2022,Actinocorallia
pairwise,train_kazakhstan2022,Actinomyces
pairwise,train_kazakhstan2022,Adhaeribacter
pairwise,train_kazakhstan2022,Adlercreutzia
pairwise,train_kazakhstan2022,Aeromicrobium
pairwise,train_kazakhstan2022,Aeromonas
pairwise,train_kazakhstan2022,Agathobacter
pairwise,train_kazakhstan2022,Agromyces
pairwise,train_kazakhstan2022,Ahniella
pairwise,train_kazakhstan2022,Akkermansia
pairwise,train_kazakhstan2022,Alistipes
pairwise,train_kazakhstan2022,Alkalicoccus
pairwise,train_kazakhstan2022,Allisonella
pairwise,train_kazakhstan2022,Alloprevotella
pairwise,train_kazakhstan2022,Allorhizobium-Neorhizobium-Pararhizobium-Rhizobium
pairwise,train_kazakhstan2022,Altererythrobacter
pairwise,train_kazakhstan2022,Ammoniphilus
pairwise,train_kazakhstan2022,Anaerobacillus
pairwise,train_kazakhstan2022,Anaerococcus
pairwise,train_kazakhstan2022,Anaerofilum
pairwise,train_kazakhstan2022,Anaerofustis
pairwise,train_kazakhstan2022,Anaerostipes
pairwise,train_kazakhstan2022,Anaerotruncus
pairwise,train_kazakhstan2022,Angelakisella
pairwise,train_kazakhstan2022,Aquicella
pairwise,train_kazakhstan2022,Archangium
pairwise,train_kazakhstan2022,Arenimonas
pairwise,train_kazakhstan2022,Aridibacter
pairwise,train_kazakhstan2022,Asteroleplasma
pairwise,train_kazakhstan2022,Atopobium
pairwise,train_kazakhstan2022,Azoarcus
pairwise,train_kazakhstan2022,BD1-7 clade
pairwise,train_kazakhstan2022,BIyi10
pairwise,train_kazakhstan2022,Bacillus
pairwise,train_kazakhstan2022,Bacteroides
pairwise,train_kazakhstan2022,Barnesiella
pairwise,train_kazakhstan2022,Bauldia
pairwise,train_kazakhstan2022,Bdellovibrio
pairwise,train_kazakhstan2022,Bifidobacterium
pairwise,train_kazakhstan2022,Bilophila
pairwise,train_kazakhstan2022,Blastococcus
pairwise,train_kazakhstan2022,Blautia
pairwise,train_kazakhstan2022,Brevundimonas
pairwise,train_kazakhstan2022,Bryobacter
pairwise,train_kazakhstan2022,Butyricicoccus
pairwise,train_kazakhstan2022,Butyricimonas
pairwise,train_kazakhstan2022,CAG-352
pairwise,train_kazakhstan2022,CAG-56
pairwise,train_kazakhstan2022,CAG-873
pairwise,train_kazakhstan2022,CHKCI002
pairwise,train_kazakhstan2022,CL500-29 marine group
pairwise,train_kazakhstan2022,Caenimonas
pairwise,train_kazakhstan2022,Candidatus Entotheonella
pairwise,train_kazakhstan2022,Candidatus Nitrocosmicus
pairwise,train_kazakhstan2022,Candidatus Nitrososphaera
pairwise,train_kazakhstan2022,Candidatus Soleaferrea
pairwise,train_kazakhstan2022,Candidatus Solibacter
pairwise,train_kazakhstan2022,Candidatus Udaeobacter
pairwise,train_kazakhstan2022,Castellaniella
pairwise,train_kazakhstan2022,Catenibacillus
pairwise,train_kazakhstan2022,Catenibacterium
pairwise,train_kazakhstan2022,Catenisphaera
pairwise,train_kazakhstan2022,Caulobacter
pairwise,train_kazakhstan2022,Cellvibrio
pairwise,train_kazakhstan2022,Chitinophaga
pairwise,train_kazakhstan2022,Christensenella
pairwise,train_kazakhstan2022,Christensenellaceae R-7 group
pairwise,train_kazakhstan2022,Chryseolinea
pairwise,train_kazakhstan2022,Chthoniobacter
pairwise,train_kazakhstan2022,Citrifermentans
pairwise,train_kazakhstan2022,Citrobacter
pairwise,train_kazakhstan2022,Cloacibacillus
pairwise,train_kazakhstan2022,Clostridium sensu stricto 1
pairwise,train_kazakhstan2022,Colidextribacter
pairwise,train_kazakhstan2022,Collinsella
pairwise,train_kazakhstan2022,Comamonas
pairwise,train_kazakhstan2022,Coprobacillus
pairwise,train_kazakhstan2022,Coprobacter
pairwise,train_kazakhstan2022,Coprococcus
pairwise,train_kazakhstan2022,Coriobacteriaceae UCG-003
pairwise,train_kazakhstan2022,Corynebacterium
pairwise,train_kazakhstan2022,Cutibacterium
pairwise,train_kazakhstan2022,DTU089
pairwise,train_kazakhstan2022,Dactylosporangium
pairwise,train_kazakhstan2022,Defluviitaleaceae UCG-011
pairwise,train_kazakhstan2022,Desulfovibrio
pairwise,train_kazakhstan2022,Dethiobacter
pairwise,train_kazakhstan2022,Dialister
pairwise,train_kazakhstan2022,Diaphorobacter
pairwise,train_kazakhstan2022,Dielma
pairwise,train_kazakhstan2022,Dinghuibacter
pairwise,train_kazakhstan2022,Dokdonella
pairwise,train_kazakhstan2022,Dongia
pairwise,train_kazakhstan2022,Dorea
pairwise,train_kazakhstan2022,Edaphobaculum
pairwise,train_kazakhstan2022,Eggerthella
pairwise,train_kazakhstan2022,Eisenbergiella
pairwise,train_kazakhstan2022,Ellin6055
pairwise,train_kazakhstan2022,Ellin6067
pairwise,train_kazakhstan2022,Elusimicrobium
pairwise,train_kazakhstan2022,Enterococcus
pairwise,train_kazakhstan2022,Enterorhabdus
pairwise,train_kazakhstan2022,Enteroscipio
pairwise,train_kazakhstan2022,Erysipelatoclostridium
pairwise,train_kazakhstan2022,Erysipelotrichaceae UCG-003
pairwise,train_kazakhstan2022,Erysipelotrichaceae UCG-006
pairwise,train_kazakhstan2022,Escherichia-Shigella
pairwise,train_kazakhstan2022,Eubacterium
pairwise,train_kazakhstan2022,Eubacterium brachy group
pairwise,train_kazakhstan2022,Eubacterium eligens group
pairwise,train_kazakhstan2022,Eubacterium hallii group
pairwise,train_kazakhstan2022,Eubacterium oxidoreducens group
pairwise,train_kazakhstan2022,Eubacterium ventriosum group
pairwise,train_kazakhstan2022,Ezakiella
pairwise,train_kazakhstan2022,Faecalibacterium
pairwise,train_kazakhstan2022,Faecalibaculum
pairwise,train_kazakhstan2022,Family XIII AD3011 group
pairwise,train_kazakhstan2022,Family XIII UCG-001
pairwise,train_kazakhstan2022,Fenollaria
pairwise,train_kazakhstan2022,Ferruginibacter
pairwise,train_kazakhstan2022,Finegoldia
pairwise,train_kazakhstan2022,Flavisolibacter
pairwise,train_kazakhstan2022,Flavitalea
pairwise,train_kazakhstan2022,Flavobacterium
pairwise,train_kazakhstan2022,Flavonifractor
pairwise,train_kazakhstan2022,Fluviicola
pairwise,train_kazakhstan2022,Fournierella
pairwise,train_kazakhstan2022,Frisingicoccus
pairwise,train_kazakhstan2022,Fusicatenibacter
pairwise,train_kazakhstan2022,Fusobacterium
pairwise,train_kazakhstan2022,GCA-900066575
pairwise,train_kazakhstan2022,GCA-900066755
pairwise,train_kazakhstan2022,Gaiella
pairwise,train_kazakhstan2022,Gemella
pairwise,train_kazakhstan2022,Gemmatimonas
pairwise,train_kazakhstan2022,Gordonibacter
pairwise,train_kazakhstan2022,HT002
pairwise,train_kazakhstan2022,Haemophilus
pairwise,train_kazakhstan2022,Haliangium
pairwise,train_kazakhstan2022,Harryflintia
pairwise,train_kazakhstan2022,Hassallia
pairwise,train_kazakhstan2022,Helicobacter
pairwise,train_kazakhstan2022,Hirschia
pairwise,train_kazakhstan2022,Holdemanella
pairwise,train_kazakhstan2022,Holdemania
pairwise,train_kazakhstan2022,Howardella
pairwise,train_kazakhstan2022,Hungatella
pairwise,train_kazakhstan2022,Hyphomicrobium
pairwise,train_kazakhstan2022,IS-44
pairwise,train_kazakhstan2022,Iamia
pairwise,train_kazakhstan2022,Ilumatobacter
pairwise,train_kazakhstan2022,Incertae Sedis
pairwise,train_kazakhstan2022,Intestinibacter
pairwise,train_kazakhstan2022,Intestinimonas
pairwise,train_kazakhstan2022,JGI 0001001-H03
pairwise,train_kazakhstan2022,Klebsiella
pairwise,train_kazakhstan2022,Kribbella
pairwise,train_kazakhstan2022,Lachnoclostridium
pairwise,train_kazakhstan2022,Lachnospira
pairwise,train_kazakhstan2022,Lachnospiraceae FCS020 group
pairwise,train_kazakhstan2022,Lachnospiraceae NC2004 group
pairwise,train_kazakhstan2022,Lachnospiraceae ND3007 group
pairwise,train_kazakhstan2022,Lachnospiraceae NK3A20 group
pairwise,train_kazakhstan2022,Lachnospiraceae NK4A136 group
pairwise,train_kazakhstan2022,Lachnospiraceae UCG-003
pairwise,train_kazakhstan2022,Lachnospiraceae UCG-004
pairwise,train_kazakhstan2022,Lachnospiraceae UCG-006
pairwise,train_kazakhstan2022,Lachnospiraceae UCG-010
pairwise,train_kazakhstan2022,Lacibacter
pairwise,train_kazakhstan2022,Lacticaseibacillus
pairwise,train_kazakhstan2022,Lactiplantibacillus
pairwise,train_kazakhstan2022,Lactobacillus
pairwise,train_kazakhstan2022,Lactococcus
pairwise,train_kazakhstan2022,Lactonifactor
pairwise,train_kazakhstan2022,Lacunisphaera
pairwise,train_kazakhstan2022,Latilactobacillus
pairwise,train_kazakhstan2022,Lechevalieria
pairwise,train_kazakhstan2022,Levilactobacillus
pairwise,train_kazakhstan2022,Libanicoccus
pairwise,train_kazakhstan2022,Ligilactobacillus
pairwise,train_kazakhstan2022,Limosilactobacillus
pairwise,train_kazakhstan2022,Longimicrobium
pairwise,train_kazakhstan2022,Luedemannella
pairwise,train_kazakhstan2022,Luteolibacter
pairwise,train_kazakhstan2022,Lysinibacillus
pairwise,train_kazakhstan2022,Lysobacter
pairwise,train_kazakhstan2022,MND1
pairwise,train_kazakhstan2022,Marmoricola
pairwise,train_kazakhstan2022,Marvinbryantia
pairwise,train_kazakhstan2022,Megamonas
pairwise,train_kazakhstan2022,Megasphaera
pairwise,train_kazakhstan2022,Merdibacter
pairwise,train_kazakhstan2022,Mesorhizobium
pairwise,train_kazakhstan2022,Methanobrevibacter
pairwise,train_kazakhstan2022,Methyloceanibacter
pairwise,train_kazakhstan2022,Methylotenera
pairwise,train_kazakhstan2022,Microbacterium
pairwise,train_kazakhstan2022,Microlunatus
pairwise,train_kazakhstan2022,Microvirga
pairwise,train_kazakhstan2022,Mitsuokella
pairwise,train_kazakhstan2022,Mogibacterium
pairwise,train_kazakhstan2022,Monoglobus
pairwise,train_kazakhstan2022,Muribaculum
pairwise,train_kazakhstan2022,Mycobacterium
pairwise,train_kazakhstan2022,NK4A214 group
pairwise,train_kazakhstan2022,Nannocystis
pairwise,train_kazakhstan2022,Negativibacillus
pairwise,train_kazakhstan2022,Niastella
pairwise,train_kazakhstan2022,Nitrolancea
pairwise,train_kazakhstan2022,Nitrosococcus
pairwise,train_kazakhstan2022,Nitrosospira
pairwise,train_kazakhstan2022,Nitrospira
pairwise,train_kazakhstan2022,Nocardioides
pairwise,train_kazakhstan2022,Nonomuraea
pairwise,train_kazakhstan2022,Nordella
pairwise,train_kazakhstan2022,OLB17
pairwise,train_kazakhstan2022,OM27 clade
pairwise,train_kazakhstan2022,Odoribacter
pairwise,train_kazakhstan2022,Ohtaekwangia
pairwise,train_kazakhstan2022,Olsenella
pairwise,train_kazakhstan2022,Opitutus
pairwise,train_kazakhstan2022,Oribacterium
pairwise,train_kazakhstan2022,Oscillibacter
pairwise,train_kazakhstan2022,Oscillospira
pairwise,train_kazakhstan2022,Oxalobacter
pairwise,train_kazakhstan2022,P3OB-42
pairwise,train_kazakhstan2022,Paenibacillus
pairwise,train_kazakhstan2022,Paeniclostridium
pairwise,train_kazakhstan2022,Paenisporosarcina
pairwise,train_kazakhstan2022,Pajaroellobacter
pairwise,train_kazakhstan2022,Paludicola
pairwise,train_kazakhstan2022,Papillibacter
pairwise,train_kazakhstan2022,Parabacteroides
pairwise,train_kazakhstan2022,Paraprevotella
pairwise,train_kazakhstan2022,Parapusillimonas
pairwise,train_kazakhstan2022,Parasutterella
pairwise,train_kazakhstan2022,Parvimonas
pairwise,train_kazakhstan2022,Pedobacter
pairwise,train_kazakhstan2022,Pedomicrobium
pairwise,train_kazakhstan2022,Peptococcus
pairwise,train_kazakhstan2022,Peptoniphilus
pairwise,train_kazakhstan2022,Peptostreptococcus
pairwise,train_kazakhstan2022,Peredibacter
pairwise,train_kazakhstan2022,Phascolarctobacterium
pairwise,train_kazakhstan2022,Phaselicystis
pairwise,train_kazakhstan2022,Phenylobacterium
pairwise,train_kazakhstan2022,Phocea
pairwise,train_kazakhstan2022,Polaromonas
pairwise,train_kazakhstan2022,Polyangium
pairwise,train_kazakhstan2022,Polycyclovorans
pairwise,train_kazakhstan2022,Pontibacter
pairwise,train_kazakhstan2022,Porphyromonas
pairwise,train_kazakhstan2022,Prevotella
pairwise,train_kazakhstan2022,Prevotella_7
pairwise,train_kazakhstan2022,Prevotella_9
pairwise,train_kazakhstan2022,Prevotellaceae NK3B31 group
pairwise,train_kazakhstan2022,Prevotellaceae UCG-001
pairwise,train_kazakhstan2022,Prevotellaceae UCG-003
pairwise,train_kazakhstan2022,Pseudenhygromyxa
pairwise,train_kazakhstan2022,Pseudoduganella
pairwise,train_kazakhstan2022,Pseudoflavonifractor
pairwise,train_kazakhstan2022,Pseudolabrys
pairwise,train_kazakhstan2022,Pseudomonas
pairwise,train_kazakhstan2022,Pseudonocardia
pairwise,train_kazakhstan2022,Pseudorhodoplanes
pairwise,train_kazakhstan2022,Pseudoxanthomonas
pairwise,train_kazakhstan2022,Psychrobacillus
pairwise,train_kazakhstan2022,Puia
pairwise,train_kazakhstan2022,Pyramidobacter
pairwise,train_kazakhstan2022,RB41
pairwise,train_kazakhstan2022,Ramlibacter
pairwise,train_kazakhstan2022,Reyranella
pairwise,train_kazakhstan2022,Rhizobacter
pairwise,train_kazakhstan2022,Rhizocola
pairwise,train_kazakhstan2022,Rhodococcus
pairwise,train_kazakhstan2022,Rhodomicrobium
pairwise,train_kazakhstan2022,Rhodoplanes
pairwise,train_kazakhstan2022,Rikenellaceae RC9 gut group
pairwise,train_kazakhstan2022,Romboutsia
pairwise,train_kazakhstan2022,Roseburia
pairwise,train_kazakhstan2022,Rothia
pairwise,train_kazakhstan2022,Rubrobacter
pairwise,train_kazakhstan2022,Ruminococcus
pairwise,train_kazakhstan2022,Ruminococcus gnavus group
pairwise,train_kazakhstan2022,Ruminococcus torques group
pairwise,train_kazakhstan2022,SWB02
pairwise,train_kazakhstan2022,Salipaludibacillus
pairwise,train_kazakhstan2022,Salmonella
pairwise,train_kazakhstan2022,Sandaracinus
pairwise,train_kazakhstan2022,Sanguibacteroides
pairwise,train_kazakhstan2022,Sarcina
pairwise,train_kazakhstan2022,Sellimonas
pairwise,train_kazakhstan2022,Senegalimassilia
pairwise,train_kazakhstan2022,Serratia
pairwise,train_kazakhstan2022,Shuttleworthia
pairwise,train_kazakhstan2022,Skermanella
pairwise,train_kazakhstan2022,Slackia
pairwise,train_kazakhstan2022,Sneathia
pairwise,train_kazakhstan2022,Solirubrobacter
pairwise,train_kazakhstan2022,Solitalea
pairwise,train_kazakhstan2022,Solobacterium
pairwise,train_kazakhstan2022,Sphingomonas
pairwise,train_kazakhstan2022,Sporosarcina
pairwise,train_kazakhstan2022,Staphylococcus
pairwise,train_kazakhstan2022,Stenotrophobacter
pairwise,train_kazakhstan2022,Steroidobacter
pairwise,train_kazakhstan2022,Streptococcus
pairwise,train_kazakhstan2022,Streptomyces
pairwise,train_kazakhstan2022,Subdoligranulum
pairwise,train_kazakhstan2022,Subgroup 10
pairwise,train_kazakhstan2022,Succinivibrio
pairwise,train_kazakhstan2022,Sulfurifustis
pairwise,train_kazakhstan2022,Sumerlaea
pairwise,train_kazakhstan2022,Sutterella
pairwise,train_kazakhstan2022,TM7x
pairwise,train_kazakhstan2022,Taibaiella
pairwise,train_kazakhstan2022,Terrimonas
pairwise,train_kazakhstan2022,Truepera
pairwise,train_kazakhstan2022,Tumebacillus
pairwise,train_kazakhstan2022,Turicibacter
pairwise,train_kazakhstan2022,Tuzzerella
pairwise,train_kazakhstan2022,Tyzzerella
pairwise,train_kazakhstan2022,UBA1819
pairwise,train_kazakhstan2022,UC5-1-2E3
pairwise,train_kazakhstan2022,UCG-002
pairwise,train_kazakhstan2022,UCG-003
pairwise,train_kazakhstan2022,UCG-004
pairwise,train_kazakhstan2022,UCG-005
pairwise,train_kazakhstan2022,UCG-007
pairwise,train_kazakhstan2022,UCG-009
pairwise,train_kazakhstan2022,UTCFX1
pairwise,train_kazakhstan2022,V9D2013 group
pairwise,train_kazakhstan2022,Veillonella
pairwise,train_kazakhstan2022,Vicinamibacter
pairwise,train_kazakhstan2022,Victivallis
pairwise,train_kazakhstan2022,Virgisporangium
pairwise,train_kazakhstan2022,Weissella
pairwise,train_kazakhstan2022,Woeseia
pairwise,train_kazakhstan2022,YC-ZSS-LKJ147
pairwise,train_kazakhstan2022,Z20
pairwise,train_kazakhstan2022,[Bacteroides] pectinophilus group
pairwise,train_kazakhstan2022,[Clostridium] innocuum group
pairwise,train_kazakhstan2022,[Eubacterium] fissicatena group
pairwise,train_kazakhstan2022,[Eubacterium] nodatum group
pairwise,train_kazakhstan2022,[Eubacterium] ruminantium group
pairwise,train_kazakhstan2022,[Eubacterium] siraeum group
pairwise,train_kazakhstan2022,[Eubacterium] tenue group
pairwise,train_kazakhstan2022,[Eubacterium] xylanophilum group
pairwise,train_kazakhstan2022,[Ruminococcus] gauvreauii group
pairwise,train_kazakhstan2022,mle1-7
pairwise,train_kazakhstan2022,wb1-A12
pairwise,train_kazakhstan2022,wb1-P19
